MCD: 590 kişi, 3540 video
  [1/3540] 1156_FullHDwebcam_after: 1352 kare, yüz %100  (10 s)
  [2/3540] 1156_USBVideo_after: 1352 kare, yüz %0  (10 s)
  [3/3540] 1156_IriunWebcam_after: 1352 kare, yüz %100  (15 s)
  [4/3540] 1156_FullHDwebcam_before: 1352 kare, yüz %100  (19 s)
  [5/3540] 1156_USBVideo_before: 1353 kare, yüz %37  (22 s)
  [6/3540] 1156_IriunWebcam_before: 1353 kare, yüz %100  (25 s)
  [7/3540] 1176_FullHDwebcam_after: 1352 kare, yüz %100  (29 s)
  [8/3540] 1176_USBVideo_after: 1353 kare, yüz %100  (32 s)
  [9/3540] 1176_IriunWebcam_after: 1352 kare, yüz %100  (35 s)
  [10/3540] 1176_FullHDwebcam_before: 1352 kare, yüz %100  (39 s)
  [11/3540] 1176_USBVideo_before: 1352 kare, yüz %100  (41 s)
  [12/3540] 1176_IriunWebcam_before: 1352 kare, yüz %100  (45 s)
  [13/3540] 1180_FullHDwebcam_after: 1352 kare, yüz %100  (51 s)
  [14/3540] 1180_USBVideo_after: 1352 kare, yüz %0  (55 s)
  [15/3540] 1180_IriunWebcam_after: 1352 kare, yüz %100  (57 s)
  [16/3540] 1180_FullHDwebcam_before: 1352 kare, yüz %100  (62 s)
  [17/3540] 1180_USBVideo_before: 1352 kare, yüz %0  (67 s)
  [18/3540] 1180_IriunWebcam_before: 1351 kare, yüz %100  (68 s)
  [19/3540] 1181_FullHDwebcam_after: 1352 kare, yüz %100  (72 s)
  [20/3540] 1181_USBVideo_after: 1352 kare, yüz %100  (75 s)
  [21/3540] 1181_IriunWebcam_after: 1353 kare, yüz %100  (78 s)
  [22/3540] 1181_FullHDwebcam_before: 1352 kare, yüz %100  (80 s)
  [23/3540] 1181_USBVideo_before: 1353 kare, yüz %100  (84 s)
  [24/3540] 1181_IriunWebcam_before: 1353 kare, yüz %100  (85 s)
  [25/3540] 1213_USBVideo_after: 1352 kare, yüz %87  (91 s)
  [26/3540] 1213_FullHDwebcam_after: 1352 kare, yüz %100  (92 s)
  [27/3540] 1213_IriunWebcam_after: 1353 kare, yüz %100  (98 s)
  [28/3540] 1213_FullHDwebcam_before: 1352 kare, yüz %100  (99 s)
  [29/3540] 1213_IriunWebcam_before: 1353 kare, yüz %100  (109 s)
  [30/3540] 1213_USBVideo_before: 1352 kare, yüz %100  (109 s)
  [31/3540] 1217_USBVideo_after: 1353 kare, yüz %100  (115 s)
  [32/3540] 1217_FullHDwebcam_after: 1352 kare, yüz %100  (116 s)
  [33/3540] 1217_IriunWebcam_after: 1351 kare, yüz %100  (121 s)
  [34/3540] 1217_FullHDwebcam_before: 1352 kare, yüz %100  (123 s)
  [35/3540] 1217_USBVideo_before: 1353 kare, yüz %100  (126 s)
  [36/3540] 1217_IriunWebcam_before: 1352 kare, yüz %100  (127 s)
  [37/3540] 1234_FullHDwebcam_after: 1352 kare, yüz %100  (132 s)
  [38/3540] 1234_USBVideo_after: 1352 kare, yüz %95  (134 s)
  [39/3540] 1234_IriunWebcam_after: 1353 kare, yüz %100  (137 s)
  [40/3540] 1234_FullHDwebcam_before: 1352 kare, yüz %100  (140 s)
  [41/3540] 1234_USBVideo_before: 1352 kare, yüz %91  (144 s)
  [42/3540] 1234_IriunWebcam_before: 1353 kare, yüz %100  (145 s)
  [43/3540] 1259_USBVideo_after: 1353 kare, yüz %100  (153 s)
  [44/3540] 1259_FullHDwebcam_after: 1352 kare, yüz %100  (153 s)
  [45/3540] 1259_IriunWebcam_after: 1352 kare, yüz %100  (159 s)
  [46/3540] 1259_FullHDwebcam_before: 1352 kare, yüz %100  (161 s)
  [47/3540] 1259_USBVideo_before: 1352 kare, yüz %100  (166 s)
  [48/3540] 1259_IriunWebcam_before: 1352 kare, yüz %100  (167 s)
  [49/3540] 1266_FullHDwebcam_after: 1352 kare, yüz %100  (174 s)
  [50/3540] 1266_USBVideo_after: 1352 kare, yüz %0  (177 s)
  [51/3540] 1266_IriunWebcam_after: 1353 kare, yüz %100  (180 s)
  [52/3540] 1266_FullHDwebcam_before: 1352 kare, yüz %100  (183 s)
  [53/3540] 1266_USBVideo_before: 1353 kare, yüz %100  (187 s)
  [54/3540] 1266_IriunWebcam_before: 1353 kare, yüz %100  (188 s)
  [55/3540] 1275_FullHDwebcam_after: 1352 kare, yüz %100  (194 s)
  [56/3540] 1275_USBVideo_after: 1352 kare, yüz %0  (197 s)
  [57/3540] 1275_IriunWebcam_after: 1352 kare, yüz %100  (199 s)
  [58/3540] 1275_FullHDwebcam_before: 1352 kare, yüz %100  (205 s)
  [59/3540] 1275_USBVideo_before: 1353 kare, yüz %0  (209 s)
  [60/3540] 1275_IriunWebcam_before: 1353 kare, yüz %100  (211 s)
  [61/3540] 1285_FullHDwebcam_after: 1352 kare, yüz %100  (215 s)
  [62/3540] 1285_USBVideo_after: 1352 kare, yüz %2  (217 s)
  [63/3540] 1285_IriunWebcam_after: 1352 kare, yüz %100  (220 s)
  [64/3540] 1285_FullHDwebcam_before: 1352 kare, yüz %100  (223 s)
  [65/3540] 1285_USBVideo_before: 1352 kare, yüz %78  (226 s)
  [66/3540] 1285_IriunWebcam_before: 1352 kare, yüz %100  (228 s)
  [67/3540] 1287_FullHDwebcam_after: 1352 kare, yüz %100  (232 s)
  [68/3540] 1287_USBVideo_after: 1352 kare, yüz %100  (234 s)
  [69/3540] 1287_IriunWebcam_after: 1352 kare, yüz %100  (236 s)
  [70/3540] 1287_FullHDwebcam_before: 1352 kare, yüz %100  (241 s)
  [71/3540] 1287_USBVideo_before: 1352 kare, yüz %100  (242 s)
  [72/3540] 1287_IriunWebcam_before: 1352 kare, yüz %100  (246 s)
  [73/3540] 1292_FullHDwebcam_after: 1352 kare, yüz %100  (249 s)
  [74/3540] 1292_USBVideo_after: 1352 kare, yüz %100  (253 s)
  [75/3540] 1292_IriunWebcam_after: 1353 kare, yüz %100  (254 s)
  [76/3540] 1292_FullHDwebcam_before: 1352 kare, yüz %100  (259 s)
  [77/3540] 1292_USBVideo_before: 1353 kare, yüz %100  (260 s)
  [78/3540] 1292_IriunWebcam_before: 1352 kare, yüz %100  (264 s)
  [79/3540] 1298_FullHDwebcam_after: 1352 kare, yüz %100  (269 s)
  [80/3540] 1298_USBVideo_after: 1352 kare, yüz %100  (271 s)
  [81/3540] 1298_IriunWebcam_after: 1353 kare, yüz %100  (274 s)
  [82/3540] 1298_FullHDwebcam_before: 1352 kare, yüz %100  (280 s)
  [83/3540] 1298_USBVideo_before: 1352 kare, yüz %100  (281 s)
  [84/3540] 1298_IriunWebcam_before: 1353 kare, yüz %100  (285 s)
  [85/3540] 1305_FullHDwebcam_after: 1352 kare, yüz %100  (288 s)
  [86/3540] 1305_IriunWebcam_after: 1353 kare, yüz %100  (295 s)
  [87/3540] 1305_USBVideo_after: 1352 kare, yüz %0  (295 s)
  [88/3540] 1305_FullHDwebcam_before: 1352 kare, yüz %100  (303 s)
  [89/3540] 1305_USBVideo_before: 1352 kare, yüz %15  (304 s)
  [90/3540] 1305_IriunWebcam_before: 1353 kare, yüz %100  (310 s)
  [91/3540] 1314_FullHDwebcam_after: 1352 kare, yüz %100  (312 s)
  [92/3540] 1314_USBVideo_after: 1352 kare, yüz %100  (316 s)
  [93/3540] 1314_IriunWebcam_after: 1353 kare, yüz %100  (317 s)
  [94/3540] 1314_FullHDwebcam_before: 1352 kare, yüz %100  (323 s)
  [95/3540] 1314_USBVideo_before: 1352 kare, yüz %100  (324 s)
  [96/3540] 1314_IriunWebcam_before: 1353 kare, yüz %100  (328 s)
  [97/3540] 1360_FullHDwebcam_after: 1352 kare, yüz %100  (331 s)
  [98/3540] 1360_IriunWebcam_after: 1352 kare, yüz %100  (338 s)
  [99/3540] 1360_USBVideo_after: 1352 kare, yüz %0  (338 s)
  [100/3540] 1360_FullHDwebcam_before: 1352 kare, yüz %100  (346 s)
  [101/3540] 1360_USBVideo_before: 1352 kare, yüz %0  (348 s)
  [102/3540] 1360_IriunWebcam_before: 1352 kare, yüz %100  (353 s)
  [103/3540] 1362_FullHDwebcam_after: 1352 kare, yüz %100  (355 s)
  [104/3540] 1362_USBVideo_after: 1352 kare, yüz %0  (361 s)
  [105/3540] 1362_IriunWebcam_after: 1353 kare, yüz %24  (362 s)
  [106/3540] 1362_FullHDwebcam_before: 1352 kare, yüz %100  (369 s)
  [107/3540] 1362_USBVideo_before: 1352 kare, yüz %0  (371 s)
  [108/3540] 1362_IriunWebcam_before: 1352 kare, yüz %100  (375 s)
  [109/3540] 1386_FullHDwebcam_after: 1352 kare, yüz %100  (379 s)
  [110/3540] 1386_USBVideo_after: 1353 kare, yüz %2  (384 s)
  [111/3540] 1386_IriunWebcam_after: 1353 kare, yüz %57  (385 s)
  [112/3540] 1386_FullHDwebcam_before: 1352 kare, yüz %100  (392 s)
  [113/3540] 1386_USBVideo_before: 1352 kare, yüz %0  (394 s)
  [114/3540] 1386_IriunWebcam_before: 1353 kare, yüz %100  (397 s)
  [115/3540] 1399_FullHDwebcam_after: 1352 kare, yüz %100  (400 s)
  [116/3540] 1399_USBVideo_after: 1352 kare, yüz %100  (403 s)
  [117/3540] 1399_IriunWebcam_after: 1353 kare, yüz %100  (405 s)
  [118/3540] 1399_FullHDwebcam_before: 1352 kare, yüz %100  (410 s)
  [119/3540] 1399_USBVideo_before: 1352 kare, yüz %100  (411 s)
  [120/3540] 1399_IriunWebcam_before: 1352 kare, yüz %100  (415 s)
  [121/3540] 1414_FullHDwebcam_after: 1352 kare, yüz %100  (418 s)
  [122/3540] 1414_USBVideo_after: 1352 kare, yüz %41  (423 s)
  [123/3540] 1414_IriunWebcam_after: 1353 kare, yüz %100  (423 s)
  [124/3540] 1414_FullHDwebcam_before: 1352 kare, yüz %100  (429 s)
  [125/3540] 1414_USBVideo_before: 1352 kare, yüz %11  (431 s)
  [126/3540] 1414_IriunWebcam_before: 1351 kare, yüz %100  (435 s)
  [127/3540] 1442_FullHDwebcam_after: 1352 kare, yüz %100  (438 s)
  [128/3540] 1442_USBVideo_after: 1353 kare, yüz %100  (441 s)
  [129/3540] 1442_IriunWebcam_after: 1352 kare, yüz %100  (443 s)
  [130/3540] 1442_FullHDwebcam_before: 1352 kare, yüz %100  (447 s)
  [131/3540] 1442_USBVideo_before: 1352 kare, yüz %100  (449 s)
  [132/3540] 1442_IriunWebcam_before: 1353 kare, yüz %100  (453 s)
  [133/3540] 1474_FullHDwebcam_after: 1352 kare, yüz %100  (456 s)
  [134/3540] 1474_USBVideo_after: 1352 kare, yüz %0  (463 s)
  [135/3540] 1474_IriunWebcam_after: 1353 kare, yüz %100  (463 s)
  [136/3540] 1474_FullHDwebcam_before: 1352 kare, yüz %100  (470 s)
  [137/3540] 1474_USBVideo_before: 1352 kare, yüz %0  (473 s)
  [138/3540] 1474_IriunWebcam_before: 1353 kare, yüz %100  (476 s)
  [139/3540] 1477_FullHDwebcam_after: 1352 kare, yüz %100  (480 s)
  [140/3540] 1477_USBVideo_after: 1352 kare, yüz %0  (485 s)
  [141/3540] 1477_IriunWebcam_after: 1352 kare, yüz %100  (486 s)
  [142/3540] 1477_FullHDwebcam_before: 1352 kare, yüz %100  (492 s)
  [143/3540] 1477_USBVideo_before: 1352 kare, yüz %0  (494 s)
  [144/3540] 1477_IriunWebcam_before: 1352 kare, yüz %100  (498 s)
  [145/3540] 1513_FullHDwebcam_after: 1352 kare, yüz %100  (500 s)
  [146/3540] 1513_USBVideo_after: 1352 kare, yüz %100  (505 s)
  [147/3540] 1513_IriunWebcam_after: 1353 kare, yüz %100  (506 s)
  [148/3540] 1513_FullHDwebcam_before: 1352 kare, yüz %100  (510 s)
  [149/3540] 1513_USBVideo_before: 1352 kare, yüz %100  (512 s)
  [150/3540] 1513_IriunWebcam_before: 1351 kare, yüz %100  (515 s)
  [151/3540] 1531_FullHDwebcam_after: 1352 kare, yüz %98  (518 s)
  [152/3540] 1531_USBVideo_after: 1352 kare, yüz %100  (521 s)
  [153/3540] 1531_IriunWebcam_after: 1353 kare, yüz %97  (523 s)
  [154/3540] 1531_FullHDwebcam_before: 1352 kare, yüz %100  (528 s)
  [155/3540] 1531_USBVideo_before: 1353 kare, yüz %100  (530 s)
  [156/3540] 1531_IriunWebcam_before: 1352 kare, yüz %100  (533 s)
  [157/3540] 1541_FullHDwebcam_after: 1352 kare, yüz %100  (536 s)
  [158/3540] 1541_USBVideo_after: 1353 kare, yüz %100  (540 s)
  [159/3540] 1541_IriunWebcam_after: 1352 kare, yüz %100  (543 s)
  [160/3540] 1541_FullHDwebcam_before: 1352 kare, yüz %100  (547 s)
  [161/3540] 1541_USBVideo_before: 1352 kare, yüz %0  (553 s)
  [162/3540] 1541_IriunWebcam_before: 1353 kare, yüz %100  (554 s)
  [163/3540] 1543_FullHDwebcam_after: 1352 kare, yüz %100  (559 s)
  [164/3540] 1543_USBVideo_after: 1352 kare, yüz %0  (562 s)
  [165/3540] 1543_IriunWebcam_after: 1353 kare, yüz %100  (563 s)
  [166/3540] 1543_FullHDwebcam_before: 1352 kare, yüz %100  (568 s)
  [167/3540] 1543_USBVideo_before: 1352 kare, yüz %0  (572 s)
  [168/3540] 1543_IriunWebcam_before: 1352 kare, yüz %100  (574 s)
  [169/3540] 1563_FullHDwebcam_after: 1352 kare, yüz %100  (579 s)
  [170/3540] 1563_USBVideo_after: 1352 kare, yüz %100  (579 s)
  [171/3540] 1563_IriunWebcam_after: 1353 kare, yüz %100  (583 s)
  [172/3540] 1563_FullHDwebcam_before: 1352 kare, yüz %100  (586 s)
  [173/3540] 1563_USBVideo_before: 1353 kare, yüz %100  (589 s)
  [174/3540] 1563_IriunWebcam_before: 1351 kare, yüz %100  (591 s)
  [175/3540] 1581_FullHDwebcam_after: 1352 kare, yüz %100  (594 s)
  [176/3540] 1581_USBVideo_after: 1352 kare, yüz %0  (598 s)
  [177/3540] 1581_IriunWebcam_after: 1353 kare, yüz %100  (598 s)
  [178/3540] 1581_FullHDwebcam_before: 1352 kare, yüz %100  (603 s)
  [179/3540] 1581_USBVideo_before: 1352 kare, yüz %0  (605 s)
  [180/3540] 1581_IriunWebcam_before: 1353 kare, yüz %100  (607 s)
  [181/3540] 1589_FullHDwebcam_after: 1352 kare, yüz %100  (612 s)
  [182/3540] 1589_USBVideo_after: 1353 kare, yüz %100  (612 s)
  [183/3540] 1589_IriunWebcam_after: 1353 kare, yüz %100  (617 s)
  [184/3540] 1589_FullHDwebcam_before: 1352 kare, yüz %100  (619 s)
  [185/3540] 1589_USBVideo_before: 1352 kare, yüz %100  (622 s)
  [186/3540] 1589_IriunWebcam_before: 1352 kare, yüz %100  (623 s)
  [187/3540] 1601_FullHDwebcam_after: 1352 kare, yüz %100  (629 s)
  [188/3540] 1601_USBVideo_after: 1352 kare, yüz %0  (631 s)
  [189/3540] 1601_IriunWebcam_after: 1352 kare, yüz %100  (634 s)
  [190/3540] 1601_FullHDwebcam_before: 1352 kare, yüz %100  (636 s)
  [191/3540] 1601_IriunWebcam_before: 1351 kare, yüz %100  (642 s)
  [192/3540] 1601_USBVideo_before: 1352 kare, yüz %0  (642 s)
  [193/3540] 1609_USBVideo_after: 1352 kare, yüz %100  (647 s)
  [194/3540] 1609_FullHDwebcam_after: 1352 kare, yüz %100  (648 s)
  [195/3540] 1609_IriunWebcam_after: 1352 kare, yüz %97  (652 s)
  [196/3540] 1609_FullHDwebcam_before: 1352 kare, yüz %100  (654 s)
  [197/3540] 1609_USBVideo_before: 1352 kare, yüz %100  (657 s)
  [198/3540] 1609_IriunWebcam_before: 1353 kare, yüz %100  (658 s)
  [199/3540] 1610_FullHDwebcam_after: 1352 kare, yüz %100  (663 s)
  [200/3540] 1610_USBVideo_after: 1352 kare, yüz %0  (666 s)
  [201/3540] 1610_IriunWebcam_after: 1352 kare, yüz %100  (668 s)
  [202/3540] 1610_FullHDwebcam_before: 1352 kare, yüz %100  (673 s)
  [203/3540] 1610_USBVideo_before: 1352 kare, yüz %0  (677 s)
  [204/3540] 1610_IriunWebcam_before: 1352 kare, yüz %78  (679 s)
  [205/3540] 1649_FullHDwebcam_after: 1352 kare, yüz %100  (682 s)
  [206/3540] 1649_USBVideo_after: 1352 kare, yüz %64  (684 s)
  [207/3540] 1649_IriunWebcam_after: 1352 kare, yüz %100  (686 s)
  [208/3540] 1649_FullHDwebcam_before: 1352 kare, yüz %100  (689 s)
  [209/3540] 1649_USBVideo_before: 1352 kare, yüz %80  (691 s)
  [210/3540] 1649_IriunWebcam_before: 1353 kare, yüz %100  (693 s)
  [211/3540] 1672_FullHDwebcam_after: 1352 kare, yüz %100  (697 s)
  [212/3540] 1672_USBVideo_after: 1352 kare, yüz %100  (699 s)
  [213/3540] 1672_IriunWebcam_after: 1353 kare, yüz %100  (703 s)
  [214/3540] 1672_FullHDwebcam_before: 1352 kare, yüz %100  (705 s)
  [215/3540] 1672_USBVideo_before: 1352 kare, yüz %100  (709 s)
  [216/3540] 1672_IriunWebcam_before: 1353 kare, yüz %100  (711 s)
  [217/3540] 1715_FullHDwebcam_after: 1352 kare, yüz %100  (716 s)
  [218/3540] 1715_USBVideo_after: 1352 kare, yüz %0  (720 s)
  [219/3540] 1715_IriunWebcam_after: 1353 kare, yüz %100  (722 s)
  [220/3540] 1715_FullHDwebcam_before: 1352 kare, yüz %100  (727 s)
  [221/3540] 1715_USBVideo_before: 1352 kare, yüz %0  (730 s)
  [222/3540] 1715_IriunWebcam_before: 1353 kare, yüz %100  (732 s)
  [223/3540] 1745_FullHDwebcam_after: 1352 kare, yüz %98  (737 s)
  [224/3540] 1745_USBVideo_after: 1352 kare, yüz %9  (739 s)
  [225/3540] 1745_IriunWebcam_after: 1352 kare, yüz %97  (743 s)
  [226/3540] 1745_FullHDwebcam_before: 1352 kare, yüz %100  (746 s)
  [227/3540] 1745_USBVideo_before: 1352 kare, yüz %100  (750 s)
  [228/3540] 1745_IriunWebcam_before: 1353 kare, yüz %100  (752 s)
  [229/3540] 1749_FullHDwebcam_after: 1352 kare, yüz %100  (755 s)
  [230/3540] 1749_USBVideo_after: 1352 kare, yüz %100  (758 s)
  [231/3540] 1749_IriunWebcam_after: 1352 kare, yüz %100  (760 s)
  [232/3540] 1749_FullHDwebcam_before: 1352 kare, yüz %100  (764 s)
  [233/3540] 1749_USBVideo_before: 1352 kare, yüz %100  (765 s)
  [234/3540] 1749_IriunWebcam_before: 1353 kare, yüz %100  (768 s)
  [235/3540] 1760_FullHDwebcam_after: 1352 kare, yüz %100  (772 s)
  [236/3540] 1760_USBVideo_after: 1353 kare, yüz %100  (773 s)
  [237/3540] 1760_IriunWebcam_after: 1351 kare, yüz %100  (777 s)
  [238/3540] 1760_FullHDwebcam_before: 1352 kare, yüz %100  (780 s)
  [239/3540] 1760_USBVideo_before: 1352 kare, yüz %96  (782 s)
  [240/3540] 1760_IriunWebcam_before: 1352 kare, yüz %100  (785 s)
  [241/3540] 1765_FullHDwebcam_after: 1352 kare, yüz %100  (789 s)
  [242/3540] 1765_USBVideo_after: 1352 kare, yüz %100  (790 s)
  [243/3540] 1765_IriunWebcam_after: 1352 kare, yüz %100  (794 s)
  [244/3540] 1765_FullHDwebcam_before: 1352 kare, yüz %100  (796 s)
  [245/3540] 1765_IriunWebcam_before: 1352 kare, yüz %100  (800 s)
  [246/3540] 1785_FullHDwebcam_after: 1352 kare, yüz %100  (806 s)
  [247/3540] 1765_USBVideo_before: 1352 kare, yüz %100  (807 s)
  [248/3540] 1785_USBVideo_after: 1353 kare, yüz %7  (810 s)
  [249/3540] 1785_IriunWebcam_after: 1353 kare, yüz %100  (811 s)
  [250/3540] 1785_FullHDwebcam_before: 1352 kare, yüz %100  (816 s)
  [251/3540] 1785_USBVideo_before: 1352 kare, yüz %0  (817 s)
  [252/3540] 1785_IriunWebcam_before: 1352 kare, yüz %100  (820 s)
  [253/3540] 1790_FullHDwebcam_after: 1352 kare, yüz %100  (822 s)
  [254/3540] 1790_USBVideo_after: 1352 kare, yüz %30  (826 s)
  [255/3540] 1790_IriunWebcam_after: 1353 kare, yüz %100  (827 s)
  [256/3540] 1790_FullHDwebcam_before: 1352 kare, yüz %100  (831 s)
  [257/3540] 1790_USBVideo_before: 1352 kare, yüz %0  (834 s)
  [258/3540] 1790_IriunWebcam_before: 1353 kare, yüz %100  (835 s)
  [259/3540] 1838_FullHDwebcam_after: 1352 kare, yüz %100  (839 s)
  [260/3540] 1838_USBVideo_after: 1352 kare, yüz %0  (842 s)
  [261/3540] 1838_IriunWebcam_after: 1353 kare, yüz %100  (843 s)
  [262/3540] 1838_FullHDwebcam_before: 1352 kare, yüz %100  (847 s)
  [263/3540] 1838_USBVideo_before: 1353 kare, yüz %0  (850 s)
  [264/3540] 1838_IriunWebcam_before: 1352 kare, yüz %100  (851 s)
  [265/3540] 1859_FullHDwebcam_after: 1352 kare, yüz %100  (854 s)
  [266/3540] 1859_USBVideo_after: 1352 kare, yüz %80  (856 s)
  [267/3540] 1859_IriunWebcam_after: 1353 kare, yüz %100  (858 s)
  [268/3540] 1859_FullHDwebcam_before: 1352 kare, yüz %100  (862 s)
  [269/3540] 1859_USBVideo_before: 1352 kare, yüz %58  (864 s)
  [270/3540] 1859_IriunWebcam_before: 1353 kare, yüz %100  (866 s)
  [271/3540] 1922_FullHDwebcam_after: 1352 kare, yüz %100  (868 s)
  [272/3540] 1922_USBVideo_after: 1353 kare, yüz %100  (871 s)
  [273/3540] 1922_IriunWebcam_after: 1353 kare, yüz %100  (872 s)
  [274/3540] 1922_FullHDwebcam_before: 1352 kare, yüz %100  (874 s)
  [275/3540] 1922_USBVideo_before: 1352 kare, yüz %100  (878 s)
  [276/3540] 1922_IriunWebcam_before: 1352 kare, yüz %100  (878 s)
  [277/3540] 1932_FullHDwebcam_after: 1352 kare, yüz %100  (883 s)
  [278/3540] 1932_USBVideo_after: 1353 kare, yüz %100  (884 s)
  [279/3540] 1932_IriunWebcam_after: 1353 kare, yüz %97  (887 s)
  [280/3540] 1932_FullHDwebcam_before: 1352 kare, yüz %100  (890 s)
  [281/3540] 1932_USBVideo_before: 1352 kare, yüz %100  (892 s)
  [282/3540] 1932_IriunWebcam_before: 1353 kare, yüz %100  (894 s)
  [283/3540] 1943_FullHDwebcam_after: 1352 kare, yüz %100  (898 s)
  [284/3540] 1943_USBVideo_after: 1352 kare, yüz %0  (901 s)
  [285/3540] 1943_IriunWebcam_after: 1353 kare, yüz %100  (903 s)
  [286/3540] 1943_FullHDwebcam_before: 1352 kare, yüz %100  (908 s)
  [287/3540] 1943_USBVideo_before: 1352 kare, yüz %0  (912 s)
  [288/3540] 1943_IriunWebcam_before: 1351 kare, yüz %100  (913 s)
  [289/3540] 1973_FullHDwebcam_after: 1352 kare, yüz %100  (918 s)
  [290/3540] 1973_USBVideo_after: 1352 kare, yüz %0  (920 s)
  [291/3540] 1973_IriunWebcam_after: 1353 kare, yüz %100  (923 s)
  [292/3540] 1973_FullHDwebcam_before: 1352 kare, yüz %100  (927 s)
  [293/3540] 1973_USBVideo_before: 1352 kare, yüz %22  (930 s)
  [294/3540] 1973_IriunWebcam_before: 1352 kare, yüz %100  (933 s)
  [295/3540] 1981_FullHDwebcam_after: 1352 kare, yüz %100  (937 s)
  [296/3540] 1981_USBVideo_after: 1353 kare, yüz %0  (941 s)
  [297/3540] 1981_IriunWebcam_after: 1353 kare, yüz %100  (942 s)
  [298/3540] 1981_FullHDwebcam_before: 1352 kare, yüz %100  (947 s)
  [299/3540] 1981_USBVideo_before: 1352 kare, yüz %0  (950 s)
  [300/3540] 1981_IriunWebcam_before: 1352 kare, yüz %100  (952 s)
  [301/3540] 2003_FullHDwebcam_after: 1352 kare, yüz %100  (956 s)
  [302/3540] 2003_USBVideo_after: 1352 kare, yüz %0  (960 s)
  [303/3540] 2003_IriunWebcam_after: 1353 kare, yüz %100  (961 s)
  [304/3540] 2003_FullHDwebcam_before: 1352 kare, yüz %100  (967 s)
  [305/3540] 2003_USBVideo_before: 1352 kare, yüz %0  (969 s)
  [306/3540] 2003_IriunWebcam_before: 1353 kare, yüz %100  (972 s)
  [307/3540] 2022_FullHDwebcam_after: 1352 kare, yüz %100  (976 s)
  [308/3540] 2022_USBVideo_after: 1352 kare, yüz %100  (979 s)
  [309/3540] 2022_IriunWebcam_after: 1353 kare, yüz %100  (982 s)
  [310/3540] 2022_FullHDwebcam_before: 1352 kare, yüz %100  (986 s)
  [311/3540] 2022_USBVideo_before: 1352 kare, yüz %100  (989 s)
  [312/3540] 2022_IriunWebcam_before: 1352 kare, yüz %100  (992 s)
  [313/3540] 2091_FullHDwebcam_after: 1352 kare, yüz %100  (995 s)
  [314/3540] 2091_USBVideo_after: 1352 kare, yüz %20  (1000 s)
  [315/3540] 2091_IriunWebcam_after: 1353 kare, yüz %100  (1001 s)
  [316/3540] 2091_FullHDwebcam_before: 1352 kare, yüz %100  (1006 s)
  [317/3540] 2091_USBVideo_before: 1352 kare, yüz %0  (1010 s)
  [318/3540] 2091_IriunWebcam_before: 1353 kare, yüz %100  (1012 s)
  [319/3540] 2110_FullHDwebcam_after: 1352 kare, yüz %100  (1018 s)
  [320/3540] 2110_USBVideo_after: 1352 kare, yüz %100  (1019 s)
  [321/3540] 2110_IriunWebcam_after: 1353 kare, yüz %100  (1024 s)
  [322/3540] 2110_FullHDwebcam_before: 1352 kare, yüz %100  (1026 s)
  [323/3540] 2110_USBVideo_before: 1352 kare, yüz %100  (1030 s)
  [324/3540] 2110_IriunWebcam_before: 1353 kare, yüz %100  (1031 s)
  [325/3540] 2120_FullHDwebcam_after: 1352 kare, yüz %100  (1036 s)
  [326/3540] 2120_USBVideo_after: 1352 kare, yüz %35  (1038 s)
  [327/3540] 2120_IriunWebcam_after: 1353 kare, yüz %100  (1041 s)
  [328/3540] 2120_FullHDwebcam_before: 1352 kare, yüz %100  (1044 s)
  [329/3540] 2120_USBVideo_before: 1352 kare, yüz %100  (1048 s)
  [330/3540] 2120_IriunWebcam_before: 1352 kare, yüz %100  (1049 s)
  [331/3540] 2147_FullHDwebcam_after: 1352 kare, yüz %100  (1054 s)
  [332/3540] 2147_USBVideo_after: 1352 kare, yüz %98  (1056 s)
  [333/3540] 2147_IriunWebcam_after: 1353 kare, yüz %97  (1059 s)
  [334/3540] 2147_FullHDwebcam_before: 1352 kare, yüz %100  (1062 s)
  [335/3540] 2147_USBVideo_before: 1352 kare, yüz %100  (1066 s)
  [336/3540] 2147_IriunWebcam_before: 1352 kare, yüz %100  (1067 s)
  [337/3540] 2149_FullHDwebcam_after: 1352 kare, yüz %100  (1073 s)
  [338/3540] 2149_USBVideo_after: 1352 kare, yüz %2  (1075 s)
  [339/3540] 2149_IriunWebcam_after: 1353 kare, yüz %95  (1078 s)
  [340/3540] 2149_FullHDwebcam_before: 1352 kare, yüz %100  (1081 s)
  [341/3540] 2149_USBVideo_before: 1352 kare, yüz %0  (1087 s)
  [342/3540] 2149_IriunWebcam_before: 1352 kare, yüz %97  (1087 s)
  [343/3540] 2153_FullHDwebcam_after: 1352 kare, yüz %100  (1093 s)
  [344/3540] 2153_USBVideo_after: 1352 kare, yüz %100  (1094 s)
  [345/3540] 2153_IriunWebcam_after: 1352 kare, yüz %100  (1098 s)
  [346/3540] 2153_FullHDwebcam_before: 1352 kare, yüz %100  (1099 s)
  [347/3540] 2153_USBVideo_before: 1352 kare, yüz %98  (1105 s)
  [348/3540] 2153_IriunWebcam_before: 1352 kare, yüz %100  (1105 s)
  [349/3540] 2161_FullHDwebcam_after: 1352 kare, yüz %100  (1111 s)
  [350/3540] 2161_USBVideo_after: 1352 kare, yüz %100  (1112 s)
  [351/3540] 2161_IriunWebcam_after: 1352 kare, yüz %100  (1116 s)
  [352/3540] 2161_FullHDwebcam_before: 1352 kare, yüz %100  (1117 s)
  [353/3540] 2161_IriunWebcam_before: 1353 kare, yüz %100  (1122 s)
  [354/3540] 2161_USBVideo_before: 1352 kare, yüz %100  (1123 s)
  [355/3540] 2183_USBVideo_after: 1352 kare, yüz %100  (1130 s)
  [356/3540] 2183_FullHDwebcam_after: 1352 kare, yüz %100  (1130 s)
  [357/3540] 2183_IriunWebcam_after: 1353 kare, yüz %100  (1137 s)
  [358/3540] 2183_FullHDwebcam_before: 1352 kare, yüz %100  (1140 s)
  [359/3540] 2183_USBVideo_before: 1352 kare, yüz %100  (1144 s)
  [360/3540] 2183_IriunWebcam_before: 1352 kare, yüz %100  (1146 s)
  [361/3540] 2187_FullHDwebcam_after: 1352 kare, yüz %100  (1152 s)
  [362/3540] 2187_USBVideo_after: 1352 kare, yüz %100  (1153 s)
  [363/3540] 2187_IriunWebcam_after: 1352 kare, yüz %100  (1157 s)
  [364/3540] 2187_FullHDwebcam_before: 1352 kare, yüz %100  (1161 s)
  [365/3540] 2187_USBVideo_before: 1353 kare, yüz %100  (1164 s)
  [366/3540] 2187_IriunWebcam_before: 1353 kare, yüz %100  (1166 s)
  [367/3540] 2194_FullHDwebcam_after: 1352 kare, yüz %100  (1172 s)
  [368/3540] 2194_USBVideo_after: 1352 kare, yüz %100  (1173 s)
  [369/3540] 2194_IriunWebcam_after: 1352 kare, yüz %100  (1177 s)
  [370/3540] 2194_FullHDwebcam_before: 1352 kare, yüz %100  (1179 s)
  [371/3540] 2194_USBVideo_before: 1352 kare, yüz %98  (1183 s)
  [372/3540] 2194_IriunWebcam_before: 1352 kare, yüz %100  (1184 s)
  [373/3540] 2221_FullHDwebcam_after: 1352 kare, yüz %100  (1190 s)
  [374/3540] 2221_USBVideo_after: 1352 kare, yüz %0  (1194 s)
  [375/3540] 2221_IriunWebcam_after: 1352 kare, yüz %100  (1196 s)
  [376/3540] 2221_FullHDwebcam_before: 1352 kare, yüz %100  (1201 s)
  [377/3540] 2221_USBVideo_before: 1352 kare, yüz %2  (1203 s)
  [378/3540] 2221_IriunWebcam_before: 1352 kare, yüz %100  (1207 s)
  [379/3540] 2233_FullHDwebcam_after: 1352 kare, yüz %100  (1209 s)
  [380/3540] 2233_USBVideo_after: 1352 kare, yüz %100  (1213 s)
  [381/3540] 2233_IriunWebcam_after: 1352 kare, yüz %100  (1214 s)
  [382/3540] 2233_FullHDwebcam_before: 1352 kare, yüz %100  (1218 s)
  [383/3540] 2233_USBVideo_before: 1352 kare, yüz %91  (1220 s)
  [384/3540] 2233_IriunWebcam_before: 1352 kare, yüz %100  (1223 s)
  [385/3540] 2242_FullHDwebcam_after: 1352 kare, yüz %100  (1227 s)
  [386/3540] 2242_USBVideo_after: 1352 kare, yüz %100  (1229 s)
  [387/3540] 2242_IriunWebcam_after: 1352 kare, yüz %100  (1233 s)
  [388/3540] 2242_FullHDwebcam_before: 1352 kare, yüz %100  (1237 s)
  [389/3540] 2242_USBVideo_before: 1352 kare, yüz %100  (1239 s)
  [390/3540] 2242_IriunWebcam_before: 1353 kare, yüz %100  (1243 s)
  [391/3540] 2245_FullHDwebcam_after: 1352 kare, yüz %96  (1246 s)
  [392/3540] 2245_USBVideo_after: 1353 kare, yüz %0  (1252 s)
  [393/3540] 2245_IriunWebcam_after: 1351 kare, yüz %38  (1252 s)
  [394/3540] 2245_FullHDwebcam_before: 1352 kare, yüz %67  (1258 s)
  [395/3540] 2245_USBVideo_before: 1353 kare, yüz %0  (1260 s)
  [396/3540] 2245_IriunWebcam_before: 1352 kare, yüz %97  (1265 s)
  [397/3540] 2246_FullHDwebcam_after: 1352 kare, yüz %76  (1268 s)
  [398/3540] 2246_USBVideo_after: 1352 kare, yüz %24  (1274 s)
  [399/3540] 2246_IriunWebcam_after: 1352 kare, yüz %0  (1279 s)
  [400/3540] 2246_FullHDwebcam_before: 1352 kare, yüz %100  (1280 s)
  [401/3540] 2246_USBVideo_before: 1352 kare, yüz %98  (1285 s)
  [402/3540] 2246_IriunWebcam_before: 1353 kare, yüz %100  (1285 s)
  [403/3540] 2247_FullHDwebcam_after: 1352 kare, yüz %100  (1290 s)
  [404/3540] 2247_USBVideo_after: 1352 kare, yüz %100  (1291 s)
  [405/3540] 2247_IriunWebcam_after: 1352 kare, yüz %100  (1296 s)
  [406/3540] 2247_FullHDwebcam_before: 1352 kare, yüz %100  (1297 s)
  [407/3540] 2247_USBVideo_before: 1352 kare, yüz %100  (1302 s)
  [408/3540] 2247_IriunWebcam_before: 1353 kare, yüz %100  (1302 s)
  [409/3540] 2253_FullHDwebcam_after: 1352 kare, yüz %100  (1309 s)
  [410/3540] 2253_USBVideo_after: 1352 kare, yüz %88  (1309 s)
  [411/3540] 2253_IriunWebcam_after: 1352 kare, yüz %100  (1315 s)
  [412/3540] 2253_FullHDwebcam_before: 1352 kare, yüz %100  (1315 s)
  [413/3540] 2253_IriunWebcam_before: 1352 kare, yüz %100  (1321 s)
  [414/3540] 2284_FullHDwebcam_after: 1352 kare, yüz %100  (1327 s)
  [415/3540] 2253_USBVideo_before: 1352 kare, yüz %9  (1331 s)
  [416/3540] 2284_USBVideo_after: 1352 kare, yüz %74  (1333 s)
  [417/3540] 2284_IriunWebcam_after: 1353 kare, yüz %100  (1336 s)
  [418/3540] 2284_FullHDwebcam_before: 1352 kare, yüz %100  (1339 s)
  [419/3540] 2284_USBVideo_before: 1352 kare, yüz %13  (1343 s)
  [420/3540] 2284_IriunWebcam_before: 1353 kare, yüz %100  (1344 s)
  [421/3540] 2285_FullHDwebcam_after: 1352 kare, yüz %100  (1349 s)
  [422/3540] 2285_USBVideo_after: 1352 kare, yüz %0  (1353 s)
  [423/3540] 2285_IriunWebcam_after: 1353 kare, yüz %100  (1355 s)
  [424/3540] 2285_FullHDwebcam_before: 1352 kare, yüz %100  (1359 s)
  [425/3540] 2285_USBVideo_before: 1352 kare, yüz %24  (1362 s)
  [426/3540] 2285_IriunWebcam_before: 1353 kare, yüz %100  (1364 s)
  [427/3540] 2291_FullHDwebcam_after: 1352 kare, yüz %100  (1369 s)
  [428/3540] 2291_USBVideo_after: 1353 kare, yüz %0  (1375 s)
  [429/3540] 2291_IriunWebcam_after: 1352 kare, yüz %100  (1375 s)
  [430/3540] 2291_FullHDwebcam_before: 1352 kare, yüz %100  (1382 s)
  [431/3540] 2291_USBVideo_before: 1352 kare, yüz %0  (1385 s)
  [432/3540] 2291_IriunWebcam_before: 1353 kare, yüz %100  (1388 s)
  [433/3540] 2323_FullHDwebcam_after: 1352 kare, yüz %100  (1392 s)
  [434/3540] 2323_USBVideo_after: 1352 kare, yüz %100  (1394 s)
  [435/3540] 2323_IriunWebcam_after: 1352 kare, yüz %100  (1397 s)
  [436/3540] 2323_FullHDwebcam_before: 1352 kare, yüz %100  (1401 s)
  [437/3540] 2323_USBVideo_before: 1352 kare, yüz %100  (1403 s)
  [438/3540] 2323_IriunWebcam_before: 1352 kare, yüz %100  (1406 s)
  [439/3540] 2339_FullHDwebcam_after: 1352 kare, yüz %100  (1411 s)
  [440/3540] 2339_USBVideo_after: 1352 kare, yüz %2  (1417 s)
  [441/3540] 2339_IriunWebcam_after: 1352 kare, yüz %100  (1418 s)
  [442/3540] 2339_FullHDwebcam_before: 1352 kare, yüz %100  (1423 s)
  [443/3540] 2339_USBVideo_before: 1352 kare, yüz %0  (1427 s)
  [444/3540] 2339_IriunWebcam_before: 1353 kare, yüz %0  (1430 s)
  [445/3540] 2375_FullHDwebcam_after: 1352 kare, yüz %100  (1434 s)
  [446/3540] 2375_USBVideo_after: 1352 kare, yüz %100  (1437 s)
  [447/3540] 2375_IriunWebcam_after: 1353 kare, yüz %100  (1439 s)
  [448/3540] 2375_FullHDwebcam_before: 1352 kare, yüz %100  (1445 s)
  [449/3540] 2375_USBVideo_before: 1352 kare, yüz %100  (1446 s)
  [450/3540] 2375_IriunWebcam_before: 1353 kare, yüz %100  (1452 s)
  [451/3540] 2414_FullHDwebcam_after: 1352 kare, yüz %100  (1453 s)
  [452/3540] 2414_IriunWebcam_after: 1352 kare, yüz %100  (1458 s)
  [453/3540] 2414_USBVideo_after: 1352 kare, yüz %0  (1461 s)
  [454/3540] 2414_FullHDwebcam_before: 1352 kare, yüz %100  (1465 s)
  [455/3540] 2414_USBVideo_before: 1352 kare, yüz %0  (1471 s)
  [456/3540] 2414_IriunWebcam_before: 1352 kare, yüz %100  (1471 s)
  [457/3540] 2439_USBVideo_after: 1352 kare, yüz %100  (1478 s)
  [458/3540] 2439_FullHDwebcam_after: 1352 kare, yüz %100  (1478 s)
  [459/3540] 2439_IriunWebcam_after: 1352 kare, yüz %100  (1483 s)
  [460/3540] 2439_FullHDwebcam_before: 1352 kare, yüz %100  (1486 s)
  [461/3540] 2439_USBVideo_before: 1352 kare, yüz %100  (1490 s)
  [462/3540] 2439_IriunWebcam_before: 1353 kare, yüz %100  (1491 s)
  [463/3540] 2445_FullHDwebcam_after: 1352 kare, yüz %100  (1498 s)
  [464/3540] 2445_USBVideo_after: 1353 kare, yüz %0  (1501 s)
  [465/3540] 2445_IriunWebcam_after: 1352 kare, yüz %100  (1503 s)
  [466/3540] 2445_FullHDwebcam_before: 1352 kare, yüz %100  (1508 s)
  [467/3540] 2445_USBVideo_before: 1352 kare, yüz %15  (1510 s)
  [468/3540] 2445_IriunWebcam_before: 1353 kare, yüz %100  (1513 s)
  [469/3540] 2446_FullHDwebcam_after: 1352 kare, yüz %100  (1517 s)
  [470/3540] 2446_USBVideo_after: 1352 kare, yüz %100  (1520 s)
  [471/3540] 2446_IriunWebcam_after: 1352 kare, yüz %100  (1522 s)
  [472/3540] 2446_FullHDwebcam_before: 1352 kare, yüz %98  (1527 s)
  [473/3540] 2446_USBVideo_before: 1353 kare, yüz %98  (1530 s)
  [474/3540] 2446_IriunWebcam_before: 1352 kare, yüz %100  (1533 s)
  [475/3540] 2459_FullHDwebcam_after: 1352 kare, yüz %100  (1536 s)
  [476/3540] 2459_USBVideo_after: 1352 kare, yüz %20  (1542 s)
  [477/3540] 2459_IriunWebcam_after: 1353 kare, yüz %100  (1542 s)
  [478/3540] 2459_FullHDwebcam_before: 1352 kare, yüz %100  (1549 s)
  [479/3540] 2459_USBVideo_before: 1352 kare, yüz %17  (1550 s)
  [480/3540] 2459_IriunWebcam_before: 1353 kare, yüz %100  (1554 s)
  [481/3540] 2462_FullHDwebcam_after: 1352 kare, yüz %100  (1558 s)
  [482/3540] 2462_USBVideo_after: 1352 kare, yüz %96  (1560 s)
  [483/3540] 2462_IriunWebcam_after: 1352 kare, yüz %100  (1563 s)
  [484/3540] 2462_FullHDwebcam_before: 1352 kare, yüz %100  (1568 s)
  [485/3540] 2462_USBVideo_before: 1352 kare, yüz %98  (1569 s)
  [486/3540] 2462_IriunWebcam_before: 1353 kare, yüz %100  (1573 s)
  [487/3540] 2463_FullHDwebcam_after: 1352 kare, yüz %100  (1576 s)
  [488/3540] 2463_USBVideo_after: 1352 kare, yüz %100  (1579 s)
  [489/3540] 2463_IriunWebcam_after: 1352 kare, yüz %100  (1580 s)
  [490/3540] 2463_FullHDwebcam_before: 1352 kare, yüz %100  (1587 s)
  [491/3540] 2463_USBVideo_before: 1352 kare, yüz %100  (1587 s)
  [492/3540] 2463_IriunWebcam_before: 1353 kare, yüz %100  (1592 s)
  [493/3540] 2508_FullHDwebcam_after: 1352 kare, yüz %96  (1594 s)
  [494/3540] 2508_USBVideo_after: 1352 kare, yüz %93  (1597 s)
  [495/3540] 2508_IriunWebcam_after: 1353 kare, yüz %97  (1599 s)
  [496/3540] 2508_FullHDwebcam_before: 1352 kare, yüz %100  (1604 s)
  [497/3540] 2508_USBVideo_before: 1352 kare, yüz %4  (1605 s)
  [498/3540] 2508_IriunWebcam_before: 1353 kare, yüz %94  (1608 s)
  [499/3540] 2527_FullHDwebcam_after: 1352 kare, yüz %100  (1613 s)
  [500/3540] 2527_USBVideo_after: 1353 kare, yüz %0  (1618 s)
  [501/3540] 2527_IriunWebcam_after: 1353 kare, yüz %100  (1620 s)
  [502/3540] 2527_FullHDwebcam_before: 1352 kare, yüz %100  (1625 s)
  [503/3540] 2527_USBVideo_before: 1353 kare, yüz %98  (1627 s)
  [504/3540] 2527_IriunWebcam_before: 1351 kare, yüz %100  (1631 s)
  [505/3540] 2558_FullHDwebcam_after: 1352 kare, yüz %100  (1632 s)
  [506/3540] 2558_IriunWebcam_after: 1353 kare, yüz %100  (1637 s)
  [507/3540] 2558_USBVideo_after: 1352 kare, yüz %0  (1638 s)
  [508/3540] 2558_FullHDwebcam_before: 1352 kare, yüz %100  (1643 s)
  [509/3540] 2558_USBVideo_before: 1352 kare, yüz %0  (1646 s)
  [510/3540] 2558_IriunWebcam_before: 1352 kare, yüz %100  (1648 s)
  [511/3540] 2619_FullHDwebcam_after: 1352 kare, yüz %100  (1653 s)
  [512/3540] 2619_USBVideo_after: 1352 kare, yüz %2  (1656 s)
  [513/3540] 2619_IriunWebcam_after: 1353 kare, yüz %100  (1658 s)
  [514/3540] 2619_FullHDwebcam_before: 1352 kare, yüz %100  (1664 s)
  [515/3540] 2619_USBVideo_before: 1352 kare, yüz %0  (1666 s)
  [516/3540] 2619_IriunWebcam_before: 1353 kare, yüz %100  (1669 s)
  [517/3540] 2625_FullHDwebcam_after: 1352 kare, yüz %100  (1674 s)
  [518/3540] 2625_USBVideo_after: 1352 kare, yüz %100  (1677 s)
  [519/3540] 2625_IriunWebcam_after: 1352 kare, yüz %100  (1680 s)
  [520/3540] 2625_FullHDwebcam_before: 1352 kare, yüz %100  (1685 s)
  [521/3540] 2625_USBVideo_before: 1352 kare, yüz %100  (1687 s)
  [522/3540] 2625_IriunWebcam_before: 1353 kare, yüz %100  (1691 s)
  [523/3540] 2638_FullHDwebcam_after: 1352 kare, yüz %100  (1694 s)
  [524/3540] 2638_USBVideo_after: 1352 kare, yüz %100  (1696 s)
  [525/3540] 2638_IriunWebcam_after: 1353 kare, yüz %100  (1700 s)
  [526/3540] 2638_FullHDwebcam_before: 1352 kare, yüz %100  (1705 s)
  [527/3540] 2638_USBVideo_before: 1352 kare, yüz %100  (1706 s)
  [528/3540] 2638_IriunWebcam_before: 1353 kare, yüz %100  (1711 s)
  [529/3540] 2646_FullHDwebcam_after: 1352 kare, yüz %100  (1711 s)
  [530/3540] 2646_USBVideo_after: 1352 kare, yüz %100  (1717 s)
  [531/3540] 2646_IriunWebcam_after: 1352 kare, yüz %100  (1717 s)
  [532/3540] 2646_FullHDwebcam_before: 1352 kare, yüz %100  (1723 s)
  [533/3540] 2646_USBVideo_before: 1353 kare, yüz %100  (1724 s)
  [534/3540] 2646_IriunWebcam_before: 1353 kare, yüz %100  (1729 s)
  [535/3540] 2651_FullHDwebcam_after: 1352 kare, yüz %100  (1731 s)
  [536/3540] 2651_IriunWebcam_after: 1352 kare, yüz %100  (1737 s)
  [537/3540] 2651_USBVideo_after: 1352 kare, yüz %0  (1737 s)
  [538/3540] 2651_FullHDwebcam_before: 1352 kare, yüz %100  (1744 s)
  [539/3540] 2651_USBVideo_before: 1352 kare, yüz %0  (1746 s)
  [540/3540] 2651_IriunWebcam_before: 1352 kare, yüz %100  (1750 s)
  [541/3540] 2659_FullHDwebcam_after: 1352 kare, yüz %100  (1753 s)
  [542/3540] 2659_USBVideo_after: 1352 kare, yüz %0  (1758 s)
  [543/3540] 2659_IriunWebcam_after: 1353 kare, yüz %100  (1759 s)
  [544/3540] 2659_FullHDwebcam_before: 1352 kare, yüz %100  (1764 s)
  [545/3540] 2659_USBVideo_before: 1352 kare, yüz %4  (1765 s)
  [546/3540] 2659_IriunWebcam_before: 1353 kare, yüz %100  (1770 s)
  [547/3540] 2672_FullHDwebcam_after: 1352 kare, yüz %100  (1772 s)
  [548/3540] 2672_IriunWebcam_after: 1353 kare, yüz %100  (1778 s)
  [549/3540] 2672_USBVideo_after: 1352 kare, yüz %0  (1779 s)
  [550/3540] 2672_FullHDwebcam_before: 1352 kare, yüz %100  (1785 s)
  [551/3540] 2672_USBVideo_before: 1352 kare, yüz %0  (1789 s)
  [552/3540] 2672_IriunWebcam_before: 1353 kare, yüz %100  (1791 s)
  [553/3540] 2676_FullHDwebcam_after: 1352 kare, yüz %100  (1796 s)
  [554/3540] 2676_USBVideo_after: 1352 kare, yüz %9  (1799 s)
  [555/3540] 2676_IriunWebcam_after: 1352 kare, yüz %100  (1801 s)
  [556/3540] 2676_FullHDwebcam_before: 1352 kare, yüz %96  (1806 s)
  [557/3540] 2676_USBVideo_before: 1352 kare, yüz %82  (1807 s)
  [558/3540] 2676_IriunWebcam_before: 1353 kare, yüz %75  (1812 s)
  [559/3540] 2704_FullHDwebcam_after: 1352 kare, yüz %100  (1815 s)
  [560/3540] 2704_IriunWebcam_after: 1352 kare, yüz %100  (1821 s)
  [561/3540] 2704_USBVideo_after: 1352 kare, yüz %0  (1823 s)
  [562/3540] 2704_FullHDwebcam_before: 1352 kare, yüz %100  (1828 s)
  [563/3540] 2704_USBVideo_before: 1352 kare, yüz %4  (1830 s)
  [564/3540] 2704_IriunWebcam_before: 1352 kare, yüz %100  (1834 s)
  [565/3540] 2732_FullHDwebcam_after: 1352 kare, yüz %100  (1836 s)
  [566/3540] 2732_USBVideo_after: 1353 kare, yüz %100  (1840 s)
  [567/3540] 2732_IriunWebcam_after: 1352 kare, yüz %100  (1841 s)
  [568/3540] 2732_FullHDwebcam_before: 1352 kare, yüz %100  (1846 s)
  [569/3540] 2732_USBVideo_before: 1352 kare, yüz %100  (1847 s)
  [570/3540] 2732_IriunWebcam_before: 1351 kare, yüz %100  (1851 s)
  [571/3540] 2751_FullHDwebcam_after: 1352 kare, yüz %100  (1855 s)
  [572/3540] 2751_USBVideo_after: 1352 kare, yüz %0  (1860 s)
  [573/3540] 2751_IriunWebcam_after: 1352 kare, yüz %100  (1861 s)
  [574/3540] 2751_FullHDwebcam_before: 1352 kare, yüz %100  (1867 s)
  [575/3540] 2751_USBVideo_before: 1352 kare, yüz %7  (1867 s)
  [576/3540] 2751_IriunWebcam_before: 1353 kare, yüz %100  (1872 s)
  [577/3540] 2755_FullHDwebcam_after: 1352 kare, yüz %100  (1875 s)
  [578/3540] 2755_USBVideo_after: 1352 kare, yüz %100  (1878 s)
  [579/3540] 2755_IriunWebcam_after: 1352 kare, yüz %100  (1879 s)
  [580/3540] 2755_FullHDwebcam_before: 1352 kare, yüz %100  (1886 s)
  [581/3540] 2755_USBVideo_before: 1352 kare, yüz %100  (1886 s)
  [582/3540] 2755_IriunWebcam_before: 1353 kare, yüz %100  (1891 s)
  [583/3540] 2778_FullHDwebcam_after: 1352 kare, yüz %100  (1891 s)
  [584/3540] 2778_IriunWebcam_after: 1352 kare, yüz %100  (1896 s)
  [585/3540] 2778_USBVideo_after: 1352 kare, yüz %100  (1897 s)
  [586/3540] 2778_FullHDwebcam_before: 1352 kare, yüz %100  (1902 s)
  [587/3540] 2778_USBVideo_before: 1352 kare, yüz %100  (1903 s)
  [588/3540] 2778_IriunWebcam_before: 1352 kare, yüz %100  (1906 s)
  [589/3540] 2801_FullHDwebcam_after: 1352 kare, yüz %100  (1910 s)
  [590/3540] 2801_USBVideo_after: 1352 kare, yüz %98  (1912 s)
  [591/3540] 2801_IriunWebcam_after: 1353 kare, yüz %100  (1915 s)
  [592/3540] 2801_FullHDwebcam_before: 1352 kare, yüz %100  (1919 s)
  [593/3540] 2801_USBVideo_before: 1352 kare, yüz %100  (1921 s)
  [594/3540] 2801_IriunWebcam_before: 1352 kare, yüz %100  (1925 s)
  [595/3540] 2802_FullHDwebcam_after: 1352 kare, yüz %100  (1927 s)
  [596/3540] 2802_USBVideo_after: 1352 kare, yüz %96  (1931 s)
  [597/3540] 2802_IriunWebcam_after: 1353 kare, yüz %100  (1932 s)
  [598/3540] 2802_FullHDwebcam_before: 1352 kare, yüz %100  (1938 s)
  [599/3540] 2802_USBVideo_before: 1352 kare, yüz %89  (1939 s)
  [600/3540] 2802_IriunWebcam_before: 1352 kare, yüz %100  (1943 s)
  [601/3540] 2818_FullHDwebcam_after: 1352 kare, yüz %100  (1946 s)
  [602/3540] 2818_USBVideo_after: 1353 kare, yüz %100  (1949 s)
  [603/3540] 2818_IriunWebcam_after: 1351 kare, yüz %100  (1952 s)
  [604/3540] 2818_FullHDwebcam_before: 1352 kare, yüz %100  (1957 s)
  [605/3540] 2818_USBVideo_before: 1352 kare, yüz %100  (1958 s)
  [606/3540] 2818_IriunWebcam_before: 1353 kare, yüz %100  (1964 s)
  [607/3540] 2823_FullHDwebcam_after: 1352 kare, yüz %100  (1966 s)
  [608/3540] 2823_USBVideo_after: 1352 kare, yüz %100  (1970 s)
  [609/3540] 2823_IriunWebcam_after: 1353 kare, yüz %100  (1972 s)
  [610/3540] 2823_FullHDwebcam_before: 1352 kare, yüz %100  (1977 s)
  [611/3540] 2823_USBVideo_before: 1352 kare, yüz %100  (1978 s)
  [612/3540] 2823_IriunWebcam_before: 1353 kare, yüz %100  (1983 s)
  [613/3540] 2842_FullHDwebcam_after: 1352 kare, yüz %100  (1984 s)
  [614/3540] 2842_USBVideo_after: 1352 kare, yüz %100  (1990 s)
  [615/3540] 2842_IriunWebcam_after: 1352 kare, yüz %100  (1991 s)
  [616/3540] 2842_FullHDwebcam_before: 1352 kare, yüz %100  (1997 s)
  [617/3540] 2842_USBVideo_before: 1352 kare, yüz %100  (1997 s)
  [618/3540] 2842_IriunWebcam_before: 1353 kare, yüz %100  (2003 s)
  [619/3540] 2851_FullHDwebcam_after: 1352 kare, yüz %100  (2004 s)
  [620/3540] 2851_USBVideo_after: 1352 kare, yüz %100  (2010 s)
  [621/3540] 2851_IriunWebcam_after: 1352 kare, yüz %100  (2010 s)
  [622/3540] 2851_USBVideo_before: 1352 kare, yüz %100  (2017 s)
  [623/3540] 2851_FullHDwebcam_before: 1352 kare, yüz %100  (2017 s)
  [624/3540] 2851_IriunWebcam_before: 1353 kare, yüz %100  (2022 s)
  [625/3540] 2852_FullHDwebcam_after: 1352 kare, yüz %100  (2024 s)
  [626/3540] 2852_IriunWebcam_after: 1351 kare, yüz %47  (2030 s)
  [627/3540] 2852_USBVideo_after: 1352 kare, yüz %0  (2031 s)
  [628/3540] 2852_FullHDwebcam_before: 1352 kare, yüz %100  (2037 s)
  [629/3540] 2852_USBVideo_before: 1353 kare, yüz %9  (2039 s)
  [630/3540] 2852_IriunWebcam_before: 1352 kare, yüz %8  (2042 s)
  [631/3540] 2857_FullHDwebcam_after: 1352 kare, yüz %100  (2045 s)
  [632/3540] 2857_IriunWebcam_after: 1353 kare, yüz %100  (2050 s)
  [633/3540] 2857_USBVideo_after: 1352 kare, yüz %0  (2051 s)
  [634/3540] 2857_FullHDwebcam_before: 1352 kare, yüz %100  (2057 s)
  [635/3540] 2857_USBVideo_before: 1352 kare, yüz %0  (2058 s)
  [636/3540] 2857_IriunWebcam_before: 1353 kare, yüz %100  (2062 s)
  [637/3540] 2874_FullHDwebcam_after: 1352 kare, yüz %100  (2066 s)
  [638/3540] 2874_USBVideo_after: 1352 kare, yüz %100  (2068 s)
  [639/3540] 2874_IriunWebcam_after: 1353 kare, yüz %97  (2072 s)
  [640/3540] 2874_FullHDwebcam_before: 1352 kare, yüz %100  (2075 s)
  [641/3540] 2874_USBVideo_before: 1352 kare, yüz %100  (2078 s)
  [642/3540] 2874_IriunWebcam_before: 1352 kare, yüz %100  (2082 s)
  [643/3540] 2875_FullHDwebcam_after: 1352 kare, yüz %100  (2085 s)
  [644/3540] 2875_USBVideo_after: 1353 kare, yüz %0  (2091 s)
  [645/3540] 2875_IriunWebcam_after: 1352 kare, yüz %100  (2091 s)
  [646/3540] 2875_FullHDwebcam_before: 1352 kare, yüz %100  (2098 s)
  [647/3540] 2875_USBVideo_before: 1352 kare, yüz %0  (2101 s)
  [648/3540] 2875_IriunWebcam_before: 1353 kare, yüz %100  (2104 s)
  [649/3540] 2895_FullHDwebcam_after: 1352 kare, yüz %100  (2109 s)
  [650/3540] 2895_USBVideo_after: 1352 kare, yüz %98  (2111 s)
  [651/3540] 2895_IriunWebcam_after: 1352 kare, yüz %94  (2115 s)
  [652/3540] 2895_FullHDwebcam_before: 1352 kare, yüz %100  (2122 s)
  [653/3540] 2895_USBVideo_before: 1352 kare, yüz %100  (2122 s)
  [654/3540] 2895_IriunWebcam_before: 1353 kare, yüz %94  (2128 s)
  [655/3540] 2907_FullHDwebcam_after: 1352 kare, yüz %100  (2129 s)
  [656/3540] 2907_IriunWebcam_after: 1352 kare, yüz %100  (2134 s)
  [657/3540] 2907_USBVideo_after: 1352 kare, yüz %100  (2134 s)
  [658/3540] 2907_USBVideo_before: 1352 kare, yüz %100  (2141 s)
  [659/3540] 2907_FullHDwebcam_before: 1352 kare, yüz %100  (2142 s)
  [660/3540] 2907_IriunWebcam_before: 1353 kare, yüz %100  (2147 s)
  [661/3540] 2916_FullHDwebcam_after: 1352 kare, yüz %5  (2150 s)
  [662/3540] 2916_IriunWebcam_after: 1352 kare, yüz %100  (2156 s)
  [663/3540] 2916_USBVideo_after: 1352 kare, yüz %0  (2158 s)
  [664/3540] 2916_FullHDwebcam_before: 1352 kare, yüz %52  (2164 s)
  [665/3540] 2916_USBVideo_before: 1352 kare, yüz %0  (2168 s)
  [666/3540] 2916_IriunWebcam_before: 1353 kare, yüz %97  (2169 s)
  [667/3540] 2928_FullHDwebcam_after: 1352 kare, yüz %100  (2175 s)
  [668/3540] 2928_USBVideo_after: 1352 kare, yüz %89  (2176 s)
  [669/3540] 2928_IriunWebcam_after: 1353 kare, yüz %100  (2179 s)
  [670/3540] 2928_FullHDwebcam_before: 1352 kare, yüz %100  (2183 s)
  [671/3540] 2928_USBVideo_before: 1352 kare, yüz %85  (2186 s)
  [672/3540] 2928_IriunWebcam_before: 1352 kare, yüz %100  (2188 s)
  [673/3540] 2948_FullHDwebcam_after: 1352 kare, yüz %100  (2193 s)
  [674/3540] 2948_USBVideo_after: 1352 kare, yüz %0  (2196 s)
  [675/3540] 2948_IriunWebcam_after: 1353 kare, yüz %100  (2198 s)
  [676/3540] 2948_FullHDwebcam_before: 1352 kare, yüz %100  (2202 s)
  [677/3540] 2948_USBVideo_before: 1352 kare, yüz %0  (2206 s)
  [678/3540] 2948_IriunWebcam_before: 1353 kare, yüz %100  (2207 s)
  [679/3540] 2962_FullHDwebcam_after: 1352 kare, yüz %100  (2214 s)
  [680/3540] 2962_USBVideo_after: 1352 kare, yüz %100  (2214 s)
  [681/3540] 2962_IriunWebcam_after: 1353 kare, yüz %100  (2219 s)
  [682/3540] 2962_FullHDwebcam_before: 1352 kare, yüz %100  (2221 s)
  [683/3540] 2962_USBVideo_before: 1352 kare, yüz %100  (2226 s)
  [684/3540] 2962_IriunWebcam_before: 1353 kare, yüz %100  (2227 s)
  [685/3540] 2964_FullHDwebcam_after: 1352 kare, yüz %100  (2233 s)
  [686/3540] 2964_USBVideo_after: 1352 kare, yüz %100  (2233 s)
  [687/3540] 2964_IriunWebcam_after: 1353 kare, yüz %100  (2238 s)
  [688/3540] 2964_FullHDwebcam_before: 1352 kare, yüz %100  (2240 s)
  [689/3540] 2964_USBVideo_before: 1352 kare, yüz %100  (2244 s)
  [690/3540] 2964_IriunWebcam_before: 1353 kare, yüz %100  (2245 s)
  [691/3540] 2967_FullHDwebcam_after: 1352 kare, yüz %100  (2252 s)
  [692/3540] 2967_USBVideo_after: 1352 kare, yüz %100  (2252 s)
  [693/3540] 2967_IriunWebcam_after: 1353 kare, yüz %100  (2257 s)
  [694/3540] 2967_FullHDwebcam_before: 1352 kare, yüz %100  (2259 s)
  [695/3540] 2967_USBVideo_before: 1352 kare, yüz %100  (2263 s)
  [696/3540] 2967_IriunWebcam_before: 1353 kare, yüz %100  (2264 s)
  [697/3540] 2968_FullHDwebcam_after: 1352 kare, yüz %98  (2269 s)
  [698/3540] 2968_USBVideo_after: 1352 kare, yüz %100  (2271 s)
  [699/3540] 2968_IriunWebcam_after: 1353 kare, yüz %97  (2273 s)
  [700/3540] 2968_FullHDwebcam_before: 1352 kare, yüz %100  (2276 s)
  [701/3540] 2968_USBVideo_before: 1352 kare, yüz %100  (2280 s)
  [702/3540] 2968_IriunWebcam_before: 1353 kare, yüz %100  (2281 s)
  [703/3540] 3000_FullHDwebcam_after: 1352 kare, yüz %100  (2287 s)
  [704/3540] 3000_USBVideo_after: 1352 kare, yüz %0  (2291 s)
  [705/3540] 3000_IriunWebcam_after: 1353 kare, yüz %100  (2292 s)
  [706/3540] 3000_FullHDwebcam_before: 1352 kare, yüz %100  (2296 s)
  [707/3540] 3000_USBVideo_before: 1353 kare, yüz %7  (2298 s)
  [708/3540] 3006_FullHDwebcam_after: 1352 kare, yüz %100  (2303 s)
  [709/3540] 3000_IriunWebcam_before: 1353 kare, yüz %100  (2308 s)
  [710/3540] 3006_USBVideo_after: 1353 kare, yüz %100  (2310 s)
  [711/3540] 3006_IriunWebcam_after: 1352 kare, yüz %100  (2314 s)
  [712/3540] 3006_FullHDwebcam_before: 1352 kare, yüz %100  (2315 s)
  [713/3540] 3006_USBVideo_before: 1352 kare, yüz %100  (2320 s)
  [714/3540] 3006_IriunWebcam_before: 1352 kare, yüz %100  (2321 s)
  [715/3540] 3016_FullHDwebcam_after: 1352 kare, yüz %100  (2327 s)
  [716/3540] 3016_USBVideo_after: 1352 kare, yüz %0  (2331 s)
  [717/3540] 3016_IriunWebcam_after: 1353 kare, yüz %86  (2334 s)
  [718/3540] 3016_FullHDwebcam_before: 1352 kare, yüz %100  (2338 s)
  [719/3540] 3016_USBVideo_before: 1353 kare, yüz %0  (2343 s)
  [720/3540] 3016_IriunWebcam_before: 1352 kare, yüz %97  (2344 s)
  [721/3540] 3059_USBVideo_after: 1352 kare, yüz %100  (2350 s)
  [722/3540] 3059_FullHDwebcam_after: 1352 kare, yüz %100  (2351 s)
  [723/3540] 3059_IriunWebcam_after: 1352 kare, yüz %100  (2356 s)
  [724/3540] 3059_FullHDwebcam_before: 1352 kare, yüz %100  (2359 s)
  [725/3540] 3059_USBVideo_before: 1352 kare, yüz %100  (2362 s)
  [726/3540] 3059_IriunWebcam_before: 1352 kare, yüz %100  (2364 s)
  [727/3540] 3066_FullHDwebcam_after: 1352 kare, yüz %100  (2369 s)
  [728/3540] 3066_USBVideo_after: 1352 kare, yüz %0  (2373 s)
  [729/3540] 3066_IriunWebcam_after: 1351 kare, yüz %100  (2375 s)
  [730/3540] 3066_FullHDwebcam_before: 1352 kare, yüz %100  (2380 s)
  [731/3540] 3066_USBVideo_before: 1352 kare, yüz %0  (2386 s)
  [732/3540] 3066_IriunWebcam_before: 1353 kare, yüz %100  (2387 s)
  [733/3540] 3077_FullHDwebcam_after: 1352 kare, yüz %100  (2392 s)
  [734/3540] 3077_USBVideo_after: 1352 kare, yüz %52  (2393 s)
  [735/3540] 3077_IriunWebcam_after: 1353 kare, yüz %100  (2397 s)
  [736/3540] 3077_FullHDwebcam_before: 1352 kare, yüz %100  (2400 s)
  [737/3540] 3077_USBVideo_before: 1352 kare, yüz %24  (2405 s)
  [738/3540] 3077_IriunWebcam_before: 1353 kare, yüz %100  (2406 s)
  [739/3540] 3096_FullHDwebcam_after: 1352 kare, yüz %76  (2412 s)
  [740/3540] 3096_USBVideo_after: 1352 kare, yüz %4  (2413 s)
  [741/3540] 3096_IriunWebcam_after: 1353 kare, yüz %97  (2418 s)
  [742/3540] 3096_FullHDwebcam_before: 1352 kare, yüz %100  (2420 s)
  [743/3540] 3096_USBVideo_before: 1353 kare, yüz %9  (2424 s)
  [744/3540] 3096_IriunWebcam_before: 1353 kare, yüz %86  (2425 s)
  [745/3540] 3133_USBVideo_after: 1352 kare, yüz %100  (2431 s)
  [746/3540] 3133_FullHDwebcam_after: 1352 kare, yüz %100  (2431 s)
  [747/3540] 3133_IriunWebcam_after: 1353 kare, yüz %100  (2436 s)
  [748/3540] 3133_FullHDwebcam_before: 1352 kare, yüz %100  (2439 s)
  [749/3540] 3133_USBVideo_before: 1352 kare, yüz %84  (2442 s)
  [750/3540] 3133_IriunWebcam_before: 1353 kare, yüz %97  (2444 s)
  [751/3540] 3142_FullHDwebcam_after: 1352 kare, yüz %100  (2449 s)
  [752/3540] 3142_USBVideo_after: 1352 kare, yüz %100  (2450 s)
  [753/3540] 3142_IriunWebcam_after: 1353 kare, yüz %100  (2456 s)
  [754/3540] 3142_FullHDwebcam_before: 1352 kare, yüz %100  (2459 s)
  [755/3540] 3142_USBVideo_before: 1352 kare, yüz %100  (2463 s)
  [756/3540] 3142_IriunWebcam_before: 1351 kare, yüz %100  (2464 s)
  [757/3540] 3150_FullHDwebcam_after: 1352 kare, yüz %100  (2470 s)
  [758/3540] 3150_USBVideo_after: 1352 kare, yüz %100  (2471 s)
  [759/3540] 3150_IriunWebcam_after: 1353 kare, yüz %100  (2477 s)
  [760/3540] 3150_FullHDwebcam_before: 1352 kare, yüz %100  (2480 s)
  [761/3540] 3150_USBVideo_before: 1353 kare, yüz %100  (2484 s)
  [762/3540] 3150_IriunWebcam_before: 1353 kare, yüz %100  (2486 s)
  [763/3540] 3153_FullHDwebcam_after: 1352 kare, yüz %100  (2491 s)
  [764/3540] 3153_USBVideo_after: 1352 kare, yüz %100  (2492 s)
  [765/3540] 3153_IriunWebcam_after: 1352 kare, yüz %100  (2496 s)
  [766/3540] 3153_FullHDwebcam_before: 1352 kare, yüz %100  (2500 s)
  [767/3540] 3153_USBVideo_before: 1352 kare, yüz %100  (2502 s)
  [768/3540] 3153_IriunWebcam_before: 1353 kare, yüz %100  (2505 s)
  [769/3540] 3155_FullHDwebcam_after: 1352 kare, yüz %100  (2509 s)
  [770/3540] 3155_USBVideo_after: 1352 kare, yüz %100  (2511 s)
  [771/3540] 3155_IriunWebcam_after: 1353 kare, yüz %100  (2514 s)
  [772/3540] 3155_FullHDwebcam_before: 1352 kare, yüz %100  (2518 s)
  [773/3540] 3155_USBVideo_before: 1352 kare, yüz %100  (2519 s)
  [774/3540] 3155_IriunWebcam_before: 1352 kare, yüz %100  (2522 s)
  [775/3540] 3180_FullHDwebcam_after: 1352 kare, yüz %100  (2527 s)
  [776/3540] 3180_USBVideo_after: 1352 kare, yüz %100  (2529 s)
  [777/3540] 3180_IriunWebcam_after: 1352 kare, yüz %100  (2532 s)
  [778/3540] 3180_FullHDwebcam_before: 1352 kare, yüz %100  (2536 s)
  [779/3540] 3180_USBVideo_before: 1352 kare, yüz %98  (2538 s)
  [780/3540] 3180_IriunWebcam_before: 1353 kare, yüz %100  (2541 s)
  [781/3540] 3192_FullHDwebcam_after: 1352 kare, yüz %100  (2545 s)
  [782/3540] 3192_USBVideo_after: 1352 kare, yüz %52  (2548 s)
  [783/3540] 3192_IriunWebcam_after: 1352 kare, yüz %100  (2550 s)
  [784/3540] 3192_FullHDwebcam_before: 1352 kare, yüz %100  (2554 s)
  [785/3540] 3192_USBVideo_before: 1352 kare, yüz %100  (2556 s)
  [786/3540] 3192_IriunWebcam_before: 1351 kare, yüz %100  (2558 s)
  [787/3540] 3194_FullHDwebcam_after: 1352 kare, yüz %100  (2566 s)
  [788/3540] 3194_USBVideo_after: 1352 kare, yüz %100  (2566 s)
  [789/3540] 3194_IriunWebcam_after: 1353 kare, yüz %100  (2571 s)
  [790/3540] 3194_FullHDwebcam_before: 1352 kare, yüz %100  (2572 s)
  [791/3540] 3194_IriunWebcam_before: 1352 kare, yüz %100  (2577 s)
  [792/3540] 3194_USBVideo_before: 1352 kare, yüz %100  (2577 s)
  [793/3540] 3196_USBVideo_after: 1352 kare, yüz %100  (2583 s)
  [794/3540] 3196_FullHDwebcam_after: 1352 kare, yüz %100  (2584 s)
  [795/3540] 3196_IriunWebcam_after: 1353 kare, yüz %100  (2589 s)
  [796/3540] 3196_FullHDwebcam_before: 1352 kare, yüz %100  (2591 s)
  [797/3540] 3196_USBVideo_before: 1353 kare, yüz %100  (2596 s)
  [798/3540] 3196_IriunWebcam_before: 1352 kare, yüz %100  (2597 s)
  [799/3540] 3220_FullHDwebcam_after: 1352 kare, yüz %100  (2604 s)
  [800/3540] 3220_USBVideo_after: 1351 kare, yüz %0  (2607 s)
  [801/3540] 3220_IriunWebcam_after: 1353 kare, yüz %92  (2610 s)
  [802/3540] 3220_FullHDwebcam_before: 1352 kare, yüz %100  (2615 s)
  [803/3540] 3220_USBVideo_before: 1352 kare, yüz %7  (2618 s)
  [804/3540] 3220_IriunWebcam_before: 1352 kare, yüz %64  (2620 s)
  [805/3540] 3232_FullHDwebcam_after: 1352 kare, yüz %100  (2624 s)
  [806/3540] 3232_USBVideo_after: 1352 kare, yüz %89  (2626 s)
  [807/3540] 3232_IriunWebcam_after: 1353 kare, yüz %100  (2628 s)
  [808/3540] 3232_FullHDwebcam_before: 1352 kare, yüz %100  (2632 s)
  [809/3540] 3232_USBVideo_before: 1352 kare, yüz %100  (2634 s)
  [810/3540] 3232_IriunWebcam_before: 1353 kare, yüz %100  (2637 s)
  [811/3540] 3235_FullHDwebcam_after: 1352 kare, yüz %100  (2640 s)
  [812/3540] 3235_USBVideo_after: 1352 kare, yüz %100  (2643 s)
  [813/3540] 3235_IriunWebcam_after: 1353 kare, yüz %100  (2645 s)
  [814/3540] 3235_FullHDwebcam_before: 1352 kare, yüz %100  (2649 s)
  [815/3540] 3235_USBVideo_before: 1352 kare, yüz %100  (2651 s)
  [816/3540] 3235_IriunWebcam_before: 1352 kare, yüz %100  (2654 s)
  [817/3540] 3245_FullHDwebcam_after: 1352 kare, yüz %100  (2659 s)
  [818/3540] 3245_USBVideo_after: 1352 kare, yüz %100  (2660 s)
  [819/3540] 3245_IriunWebcam_after: 1352 kare, yüz %100  (2664 s)
  [820/3540] 3245_FullHDwebcam_before: 1352 kare, yüz %100  (2668 s)
  [821/3540] 3245_USBVideo_before: 1352 kare, yüz %100  (2670 s)
  [822/3540] 3245_IriunWebcam_before: 1352 kare, yüz %100  (2673 s)
  [823/3540] 3254_FullHDwebcam_after: 1352 kare, yüz %100  (2676 s)
  [824/3540] 3254_USBVideo_after: 1353 kare, yüz %57  (2680 s)
  [825/3540] 3254_IriunWebcam_after: 1352 kare, yüz %100  (2682 s)
  [826/3540] 3254_FullHDwebcam_before: 1352 kare, yüz %100  (2686 s)
  [827/3540] 3254_USBVideo_before: 1352 kare, yüz %35  (2688 s)
  [828/3540] 3254_IriunWebcam_before: 1353 kare, yüz %100  (2692 s)
  [829/3540] 3315_FullHDwebcam_after: 1352 kare, yüz %100  (2695 s)
  [830/3540] 3315_USBVideo_after: 1352 kare, yüz %0  (2701 s)
  [831/3540] 3315_IriunWebcam_after: 1353 kare, yüz %100  (2701 s)
  [832/3540] 3315_FullHDwebcam_before: 1352 kare, yüz %100  (2708 s)
  [833/3540] 3315_USBVideo_before: 1352 kare, yüz %37  (2709 s)
  [834/3540] 3315_IriunWebcam_before: 1352 kare, yüz %100  (2713 s)
  [835/3540] 3326_FullHDwebcam_after: 1352 kare, yüz %100  (2716 s)
  [836/3540] 3326_USBVideo_after: 1352 kare, yüz %100  (2718 s)
  [837/3540] 3326_IriunWebcam_after: 1353 kare, yüz %100  (2721 s)
  [838/3540] 3326_FullHDwebcam_before: 1352 kare, yüz %100  (2725 s)
  [839/3540] 3326_USBVideo_before: 1352 kare, yüz %100  (2726 s)
  [840/3540] 3326_IriunWebcam_before: 1353 kare, yüz %100  (2730 s)
  [841/3540] 3342_FullHDwebcam_after: 1352 kare, yüz %100  (2733 s)
  [842/3540] 3342_USBVideo_after: 1352 kare, yüz %100  (2736 s)
  [843/3540] 3342_IriunWebcam_after: 1353 kare, yüz %100  (2739 s)
  [844/3540] 3342_FullHDwebcam_before: 1352 kare, yüz %100  (2747 s)
  [845/3540] 3342_USBVideo_before: 1352 kare, yüz %100  (2747 s)
  [846/3540] 3342_IriunWebcam_before: 1352 kare, yüz %100  (2752 s)
  [847/3540] 3345_FullHDwebcam_after: 1352 kare, yüz %100  (2755 s)
  [848/3540] 3345_IriunWebcam_after: 1352 kare, yüz %100  (2761 s)
  [849/3540] 3345_USBVideo_after: 1352 kare, yüz %0  (2762 s)
  [850/3540] 3345_FullHDwebcam_before: 1352 kare, yüz %100  (2769 s)
  [851/3540] 3345_USBVideo_before: 1352 kare, yüz %0  (2771 s)
  [852/3540] 3345_IriunWebcam_before: 1353 kare, yüz %100  (2775 s)
  [853/3540] 3348_FullHDwebcam_after: 1352 kare, yüz %100  (2777 s)
  [854/3540] 3348_IriunWebcam_after: 1352 kare, yüz %100  (2782 s)
  [855/3540] 3348_USBVideo_after: 1352 kare, yüz %0  (2783 s)
  [856/3540] 3348_FullHDwebcam_before: 1352 kare, yüz %100  (2789 s)
  [857/3540] 3348_USBVideo_before: 1352 kare, yüz %0  (2792 s)
  [858/3540] 3348_IriunWebcam_before: 1352 kare, yüz %100  (2795 s)
  [859/3540] 3351_FullHDwebcam_after: 1352 kare, yüz %100  (2799 s)
  [860/3540] 3351_USBVideo_after: 1352 kare, yüz %100  (2801 s)
  [861/3540] 3351_IriunWebcam_after: 1353 kare, yüz %100  (2804 s)
  [862/3540] 3351_FullHDwebcam_before: 1352 kare, yüz %100  (2808 s)
  [863/3540] 3351_USBVideo_before: 1353 kare, yüz %100  (2810 s)
  [864/3540] 3351_IriunWebcam_before: 1353 kare, yüz %100  (2814 s)
  [865/3540] 3363_FullHDwebcam_after: 1352 kare, yüz %100  (2817 s)
  [866/3540] 3363_USBVideo_after: 1353 kare, yüz %2  (2822 s)
  [867/3540] 3363_IriunWebcam_after: 1353 kare, yüz %100  (2823 s)
  [868/3540] 3363_FullHDwebcam_before: 1352 kare, yüz %100  (2828 s)
  [869/3540] 3363_USBVideo_before: 1352 kare, yüz %0  (2831 s)
  [870/3540] 3363_IriunWebcam_before: 1351 kare, yüz %100  (2834 s)
  [871/3540] 3364_FullHDwebcam_after: 1352 kare, yüz %98  (2838 s)
  [872/3540] 3364_USBVideo_after: 1352 kare, yüz %16  (2841 s)
  [873/3540] 3364_IriunWebcam_after: 1353 kare, yüz %100  (2843 s)
  [874/3540] 3364_FullHDwebcam_before: 1352 kare, yüz %98  (2848 s)
  [875/3540] 3364_USBVideo_before: 1352 kare, yüz %2  (2852 s)
  [876/3540] 3364_IriunWebcam_before: 1353 kare, yüz %100  (2854 s)
  [877/3540] 3375_FullHDwebcam_after: 1352 kare, yüz %100  (2859 s)
  [878/3540] 3375_USBVideo_after: 1352 kare, yüz %100  (2860 s)
  [879/3540] 3375_IriunWebcam_after: 1352 kare, yüz %100  (2865 s)
  [880/3540] 3375_FullHDwebcam_before: 1352 kare, yüz %100  (2868 s)
  [881/3540] 3375_USBVideo_before: 1353 kare, yüz %100  (2871 s)
  [882/3540] 3375_IriunWebcam_before: 1352 kare, yüz %100  (2873 s)
  [883/3540] 3385_FullHDwebcam_after: 1352 kare, yüz %100  (2877 s)
  [884/3540] 3385_USBVideo_after: 1352 kare, yüz %0  (2882 s)
  [885/3540] 3385_IriunWebcam_after: 1353 kare, yüz %100  (2886 s)
  [886/3540] 3385_FullHDwebcam_before: 1352 kare, yüz %100  (2887 s)
  [887/3540] 3385_IriunWebcam_before: 1353 kare, yüz %100  (2892 s)
  [888/3540] 3385_USBVideo_before: 1352 kare, yüz %16  (2893 s)
  [889/3540] 3394_FullHDwebcam_after: 1352 kare, yüz %100  (2898 s)
  [890/3540] 3394_USBVideo_after: 1352 kare, yüz %50  (2899 s)
  [891/3540] 3394_IriunWebcam_after: 1352 kare, yüz %100  (2904 s)
  [892/3540] 3394_FullHDwebcam_before: 1352 kare, yüz %100  (2905 s)
  [893/3540] 3394_USBVideo_before: 1352 kare, yüz %83  (2911 s)
  [894/3540] 3394_IriunWebcam_before: 1353 kare, yüz %100  (2911 s)
  [895/3540] 3401_FullHDwebcam_after: 1352 kare, yüz %100  (2916 s)
  [896/3540] 3401_USBVideo_after: 1352 kare, yüz %100  (2918 s)
  [897/3540] 3401_IriunWebcam_after: 1353 kare, yüz %100  (2922 s)
  [898/3540] 3401_FullHDwebcam_before: 1352 kare, yüz %100  (2923 s)
  [899/3540] 3401_USBVideo_before: 1352 kare, yüz %100  (2928 s)
  [900/3540] 3401_IriunWebcam_before: 1353 kare, yüz %100  (2929 s)
  [901/3540] 3406_FullHDwebcam_after: 1352 kare, yüz %100  (2933 s)
  [902/3540] 3406_USBVideo_after: 1352 kare, yüz %96  (2935 s)
  [903/3540] 3406_IriunWebcam_after: 1353 kare, yüz %100  (2938 s)
  [904/3540] 3406_FullHDwebcam_before: 1352 kare, yüz %100  (2940 s)
  [905/3540] 3406_USBVideo_before: 1352 kare, yüz %100  (2944 s)
  [906/3540] 3406_IriunWebcam_before: 1352 kare, yüz %100  (2945 s)
  [907/3540] 3418_USBVideo_after: 1352 kare, yüz %100  (2951 s)
  [908/3540] 3418_FullHDwebcam_after: 1352 kare, yüz %100  (2952 s)
  [909/3540] 3418_IriunWebcam_after: 1353 kare, yüz %100  (2957 s)
  [910/3540] 3418_FullHDwebcam_before: 1352 kare, yüz %100  (2961 s)
  [911/3540] 3418_USBVideo_before: 1352 kare, yüz %100  (2964 s)
  [912/3540] 3418_IriunWebcam_before: 1351 kare, yüz %100  (2966 s)
  [913/3540] 3420_FullHDwebcam_after: 1352 kare, yüz %100  (2971 s)
  [914/3540] 3420_USBVideo_after: 1352 kare, yüz %100  (2972 s)
  [915/3540] 3420_IriunWebcam_after: 1353 kare, yüz %100  (2975 s)
  [916/3540] 3420_FullHDwebcam_before: 1352 kare, yüz %100  (2979 s)
  [917/3540] 3420_USBVideo_before: 1352 kare, yüz %100  (2982 s)
  [918/3540] 3420_IriunWebcam_before: 1353 kare, yüz %100  (2986 s)
  [919/3540] 3448_FullHDwebcam_after: 1352 kare, yüz %100  (2989 s)
  [920/3540] 3448_IriunWebcam_after: 1352 kare, yüz %97  (2995 s)
  [921/3540] 3448_USBVideo_after: 1352 kare, yüz %0  (2995 s)
  [922/3540] 3448_FullHDwebcam_before: 1352 kare, yüz %100  (3001 s)
  [923/3540] 3448_USBVideo_before: 1352 kare, yüz %85  (3001 s)
  [924/3540] 3448_IriunWebcam_before: 1353 kare, yüz %100  (3005 s)
  [925/3540] 3465_FullHDwebcam_after: 1352 kare, yüz %100  (3009 s)
  [926/3540] 3465_USBVideo_after: 1352 kare, yüz %100  (3012 s)
  [927/3540] 3465_IriunWebcam_after: 1353 kare, yüz %100  (3014 s)
  [928/3540] 3465_FullHDwebcam_before: 1352 kare, yüz %100  (3020 s)
  [929/3540] 3465_USBVideo_before: 1352 kare, yüz %100  (3021 s)
  [930/3540] 3465_IriunWebcam_before: 1352 kare, yüz %100  (3026 s)
  [931/3540] 3494_FullHDwebcam_after: 1352 kare, yüz %100  (3028 s)
  [932/3540] 3494_IriunWebcam_after: 1352 kare, yüz %97  (3034 s)
  [933/3540] 3494_USBVideo_after: 1352 kare, yüz %0  (3035 s)
  [934/3540] 3494_FullHDwebcam_before: 1352 kare, yüz %100  (3041 s)
  [935/3540] 3494_USBVideo_before: 1352 kare, yüz %0  (3044 s)
  [936/3540] 3494_IriunWebcam_before: 1352 kare, yüz %100  (3046 s)
  [937/3540] 3508_FullHDwebcam_after: 1352 kare, yüz %100  (3049 s)
  [938/3540] 3508_USBVideo_after: 1352 kare, yüz %53  (3053 s)
  [939/3540] 3508_IriunWebcam_after: 1353 kare, yüz %100  (3055 s)
  [940/3540] 3508_FullHDwebcam_before: 1352 kare, yüz %100  (3059 s)
  [941/3540] 3508_USBVideo_before: 1352 kare, yüz %0  (3065 s)
  [942/3540] 3508_IriunWebcam_before: 1353 kare, yüz %100  (3066 s)
  [943/3540] 3520_USBVideo_after: 1352 kare, yüz %100  (3072 s)
  [944/3540] 3520_FullHDwebcam_after: 1352 kare, yüz %100  (3072 s)
  [945/3540] 3520_IriunWebcam_after: 1352 kare, yüz %100  (3077 s)
  [946/3540] 3520_FullHDwebcam_before: 1352 kare, yüz %100  (3079 s)
  [947/3540] 3520_USBVideo_before: 1352 kare, yüz %100  (3083 s)
  [948/3540] 3520_IriunWebcam_before: 1353 kare, yüz %100  (3084 s)
  [949/3540] 3523_FullHDwebcam_after: 1352 kare, yüz %100  (3089 s)
  [950/3540] 3523_USBVideo_after: 1352 kare, yüz %13  (3091 s)
  [951/3540] 3523_IriunWebcam_after: 1352 kare, yüz %100  (3094 s)
  [952/3540] 3523_FullHDwebcam_before: 1352 kare, yüz %100  (3099 s)
  [953/3540] 3523_USBVideo_before: 1352 kare, yüz %93  (3103 s)
  [954/3540] 3523_IriunWebcam_before: 1353 kare, yüz %100  (3105 s)
  [955/3540] 3524_FullHDwebcam_after: 1352 kare, yüz %100  (3112 s)
  [956/3540] 3524_USBVideo_after: 1353 kare, yüz %2  (3113 s)
  [957/3540] 3524_IriunWebcam_after: 1352 kare, yüz %100  (3117 s)
  [958/3540] 3524_FullHDwebcam_before: 1352 kare, yüz %100  (3119 s)
  [959/3540] 3524_IriunWebcam_before: 1353 kare, yüz %100  (3125 s)
  [960/3540] 3524_USBVideo_before: 1353 kare, yüz %0  (3125 s)
  [961/3540] 3526_USBVideo_after: 1352 kare, yüz %0  (3133 s)
  [962/3540] 3526_FullHDwebcam_after: 1352 kare, yüz %100  (3136 s)
  [963/3540] 3526_IriunWebcam_after: 1352 kare, yüz %100  (3139 s)
  [964/3540] 3526_FullHDwebcam_before: 1352 kare, yüz %100  (3143 s)
  [965/3540] 3526_USBVideo_before: 1352 kare, yüz %0  (3148 s)
  [966/3540] 3526_IriunWebcam_before: 1353 kare, yüz %100  (3149 s)
  [967/3540] 3529_FullHDwebcam_after: 1352 kare, yüz %100  (3155 s)
  [968/3540] 3529_USBVideo_after: 1352 kare, yüz %52  (3157 s)
  [969/3540] 3529_IriunWebcam_after: 1353 kare, yüz %100  (3160 s)
  [970/3540] 3529_FullHDwebcam_before: 1352 kare, yüz %100  (3164 s)
  [971/3540] 3529_USBVideo_before: 1352 kare, yüz %100  (3166 s)
  [972/3540] 3529_IriunWebcam_before: 1352 kare, yüz %100  (3169 s)
  [973/3540] 3533_FullHDwebcam_after: 1352 kare, yüz %100  (3174 s)
  [974/3540] 3533_USBVideo_after: 1352 kare, yüz %100  (3175 s)
  [975/3540] 3533_IriunWebcam_after: 1352 kare, yüz %100  (3178 s)
  [976/3540] 3533_FullHDwebcam_before: 1352 kare, yüz %100  (3182 s)
  [977/3540] 3533_USBVideo_before: 1352 kare, yüz %100  (3184 s)
  [978/3540] 3533_IriunWebcam_before: 1352 kare, yüz %100  (3187 s)
  [979/3540] 3554_FullHDwebcam_after: 1352 kare, yüz %100  (3190 s)
  [980/3540] 3554_USBVideo_after: 1353 kare, yüz %100  (3193 s)
  [981/3540] 3554_IriunWebcam_after: 1351 kare, yüz %100  (3195 s)
  [982/3540] 3554_FullHDwebcam_before: 1352 kare, yüz %100  (3199 s)
  [983/3540] 3554_USBVideo_before: 1352 kare, yüz %100  (3201 s)
  [984/3540] 3554_IriunWebcam_before: 1352 kare, yüz %100  (3204 s)
  [985/3540] 3557_FullHDwebcam_after: 1352 kare, yüz %100  (3206 s)
  [986/3540] 3557_USBVideo_after: 1352 kare, yüz %20  (3211 s)
  [987/3540] 3557_IriunWebcam_after: 1353 kare, yüz %100  (3211 s)
  [988/3540] 3557_FullHDwebcam_before: 1352 kare, yüz %98  (3216 s)
  [989/3540] 3557_USBVideo_before: 1352 kare, yüz %0  (3219 s)
  [990/3540] 3557_IriunWebcam_before: 1353 kare, yüz %97  (3221 s)
  [991/3540] 3571_FullHDwebcam_after: 1352 kare, yüz %100  (3226 s)
  [992/3540] 3571_USBVideo_after: 1352 kare, yüz %0  (3229 s)
  [993/3540] 3571_IriunWebcam_after: 1352 kare, yüz %8  (3232 s)
  [994/3540] 3571_FullHDwebcam_before: 1352 kare, yüz %100  (3236 s)
  [995/3540] 3571_USBVideo_before: 1352 kare, yüz %0  (3240 s)
  [996/3540] 3571_IriunWebcam_before: 1353 kare, yüz %0  (3243 s)
  [997/3540] 3581_FullHDwebcam_after: 1352 kare, yüz %100  (3248 s)
  [998/3540] 3581_USBVideo_after: 1352 kare, yüz %100  (3250 s)
  [999/3540] 3581_IriunWebcam_after: 1352 kare, yüz %100  (3253 s)
  [1000/3540] 3581_FullHDwebcam_before: 1352 kare, yüz %100  (3257 s)
  [1001/3540] 3581_USBVideo_before: 1352 kare, yüz %100  (3259 s)
  [1002/3540] 3581_IriunWebcam_before: 1353 kare, yüz %100  (3262 s)
  [1003/3540] 3593_FullHDwebcam_after: 1352 kare, yüz %100  (3267 s)
  [1004/3540] 3593_USBVideo_after: 1352 kare, yüz %0  (3272 s)
  [1005/3540] 3593_IriunWebcam_after: 1353 kare, yüz %100  (3273 s)
  [1006/3540] 3593_FullHDwebcam_before: 1352 kare, yüz %100  (3279 s)
  [1007/3540] 3593_USBVideo_before: 1352 kare, yüz %0  (3281 s)
  [1008/3540] 3593_IriunWebcam_before: 1352 kare, yüz %100  (3284 s)
  [1009/3540] 3600_FullHDwebcam_after: 1352 kare, yüz %100  (3289 s)
  [1010/3540] 3600_USBVideo_after: 1353 kare, yüz %100  (3291 s)
  [1011/3540] 3600_IriunWebcam_after: 1352 kare, yüz %100  (3294 s)
  [1012/3540] 3600_FullHDwebcam_before: 1352 kare, yüz %100  (3299 s)
  [1013/3540] 3600_USBVideo_before: 1352 kare, yüz %100  (3300 s)
  [1014/3540] 3600_IriunWebcam_before: 1352 kare, yüz %100  (3305 s)
  [1015/3540] 3625_FullHDwebcam_after: 1352 kare, yüz %100  (3307 s)
  [1016/3540] 3625_USBVideo_after: 1353 kare, yüz %98  (3311 s)
  [1017/3540] 3625_IriunWebcam_after: 1353 kare, yüz %100  (3312 s)
  [1018/3540] 3625_FullHDwebcam_before: 1352 kare, yüz %100  (3319 s)
  [1019/3540] 3625_USBVideo_before: 1352 kare, yüz %0  (3321 s)
  [1020/3540] 3625_IriunWebcam_before: 1352 kare, yüz %100  (3325 s)
  [1021/3540] 3636_FullHDwebcam_after: 1352 kare, yüz %100  (3329 s)
  [1022/3540] 3636_USBVideo_after: 1352 kare, yüz %100  (3332 s)
  [1023/3540] 3636_IriunWebcam_after: 1353 kare, yüz %100  (3334 s)
  [1024/3540] 3636_FullHDwebcam_before: 1352 kare, yüz %100  (3340 s)
  [1025/3540] 3636_USBVideo_before: 1352 kare, yüz %100  (3341 s)
  [1026/3540] 3636_IriunWebcam_before: 1352 kare, yüz %100  (3345 s)
  [1027/3540] 3656_FullHDwebcam_after: 1352 kare, yüz %100  (3348 s)
  [1028/3540] 3656_USBVideo_after: 1352 kare, yüz %100  (3351 s)
  [1029/3540] 3656_IriunWebcam_after: 1353 kare, yüz %100  (3353 s)
  [1030/3540] 3656_FullHDwebcam_before: 1352 kare, yüz %100  (3359 s)
  [1031/3540] 3656_USBVideo_before: 1352 kare, yüz %100  (3359 s)
  [1032/3540] 3656_IriunWebcam_before: 1352 kare, yüz %100  (3364 s)
  [1033/3540] 3658_FullHDwebcam_after: 1352 kare, yüz %100  (3366 s)
  [1034/3540] 3658_USBVideo_after: 1352 kare, yüz %100  (3370 s)
  [1035/3540] 3658_IriunWebcam_after: 1352 kare, yüz %100  (3375 s)
  [1036/3540] 3658_FullHDwebcam_before: 1352 kare, yüz %100  (3376 s)
  [1037/3540] 3658_USBVideo_before: 1352 kare, yüz %100  (3381 s)
  [1038/3540] 3658_IriunWebcam_before: 1353 kare, yüz %100  (3382 s)
  [1039/3540] 3682_FullHDwebcam_after: 1352 kare, yüz %100  (3387 s)
  [1040/3540] 3682_USBVideo_after: 1353 kare, yüz %38  (3389 s)
  [1041/3540] 3682_IriunWebcam_after: 1353 kare, yüz %28  (3393 s)
  [1042/3540] 3682_FullHDwebcam_before: 1352 kare, yüz %100  (3395 s)
  [1043/3540] 3682_USBVideo_before: 1352 kare, yüz %84  (3400 s)
  [1044/3540] 3682_IriunWebcam_before: 1353 kare, yüz %0  (3403 s)
  [1045/3540] 3683_FullHDwebcam_after: 1352 kare, yüz %100  (3406 s)
  [1046/3540] 3683_USBVideo_after: 1352 kare, yüz %100  (3410 s)
  [1047/3540] 3683_IriunWebcam_after: 1352 kare, yüz %100  (3411 s)
  [1048/3540] 3683_FullHDwebcam_before: 1352 kare, yüz %100  (3415 s)
  [1049/3540] 3683_USBVideo_before: 1352 kare, yüz %100  (3417 s)
  [1050/3540] 3683_IriunWebcam_before: 1352 kare, yüz %100  (3420 s)
  [1051/3540] 3699_FullHDwebcam_after: 1352 kare, yüz %100  (3423 s)
  [1052/3540] 3699_USBVideo_after: 1352 kare, yüz %0  (3428 s)
  [1053/3540] 3699_IriunWebcam_after: 1353 kare, yüz %100  (3429 s)
  [1054/3540] 3699_FullHDwebcam_before: 1352 kare, yüz %100  (3436 s)
  [1055/3540] 3699_USBVideo_before: 1352 kare, yüz %0  (3438 s)
  [1056/3540] 3699_IriunWebcam_before: 1353 kare, yüz %100  (3442 s)
  [1057/3540] 3700_FullHDwebcam_after: 1352 kare, yüz %100  (3446 s)
  [1058/3540] 3700_USBVideo_after: 1352 kare, yüz %100  (3448 s)
  [1059/3540] 3700_IriunWebcam_after: 1352 kare, yüz %100  (3451 s)
  [1060/3540] 3700_FullHDwebcam_before: 1352 kare, yüz %100  (3456 s)
  [1061/3540] 3700_USBVideo_before: 1352 kare, yüz %100  (3457 s)
  [1062/3540] 3700_IriunWebcam_before: 1352 kare, yüz %100  (3461 s)
  [1063/3540] 3701_FullHDwebcam_after: 1352 kare, yüz %100  (3462 s)
  [1064/3540] 3701_IriunWebcam_after: 1353 kare, yüz %100  (3467 s)
  [1065/3540] 3701_USBVideo_after: 1353 kare, yüz %100  (3467 s)
  [1066/3540] 3701_FullHDwebcam_before: 1352 kare, yüz %100  (3473 s)
  [1067/3540] 3701_USBVideo_before: 1353 kare, yüz %100  (3474 s)
  [1068/3540] 3701_IriunWebcam_before: 1353 kare, yüz %100  (3477 s)
  [1069/3540] 3732_FullHDwebcam_after: 1352 kare, yüz %100  (3481 s)
  [1070/3540] 3732_USBVideo_after: 1353 kare, yüz %89  (3486 s)
  [1071/3540] 3732_IriunWebcam_after: 1353 kare, yüz %100  (3488 s)
  [1072/3540] 3732_FullHDwebcam_before: 1352 kare, yüz %100  (3493 s)
  [1073/3540] 3732_USBVideo_before: 1352 kare, yüz %78  (3496 s)
  [1074/3540] 3732_IriunWebcam_before: 1352 kare, yüz %100  (3500 s)
  [1075/3540] 3735_FullHDwebcam_after: 1352 kare, yüz %100  (3502 s)
  [1076/3540] 3735_IriunWebcam_after: 1353 kare, yüz %100  (3508 s)
  [1077/3540] 3735_USBVideo_after: 1352 kare, yüz %0  (3508 s)
  [1078/3540] 3735_FullHDwebcam_before: 1352 kare, yüz %100  (3515 s)
  [1079/3540] 3735_USBVideo_before: 1352 kare, yüz %0  (3517 s)
  [1080/3540] 3735_IriunWebcam_before: 1353 kare, yüz %100  (3520 s)
  [1081/3540] 3738_FullHDwebcam_after: 1352 kare, yüz %100  (3523 s)
  [1082/3540] 3738_USBVideo_after: 1353 kare, yüz %100  (3527 s)
  [1083/3540] 3738_IriunWebcam_after: 1353 kare, yüz %100  (3529 s)
  [1084/3540] 3738_FullHDwebcam_before: 1352 kare, yüz %100  (3533 s)
  [1085/3540] 3738_USBVideo_before: 1352 kare, yüz %100  (3535 s)
  [1086/3540] 3738_IriunWebcam_before: 1352 kare, yüz %100  (3538 s)
  [1087/3540] 3754_FullHDwebcam_after: 1352 kare, yüz %100  (3542 s)
  [1088/3540] 3754_USBVideo_after: 1352 kare, yüz %100  (3544 s)
  [1089/3540] 3754_IriunWebcam_after: 1353 kare, yüz %100  (3548 s)
  [1090/3540] 3754_FullHDwebcam_before: 1352 kare, yüz %100  (3552 s)
  [1091/3540] 3754_USBVideo_before: 1352 kare, yüz %100  (3554 s)
  [1092/3540] 3754_IriunWebcam_before: 1353 kare, yüz %100  (3557 s)
  [1093/3540] 3763_FullHDwebcam_after: 1352 kare, yüz %100  (3561 s)
  [1094/3540] 3763_IriunWebcam_after: 1352 kare, yüz %97  (3567 s)
  [1095/3540] 3763_USBVideo_after: 1353 kare, yüz %0  (3567 s)
  [1096/3540] 3763_USBVideo_before: 1352 kare, yüz %67  (3573 s)
  [1097/3540] 3763_FullHDwebcam_before: 1352 kare, yüz %100  (3573 s)
  [1098/3540] 3763_IriunWebcam_before: 1352 kare, yüz %100  (3578 s)
  [1099/3540] 3778_FullHDwebcam_after: 1352 kare, yüz %100  (3581 s)
  [1100/3540] 3778_USBVideo_after: 1352 kare, yüz %89  (3584 s)
  [1101/3540] 3778_IriunWebcam_after: 1352 kare, yüz %100  (3586 s)
  [1102/3540] 3778_USBVideo_before: 1352 kare, yüz %100  (3597 s)
  [1103/3540] 3778_FullHDwebcam_before: 1352 kare, yüz %100  (3597 s)
  [1104/3540] 3780_FullHDwebcam_after: 1352 kare, yüz %100  (3603 s)
  [1105/3540] 3778_IriunWebcam_before: 1353 kare, yüz %100  (3603 s)
  [1106/3540] 3780_IriunWebcam_after: 1352 kare, yüz %100  (3609 s)
  [1107/3540] 3780_USBVideo_after: 1352 kare, yüz %100  (3609 s)
  [1108/3540] 3780_FullHDwebcam_before: 1352 kare, yüz %100  (3614 s)
  [1109/3540] 3780_USBVideo_before: 1352 kare, yüz %100  (3615 s)
  [1110/3540] 3780_IriunWebcam_before: 1353 kare, yüz %100  (3620 s)
  [1111/3540] 3783_FullHDwebcam_after: 1352 kare, yüz %100  (3621 s)
  [1112/3540] 3783_IriunWebcam_after: 1353 kare, yüz %100  (3627 s)
  [1113/3540] 3783_USBVideo_after: 1352 kare, yüz %4  (3627 s)
  [1114/3540] 3783_FullHDwebcam_before: 1352 kare, yüz %98  (3633 s)
  [1115/3540] 3783_USBVideo_before: 1352 kare, yüz %20  (3635 s)
  [1116/3540] 3783_IriunWebcam_before: 1353 kare, yüz %95  (3639 s)
  [1117/3540] 3784_FullHDwebcam_after: 1352 kare, yüz %100  (3640 s)
  [1118/3540] 3784_USBVideo_after: 1352 kare, yüz %78  (3646 s)
  [1119/3540] 3784_IriunWebcam_after: 1353 kare, yüz %100  (3647 s)
  [1120/3540] 3784_FullHDwebcam_before: 1352 kare, yüz %100  (3652 s)
  [1121/3540] 3784_USBVideo_before: 1353 kare, yüz %13  (3653 s)
  [1122/3540] 3784_IriunWebcam_before: 1353 kare, yüz %100  (3658 s)
  [1123/3540] 3797_FullHDwebcam_after: 1352 kare, yüz %100  (3660 s)
  [1124/3540] 3797_USBVideo_after: 1352 kare, yüz %100  (3665 s)
  [1125/3540] 3797_IriunWebcam_after: 1352 kare, yüz %100  (3666 s)
  [1126/3540] 3797_FullHDwebcam_before: 1352 kare, yüz %100  (3671 s)
  [1127/3540] 3797_USBVideo_before: 1352 kare, yüz %80  (3672 s)
  [1128/3540] 3797_IriunWebcam_before: 1352 kare, yüz %100  (3676 s)
  [1129/3540] 3833_FullHDwebcam_after: 1352 kare, yüz %100  (3679 s)
  [1130/3540] 3833_USBVideo_after: 1352 kare, yüz %100  (3683 s)
  [1131/3540] 3833_IriunWebcam_after: 1352 kare, yüz %100  (3685 s)
  [1132/3540] 3833_FullHDwebcam_before: 1352 kare, yüz %100  (3690 s)
  [1133/3540] 3833_USBVideo_before: 1353 kare, yüz %100  (3691 s)
  [1134/3540] 3833_IriunWebcam_before: 1352 kare, yüz %100  (3695 s)
  [1135/3540] 3889_FullHDwebcam_after: 1352 kare, yüz %100  (3696 s)
  [1136/3540] 3889_IriunWebcam_after: 1353 kare, yüz %100  (3702 s)
  [1137/3540] 3889_USBVideo_after: 1352 kare, yüz %0  (3704 s)
  [1138/3540] 3889_FullHDwebcam_before: 1352 kare, yüz %100  (3709 s)
  [1139/3540] 3889_USBVideo_before: 1353 kare, yüz %0  (3713 s)
  [1140/3540] 3889_IriunWebcam_before: 1353 kare, yüz %100  (3714 s)
  [1141/3540] 3906_FullHDwebcam_after: 1352 kare, yüz %100  (3721 s)
  [1142/3540] 3906_USBVideo_after: 1352 kare, yüz %0  (3725 s)
  [1143/3540] 3906_IriunWebcam_after: 1353 kare, yüz %100  (3727 s)
  [1144/3540] 3906_FullHDwebcam_before: 1352 kare, yüz %100  (3731 s)
  [1145/3540] 3906_USBVideo_before: 1352 kare, yüz %0  (3736 s)
  [1146/3540] 3906_IriunWebcam_before: 1352 kare, yüz %100  (3737 s)
  [1147/3540] 3930_FullHDwebcam_after: 1352 kare, yüz %100  (3743 s)
  [1148/3540] 3930_USBVideo_after: 1352 kare, yüz %100  (3743 s)
  [1149/3540] 3930_IriunWebcam_after: 1353 kare, yüz %100  (3747 s)
  [1150/3540] 3930_FullHDwebcam_before: 1352 kare, yüz %100  (3749 s)
  [1151/3540] 3930_USBVideo_before: 1352 kare, yüz %100  (3753 s)
  [1152/3540] 3930_IriunWebcam_before: 1352 kare, yüz %100  (3754 s)
  [1153/3540] 3957_FullHDwebcam_after: 1352 kare, yüz %100  (3760 s)
  [1154/3540] 3957_USBVideo_after: 1352 kare, yüz %100  (3760 s)
  [1155/3540] 3957_IriunWebcam_after: 1353 kare, yüz %100  (3766 s)
  [1156/3540] 3957_FullHDwebcam_before: 1352 kare, yüz %100  (3767 s)
  [1157/3540] 3957_USBVideo_before: 1352 kare, yüz %100  (3772 s)
  [1158/3540] 3957_IriunWebcam_before: 1352 kare, yüz %100  (3772 s)
  [1159/3540] 3962_USBVideo_after: 1352 kare, yüz %100  (3779 s)
  [1160/3540] 3962_FullHDwebcam_after: 1352 kare, yüz %100  (3779 s)
  [1161/3540] 3962_IriunWebcam_after: 1353 kare, yüz %100  (3784 s)
  [1162/3540] 3962_FullHDwebcam_before: 1352 kare, yüz %100  (3785 s)
  [1163/3540] 3962_USBVideo_before: 1352 kare, yüz %100  (3790 s)
  [1164/3540] 3962_IriunWebcam_before: 1352 kare, yüz %100  (3790 s)
  [1165/3540] 4016_USBVideo_after: 1352 kare, yüz %100  (3796 s)
  [1166/3540] 4016_FullHDwebcam_after: 1352 kare, yüz %100  (3797 s)
  [1167/3540] 4016_IriunWebcam_after: 1353 kare, yüz %100  (3801 s)
  [1168/3540] 4016_FullHDwebcam_before: 1352 kare, yüz %100  (3804 s)
  [1169/3540] 4016_USBVideo_before: 1352 kare, yüz %100  (3807 s)
  [1170/3540] 4016_IriunWebcam_before: 1353 kare, yüz %100  (3809 s)
  [1171/3540] 4055_FullHDwebcam_after: 1352 kare, yüz %100  (3812 s)
  [1172/3540] 4055_USBVideo_after: 1352 kare, yüz %100  (3815 s)
  [1173/3540] 4055_IriunWebcam_after: 1352 kare, yüz %100  (3817 s)
  [1174/3540] 4055_FullHDwebcam_before: 1352 kare, yüz %100  (3820 s)
  [1175/3540] 4055_USBVideo_before: 1352 kare, yüz %100  (3823 s)
  [1176/3540] 4055_IriunWebcam_before: 1352 kare, yüz %100  (3824 s)
  [1177/3540] 4073_FullHDwebcam_after: 1352 kare, yüz %100  (3830 s)
  [1178/3540] 4073_USBVideo_after: 1352 kare, yüz %2  (3834 s)
  [1179/3540] 4073_IriunWebcam_after: 1352 kare, yüz %100  (3839 s)
  [1180/3540] 4073_FullHDwebcam_before: 1352 kare, yüz %100  (3839 s)
  [1181/3540] 4073_IriunWebcam_before: 1352 kare, yüz %100  (3845 s)
  [1182/3540] 4073_USBVideo_before: 1352 kare, yüz %0  (3848 s)
  [1183/3540] 4074_FullHDwebcam_after: 1352 kare, yüz %100  (3851 s)
  [1184/3540] 4074_USBVideo_after: 1352 kare, yüz %2  (3855 s)
  [1185/3540] 4074_IriunWebcam_after: 1353 kare, yüz %100  (3856 s)
  [1186/3540] 4074_FullHDwebcam_before: 1352 kare, yüz %100  (3862 s)
  [1187/3540] 4074_USBVideo_before: 1352 kare, yüz %0  (3866 s)
  [1188/3540] 4074_IriunWebcam_before: 1353 kare, yüz %100  (3868 s)
  [1189/3540] 4087_FullHDwebcam_after: 1352 kare, yüz %100  (3873 s)
  [1190/3540] 4087_USBVideo_after: 1353 kare, yüz %100  (3874 s)
  [1191/3540] 4087_IriunWebcam_after: 1353 kare, yüz %100  (3879 s)
  [1192/3540] 4087_FullHDwebcam_before: 1352 kare, yüz %100  (3881 s)
  [1193/3540] 4087_USBVideo_before: 1352 kare, yüz %100  (3886 s)
  [1194/3540] 4087_IriunWebcam_before: 1353 kare, yüz %100  (3886 s)
  [1195/3540] 4119_FullHDwebcam_after: 1352 kare, yüz %100  (3893 s)
  [1196/3540] 4119_USBVideo_after: 1352 kare, yüz %0  (3896 s)
  [1197/3540] 4119_IriunWebcam_after: 1352 kare, yüz %100  (3899 s)
  [1198/3540] 4119_FullHDwebcam_before: 1352 kare, yüz %100  (3902 s)
  [1199/3540] 4119_USBVideo_before: 1352 kare, yüz %0  (3907 s)
  [1200/3540] 4119_IriunWebcam_before: 1352 kare, yüz %100  (3908 s)
  [1201/3540] 4172_FullHDwebcam_after: 1352 kare, yüz %100  (3913 s)
  [1202/3540] 4172_USBVideo_after: 1352 kare, yüz %100  (3914 s)
  [1203/3540] 4172_IriunWebcam_after: 1353 kare, yüz %100  (3919 s)
  [1204/3540] 4172_FullHDwebcam_before: 1352 kare, yüz %100  (3920 s)
  [1205/3540] 4172_USBVideo_before: 1352 kare, yüz %100  (3926 s)
  [1206/3540] 4172_IriunWebcam_before: 1353 kare, yüz %100  (3926 s)
  [1207/3540] 4173_FullHDwebcam_after: 1352 kare, yüz %100  (3931 s)
  [1208/3540] 4173_USBVideo_after: 1353 kare, yüz %11  (3932 s)
  [1209/3540] 4173_IriunWebcam_after: 1352 kare, yüz %100  (3935 s)
  [1210/3540] 4173_FullHDwebcam_before: 1352 kare, yüz %98  (3937 s)
  [1211/3540] 4173_IriunWebcam_before: 1352 kare, yüz %97  (3941 s)
  [1212/3540] 4173_USBVideo_before: 1352 kare, yüz %64  (3941 s)
  [1213/3540] 4179_FullHDwebcam_after: 1352 kare, yüz %100  (3947 s)
  [1214/3540] 4179_USBVideo_after: 1352 kare, yüz %0  (3948 s)
  [1215/3540] 4179_IriunWebcam_after: 1353 kare, yüz %100  (3952 s)
  [1216/3540] 4179_FullHDwebcam_before: 1352 kare, yüz %100  (3954 s)
  [1217/3540] 4179_IriunWebcam_before: 1352 kare, yüz %100  (3959 s)
  [1218/3540] 4179_USBVideo_before: 1352 kare, yüz %0  (3959 s)
  [1219/3540] 4182_USBVideo_after: 1353 kare, yüz %100  (3964 s)
  [1220/3540] 4182_FullHDwebcam_after: 1352 kare, yüz %100  (3965 s)
  [1221/3540] 4182_IriunWebcam_after: 1353 kare, yüz %100  (3969 s)
  [1222/3540] 4182_FullHDwebcam_before: 1352 kare, yüz %100  (3971 s)
  [1223/3540] 4182_USBVideo_before: 1352 kare, yüz %59  (3973 s)
  [1224/3540] 4182_IriunWebcam_before: 1352 kare, yüz %100  (3976 s)
  [1225/3540] 4187_FullHDwebcam_after: 1352 kare, yüz %100  (3977 s)
  [1226/3540] 4187_USBVideo_after: 1353 kare, yüz %100  (3980 s)
  [1227/3540] 4187_IriunWebcam_after: 1353 kare, yüz %100  (3982 s)
  [1228/3540] 4187_FullHDwebcam_before: 1352 kare, yüz %100  (3985 s)
  [1229/3540] 4187_USBVideo_before: 1352 kare, yüz %100  (3986 s)
  [1230/3540] 4187_IriunWebcam_before: 1352 kare, yüz %100  (3990 s)
  [1231/3540] 4211_FullHDwebcam_after: 1352 kare, yüz %100  (3993 s)
  [1232/3540] 4211_USBVideo_after: 1352 kare, yüz %100  (3995 s)
  [1233/3540] 4211_IriunWebcam_after: 1352 kare, yüz %100  (3997 s)
  [1234/3540] 4211_FullHDwebcam_before: 1352 kare, yüz %100  (4002 s)
  [1235/3540] 4211_USBVideo_before: 1353 kare, yüz %100  (4003 s)
  [1236/3540] 4211_IriunWebcam_before: 1353 kare, yüz %100  (4007 s)
  [1237/3540] 4225_FullHDwebcam_after: 1352 kare, yüz %100  (4010 s)
  [1238/3540] 4225_USBVideo_after: 1352 kare, yüz %100  (4012 s)
  [1239/3540] 4225_IriunWebcam_after: 1353 kare, yüz %100  (4015 s)
  [1240/3540] 4225_FullHDwebcam_before: 1352 kare, yüz %100  (4020 s)
  [1241/3540] 4225_USBVideo_before: 1352 kare, yüz %100  (4021 s)
  [1242/3540] 4225_IriunWebcam_before: 1352 kare, yüz %100  (4025 s)
  [1243/3540] 4249_FullHDwebcam_after: 1352 kare, yüz %100  (4026 s)
  [1244/3540] 4249_USBVideo_after: 1352 kare, yüz %100  (4031 s)
  [1245/3540] 4249_IriunWebcam_after: 1353 kare, yüz %100  (4031 s)
  [1246/3540] 4249_FullHDwebcam_before: 1352 kare, yüz %100  (4036 s)
  [1247/3540] 4249_USBVideo_before: 1352 kare, yüz %100  (4037 s)
  [1248/3540] 4249_IriunWebcam_before: 1352 kare, yüz %100  (4040 s)
  [1249/3540] 4256_FullHDwebcam_after: 1352 kare, yüz %100  (4044 s)
  [1250/3540] 4256_USBVideo_after: 1352 kare, yüz %0  (4049 s)
  [1251/3540] 4256_IriunWebcam_after: 1351 kare, yüz %100  (4050 s)
  [1252/3540] 4256_FullHDwebcam_before: 1352 kare, yüz %100  (4057 s)
  [1253/3540] 4256_USBVideo_before: 1352 kare, yüz %0  (4059 s)
  [1254/3540] 4256_IriunWebcam_before: 1352 kare, yüz %100  (4062 s)
  [1255/3540] 4264_FullHDwebcam_after: 1352 kare, yüz %100  (4063 s)
  [1256/3540] 4264_USBVideo_after: 1352 kare, yüz %100  (4067 s)
  [1257/3540] 4264_IriunWebcam_after: 1353 kare, yüz %100  (4068 s)
  [1258/3540] 4264_FullHDwebcam_before: 1352 kare, yüz %100  (4072 s)
  [1259/3540] 4264_USBVideo_before: 1352 kare, yüz %100  (4073 s)
  [1260/3540] 4264_IriunWebcam_before: 1353 kare, yüz %100  (4076 s)
  [1261/3540] 4295_FullHDwebcam_after: 1352 kare, yüz %100  (4080 s)
  [1262/3540] 4295_USBVideo_after: 1352 kare, yüz %0  (4084 s)
  [1263/3540] 4295_IriunWebcam_after: 1353 kare, yüz %46  (4084 s)
  [1264/3540] 4295_FullHDwebcam_before: 1352 kare, yüz %100  (4091 s)
  [1265/3540] 4295_USBVideo_before: 1352 kare, yüz %2  (4091 s)
  [1266/3540] 4295_IriunWebcam_before: 1352 kare, yüz %100  (4096 s)
  [1267/3540] 4307_FullHDwebcam_after: 1352 kare, yüz %100  (4098 s)
  [1268/3540] 4307_IriunWebcam_after: 1352 kare, yüz %100  (4103 s)
  [1269/3540] 4307_USBVideo_after: 1352 kare, yüz %0  (4105 s)
  [1270/3540] 4307_FullHDwebcam_before: 1352 kare, yüz %100  (4109 s)
  [1271/3540] 4307_USBVideo_before: 1352 kare, yüz %2  (4112 s)
  [1272/3540] 4307_IriunWebcam_before: 1353 kare, yüz %100  (4113 s)
  [1273/3540] 4311_FullHDwebcam_after: 1352 kare, yüz %100  (4117 s)
  [1274/3540] 4311_USBVideo_after: 1352 kare, yüz %0  (4121 s)
  [1275/3540] 4311_IriunWebcam_after: 1353 kare, yüz %100  (4121 s)
  [1276/3540] 4311_FullHDwebcam_before: 1352 kare, yüz %100  (4126 s)
  [1277/3540] 4311_USBVideo_before: 1352 kare, yüz %0  (4129 s)
  [1278/3540] 4311_IriunWebcam_before: 1353 kare, yüz %100  (4131 s)
  [1279/3540] 4312_FullHDwebcam_after: 1352 kare, yüz %100  (4136 s)
  [1280/3540] 4312_USBVideo_after: 1353 kare, yüz %100  (4137 s)
  [1281/3540] 4312_IriunWebcam_after: 1352 kare, yüz %100  (4141 s)
  [1282/3540] 4312_FullHDwebcam_before: 1352 kare, yüz %96  (4143 s)
  [1283/3540] 4312_USBVideo_before: 1352 kare, yüz %96  (4146 s)
  [1284/3540] 4312_IriunWebcam_before: 1353 kare, yüz %97  (4148 s)
  [1285/3540] 4321_FullHDwebcam_after: 1352 kare, yüz %100  (4151 s)
  [1286/3540] 4321_USBVideo_after: 1352 kare, yüz %0  (4154 s)
  [1287/3540] 4321_IriunWebcam_after: 1352 kare, yüz %100  (4156 s)
  [1288/3540] 4321_FullHDwebcam_before: 1352 kare, yüz %100  (4160 s)
  [1289/3540] 4321_USBVideo_before: 1353 kare, yüz %2  (4161 s)
  [1290/3540] 4321_IriunWebcam_before: 1353 kare, yüz %100  (4164 s)
  [1291/3540] 4322_FullHDwebcam_after: 1352 kare, yüz %100  (4167 s)
  [1292/3540] 4322_USBVideo_after: 1352 kare, yüz %4  (4171 s)
  [1293/3540] 4322_IriunWebcam_after: 1352 kare, yüz %100  (4173 s)
  [1294/3540] 4322_FullHDwebcam_before: 1352 kare, yüz %100  (4177 s)
  [1295/3540] 4322_USBVideo_before: 1352 kare, yüz %67  (4178 s)
  [1296/3540] 4322_IriunWebcam_before: 1352 kare, yüz %100  (4182 s)
  [1297/3540] 4332_FullHDwebcam_after: 1352 kare, yüz %100  (4184 s)
  [1298/3540] 4332_USBVideo_after: 1352 kare, yüz %20  (4188 s)
  [1299/3540] 4332_IriunWebcam_after: 1352 kare, yüz %100  (4188 s)
  [1300/3540] 4332_FullHDwebcam_before: 1352 kare, yüz %100  (4193 s)
  [1301/3540] 4332_USBVideo_before: 1352 kare, yüz %0  (4196 s)
  [1302/3540] 4332_IriunWebcam_before: 1353 kare, yüz %100  (4197 s)
  [1303/3540] 4354_FullHDwebcam_after: 1352 kare, yüz %100  (4202 s)
  [1304/3540] 4354_USBVideo_after: 1353 kare, yüz %0  (4206 s)
  [1305/3540] 4354_IriunWebcam_after: 1352 kare, yüz %100  (4207 s)
  [1306/3540] 4354_FullHDwebcam_before: 1352 kare, yüz %100  (4211 s)
  [1307/3540] 4354_USBVideo_before: 1352 kare, yüz %49  (4212 s)
  [1308/3540] 4354_IriunWebcam_before: 1353 kare, yüz %100  (4216 s)
  [1309/3540] 4356_FullHDwebcam_after: 1352 kare, yüz %100  (4218 s)
  [1310/3540] 4356_USBVideo_after: 1352 kare, yüz %11  (4223 s)
  [1311/3540] 4356_IriunWebcam_after: 1352 kare, yüz %100  (4223 s)
  [1312/3540] 4356_FullHDwebcam_before: 1352 kare, yüz %100  (4229 s)
  [1313/3540] 4356_USBVideo_before: 1352 kare, yüz %0  (4230 s)
  [1314/3540] 4356_IriunWebcam_before: 1352 kare, yüz %100  (4233 s)
  [1315/3540] 4397_FullHDwebcam_after: 1352 kare, yüz %100  (4236 s)
  [1316/3540] 4397_USBVideo_after: 1352 kare, yüz %100  (4239 s)
  [1317/3540] 4397_IriunWebcam_after: 1352 kare, yüz %100  (4241 s)
  [1318/3540] 4397_FullHDwebcam_before: 1352 kare, yüz %100  (4245 s)
  [1319/3540] 4397_USBVideo_before: 1352 kare, yüz %100  (4246 s)
  [1320/3540] 4397_IriunWebcam_before: 1353 kare, yüz %100  (4249 s)
  [1321/3540] 4404_FullHDwebcam_after: 1352 kare, yüz %100  (4252 s)
  [1322/3540] 4404_USBVideo_after: 1352 kare, yüz %0  (4257 s)
  [1323/3540] 4404_IriunWebcam_after: 1353 kare, yüz %100  (4257 s)
  [1324/3540] 4404_FullHDwebcam_before: 1352 kare, yüz %100  (4262 s)
  [1325/3540] 4404_USBVideo_before: 1352 kare, yüz %0  (4264 s)
  [1326/3540] 4404_IriunWebcam_before: 1352 kare, yüz %100  (4266 s)
  [1327/3540] 4430_FullHDwebcam_after: 1352 kare, yüz %100  (4269 s)
  [1328/3540] 4430_USBVideo_after: 1353 kare, yüz %100  (4272 s)
  [1329/3540] 4430_IriunWebcam_after: 1353 kare, yüz %100  (4273 s)
  [1330/3540] 4430_FullHDwebcam_before: 1352 kare, yüz %100  (4277 s)
  [1331/3540] 4430_USBVideo_before: 1352 kare, yüz %100  (4279 s)
  [1332/3540] 4430_IriunWebcam_before: 1353 kare, yüz %100  (4282 s)
  [1333/3540] 4434_FullHDwebcam_after: 1352 kare, yüz %100  (4284 s)
  [1334/3540] 4434_USBVideo_after: 1352 kare, yüz %100  (4287 s)
  [1335/3540] 4434_IriunWebcam_after: 1352 kare, yüz %100  (4289 s)
  [1336/3540] 4434_FullHDwebcam_before: 1352 kare, yüz %100  (4292 s)
  [1337/3540] 4434_USBVideo_before: 1352 kare, yüz %100  (4294 s)
  [1338/3540] 4434_IriunWebcam_before: 1353 kare, yüz %100  (4296 s)
  [1339/3540] 4440_FullHDwebcam_after: 1352 kare, yüz %100  (4300 s)
  [1340/3540] 4440_USBVideo_after: 1353 kare, yüz %100  (4301 s)
  [1341/3540] 4440_IriunWebcam_after: 1352 kare, yüz %100  (4305 s)
  [1342/3540] 4440_FullHDwebcam_before: 1352 kare, yüz %100  (4306 s)
  [1343/3540] 4440_USBVideo_before: 1352 kare, yüz %100  (4309 s)
  [1344/3540] 4440_IriunWebcam_before: 1352 kare, yüz %100  (4310 s)
  [1345/3540] 4448_FullHDwebcam_after: 1352 kare, yüz %100  (4315 s)
  [1346/3540] 4448_USBVideo_after: 1352 kare, yüz %0  (4319 s)
  [1347/3540] 4448_IriunWebcam_after: 1353 kare, yüz %100  (4320 s)
  [1348/3540] 4448_FullHDwebcam_before: 1352 kare, yüz %100  (4325 s)
  [1349/3540] 4448_USBVideo_before: 1352 kare, yüz %0  (4328 s)
  [1350/3540] 4448_IriunWebcam_before: 1353 kare, yüz %100  (4330 s)
  [1351/3540] 4479_FullHDwebcam_after: 1352 kare, yüz %100  (4334 s)
  [1352/3540] 4479_USBVideo_after: 1352 kare, yüz %100  (4335 s)
  [1353/3540] 4479_IriunWebcam_after: 1353 kare, yüz %100  (4339 s)
  [1354/3540] 4479_FullHDwebcam_before: 1352 kare, yüz %100  (4341 s)
  [1355/3540] 4479_USBVideo_before: 1352 kare, yüz %100  (4345 s)
  [1356/3540] 4479_IriunWebcam_before: 1352 kare, yüz %100  (4346 s)
  [1357/3540] 4482_FullHDwebcam_after: 1352 kare, yüz %100  (4352 s)
  [1358/3540] 4482_USBVideo_after: 1352 kare, yüz %4  (4355 s)
  [1359/3540] 4482_IriunWebcam_after: 1352 kare, yüz %100  (4357 s)
  [1360/3540] 4482_FullHDwebcam_before: 1352 kare, yüz %100  (4361 s)
  [1361/3540] 4482_USBVideo_before: 1352 kare, yüz %80  (4363 s)
  [1362/3540] 4482_IriunWebcam_before: 1353 kare, yüz %100  (4366 s)
  [1363/3540] 4488_FullHDwebcam_after: 1352 kare, yüz %100  (4368 s)
  [1364/3540] 4488_USBVideo_after: 1352 kare, yüz %98  (4371 s)
  [1365/3540] 4488_IriunWebcam_after: 1353 kare, yüz %100  (4373 s)
  [1366/3540] 4488_FullHDwebcam_before: 1352 kare, yüz %100  (4377 s)
  [1367/3540] 4488_USBVideo_before: 1352 kare, yüz %96  (4379 s)
  [1368/3540] 4488_IriunWebcam_before: 1351 kare, yüz %100  (4381 s)
  [1369/3540] 4493_FullHDwebcam_after: 1352 kare, yüz %100  (4385 s)
  [1370/3540] 4493_USBVideo_after: 1352 kare, yüz %100  (4387 s)
  [1371/3540] 4493_IriunWebcam_after: 1352 kare, yüz %100  (4390 s)
  [1372/3540] 4493_FullHDwebcam_before: 1352 kare, yüz %100  (4393 s)
  [1373/3540] 4493_USBVideo_before: 1352 kare, yüz %80  (4395 s)
  [1374/3540] 4493_IriunWebcam_before: 1352 kare, yüz %100  (4397 s)
  [1375/3540] 4504_FullHDwebcam_after: 1352 kare, yüz %100  (4402 s)
  [1376/3540] 4504_USBVideo_after: 1352 kare, yüz %25  (4404 s)
  [1377/3540] 4504_IriunWebcam_after: 1353 kare, yüz %100  (4407 s)
  [1378/3540] 4504_FullHDwebcam_before: 1352 kare, yüz %100  (4411 s)
  [1379/3540] 4504_USBVideo_before: 1353 kare, yüz %16  (4414 s)
  [1380/3540] 4504_IriunWebcam_before: 1353 kare, yüz %100  (4416 s)
  [1381/3540] 4519_FullHDwebcam_after: 1352 kare, yüz %100  (4421 s)
  [1382/3540] 4519_USBVideo_after: 1352 kare, yüz %100  (4421 s)
  [1383/3540] 4519_IriunWebcam_after: 1353 kare, yüz %100  (4426 s)
  [1384/3540] 4519_FullHDwebcam_before: 1352 kare, yüz %100  (4427 s)
  [1385/3540] 4519_USBVideo_before: 1353 kare, yüz %100  (4431 s)
  [1386/3540] 4519_IriunWebcam_before: 1352 kare, yüz %100  (4433 s)
  [1387/3540] 4532_FullHDwebcam_after: 1352 kare, yüz %100  (4437 s)
  [1388/3540] 4532_USBVideo_after: 1353 kare, yüz %100  (4438 s)
  [1389/3540] 4532_IriunWebcam_after: 1351 kare, yüz %100  (4442 s)
  [1390/3540] 4532_FullHDwebcam_before: 1352 kare, yüz %100  (4445 s)
  [1391/3540] 4532_USBVideo_before: 1352 kare, yüz %100  (4448 s)
  [1392/3540] 4532_IriunWebcam_before: 1352 kare, yüz %100  (4450 s)
  [1393/3540] 4546_FullHDwebcam_after: 1352 kare, yüz %100  (4454 s)
  [1394/3540] 4546_USBVideo_after: 1352 kare, yüz %0  (4459 s)
  [1395/3540] 4546_IriunWebcam_after: 1353 kare, yüz %100  (4459 s)
  [1396/3540] 4546_FullHDwebcam_before: 1352 kare, yüz %100  (4465 s)
  [1397/3540] 4546_USBVideo_before: 1352 kare, yüz %0  (4467 s)
  [1398/3540] 4546_IriunWebcam_before: 1353 kare, yüz %100  (4470 s)
  [1399/3540] 4551_FullHDwebcam_after: 1352 kare, yüz %100  (4472 s)
  [1400/3540] 4551_USBVideo_after: 1352 kare, yüz %62  (4475 s)
  [1401/3540] 4551_IriunWebcam_after: 1352 kare, yüz %100  (4477 s)
  [1402/3540] 4551_FullHDwebcam_before: 1352 kare, yüz %100  (4482 s)
  [1403/3540] 4551_USBVideo_before: 1353 kare, yüz %0  (4485 s)
  [1404/3540] 4551_IriunWebcam_before: 1353 kare, yüz %100  (4487 s)
  [1405/3540] 4557_FullHDwebcam_after: 1352 kare, yüz %100  (4492 s)
  [1406/3540] 4557_USBVideo_after: 1352 kare, yüz %4  (4495 s)
  [1407/3540] 4557_IriunWebcam_after: 1353 kare, yüz %100  (4497 s)
  [1408/3540] 4557_FullHDwebcam_before: 1352 kare, yüz %100  (4500 s)
  [1409/3540] 4557_USBVideo_before: 1353 kare, yüz %0  (4504 s)
  [1410/3540] 4557_IriunWebcam_before: 1353 kare, yüz %100  (4505 s)
  [1411/3540] 4571_FullHDwebcam_after: 1352 kare, yüz %100  (4510 s)
  [1412/3540] 4571_USBVideo_after: 1353 kare, yüz %0  (4513 s)
  [1413/3540] 4571_IriunWebcam_after: 1352 kare, yüz %100  (4515 s)
  [1414/3540] 4571_FullHDwebcam_before: 1352 kare, yüz %100  (4519 s)
  [1415/3540] 4571_USBVideo_before: 1352 kare, yüz %2  (4520 s)
  [1416/3540] 4571_IriunWebcam_before: 1353 kare, yüz %100  (4523 s)
  [1417/3540] 4577_FullHDwebcam_after: 1352 kare, yüz %100  (4527 s)
  [1418/3540] 4577_USBVideo_after: 1352 kare, yüz %100  (4529 s)
  [1419/3540] 4577_IriunWebcam_after: 1352 kare, yüz %100  (4532 s)
  [1420/3540] 4577_FullHDwebcam_before: 1352 kare, yüz %100  (4536 s)
  [1421/3540] 4577_USBVideo_before: 1352 kare, yüz %100  (4538 s)
  [1422/3540] 4577_IriunWebcam_before: 1353 kare, yüz %100  (4541 s)
  [1423/3540] 4610_FullHDwebcam_after: 1352 kare, yüz %100  (4544 s)
  [1424/3540] 4610_USBVideo_after: 1352 kare, yüz %100  (4547 s)
  [1425/3540] 4610_IriunWebcam_after: 1353 kare, yüz %100  (4548 s)
  [1426/3540] 4610_FullHDwebcam_before: 1352 kare, yüz %100  (4553 s)
  [1427/3540] 4610_USBVideo_before: 1352 kare, yüz %100  (4554 s)
  [1428/3540] 4610_IriunWebcam_before: 1353 kare, yüz %100  (4558 s)
  [1429/3540] 4617_FullHDwebcam_after: 1352 kare, yüz %100  (4559 s)
  [1430/3540] 4617_USBVideo_after: 1352 kare, yüz %100  (4564 s)
  [1431/3540] 4617_IriunWebcam_after: 1352 kare, yüz %100  (4564 s)
  [1432/3540] 4617_FullHDwebcam_before: 1352 kare, yüz %100  (4570 s)
  [1433/3540] 4617_USBVideo_before: 1352 kare, yüz %100  (4570 s)
  [1434/3540] 4617_IriunWebcam_before: 1353 kare, yüz %100  (4575 s)
  [1435/3540] 4639_FullHDwebcam_after: 1352 kare, yüz %100  (4577 s)
  [1436/3540] 4639_IriunWebcam_after: 1352 kare, yüz %100  (4583 s)
  [1437/3540] 4639_USBVideo_after: 1352 kare, yüz %0  (4584 s)
  [1438/3540] 4639_FullHDwebcam_before: 1352 kare, yüz %100  (4589 s)
  [1439/3540] 4639_USBVideo_before: 1352 kare, yüz %48  (4590 s)
  [1440/3540] 4639_IriunWebcam_before: 1352 kare, yüz %100  (4595 s)
  [1441/3540] 4646_FullHDwebcam_after: 1352 kare, yüz %100  (4596 s)
  [1442/3540] 4646_IriunWebcam_after: 1353 kare, yüz %100  (4601 s)
  [1443/3540] 4646_USBVideo_after: 1352 kare, yüz %100  (4601 s)
  [1444/3540] 4646_FullHDwebcam_before: 1352 kare, yüz %100  (4606 s)
  [1445/3540] 4646_USBVideo_before: 1352 kare, yüz %100  (4607 s)
  [1446/3540] 4646_IriunWebcam_before: 1352 kare, yüz %100  (4610 s)
  [1447/3540] 4685_FullHDwebcam_after: 1352 kare, yüz %100  (4613 s)
  [1448/3540] 4685_USBVideo_after: 1352 kare, yüz %13  (4617 s)
  [1449/3540] 4685_IriunWebcam_after: 1352 kare, yüz %100  (4618 s)
  [1450/3540] 4685_FullHDwebcam_before: 1352 kare, yüz %100  (4622 s)
  [1451/3540] 4685_USBVideo_before: 1353 kare, yüz %0  (4625 s)
  [1452/3540] 4685_IriunWebcam_before: 1352 kare, yüz %100  (4628 s)
  [1453/3540] 4691_FullHDwebcam_after: 1352 kare, yüz %100  (4630 s)
  [1454/3540] 4691_USBVideo_after: 1353 kare, yüz %57  (4633 s)
  [1455/3540] 4691_IriunWebcam_after: 1351 kare, yüz %100  (4635 s)
  [1456/3540] 4691_FullHDwebcam_before: 1352 kare, yüz %100  (4638 s)
  [1457/3540] 4691_USBVideo_before: 1353 kare, yüz %7  (4641 s)
  [1458/3540] 4691_IriunWebcam_before: 1353 kare, yüz %100  (4642 s)
  [1459/3540] 4698_FullHDwebcam_after: 1352 kare, yüz %100  (4648 s)
  [1460/3540] 4698_USBVideo_after: 1353 kare, yüz %0  (4651 s)
  [1461/3540] 4698_IriunWebcam_after: 1353 kare, yüz %100  (4653 s)
  [1462/3540] 4698_FullHDwebcam_before: 1352 kare, yüz %100  (4658 s)
  [1463/3540] 4698_USBVideo_before: 1352 kare, yüz %0  (4662 s)
  [1464/3540] 4698_IriunWebcam_before: 1353 kare, yüz %100  (4663 s)
  [1465/3540] 4704_FullHDwebcam_after: 1352 kare, yüz %100  (4668 s)
  [1466/3540] 4704_USBVideo_after: 1352 kare, yüz %0  (4671 s)
  [1467/3540] 4704_IriunWebcam_after: 1352 kare, yüz %100  (4673 s)
  [1468/3540] 4704_FullHDwebcam_before: 1352 kare, yüz %100  (4678 s)
  [1469/3540] 4704_USBVideo_before: 1352 kare, yüz %0  (4682 s)
  [1470/3540] 4704_IriunWebcam_before: 1353 kare, yüz %62  (4683 s)
  [1471/3540] 4718_FullHDwebcam_after: 1352 kare, yüz %100  (4689 s)
  [1472/3540] 4718_USBVideo_after: 1352 kare, yüz %100  (4689 s)
  [1473/3540] 4718_IriunWebcam_after: 1353 kare, yüz %100  (4694 s)
  [1474/3540] 4718_FullHDwebcam_before: 1352 kare, yüz %100  (4695 s)
  [1475/3540] 4718_USBVideo_before: 1352 kare, yüz %100  (4699 s)
  [1476/3540] 4718_IriunWebcam_before: 1353 kare, yüz %100  (4700 s)
  [1477/3540] 4724_FullHDwebcam_after: 1352 kare, yüz %100  (4704 s)
  [1478/3540] 4724_USBVideo_after: 1352 kare, yüz %9  (4705 s)
  [1479/3540] 4724_IriunWebcam_after: 1352 kare, yüz %100  (4709 s)
  [1480/3540] 4724_FullHDwebcam_before: 1352 kare, yüz %100  (4710 s)
  [1481/3540] 4724_USBVideo_before: 1352 kare, yüz %53  (4714 s)
  [1482/3540] 4724_IriunWebcam_before: 1352 kare, yüz %100  (4715 s)
  [1483/3540] 4731_FullHDwebcam_after: 1352 kare, yüz %100  (4719 s)
  [1484/3540] 4731_USBVideo_after: 1352 kare, yüz %15  (4721 s)
  [1485/3540] 4731_IriunWebcam_after: 1351 kare, yüz %100  (4724 s)
  [1486/3540] 4731_FullHDwebcam_before: 1352 kare, yüz %100  (4728 s)
  [1487/3540] 4731_USBVideo_before: 1352 kare, yüz %0  (4733 s)
  [1488/3540] 4731_IriunWebcam_before: 1353 kare, yüz %100  (4734 s)
  [1489/3540] 4754_FullHDwebcam_after: 1352 kare, yüz %100  (4738 s)
  [1490/3540] 4754_USBVideo_after: 1352 kare, yüz %17  (4739 s)
  [1491/3540] 4754_IriunWebcam_after: 1353 kare, yüz %100  (4743 s)
  [1492/3540] 4754_FullHDwebcam_before: 1352 kare, yüz %100  (4744 s)
  [1493/3540] 4754_USBVideo_before: 1352 kare, yüz %20  (4749 s)
  [1494/3540] 4754_IriunWebcam_before: 1353 kare, yüz %100  (4749 s)
  [1495/3540] 4784_FullHDwebcam_after: 1352 kare, yüz %100  (4754 s)
  [1496/3540] 4784_USBVideo_after: 1352 kare, yüz %100  (4756 s)
  [1497/3540] 4784_IriunWebcam_after: 1353 kare, yüz %100  (4760 s)
  [1498/3540] 4784_FullHDwebcam_before: 1352 kare, yüz %100  (4761 s)
  [1499/3540] 4784_IriunWebcam_before: 1353 kare, yüz %100  (4767 s)
  [1500/3540] 4784_USBVideo_before: 1352 kare, yüz %100  (4767 s)
  [1501/3540] 4815_USBVideo_after: 1352 kare, yüz %100  (4774 s)
  [1502/3540] 4815_FullHDwebcam_after: 1352 kare, yüz %100  (4775 s)
  [1503/3540] 4815_IriunWebcam_after: 1353 kare, yüz %100  (4780 s)
  [1504/3540] 4815_FullHDwebcam_before: 1352 kare, yüz %100  (4782 s)
  [1505/3540] 4815_USBVideo_before: 1352 kare, yüz %100  (4786 s)
  [1506/3540] 4815_IriunWebcam_before: 1353 kare, yüz %100  (4788 s)
  [1507/3540] 4822_FullHDwebcam_after: 1352 kare, yüz %100  (4792 s)
  [1508/3540] 4822_USBVideo_after: 1352 kare, yüz %100  (4794 s)
  [1509/3540] 4822_IriunWebcam_after: 1352 kare, yüz %100  (4796 s)
  [1510/3540] 4822_FullHDwebcam_before: 1352 kare, yüz %100  (4799 s)
  [1511/3540] 4822_USBVideo_before: 1352 kare, yüz %100  (4802 s)
  [1512/3540] 4822_IriunWebcam_before: 1353 kare, yüz %95  (4803 s)
  [1513/3540] 4844_FullHDwebcam_after: 1352 kare, yüz %100  (4808 s)
  [1514/3540] 4844_USBVideo_after: 1352 kare, yüz %0  (4811 s)
  [1515/3540] 4844_IriunWebcam_after: 1352 kare, yüz %100  (4813 s)
  [1516/3540] 4844_FullHDwebcam_before: 1352 kare, yüz %100  (4818 s)
  [1517/3540] 4844_USBVideo_before: 1352 kare, yüz %0  (4821 s)
  [1518/3540] 4844_IriunWebcam_before: 1353 kare, yüz %100  (4822 s)
  [1519/3540] 4874_FullHDwebcam_after: 1352 kare, yüz %100  (4826 s)
  [1520/3540] 4874_USBVideo_after: 1352 kare, yüz %0  (4829 s)
  [1521/3540] 4874_IriunWebcam_after: 1352 kare, yüz %100  (4831 s)
  [1522/3540] 4874_FullHDwebcam_before: 1352 kare, yüz %100  (4835 s)
  [1523/3540] 4874_USBVideo_before: 1352 kare, yüz %0  (4839 s)
  [1524/3540] 4874_IriunWebcam_before: 1353 kare, yüz %100  (4840 s)
  [1525/3540] 4892_FullHDwebcam_after: 1352 kare, yüz %100  (4844 s)
  [1526/3540] 4892_USBVideo_after: 1352 kare, yüz %7  (4846 s)
  [1527/3540] 4892_IriunWebcam_after: 1353 kare, yüz %100  (4849 s)
  [1528/3540] 4892_FullHDwebcam_before: 1352 kare, yüz %100  (4851 s)
  [1529/3540] 4892_USBVideo_before: 1353 kare, yüz %78  (4854 s)
  [1530/3540] 4892_IriunWebcam_before: 1353 kare, yüz %100  (4856 s)
  [1531/3540] 4902_FullHDwebcam_after: 1352 kare, yüz %100  (4860 s)
  [1532/3540] 4902_IriunWebcam_after: 1353 kare, yüz %100  (4865 s)
  [1533/3540] 4902_USBVideo_after: 1352 kare, yüz %0  (4865 s)
  [1534/3540] 4902_FullHDwebcam_before: 1352 kare, yüz %100  (4871 s)
  [1535/3540] 4902_USBVideo_before: 1352 kare, yüz %28  (4872 s)
  [1536/3540] 4902_IriunWebcam_before: 1353 kare, yüz %100  (4875 s)
  [1537/3540] 4909_FullHDwebcam_after: 1352 kare, yüz %100  (4879 s)
  [1538/3540] 4909_USBVideo_after: 1352 kare, yüz %73  (4880 s)
  [1539/3540] 4909_IriunWebcam_after: 1353 kare, yüz %0  (4885 s)
  [1540/3540] 4909_FullHDwebcam_before: 1352 kare, yüz %100  (4887 s)
  [1541/3540] 4909_USBVideo_before: 1352 kare, yüz %2  (4892 s)
  [1542/3540] 4909_IriunWebcam_before: 1353 kare, yüz %97  (4893 s)
  [1543/3540] 4929_FullHDwebcam_after: 1352 kare, yüz %100  (4899 s)
  [1544/3540] 4929_USBVideo_after: 1352 kare, yüz %100  (4899 s)
  [1545/3540] 4929_IriunWebcam_after: 1353 kare, yüz %100  (4904 s)
  [1546/3540] 4929_FullHDwebcam_before: 1352 kare, yüz %100  (4906 s)
  [1547/3540] 4929_USBVideo_before: 1352 kare, yüz %100  (4910 s)
  [1548/3540] 4929_IriunWebcam_before: 1351 kare, yüz %100  (4911 s)
  [1549/3540] 4932_FullHDwebcam_after: 1352 kare, yüz %100  (4916 s)
  [1550/3540] 4932_USBVideo_after: 1352 kare, yüz %4  (4917 s)
  [1551/3540] 4932_IriunWebcam_after: 1353 kare, yüz %100  (4920 s)
  [1552/3540] 4932_FullHDwebcam_before: 1352 kare, yüz %100  (4923 s)
  [1553/3540] 4932_IriunWebcam_before: 1352 kare, yüz %100  (4928 s)
  [1554/3540] 4932_USBVideo_before: 1353 kare, yüz %0  (4928 s)
  [1555/3540] 4936_USBVideo_after: 1352 kare, yüz %93  (4934 s)
  [1556/3540] 4936_FullHDwebcam_after: 1352 kare, yüz %100  (4934 s)
  [1557/3540] 4936_IriunWebcam_after: 1353 kare, yüz %100  (4939 s)
  [1558/3540] 4936_FullHDwebcam_before: 1352 kare, yüz %100  (4941 s)
  [1559/3540] 4936_USBVideo_before: 1352 kare, yüz %57  (4944 s)
  [1560/3540] 4936_IriunWebcam_before: 1353 kare, yüz %100  (4946 s)
  [1561/3540] 4937_FullHDwebcam_after: 1352 kare, yüz %100  (4950 s)
  [1562/3540] 4937_USBVideo_after: 1352 kare, yüz %0  (4954 s)
  [1563/3540] 4937_IriunWebcam_after: 1353 kare, yüz %100  (4955 s)
  [1564/3540] 4937_FullHDwebcam_before: 1352 kare, yüz %100  (4960 s)
  [1565/3540] 4937_USBVideo_before: 1352 kare, yüz %0  (4963 s)
  [1566/3540] 4937_IriunWebcam_before: 1353 kare, yüz %100  (4964 s)
  [1567/3540] 4952_FullHDwebcam_after: 1352 kare, yüz %100  (4969 s)
  [1568/3540] 4952_USBVideo_after: 1352 kare, yüz %0  (4972 s)
  [1569/3540] 4952_IriunWebcam_after: 1353 kare, yüz %100  (4974 s)
  [1570/3540] 4952_FullHDwebcam_before: 1352 kare, yüz %100  (4977 s)
  [1571/3540] 4952_USBVideo_before: 1353 kare, yüz %100  (4979 s)
  [1572/3540] 4952_IriunWebcam_before: 1353 kare, yüz %100  (4981 s)
  [1573/3540] 4968_FullHDwebcam_after: 1352 kare, yüz %100  (4985 s)
  [1574/3540] 4968_USBVideo_after: 1352 kare, yüz %0  (4989 s)
  [1575/3540] 4968_IriunWebcam_after: 1353 kare, yüz %100  (4990 s)
  [1576/3540] 4968_FullHDwebcam_before: 1352 kare, yüz %100  (4995 s)
  [1577/3540] 4968_USBVideo_before: 1352 kare, yüz %0  (4997 s)
  [1578/3540] 4968_IriunWebcam_before: 1352 kare, yüz %100  (5000 s)
  [1579/3540] 5003_FullHDwebcam_after: 1352 kare, yüz %100  (5002 s)
  [1580/3540] 5003_USBVideo_after: 1353 kare, yüz %100  (5004 s)
  [1581/3540] 5003_IriunWebcam_after: 1352 kare, yüz %100  (5006 s)
  [1582/3540] 5003_FullHDwebcam_before: 1352 kare, yüz %100  (5009 s)
  [1583/3540] 5003_USBVideo_before: 1352 kare, yüz %100  (5011 s)
  [1584/3540] 5003_IriunWebcam_before: 1353 kare, yüz %100  (5013 s)
  [1585/3540] 5031_FullHDwebcam_after: 1352 kare, yüz %100  (5018 s)
  [1586/3540] 5031_USBVideo_after: 1352 kare, yüz %0  (5021 s)
  [1587/3540] 5031_IriunWebcam_after: 1353 kare, yüz %100  (5022 s)
  [1588/3540] 5031_FullHDwebcam_before: 1352 kare, yüz %100  (5027 s)
  [1589/3540] 5031_USBVideo_before: 1352 kare, yüz %80  (5028 s)
  [1590/3540] 5031_IriunWebcam_before: 1352 kare, yüz %100  (5031 s)
  [1591/3540] 5044_FullHDwebcam_after: 1352 kare, yüz %100  (5033 s)
  [1592/3540] 5044_IriunWebcam_after: 1352 kare, yüz %100  (5038 s)
  [1593/3540] 5044_USBVideo_after: 1352 kare, yüz %0  (5038 s)
  [1594/3540] 5044_FullHDwebcam_before: 1352 kare, yüz %100  (5043 s)
  [1595/3540] 5044_USBVideo_before: 1352 kare, yüz %0  (5044 s)
  [1596/3540] 5044_IriunWebcam_before: 1352 kare, yüz %100  (5048 s)
  [1597/3540] 5074_FullHDwebcam_after: 1352 kare, yüz %100  (5049 s)
  [1598/3540] 5074_USBVideo_after: 1352 kare, yüz %100  (5053 s)
  [1599/3540] 5074_IriunWebcam_after: 1352 kare, yüz %100  (5054 s)
  [1600/3540] 5074_FullHDwebcam_before: 1352 kare, yüz %100  (5058 s)
  [1601/3540] 5074_USBVideo_before: 1352 kare, yüz %100  (5059 s)
  [1602/3540] 5074_IriunWebcam_before: 1353 kare, yüz %100  (5063 s)
  [1603/3540] 5078_FullHDwebcam_after: 1352 kare, yüz %100  (5066 s)
  [1604/3540] 5078_USBVideo_after: 1352 kare, yüz %100  (5069 s)
  [1605/3540] 5078_IriunWebcam_after: 1353 kare, yüz %100  (5071 s)
  [1606/3540] 5078_FullHDwebcam_before: 1352 kare, yüz %100  (5076 s)
  [1607/3540] 5078_USBVideo_before: 1352 kare, yüz %100  (5077 s)
  [1608/3540] 5078_IriunWebcam_before: 1353 kare, yüz %100  (5081 s)
  [1609/3540] 5096_FullHDwebcam_after: 1352 kare, yüz %100  (5083 s)
  [1610/3540] 5096_USBVideo_after: 1352 kare, yüz %38  (5087 s)
  [1611/3540] 5096_IriunWebcam_after: 1352 kare, yüz %100  (5088 s)
  [1612/3540] 5096_FullHDwebcam_before: 1352 kare, yüz %100  (5093 s)
  [1613/3540] 5096_USBVideo_before: 1353 kare, yüz %84  (5094 s)
  [1614/3540] 5096_IriunWebcam_before: 1353 kare, yüz %100  (5098 s)
  [1615/3540] 5123_FullHDwebcam_after: 1352 kare, yüz %91  (5099 s)
  [1616/3540] 5123_IriunWebcam_after: 1353 kare, yüz %94  (5104 s)
  [1617/3540] 5123_USBVideo_after: 1352 kare, yüz %0  (5106 s)
  [1618/3540] 5123_FullHDwebcam_before: 1352 kare, yüz %100  (5110 s)
  [1619/3540] 5123_USBVideo_before: 1352 kare, yüz %0  (5113 s)
  [1620/3540] 5123_IriunWebcam_before: 1352 kare, yüz %100  (5115 s)
  [1621/3540] 5125_FullHDwebcam_after: 1352 kare, yüz %100  (5119 s)
  [1622/3540] 5125_USBVideo_after: 1353 kare, yüz %100  (5120 s)
  [1623/3540] 5125_IriunWebcam_after: 1352 kare, yüz %100  (5124 s)
  [1624/3540] 5125_FullHDwebcam_before: 1352 kare, yüz %100  (5125 s)
  [1625/3540] 5125_USBVideo_before: 1353 kare, yüz %100  (5129 s)
  [1626/3540] 5125_IriunWebcam_before: 1353 kare, yüz %100  (5130 s)
  [1627/3540] 5130_FullHDwebcam_after: 1352 kare, yüz %100  (5136 s)
  [1628/3540] 5130_USBVideo_after: 1353 kare, yüz %100  (5136 s)
  [1629/3540] 5130_IriunWebcam_after: 1353 kare, yüz %100  (5141 s)
  [1630/3540] 5130_FullHDwebcam_before: 1352 kare, yüz %100  (5143 s)
  [1631/3540] 5130_USBVideo_before: 1352 kare, yüz %98  (5147 s)
  [1632/3540] 5130_IriunWebcam_before: 1352 kare, yüz %100  (5148 s)
  [1633/3540] 5138_FullHDwebcam_after: 1352 kare, yüz %100  (5154 s)
  [1634/3540] 5138_USBVideo_after: 1352 kare, yüz %100  (5154 s)
  [1635/3540] 5138_IriunWebcam_after: 1352 kare, yüz %100  (5159 s)
  [1636/3540] 5138_FullHDwebcam_before: 1352 kare, yüz %100  (5161 s)
  [1637/3540] 5138_USBVideo_before: 1352 kare, yüz %100  (5166 s)
  [1638/3540] 5138_IriunWebcam_before: 1353 kare, yüz %100  (5166 s)
  [1639/3540] 5148_FullHDwebcam_after: 1352 kare, yüz %100  (5171 s)
  [1640/3540] 5148_USBVideo_after: 1352 kare, yüz %100  (5172 s)
  [1641/3540] 5148_IriunWebcam_after: 1353 kare, yüz %100  (5176 s)
  [1642/3540] 5148_FullHDwebcam_before: 1352 kare, yüz %100  (5177 s)
  [1643/3540] 5148_USBVideo_before: 1353 kare, yüz %100  (5181 s)
  [1644/3540] 5148_IriunWebcam_before: 1353 kare, yüz %100  (5182 s)
  [1645/3540] 5156_FullHDwebcam_after: 1352 kare, yüz %100  (5186 s)
  [1646/3540] 5156_USBVideo_after: 1352 kare, yüz %100  (5187 s)
  [1647/3540] 5156_IriunWebcam_after: 1353 kare, yüz %100  (5191 s)
  [1648/3540] 5156_FullHDwebcam_before: 1352 kare, yüz %100  (5192 s)
  [1649/3540] 5156_IriunWebcam_before: 1351 kare, yüz %100  (5196 s)
  [1650/3540] 5156_USBVideo_before: 1352 kare, yüz %100  (5196 s)
  [1651/3540] 5174_FullHDwebcam_after: 1352 kare, yüz %100  (5203 s)
  [1652/3540] 5174_USBVideo_after: 1353 kare, yüz %89  (5203 s)
  [1653/3540] 5174_IriunWebcam_after: 1352 kare, yüz %100  (5208 s)
  [1654/3540] 5174_FullHDwebcam_before: 1352 kare, yüz %100  (5209 s)
  [1655/3540] 5174_IriunWebcam_before: 1352 kare, yüz %100  (5214 s)
  [1656/3540] 5174_USBVideo_before: 1352 kare, yüz %98  (5214 s)
  [1657/3540] 5207_FullHDwebcam_after: 1352 kare, yüz %100  (5220 s)
  [1658/3540] 5207_USBVideo_after: 1352 kare, yüz %100  (5220 s)
  [1659/3540] 5207_IriunWebcam_after: 1352 kare, yüz %100  (5224 s)
  [1660/3540] 5207_FullHDwebcam_before: 1352 kare, yüz %100  (5225 s)
  [1661/3540] 5207_IriunWebcam_before: 1353 kare, yüz %100  (5229 s)
  [1662/3540] 5207_USBVideo_before: 1352 kare, yüz %100  (5229 s)
  [1663/3540] 5214_USBVideo_after: 1352 kare, yüz %100  (5235 s)
  [1664/3540] 5214_FullHDwebcam_after: 1352 kare, yüz %100  (5236 s)
  [1665/3540] 5214_IriunWebcam_after: 1352 kare, yüz %100  (5240 s)
  [1666/3540] 5214_FullHDwebcam_before: 1352 kare, yüz %100  (5242 s)
  [1667/3540] 5214_USBVideo_before: 1352 kare, yüz %100  (5245 s)
  [1668/3540] 5214_IriunWebcam_before: 1353 kare, yüz %100  (5247 s)
  [1669/3540] 5215_FullHDwebcam_after: 1352 kare, yüz %100  (5250 s)
  [1670/3540] 5215_USBVideo_after: 1353 kare, yüz %27  (5252 s)
  [1671/3540] 5215_IriunWebcam_after: 1352 kare, yüz %100  (5253 s)
  [1672/3540] 5215_FullHDwebcam_before: 1352 kare, yüz %100  (5256 s)
  [1673/3540] 5215_USBVideo_before: 1352 kare, yüz %7  (5259 s)
  [1674/3540] 5215_IriunWebcam_before: 1353 kare, yüz %100  (5260 s)
  [1675/3540] 5217_FullHDwebcam_after: 1352 kare, yüz %100  (5266 s)
  [1676/3540] 5217_USBVideo_after: 1352 kare, yüz %100  (5266 s)
  [1677/3540] 5217_IriunWebcam_after: 1353 kare, yüz %100  (5271 s)
  [1678/3540] 5217_FullHDwebcam_before: 1352 kare, yüz %96  (5273 s)
  [1679/3540] 5217_USBVideo_before: 1352 kare, yüz %93  (5277 s)
  [1680/3540] 5217_IriunWebcam_before: 1352 kare, yüz %89  (5279 s)
  [1681/3540] 5223_FullHDwebcam_after: 1352 kare, yüz %100  (5284 s)
  [1682/3540] 5223_USBVideo_after: 1352 kare, yüz %2  (5286 s)
  [1683/3540] 5223_IriunWebcam_after: 1352 kare, yüz %100  (5290 s)
  [1684/3540] 5223_FullHDwebcam_before: 1353 kare, yüz %93  (5291 s)
  [1685/3540] 5223_USBVideo_before: 1353 kare, yüz %0  (5296 s)
  [1686/3540] 5223_IriunWebcam_before: 1353 kare, yüz %100  (5297 s)
  [1687/3540] 5228_FullHDwebcam_after: 1352 kare, yüz %100  (5304 s)
  [1688/3540] 5228_USBVideo_after: 1352 kare, yüz %100  (5304 s)
  [1689/3540] 5228_IriunWebcam_after: 1353 kare, yüz %100  (5310 s)
  [1690/3540] 5228_FullHDwebcam_before: 1352 kare, yüz %100  (5312 s)
  [1691/3540] 5228_USBVideo_before: 1352 kare, yüz %13  (5317 s)
  [1692/3540] 5228_IriunWebcam_before: 1353 kare, yüz %97  (5317 s)
  [1693/3540] 5237_USBVideo_after: 1352 kare, yüz %100  (5323 s)
  [1694/3540] 5237_FullHDwebcam_after: 1352 kare, yüz %100  (5324 s)
  [1695/3540] 5237_IriunWebcam_after: 1351 kare, yüz %100  (5327 s)
  [1696/3540] 5237_FullHDwebcam_before: 1352 kare, yüz %100  (5331 s)
  [1697/3540] 5237_USBVideo_before: 1352 kare, yüz %100  (5332 s)
  [1698/3540] 5237_IriunWebcam_before: 1352 kare, yüz %100  (5336 s)
  [1699/3540] 5243_FullHDwebcam_after: 1352 kare, yüz %100  (5337 s)
  [1700/3540] 5243_USBVideo_after: 1352 kare, yüz %98  (5341 s)
  [1701/3540] 5243_IriunWebcam_after: 1352 kare, yüz %100  (5342 s)
  [1702/3540] 5243_FullHDwebcam_before: 1352 kare, yüz %100  (5348 s)
  [1703/3540] 5243_USBVideo_before: 1353 kare, yüz %9  (5349 s)
  [1704/3540] 5243_IriunWebcam_before: 1352 kare, yüz %100  (5354 s)
  [1705/3540] 5250_FullHDwebcam_after: 1352 kare, yüz %100  (5355 s)
  [1706/3540] 5250_IriunWebcam_after: 1353 kare, yüz %100  (5359 s)
  [1707/3540] 5250_USBVideo_after: 1352 kare, yüz %0  (5362 s)
  [1708/3540] 5250_FullHDwebcam_before: 1352 kare, yüz %100  (5365 s)
  [1709/3540] 5250_USBVideo_before: 1352 kare, yüz %2  (5369 s)
  [1710/3540] 5250_IriunWebcam_before: 1351 kare, yüz %100  (5370 s)
  [1711/3540] 5287_FullHDwebcam_after: 1352 kare, yüz %100  (5375 s)
  [1712/3540] 5287_USBVideo_after: 1352 kare, yüz %0  (5379 s)
  [1713/3540] 5287_IriunWebcam_after: 1352 kare, yüz %100  (5381 s)
  [1714/3540] 5287_FullHDwebcam_before: 1352 kare, yüz %100  (5385 s)
  [1715/3540] 5287_USBVideo_before: 1352 kare, yüz %5  (5388 s)
  [1716/3540] 5287_IriunWebcam_before: 1353 kare, yüz %100  (5390 s)
  [1717/3540] 5288_FullHDwebcam_after: 1352 kare, yüz %100  (5394 s)
  [1718/3540] 5288_USBVideo_after: 1352 kare, yüz %100  (5395 s)
  [1719/3540] 5288_IriunWebcam_after: 1352 kare, yüz %100  (5399 s)
  [1720/3540] 5288_FullHDwebcam_before: 1352 kare, yüz %100  (5401 s)
  [1721/3540] 5288_USBVideo_before: 1352 kare, yüz %52  (5404 s)
  [1722/3540] 5288_IriunWebcam_before: 1353 kare, yüz %100  (5405 s)
  [1723/3540] 5292_FullHDwebcam_after: 1352 kare, yüz %100  (5411 s)
  [1724/3540] 5292_USBVideo_after: 1352 kare, yüz %100  (5411 s)
  [1725/3540] 5292_IriunWebcam_after: 1353 kare, yüz %100  (5416 s)
  [1726/3540] 5292_FullHDwebcam_before: 1352 kare, yüz %100  (5418 s)
  [1727/3540] 5292_USBVideo_before: 1352 kare, yüz %100  (5423 s)
  [1728/3540] 5292_IriunWebcam_before: 1353 kare, yüz %100  (5423 s)
  [1729/3540] 5307_FullHDwebcam_after: 1352 kare, yüz %98  (5430 s)
  [1730/3540] 5307_USBVideo_after: 1352 kare, yüz %30  (5430 s)
  [1731/3540] 5307_IriunWebcam_after: 1353 kare, yüz %97  (5435 s)
  [1732/3540] 5307_FullHDwebcam_before: 1352 kare, yüz %100  (5437 s)
  [1733/3540] 5307_USBVideo_before: 1352 kare, yüz %100  (5440 s)
  [1734/3540] 5307_IriunWebcam_before: 1353 kare, yüz %100  (5441 s)
  [1735/3540] 5308_FullHDwebcam_after: 1352 kare, yüz %100  (5445 s)
  [1736/3540] 5308_USBVideo_after: 1352 kare, yüz %0  (5449 s)
  [1737/3540] 5308_IriunWebcam_after: 1353 kare, yüz %100  (5450 s)
  [1738/3540] 5308_FullHDwebcam_before: 1352 kare, yüz %100  (5456 s)
  [1739/3540] 5308_USBVideo_before: 1352 kare, yüz %0  (5459 s)
  [1740/3540] 5308_IriunWebcam_before: 1352 kare, yüz %3  (5461 s)
  [1741/3540] 5332_FullHDwebcam_after: 1352 kare, yüz %100  (5464 s)
  [1742/3540] 5332_USBVideo_after: 1352 kare, yüz %0  (5469 s)
  [1743/3540] 5332_IriunWebcam_after: 1352 kare, yüz %0  (5470 s)
  [1744/3540] 5332_FullHDwebcam_before: 1352 kare, yüz %100  (5475 s)
  [1745/3540] 5332_USBVideo_before: 1353 kare, yüz %0  (5479 s)
  [1746/3540] 5332_IriunWebcam_before: 1353 kare, yüz %0  (5481 s)
  [1747/3540] 5347_FullHDwebcam_after: 1352 kare, yüz %100  (5485 s)
  [1748/3540] 5347_USBVideo_after: 1352 kare, yüz %100  (5486 s)
  [1749/3540] 5347_IriunWebcam_after: 1352 kare, yüz %100  (5489 s)
  [1750/3540] 5347_FullHDwebcam_before: 1352 kare, yüz %100  (5492 s)
  [1751/3540] 5347_USBVideo_before: 1352 kare, yüz %100  (5495 s)
  [1752/3540] 5347_IriunWebcam_before: 1353 kare, yüz %100  (5497 s)
  [1753/3540] 5353_FullHDwebcam_after: 1352 kare, yüz %98  (5500 s)
  [1754/3540] 5353_USBVideo_after: 1352 kare, yüz %4  (5503 s)
  [1755/3540] 5353_IriunWebcam_after: 1353 kare, yüz %100  (5505 s)
  [1756/3540] 5353_FullHDwebcam_before: 1352 kare, yüz %100  (5509 s)
  [1757/3540] 5353_USBVideo_before: 1352 kare, yüz %2  (5513 s)
  [1758/3540] 5353_IriunWebcam_before: 1352 kare, yüz %100  (5514 s)
  [1759/3540] 5356_FullHDwebcam_after: 1352 kare, yüz %100  (5519 s)
  [1760/3540] 5356_USBVideo_after: 1352 kare, yüz %0  (5522 s)
  [1761/3540] 5356_IriunWebcam_after: 1353 kare, yüz %100  (5524 s)
  [1762/3540] 5356_FullHDwebcam_before: 1352 kare, yüz %100  (5528 s)
  [1763/3540] 5356_USBVideo_before: 1352 kare, yüz %65  (5529 s)
  [1764/3540] 5356_IriunWebcam_before: 1353 kare, yüz %100  (5532 s)
  [1765/3540] 5394_FullHDwebcam_after: 1352 kare, yüz %100  (5536 s)
  [1766/3540] 5394_USBVideo_after: 1352 kare, yüz %87  (5538 s)
  [1767/3540] 5394_IriunWebcam_after: 1353 kare, yüz %59  (5540 s)
  [1768/3540] 5394_FullHDwebcam_before: 1352 kare, yüz %100  (5544 s)
  [1769/3540] 5394_USBVideo_before: 1352 kare, yüz %57  (5547 s)
  [1770/3540] 5394_IriunWebcam_before: 1353 kare, yüz %100  (5550 s)
  [1771/3540] 5395_FullHDwebcam_after: 1352 kare, yüz %100  (5553 s)
  [1772/3540] 5395_USBVideo_after: 1352 kare, yüz %100  (5555 s)
  [1773/3540] 5395_IriunWebcam_after: 1353 kare, yüz %100  (5557 s)
  [1774/3540] 5395_FullHDwebcam_before: 1352 kare, yüz %100  (5561 s)
  [1775/3540] 5395_USBVideo_before: 1352 kare, yüz %100  (5562 s)
  [1776/3540] 5395_IriunWebcam_before: 1353 kare, yüz %100  (5565 s)
  [1777/3540] 5441_FullHDwebcam_after: 1352 kare, yüz %100  (5568 s)
  [1778/3540] 5441_USBVideo_after: 1352 kare, yüz %0  (5573 s)
  [1779/3540] 5441_IriunWebcam_after: 1353 kare, yüz %100  (5574 s)
  [1780/3540] 5441_FullHDwebcam_before: 1352 kare, yüz %100  (5579 s)
  [1781/3540] 5441_USBVideo_before: 1352 kare, yüz %4  (5580 s)
  [1782/3540] 5441_IriunWebcam_before: 1353 kare, yüz %100  (5584 s)
  [1783/3540] 5483_FullHDwebcam_after: 1352 kare, yüz %100  (5586 s)
  [1784/3540] 5483_IriunWebcam_after: 1353 kare, yüz %100  (5592 s)
  [1785/3540] 5483_USBVideo_after: 1352 kare, yüz %0  (5593 s)
  [1786/3540] 5483_FullHDwebcam_before: 1352 kare, yüz %100  (5599 s)
  [1787/3540] 5483_USBVideo_before: 1352 kare, yüz %0  (5601 s)
  [1788/3540] 5483_IriunWebcam_before: 1352 kare, yüz %100  (5605 s)
  [1789/3540] 5486_FullHDwebcam_after: 1352 kare, yüz %100  (5608 s)
  [1790/3540] 5486_USBVideo_after: 1352 kare, yüz %2  (5612 s)
  [1791/3540] 5486_IriunWebcam_after: 1353 kare, yüz %100  (5613 s)
  [1792/3540] 5486_FullHDwebcam_before: 1352 kare, yüz %98  (5618 s)
  [1793/3540] 5486_USBVideo_before: 1352 kare, yüz %38  (5620 s)
  [1794/3540] 5486_IriunWebcam_before: 1352 kare, yüz %44  (5624 s)
  [1795/3540] 5500_FullHDwebcam_after: 1352 kare, yüz %100  (5627 s)
  [1796/3540] 5500_USBVideo_after: 1352 kare, yüz %100  (5629 s)
  [1797/3540] 5500_IriunWebcam_after: 1353 kare, yüz %100  (5631 s)
  [1798/3540] 5500_FullHDwebcam_before: 1352 kare, yüz %100  (5635 s)
  [1799/3540] 5500_USBVideo_before: 1352 kare, yüz %100  (5636 s)
  [1800/3540] 5500_IriunWebcam_before: 1352 kare, yüz %100  (5640 s)
  [1801/3540] 5507_FullHDwebcam_after: 1352 kare, yüz %100  (5641 s)
  [1802/3540] 5507_IriunWebcam_after: 1353 kare, yüz %100  (5646 s)
  [1803/3540] 5507_USBVideo_after: 1352 kare, yüz %0  (5648 s)
  [1804/3540] 5507_FullHDwebcam_before: 1352 kare, yüz %100  (5652 s)
  [1805/3540] 5507_USBVideo_before: 1352 kare, yüz %0  (5656 s)
  [1806/3540] 5507_IriunWebcam_before: 1353 kare, yüz %100  (5657 s)
  [1807/3540] 5524_FullHDwebcam_after: 1352 kare, yüz %100  (5662 s)
  [1808/3540] 5524_USBVideo_after: 1352 kare, yüz %100  (5662 s)
  [1809/3540] 5524_IriunWebcam_after: 1352 kare, yüz %100  (5667 s)
  [1810/3540] 5524_FullHDwebcam_before: 1352 kare, yüz %100  (5668 s)
  [1811/3540] 5524_IriunWebcam_before: 1352 kare, yüz %100  (5673 s)
  [1812/3540] 5524_USBVideo_before: 1352 kare, yüz %100  (5673 s)
  [1813/3540] 5526_USBVideo_after: 1353 kare, yüz %100  (5679 s)
  [1814/3540] 5526_FullHDwebcam_after: 1352 kare, yüz %100  (5679 s)
  [1815/3540] 5526_IriunWebcam_after: 1353 kare, yüz %100  (5683 s)
  [1816/3540] 5526_FullHDwebcam_before: 1352 kare, yüz %100  (5687 s)
  [1817/3540] 5526_USBVideo_before: 1352 kare, yüz %100  (5689 s)
  [1818/3540] 5526_IriunWebcam_before: 1353 kare, yüz %100  (5691 s)
  [1819/3540] 5533_FullHDwebcam_after: 1352 kare, yüz %96  (5695 s)
  [1820/3540] 5533_USBVideo_after: 1352 kare, yüz %0  (5698 s)
  [1821/3540] 5533_IriunWebcam_after: 1353 kare, yüz %100  (5699 s)
  [1822/3540] 5533_FullHDwebcam_before: 1352 kare, yüz %100  (5705 s)
  [1823/3540] 5533_USBVideo_before: 1353 kare, yüz %0  (5708 s)
  [1824/3540] 5533_IriunWebcam_before: 1353 kare, yüz %100  (5709 s)
  [1825/3540] 5535_FullHDwebcam_after: 1352 kare, yüz %100  (5713 s)
  [1826/3540] 5535_USBVideo_after: 1353 kare, yüz %100  (5715 s)
  [1827/3540] 5535_IriunWebcam_after: 1352 kare, yüz %100  (5718 s)
  [1828/3540] 5535_FullHDwebcam_before: 1352 kare, yüz %100  (5721 s)
  [1829/3540] 5535_USBVideo_before: 1352 kare, yüz %100  (5724 s)
  [1830/3540] 5535_IriunWebcam_before: 1352 kare, yüz %100  (5726 s)
  [1831/3540] 5536_FullHDwebcam_after: 1352 kare, yüz %100  (5731 s)
  [1832/3540] 5536_USBVideo_after: 1352 kare, yüz %0  (5734 s)
  [1833/3540] 5536_IriunWebcam_after: 1353 kare, yüz %100  (5736 s)
  [1834/3540] 5536_FullHDwebcam_before: 1352 kare, yüz %100  (5739 s)
  [1835/3540] 5536_USBVideo_before: 1353 kare, yüz %100  (5742 s)
  [1836/3540] 5536_IriunWebcam_before: 1353 kare, yüz %95  (5744 s)
  [1837/3540] 5543_FullHDwebcam_after: 1352 kare, yüz %100  (5748 s)
  [1838/3540] 5543_USBVideo_after: 1352 kare, yüz %7  (5752 s)
  [1839/3540] 5543_IriunWebcam_after: 1352 kare, yüz %100  (5754 s)
  [1840/3540] 5543_FullHDwebcam_before: 1352 kare, yüz %100  (5758 s)
  [1841/3540] 5543_USBVideo_before: 1352 kare, yüz %0  (5761 s)
  [1842/3540] 5543_IriunWebcam_before: 1352 kare, yüz %100  (5762 s)
  [1843/3540] 5550_USBVideo_after: 1352 kare, yüz %98  (5768 s)
  [1844/3540] 5550_FullHDwebcam_after: 1352 kare, yüz %100  (5768 s)
  [1845/3540] 5550_IriunWebcam_after: 1353 kare, yüz %100  (5773 s)
  [1846/3540] 5550_FullHDwebcam_before: 1352 kare, yüz %100  (5774 s)
  [1847/3540] 5550_USBVideo_before: 1352 kare, yüz %100  (5778 s)
  [1848/3540] 5550_IriunWebcam_before: 1352 kare, yüz %100  (5779 s)
  [1849/3540] 5562_FullHDwebcam_after: 1352 kare, yüz %100  (5784 s)
  [1850/3540] 5562_USBVideo_after: 1352 kare, yüz %7  (5784 s)
  [1851/3540] 5562_IriunWebcam_after: 1352 kare, yüz %100  (5788 s)
  [1852/3540] 5562_FullHDwebcam_before: 1352 kare, yüz %100  (5791 s)
  [1853/3540] 5562_USBVideo_before: 1352 kare, yüz %0  (5796 s)
  [1854/3540] 5562_IriunWebcam_before: 1353 kare, yüz %100  (5796 s)
  [1855/3540] 5563_USBVideo_after: 1352 kare, yüz %93  (5802 s)
  [1856/3540] 5563_FullHDwebcam_after: 1352 kare, yüz %100  (5803 s)
  [1857/3540] 5563_IriunWebcam_after: 1353 kare, yüz %100  (5807 s)
  [1858/3540] 5563_FullHDwebcam_before: 1352 kare, yüz %100  (5810 s)
  [1859/3540] 5563_USBVideo_before: 1352 kare, yüz %100  (5813 s)
  [1860/3540] 5563_IriunWebcam_before: 1353 kare, yüz %100  (5815 s)
  [1861/3540] 5564_FullHDwebcam_after: 1352 kare, yüz %100  (5819 s)
  [1862/3540] 5564_USBVideo_after: 1352 kare, yüz %100  (5820 s)
  [1863/3540] 5564_IriunWebcam_after: 1352 kare, yüz %100  (5823 s)
  [1864/3540] 5564_FullHDwebcam_before: 1352 kare, yüz %100  (5825 s)
  [1865/3540] 5564_USBVideo_before: 1352 kare, yüz %96  (5828 s)
  [1866/3540] 5564_IriunWebcam_before: 1352 kare, yüz %100  (5829 s)
  [1867/3540] 5587_FullHDwebcam_after: 1352 kare, yüz %100  (5833 s)
  [1868/3540] 5587_USBVideo_after: 1352 kare, yüz %56  (5835 s)
  [1869/3540] 5587_IriunWebcam_after: 1351 kare, yüz %100  (5838 s)
  [1870/3540] 5587_FullHDwebcam_before: 1352 kare, yüz %100  (5841 s)
  [1871/3540] 5587_USBVideo_before: 1352 kare, yüz %69  (5844 s)
  [1872/3540] 5587_IriunWebcam_before: 1352 kare, yüz %100  (5846 s)
  [1873/3540] 5626_FullHDwebcam_after: 1352 kare, yüz %98  (5851 s)
  [1874/3540] 5626_USBVideo_after: 1353 kare, yüz %89  (5853 s)
  [1875/3540] 5626_IriunWebcam_after: 1353 kare, yüz %100  (5856 s)
  [1876/3540] 5626_FullHDwebcam_before: 1352 kare, yüz %98  (5859 s)
  [1877/3540] 5626_USBVideo_before: 1352 kare, yüz %96  (5862 s)
  [1878/3540] 5626_IriunWebcam_before: 1353 kare, yüz %100  (5864 s)
  [1879/3540] 5637_FullHDwebcam_after: 1352 kare, yüz %100  (5869 s)
  [1880/3540] 5637_USBVideo_after: 1352 kare, yüz %100  (5870 s)
  [1881/3540] 5637_IriunWebcam_after: 1353 kare, yüz %100  (5874 s)
  [1882/3540] 5637_FullHDwebcam_before: 1352 kare, yüz %100  (5877 s)
  [1883/3540] 5637_USBVideo_before: 1352 kare, yüz %100  (5879 s)
  [1884/3540] 5637_IriunWebcam_before: 1353 kare, yüz %100  (5882 s)
  [1885/3540] 5644_FullHDwebcam_after: 1352 kare, yüz %100  (5885 s)
  [1886/3540] 5644_USBVideo_after: 1353 kare, yüz %100  (5888 s)
  [1887/3540] 5644_IriunWebcam_after: 1352 kare, yüz %100  (5889 s)
  [1888/3540] 5644_FullHDwebcam_before: 1352 kare, yüz %100  (5895 s)
  [1889/3540] 5644_USBVideo_before: 1353 kare, yüz %100  (5896 s)
  [1890/3540] 5644_IriunWebcam_before: 1353 kare, yüz %100  (5900 s)
  [1891/3540] 5646_FullHDwebcam_after: 1352 kare, yüz %100  (5901 s)
  [1892/3540] 5646_USBVideo_after: 1352 kare, yüz %100  (5905 s)
  [1893/3540] 5646_IriunWebcam_after: 1353 kare, yüz %100  (5906 s)
  [1894/3540] 5646_FullHDwebcam_before: 1352 kare, yüz %100  (5911 s)
  [1895/3540] 5646_USBVideo_before: 1352 kare, yüz %100  (5911 s)
  [1896/3540] 5646_IriunWebcam_before: 1352 kare, yüz %100  (5916 s)
  [1897/3540] 5676_FullHDwebcam_after: 1352 kare, yüz %100  (5917 s)
  [1898/3540] 5676_USBVideo_after: 1352 kare, yüz %100  (5921 s)
  [1899/3540] 5676_IriunWebcam_after: 1352 kare, yüz %100  (5921 s)
  [1900/3540] 5676_FullHDwebcam_before: 1352 kare, yüz %100  (5926 s)
  [1901/3540] 5676_USBVideo_before: 1353 kare, yüz %98  (5927 s)
  [1902/3540] 5676_IriunWebcam_before: 1353 kare, yüz %100  (5931 s)
  [1903/3540] 5719_FullHDwebcam_after: 1352 kare, yüz %100  (5934 s)
  [1904/3540] 5719_USBVideo_after: 1352 kare, yüz %100  (5937 s)
  [1905/3540] 5719_IriunWebcam_after: 1352 kare, yüz %100  (5940 s)
  [1906/3540] 5719_FullHDwebcam_before: 1352 kare, yüz %100  (5944 s)
  [1907/3540] 5719_USBVideo_before: 1352 kare, yüz %100  (5945 s)
  [1908/3540] 5721_FullHDwebcam_after: 1352 kare, yüz %100  (5951 s)
  [1909/3540] 5721_USBVideo_after: 1353 kare, yüz %100  (5956 s)
  [1910/3540] 5721_IriunWebcam_after: 1352 kare, yüz %100  (5961 s)
  [1911/3540] 5719_IriunWebcam_before: 1353 kare, yüz %100  (5963 s)
  [1912/3540] 5721_FullHDwebcam_before: 1352 kare, yüz %100  (5967 s)
  [1913/3540] 5721_USBVideo_before: 1352 kare, yüz %100  (5969 s)
  [1914/3540] 5721_IriunWebcam_before: 1352 kare, yüz %100  (5973 s)
  [1915/3540] 5733_FullHDwebcam_after: 1352 kare, yüz %100  (5975 s)
  [1916/3540] 5733_USBVideo_after: 1352 kare, yüz %5  (5979 s)
  [1917/3540] 5733_IriunWebcam_after: 1352 kare, yüz %100  (5980 s)
  [1918/3540] 5733_FullHDwebcam_before: 1352 kare, yüz %100  (5985 s)
  [1919/3540] 5733_USBVideo_before: 1353 kare, yüz %2  (5987 s)
  [1920/3540] 5733_IriunWebcam_before: 1353 kare, yüz %100  (5990 s)
  [1921/3540] 5734_FullHDwebcam_after: 1352 kare, yüz %100  (5993 s)
  [1922/3540] 5734_USBVideo_after: 1352 kare, yüz %100  (5996 s)
  [1923/3540] 5734_IriunWebcam_after: 1353 kare, yüz %100  (5997 s)
  [1924/3540] 5734_FullHDwebcam_before: 1352 kare, yüz %100  (6002 s)
  [1925/3540] 5734_USBVideo_before: 1352 kare, yüz %100  (6004 s)
  [1926/3540] 5734_IriunWebcam_before: 1352 kare, yüz %100  (6007 s)
  [1927/3540] 5785_FullHDwebcam_after: 1352 kare, yüz %100  (6010 s)
  [1928/3540] 5785_IriunWebcam_after: 1353 kare, yüz %100  (6015 s)
  [1929/3540] 5785_USBVideo_after: 1353 kare, yüz %0  (6015 s)
  [1930/3540] 5785_USBVideo_before: 1352 kare, yüz %64  (6021 s)
  [1931/3540] 5785_FullHDwebcam_before: 1352 kare, yüz %100  (6021 s)
  [1932/3540] 5785_IriunWebcam_before: 1352 kare, yüz %100  (6026 s)
  [1933/3540] 5790_FullHDwebcam_after: 1352 kare, yüz %100  (6027 s)
  [1934/3540] 5790_IriunWebcam_after: 1353 kare, yüz %100  (6033 s)
  [1935/3540] 5790_USBVideo_after: 1352 kare, yüz %0  (6034 s)
  [1936/3540] 5790_FullHDwebcam_before: 1352 kare, yüz %100  (6039 s)
  [1937/3540] 5790_USBVideo_before: 1352 kare, yüz %0  (6043 s)
  [1938/3540] 5790_IriunWebcam_before: 1352 kare, yüz %100  (6044 s)
  [1939/3540] 5796_FullHDwebcam_after: 1352 kare, yüz %100  (6049 s)
  [1940/3540] 5796_USBVideo_after: 1353 kare, yüz %100  (6050 s)
  [1941/3540] 5796_IriunWebcam_after: 1352 kare, yüz %100  (6053 s)
  [1942/3540] 5796_FullHDwebcam_before: 1352 kare, yüz %100  (6055 s)
  [1943/3540] 5796_USBVideo_before: 1352 kare, yüz %100  (6058 s)
  [1944/3540] 5796_IriunWebcam_before: 1352 kare, yüz %100  (6060 s)
  [1945/3540] 5800_FullHDwebcam_after: 1352 kare, yüz %100  (6064 s)
  [1946/3540] 5800_USBVideo_after: 1352 kare, yüz %100  (6065 s)
  [1947/3540] 5800_IriunWebcam_after: 1352 kare, yüz %100  (6068 s)
  [1948/3540] 5800_FullHDwebcam_before: 1352 kare, yüz %100  (6070 s)
  [1949/3540] 5800_USBVideo_before: 1352 kare, yüz %100  (6074 s)
  [1950/3540] 5800_IriunWebcam_before: 1353 kare, yüz %100  (6075 s)
  [1951/3540] 5811_USBVideo_after: 1352 kare, yüz %100  (6081 s)
  [1952/3540] 5811_FullHDwebcam_after: 1352 kare, yüz %100  (6081 s)
  [1953/3540] 5811_IriunWebcam_after: 1353 kare, yüz %100  (6086 s)
  [1954/3540] 5811_FullHDwebcam_before: 1352 kare, yüz %100  (6088 s)
  [1955/3540] 5811_USBVideo_before: 1352 kare, yüz %100  (6092 s)
  [1956/3540] 5811_IriunWebcam_before: 1352 kare, yüz %100  (6093 s)
  [1957/3540] 5822_USBVideo_after: 1352 kare, yüz %100  (6099 s)
  [1958/3540] 5822_FullHDwebcam_after: 1352 kare, yüz %100  (6099 s)
  [1959/3540] 5822_IriunWebcam_after: 1353 kare, yüz %100  (6104 s)
  [1960/3540] 5822_FullHDwebcam_before: 1352 kare, yüz %100  (6106 s)
  [1961/3540] 5822_USBVideo_before: 1352 kare, yüz %100  (6110 s)
  [1962/3540] 5822_IriunWebcam_before: 1352 kare, yüz %100  (6111 s)
  [1963/3540] 5833_FullHDwebcam_after: 1352 kare, yüz %100  (6115 s)
  [1964/3540] 5833_USBVideo_after: 1352 kare, yüz %2  (6118 s)
  [1965/3540] 5833_IriunWebcam_after: 1352 kare, yüz %97  (6120 s)
  [1966/3540] 5833_FullHDwebcam_before: 1352 kare, yüz %100  (6124 s)
  [1967/3540] 5833_USBVideo_before: 1352 kare, yüz %0  (6128 s)
  [1968/3540] 5833_IriunWebcam_before: 1353 kare, yüz %61  (6130 s)
  [1969/3540] 5860_FullHDwebcam_after: 1352 kare, yüz %100  (6134 s)
  [1970/3540] 5860_USBVideo_after: 1352 kare, yüz %0  (6138 s)
  [1971/3540] 5860_IriunWebcam_after: 1352 kare, yüz %100  (6139 s)
  [1972/3540] 5860_FullHDwebcam_before: 1352 kare, yüz %100  (6143 s)
  [1973/3540] 5860_USBVideo_before: 1352 kare, yüz %0  (6147 s)
  [1974/3540] 5860_IriunWebcam_before: 1353 kare, yüz %100  (6148 s)
  [1975/3540] 5904_USBVideo_after: 1352 kare, yüz %100  (6154 s)
  [1976/3540] 5904_FullHDwebcam_after: 1352 kare, yüz %100  (6154 s)
  [1977/3540] 5904_IriunWebcam_after: 1353 kare, yüz %100  (6159 s)
  [1978/3540] 5904_FullHDwebcam_before: 1352 kare, yüz %98  (6161 s)
  [1979/3540] 5904_USBVideo_before: 1352 kare, yüz %100  (6164 s)
  [1980/3540] 5904_IriunWebcam_before: 1352 kare, yüz %97  (6165 s)
  [1981/3540] 5909_FullHDwebcam_after: 1352 kare, yüz %100  (6170 s)
  [1982/3540] 5909_USBVideo_after: 1352 kare, yüz %0  (6174 s)
  [1983/3540] 5909_IriunWebcam_after: 1352 kare, yüz %100  (6175 s)
  [1984/3540] 5909_FullHDwebcam_before: 1352 kare, yüz %100  (6180 s)
  [1985/3540] 5909_USBVideo_before: 1352 kare, yüz %0  (6183 s)
  [1986/3540] 5909_IriunWebcam_before: 1352 kare, yüz %100  (6185 s)
  [1987/3540] 5921_FullHDwebcam_after: 1352 kare, yüz %100  (6190 s)
  [1988/3540] 5921_USBVideo_after: 1352 kare, yüz %67  (6192 s)
  [1989/3540] 5921_IriunWebcam_after: 1352 kare, yüz %100  (6195 s)
  [1990/3540] 5921_FullHDwebcam_before: 1352 kare, yüz %100  (6199 s)
  [1991/3540] 5921_USBVideo_before: 1352 kare, yüz %80  (6202 s)
  [1992/3540] 5921_IriunWebcam_before: 1353 kare, yüz %100  (6204 s)
  [1993/3540] 5928_FullHDwebcam_after: 1352 kare, yüz %100  (6207 s)
  [1994/3540] 5928_USBVideo_after: 1352 kare, yüz %4  (6211 s)
  [1995/3540] 5928_IriunWebcam_after: 1353 kare, yüz %100  (6212 s)
  [1996/3540] 5928_FullHDwebcam_before: 1352 kare, yüz %100  (6217 s)
  [1997/3540] 5928_USBVideo_before: 1352 kare, yüz %0  (6220 s)
  [1998/3540] 5928_IriunWebcam_before: 1353 kare, yüz %100  (6222 s)
  [1999/3540] 5938_FullHDwebcam_after: 1352 kare, yüz %100  (6226 s)
  [2000/3540] 5938_IriunWebcam_after: 1353 kare, yüz %100  (6232 s)
  [2001/3540] 5938_USBVideo_after: 1352 kare, yüz %0  (6232 s)
  [2002/3540] 5938_FullHDwebcam_before: 1352 kare, yüz %100  (6239 s)
  [2003/3540] 5938_USBVideo_before: 1353 kare, yüz %89  (6240 s)
  [2004/3540] 5938_IriunWebcam_before: 1353 kare, yüz %100  (6245 s)
  [2005/3540] 5948_FullHDwebcam_after: 1352 kare, yüz %100  (6247 s)
  [2006/3540] 5948_IriunWebcam_after: 1352 kare, yüz %100  (6252 s)
  [2007/3540] 5948_USBVideo_after: 1352 kare, yüz %20  (6253 s)
  [2008/3540] 5948_FullHDwebcam_before: 1352 kare, yüz %100  (6258 s)
  [2009/3540] 5948_USBVideo_before: 1352 kare, yüz %31  (6260 s)
  [2010/3540] 5948_IriunWebcam_before: 1352 kare, yüz %100  (6263 s)
  [2011/3540] 5974_FullHDwebcam_after: 1352 kare, yüz %100  (6266 s)
  [2012/3540] 5974_IriunWebcam_after: 1352 kare, yüz %100  (6271 s)
  [2013/3540] 5974_USBVideo_after: 1352 kare, yüz %0  (6271 s)
  [2014/3540] 5974_FullHDwebcam_before: 1352 kare, yüz %100  (6277 s)
  [2015/3540] 5974_USBVideo_before: 1352 kare, yüz %0  (6279 s)
  [2016/3540] 5974_IriunWebcam_before: 1352 kare, yüz %100  (6283 s)
  [2017/3540] 5980_FullHDwebcam_after: 1352 kare, yüz %100  (6284 s)
  [2018/3540] 5980_USBVideo_after: 1352 kare, yüz %49  (6288 s)
  [2019/3540] 5980_IriunWebcam_after: 1353 kare, yüz %100  (6289 s)
  [2020/3540] 5980_FullHDwebcam_before: 1352 kare, yüz %100  (6293 s)
  [2021/3540] 5980_USBVideo_before: 1352 kare, yüz %0  (6296 s)
  [2022/3540] 5980_IriunWebcam_before: 1353 kare, yüz %100  (6298 s)
  [2023/3540] 5989_FullHDwebcam_after: 1352 kare, yüz %100  (6302 s)
  [2024/3540] 5989_USBVideo_after: 1352 kare, yüz %100  (6303 s)
  [2025/3540] 5989_IriunWebcam_after: 1353 kare, yüz %100  (6307 s)
  [2026/3540] 5989_FullHDwebcam_before: 1352 kare, yüz %100  (6310 s)
  [2027/3540] 5989_USBVideo_before: 1352 kare, yüz %100  (6313 s)
  [2028/3540] 5989_IriunWebcam_before: 1353 kare, yüz %100  (6314 s)
  [2029/3540] 6008_FullHDwebcam_after: 1352 kare, yüz %100  (6319 s)
  [2030/3540] 6008_USBVideo_after: 1352 kare, yüz %100  (6320 s)
  [2031/3540] 6008_IriunWebcam_after: 1353 kare, yüz %100  (6325 s)
  [2032/3540] 6008_FullHDwebcam_before: 1352 kare, yüz %100  (6327 s)
  [2033/3540] 6008_USBVideo_before: 1352 kare, yüz %100  (6330 s)
  [2034/3540] 6008_IriunWebcam_before: 1353 kare, yüz %100  (6332 s)
  [2035/3540] 6028_FullHDwebcam_after: 1352 kare, yüz %100  (6337 s)
  [2036/3540] 6028_USBVideo_after: 1352 kare, yüz %4  (6340 s)
  [2037/3540] 6028_IriunWebcam_after: 1352 kare, yüz %100  (6342 s)
  [2038/3540] 6028_FullHDwebcam_before: 1352 kare, yüz %100  (6346 s)
  [2039/3540] 6028_USBVideo_before: 1352 kare, yüz %7  (6349 s)
  [2040/3540] 6028_IriunWebcam_before: 1352 kare, yüz %100  (6351 s)
  [2041/3540] 6031_FullHDwebcam_after: 1352 kare, yüz %100  (6355 s)
  [2042/3540] 6031_USBVideo_after: 1352 kare, yüz %26  (6357 s)
  [2043/3540] 6031_IriunWebcam_after: 1353 kare, yüz %100  (6360 s)
  [2044/3540] 6031_FullHDwebcam_before: 1352 kare, yüz %100  (6363 s)
  [2045/3540] 6031_USBVideo_before: 1352 kare, yüz %0  (6368 s)
  [2046/3540] 6031_IriunWebcam_before: 1352 kare, yüz %100  (6369 s)
  [2047/3540] 6042_FullHDwebcam_after: 1352 kare, yüz %100  (6375 s)
  [2048/3540] 6042_USBVideo_after: 1352 kare, yüz %0  (6377 s)
  [2049/3540] 6042_IriunWebcam_after: 1352 kare, yüz %100  (6380 s)
  [2050/3540] 6042_FullHDwebcam_before: 1352 kare, yüz %100  (6384 s)
  [2051/3540] 6042_USBVideo_before: 1352 kare, yüz %0  (6389 s)
  [2052/3540] 6042_IriunWebcam_before: 1353 kare, yüz %100  (6389 s)
  [2053/3540] 6066_FullHDwebcam_after: 1352 kare, yüz %100  (6396 s)
  [2054/3540] 6066_USBVideo_after: 1352 kare, yüz %33  (6396 s)
  [2055/3540] 6066_IriunWebcam_after: 1352 kare, yüz %100  (6401 s)
  [2056/3540] 6066_FullHDwebcam_before: 1352 kare, yüz %100  (6402 s)
  [2057/3540] 6066_IriunWebcam_before: 1352 kare, yüz %100  (6408 s)
  [2058/3540] 6066_USBVideo_before: 1352 kare, yüz %62  (6409 s)
  [2059/3540] 6082_FullHDwebcam_after: 1352 kare, yüz %100  (6412 s)
  [2060/3540] 6082_USBVideo_after: 1352 kare, yüz %100  (6415 s)
  [2061/3540] 6082_IriunWebcam_after: 1352 kare, yüz %100  (6417 s)
  [2062/3540] 6082_FullHDwebcam_before: 1352 kare, yüz %100  (6420 s)
  [2063/3540] 6082_USBVideo_before: 1352 kare, yüz %100  (6423 s)
  [2064/3540] 6082_IriunWebcam_before: 1353 kare, yüz %100  (6425 s)
  [2065/3540] 6091_FullHDwebcam_after: 1352 kare, yüz %100  (6428 s)
  [2066/3540] 6091_USBVideo_after: 1352 kare, yüz %100  (6430 s)
  [2067/3540] 6091_IriunWebcam_after: 1352 kare, yüz %100  (6433 s)
  [2068/3540] 6091_FullHDwebcam_before: 1352 kare, yüz %100  (6435 s)
  [2069/3540] 6091_USBVideo_before: 1352 kare, yüz %100  (6438 s)
  [2070/3540] 6091_IriunWebcam_before: 1352 kare, yüz %100  (6439 s)
  [2071/3540] 6097_FullHDwebcam_after: 1352 kare, yüz %100  (6443 s)
  [2072/3540] 6097_USBVideo_after: 1352 kare, yüz %13  (6446 s)
  [2073/3540] 6097_IriunWebcam_after: 1352 kare, yüz %100  (6449 s)
  [2074/3540] 6097_FullHDwebcam_before: 1352 kare, yüz %100  (6453 s)
  [2075/3540] 6097_USBVideo_before: 1352 kare, yüz %4  (6457 s)
  [2076/3540] 6097_IriunWebcam_before: 1352 kare, yüz %100  (6458 s)
  [2077/3540] 6114_FullHDwebcam_after: 1352 kare, yüz %100  (6462 s)
  [2078/3540] 6114_USBVideo_after: 1352 kare, yüz %100  (6464 s)
  [2079/3540] 6114_IriunWebcam_after: 1353 kare, yüz %100  (6466 s)
  [2080/3540] 6114_FullHDwebcam_before: 1352 kare, yüz %100  (6468 s)
  [2081/3540] 6114_USBVideo_before: 1352 kare, yüz %100  (6472 s)
  [2082/3540] 6114_IriunWebcam_before: 1352 kare, yüz %100  (6472 s)
  [2083/3540] 6127_USBVideo_after: 1352 kare, yüz %100  (6478 s)
  [2084/3540] 6127_FullHDwebcam_after: 1352 kare, yüz %100  (6478 s)
  [2085/3540] 6127_IriunWebcam_after: 1352 kare, yüz %100  (6483 s)
  [2086/3540] 6127_FullHDwebcam_before: 1352 kare, yüz %100  (6485 s)
  [2087/3540] 6127_USBVideo_before: 1352 kare, yüz %100  (6487 s)
  [2088/3540] 6127_IriunWebcam_before: 1353 kare, yüz %100  (6490 s)
  [2089/3540] 6137_FullHDwebcam_after: 1352 kare, yüz %100  (6494 s)
  [2090/3540] 6137_USBVideo_after: 1352 kare, yüz %9  (6497 s)
  [2091/3540] 6137_IriunWebcam_after: 1351 kare, yüz %100  (6498 s)
  [2092/3540] 6137_FullHDwebcam_before: 1352 kare, yüz %100  (6503 s)
  [2093/3540] 6137_USBVideo_before: 1352 kare, yüz %52  (6504 s)
  [2094/3540] 6137_IriunWebcam_before: 1353 kare, yüz %100  (6508 s)
  [2095/3540] 6145_FullHDwebcam_after: 1352 kare, yüz %100  (6511 s)
  [2096/3540] 6145_IriunWebcam_after: 1353 kare, yüz %100  (6516 s)
  [2097/3540] 6145_USBVideo_after: 1352 kare, yüz %0  (6517 s)
  [2098/3540] 6145_FullHDwebcam_before: 1352 kare, yüz %100  (6523 s)
  [2099/3540] 6145_USBVideo_before: 1352 kare, yüz %0  (6525 s)
  [2100/3540] 6145_IriunWebcam_before: 1353 kare, yüz %100  (6528 s)
  [2101/3540] 6176_FullHDwebcam_after: 1352 kare, yüz %100  (6530 s)
  [2102/3540] 6176_USBVideo_after: 1353 kare, yüz %100  (6533 s)
  [2103/3540] 6176_IriunWebcam_after: 1353 kare, yüz %100  (6534 s)
  [2104/3540] 6176_FullHDwebcam_before: 1352 kare, yüz %100  (6538 s)
  [2105/3540] 6176_USBVideo_before: 1353 kare, yüz %100  (6540 s)
  [2106/3540] 6176_IriunWebcam_before: 1353 kare, yüz %100  (6542 s)
  [2107/3540] 6193_FullHDwebcam_after: 1352 kare, yüz %100  (6546 s)
  [2108/3540] 6193_USBVideo_after: 1352 kare, yüz %100  (6548 s)
  [2109/3540] 6193_IriunWebcam_after: 1353 kare, yüz %100  (6551 s)
  [2110/3540] 6193_FullHDwebcam_before: 1352 kare, yüz %100  (6555 s)
  [2111/3540] 6193_USBVideo_before: 1352 kare, yüz %100  (6556 s)
  [2112/3540] 6193_IriunWebcam_before: 1352 kare, yüz %100  (6559 s)
  [2113/3540] 6223_FullHDwebcam_after: 1352 kare, yüz %100  (6561 s)
  [2114/3540] 6223_IriunWebcam_after: 1353 kare, yüz %100  (6565 s)
  [2115/3540] 6223_FullHDwebcam_before: 1352 kare, yüz %100  (6570 s)
  [2116/3540] 6223_USBVideo_after: 1352 kare, yüz %100  (6572 s)
  [2117/3540] 6223_USBVideo_before: 1352 kare, yüz %100  (6575 s)
  [2118/3540] 6223_IriunWebcam_before: 1352 kare, yüz %100  (6576 s)
  [2119/3540] 6245_FullHDwebcam_after: 1352 kare, yüz %100  (6581 s)
  [2120/3540] 6245_USBVideo_after: 1352 kare, yüz %100  (6582 s)
  [2121/3540] 6245_IriunWebcam_after: 1353 kare, yüz %100  (6586 s)
  [2122/3540] 6245_FullHDwebcam_before: 1352 kare, yüz %100  (6587 s)
  [2123/3540] 6245_USBVideo_before: 1352 kare, yüz %93  (6592 s)
  [2124/3540] 6245_IriunWebcam_before: 1353 kare, yüz %100  (6592 s)
  [2125/3540] 6255_USBVideo_after: 1353 kare, yüz %100  (6598 s)
  [2126/3540] 6255_FullHDwebcam_after: 1352 kare, yüz %100  (6598 s)
  [2127/3540] 6255_IriunWebcam_after: 1352 kare, yüz %100  (6602 s)
  [2128/3540] 6255_FullHDwebcam_before: 1352 kare, yüz %100  (6604 s)
  [2129/3540] 6255_USBVideo_before: 1352 kare, yüz %100  (6607 s)
  [2130/3540] 6255_IriunWebcam_before: 1352 kare, yüz %100  (6609 s)
  [2131/3540] 6277_FullHDwebcam_after: 1352 kare, yüz %100  (6614 s)
  [2132/3540] 6277_USBVideo_after: 1353 kare, yüz %100  (6615 s)
  [2133/3540] 6277_IriunWebcam_after: 1351 kare, yüz %100  (6619 s)
  [2134/3540] 6277_FullHDwebcam_before: 1352 kare, yüz %100  (6622 s)
  [2135/3540] 6277_USBVideo_before: 1352 kare, yüz %100  (6625 s)
  [2136/3540] 6277_IriunWebcam_before: 1353 kare, yüz %100  (6627 s)
  [2137/3540] 6281_FullHDwebcam_after: 1352 kare, yüz %100  (6631 s)
  [2138/3540] 6281_USBVideo_after: 1352 kare, yüz %54  (6633 s)
  [2139/3540] 6281_IriunWebcam_after: 1352 kare, yüz %100  (6636 s)
  [2140/3540] 6281_FullHDwebcam_before: 1352 kare, yüz %100  (6640 s)
  [2141/3540] 6281_USBVideo_before: 1353 kare, yüz %38  (6643 s)
  [2142/3540] 6281_IriunWebcam_before: 1353 kare, yüz %100  (6645 s)
  [2143/3540] 6289_FullHDwebcam_after: 1352 kare, yüz %100  (6650 s)
  [2144/3540] 6289_USBVideo_after: 1352 kare, yüz %100  (6651 s)
  [2145/3540] 6289_IriunWebcam_after: 1353 kare, yüz %100  (6656 s)
  [2146/3540] 6289_FullHDwebcam_before: 1352 kare, yüz %100  (6658 s)
  [2147/3540] 6289_USBVideo_before: 1352 kare, yüz %100  (6661 s)
  [2148/3540] 6289_IriunWebcam_before: 1352 kare, yüz %100  (6663 s)
  [2149/3540] 6304_FullHDwebcam_after: 1352 kare, yüz %100  (6668 s)
  [2150/3540] 6304_USBVideo_after: 1352 kare, yüz %100  (6669 s)
  [2151/3540] 6304_IriunWebcam_after: 1353 kare, yüz %100  (6672 s)
  [2152/3540] 6304_FullHDwebcam_before: 1352 kare, yüz %100  (6675 s)
  [2153/3540] 6304_USBVideo_before: 1352 kare, yüz %100  (6677 s)
  [2154/3540] 6304_IriunWebcam_before: 1352 kare, yüz %100  (6679 s)
  [2155/3540] 6307_FullHDwebcam_after: 1352 kare, yüz %100  (6683 s)
  [2156/3540] 6307_USBVideo_after: 1352 kare, yüz %0  (6687 s)
  [2157/3540] 6307_IriunWebcam_after: 1352 kare, yüz %100  (6687 s)
  [2158/3540] 6307_FullHDwebcam_before: 1352 kare, yüz %100  (6692 s)
  [2159/3540] 6307_USBVideo_before: 1352 kare, yüz %2  (6694 s)
  [2160/3540] 6307_IriunWebcam_before: 1353 kare, yüz %11  (6696 s)
  [2161/3540] 6329_FullHDwebcam_after: 1352 kare, yüz %100  (6700 s)
  [2162/3540] 6329_USBVideo_after: 1352 kare, yüz %0  (6704 s)
  [2163/3540] 6329_IriunWebcam_after: 1353 kare, yüz %100  (6706 s)
  [2164/3540] 6329_FullHDwebcam_before: 1352 kare, yüz %100  (6710 s)
  [2165/3540] 6329_USBVideo_before: 1352 kare, yüz %0  (6714 s)
  [2166/3540] 6329_IriunWebcam_before: 1353 kare, yüz %100  (6715 s)
  [2167/3540] 6334_FullHDwebcam_after: 1352 kare, yüz %100  (6720 s)
  [2168/3540] 6334_USBVideo_after: 1353 kare, yüz %0  (6722 s)
  [2169/3540] 6334_IriunWebcam_after: 1352 kare, yüz %100  (6724 s)
  [2170/3540] 6334_FullHDwebcam_before: 1352 kare, yüz %100  (6728 s)
  [2171/3540] 6334_USBVideo_before: 1353 kare, yüz %29  (6729 s)
  [2172/3540] 6334_IriunWebcam_before: 1353 kare, yüz %100  (6732 s)
  [2173/3540] 6340_FullHDwebcam_after: 1352 kare, yüz %100  (6736 s)
  [2174/3540] 6340_USBVideo_after: 1352 kare, yüz %0  (6741 s)
  [2175/3540] 6340_IriunWebcam_after: 1352 kare, yüz %100  (6741 s)
  [2176/3540] 6340_FullHDwebcam_before: 1352 kare, yüz %100  (6746 s)
  [2177/3540] 6340_USBVideo_before: 1352 kare, yüz %67  (6747 s)
  [2178/3540] 6340_IriunWebcam_before: 1353 kare, yüz %100  (6751 s)
  [2179/3540] 6354_FullHDwebcam_after: 1352 kare, yüz %100  (6754 s)
  [2180/3540] 6354_USBVideo_after: 1352 kare, yüz %89  (6757 s)
  [2181/3540] 6354_IriunWebcam_after: 1353 kare, yüz %100  (6759 s)
  [2182/3540] 6354_FullHDwebcam_before: 1352 kare, yüz %96  (6764 s)
  [2183/3540] 6354_USBVideo_before: 1352 kare, yüz %96  (6765 s)
  [2184/3540] 6354_IriunWebcam_before: 1352 kare, yüz %97  (6769 s)
  [2185/3540] 6361_FullHDwebcam_after: 1352 kare, yüz %100  (6770 s)
  [2186/3540] 6361_USBVideo_after: 1352 kare, yüz %100  (6774 s)
  [2187/3540] 6361_IriunWebcam_after: 1352 kare, yüz %100  (6775 s)
  [2188/3540] 6361_FullHDwebcam_before: 1352 kare, yüz %100  (6779 s)
  [2189/3540] 6361_USBVideo_before: 1352 kare, yüz %100  (6780 s)
  [2190/3540] 6361_IriunWebcam_before: 1352 kare, yüz %100  (6784 s)
  [2191/3540] 6368_FullHDwebcam_after: 1352 kare, yüz %100  (6786 s)
  [2192/3540] 6368_IriunWebcam_after: 1352 kare, yüz %57  (6792 s)
  [2193/3540] 6368_USBVideo_after: 1352 kare, yüz %0  (6792 s)
  [2194/3540] 6368_FullHDwebcam_before: 1352 kare, yüz %100  (6798 s)
  [2195/3540] 6368_USBVideo_before: 1352 kare, yüz %0  (6801 s)
  [2196/3540] 6368_IriunWebcam_before: 1353 kare, yüz %100  (6803 s)
  [2197/3540] 6397_FullHDwebcam_after: 1352 kare, yüz %100  (6807 s)
  [2198/3540] 6397_USBVideo_after: 1352 kare, yüz %100  (6808 s)
  [2199/3540] 6397_IriunWebcam_after: 1353 kare, yüz %100  (6812 s)
  [2200/3540] 6397_FullHDwebcam_before: 1352 kare, yüz %100  (6814 s)
  [2201/3540] 6397_USBVideo_before: 1352 kare, yüz %48  (6817 s)
  [2202/3540] 6397_IriunWebcam_before: 1353 kare, yüz %97  (6818 s)
  [2203/3540] 6401_FullHDwebcam_after: 1352 kare, yüz %100  (6823 s)
  [2204/3540] 6401_USBVideo_after: 1352 kare, yüz %50  (6823 s)
  [2205/3540] 6401_IriunWebcam_after: 1352 kare, yüz %100  (6827 s)
  [2206/3540] 6401_FullHDwebcam_before: 1352 kare, yüz %100  (6830 s)
  [2207/3540] 6401_USBVideo_before: 1353 kare, yüz %100  (6832 s)
  [2208/3540] 6401_IriunWebcam_before: 1352 kare, yüz %100  (6835 s)
  [2209/3540] 6411_FullHDwebcam_after: 1352 kare, yüz %100  (6838 s)
  [2210/3540] 6411_USBVideo_after: 1352 kare, yüz %100  (6840 s)
  [2211/3540] 6411_IriunWebcam_after: 1353 kare, yüz %100  (6842 s)
  [2212/3540] 6411_FullHDwebcam_before: 1352 kare, yüz %100  (6845 s)
  [2213/3540] 6411_USBVideo_before: 1352 kare, yüz %100  (6847 s)
  [2214/3540] 6411_IriunWebcam_before: 1353 kare, yüz %100  (6850 s)
  [2215/3540] 6420_FullHDwebcam_after: 1352 kare, yüz %100  (6854 s)
  [2216/3540] 6420_USBVideo_after: 1352 kare, yüz %0  (6859 s)
  [2217/3540] 6420_IriunWebcam_after: 1352 kare, yüz %100  (6860 s)
  [2218/3540] 6420_FullHDwebcam_before: 1352 kare, yüz %100  (6866 s)
  [2219/3540] 6420_USBVideo_before: 1352 kare, yüz %0  (6868 s)
  [2220/3540] 6420_IriunWebcam_before: 1352 kare, yüz %97  (6871 s)
  [2221/3540] 6422_FullHDwebcam_after: 1352 kare, yüz %100  (6875 s)
  [2222/3540] 6422_USBVideo_after: 1353 kare, yüz %100  (6876 s)
  [2223/3540] 6422_IriunWebcam_after: 1352 kare, yüz %100  (6880 s)
  [2224/3540] 6422_FullHDwebcam_before: 1352 kare, yüz %98  (6883 s)
  [2225/3540] 6422_USBVideo_before: 1352 kare, yüz %98  (6885 s)
  [2226/3540] 6422_IriunWebcam_before: 1353 kare, yüz %97  (6888 s)
  [2227/3540] 6425_FullHDwebcam_after: 1352 kare, yüz %96  (6891 s)
  [2228/3540] 6425_USBVideo_after: 1352 kare, yüz %91  (6893 s)
  [2229/3540] 6425_IriunWebcam_after: 1353 kare, yüz %95  (6895 s)
  [2230/3540] 6425_FullHDwebcam_before: 1352 kare, yüz %100  (6899 s)
  [2231/3540] 6425_USBVideo_before: 1352 kare, yüz %87  (6901 s)
  [2232/3540] 6425_IriunWebcam_before: 1353 kare, yüz %100  (6904 s)
  [2233/3540] 6427_FullHDwebcam_after: 1352 kare, yüz %100  (6906 s)
  [2234/3540] 6427_USBVideo_after: 1352 kare, yüz %9  (6910 s)
  [2235/3540] 6427_IriunWebcam_after: 1352 kare, yüz %100  (6911 s)
  [2236/3540] 6427_FullHDwebcam_before: 1352 kare, yüz %95  (6916 s)
  [2237/3540] 6427_USBVideo_before: 1353 kare, yüz %0  (6920 s)
  [2238/3540] 6427_IriunWebcam_before: 1352 kare, yüz %94  (6922 s)
  [2239/3540] 6473_FullHDwebcam_after: 1352 kare, yüz %100  (6925 s)
  [2240/3540] 6473_USBVideo_after: 1352 kare, yüz %100  (6927 s)
  [2241/3540] 6473_IriunWebcam_after: 1352 kare, yüz %100  (6930 s)
  [2242/3540] 6473_FullHDwebcam_before: 1352 kare, yüz %100  (6933 s)
  [2243/3540] 6473_USBVideo_before: 1352 kare, yüz %100  (6936 s)
  [2244/3540] 6473_IriunWebcam_before: 1352 kare, yüz %100  (6938 s)
  [2245/3540] 6477_FullHDwebcam_after: 1352 kare, yüz %100  (6942 s)
  [2246/3540] 6477_USBVideo_after: 1352 kare, yüz %26  (6944 s)
  [2247/3540] 6477_IriunWebcam_after: 1353 kare, yüz %100  (6947 s)
  [2248/3540] 6477_FullHDwebcam_before: 1352 kare, yüz %100  (6950 s)
  [2249/3540] 6477_USBVideo_before: 1352 kare, yüz %37  (6953 s)
  [2250/3540] 6477_IriunWebcam_before: 1353 kare, yüz %100  (6954 s)
  [2251/3540] 6495_FullHDwebcam_after: 1352 kare, yüz %100  (6960 s)
  [2252/3540] 6495_USBVideo_after: 1352 kare, yüz %0  (6963 s)
  [2253/3540] 6495_IriunWebcam_after: 1353 kare, yüz %100  (6965 s)
  [2254/3540] 6495_FullHDwebcam_before: 1352 kare, yüz %100  (6969 s)
  [2255/3540] 6495_USBVideo_before: 1353 kare, yüz %0  (6973 s)
  [2256/3540] 6495_IriunWebcam_before: 1352 kare, yüz %100  (6974 s)
  [2257/3540] 6503_FullHDwebcam_after: 1352 kare, yüz %100  (6978 s)
  [2258/3540] 6503_USBVideo_after: 1352 kare, yüz %61  (6980 s)
  [2259/3540] 6503_IriunWebcam_after: 1353 kare, yüz %100  (6982 s)
  [2260/3540] 6503_FullHDwebcam_before: 1352 kare, yüz %86  (6986 s)
  [2261/3540] 6503_USBVideo_before: 1352 kare, yüz %30  (6989 s)
  [2262/3540] 6503_IriunWebcam_before: 1353 kare, yüz %100  (6991 s)
  [2263/3540] 6537_FullHDwebcam_after: 1352 kare, yüz %100  (6995 s)
  [2264/3540] 6537_USBVideo_after: 1352 kare, yüz %0  (6999 s)
  [2265/3540] 6537_IriunWebcam_after: 1353 kare, yüz %100  (7000 s)
  [2266/3540] 6537_FullHDwebcam_before: 1352 kare, yüz %100  (7005 s)
  [2267/3540] 6537_USBVideo_before: 1352 kare, yüz %2  (7006 s)
  [2268/3540] 6537_IriunWebcam_before: 1353 kare, yüz %100  (7010 s)
  [2269/3540] 6599_FullHDwebcam_after: 1352 kare, yüz %100  (7011 s)
  [2270/3540] 6599_IriunWebcam_after: 1352 kare, yüz %100  (7016 s)
  [2271/3540] 6599_USBVideo_after: 1352 kare, yüz %0  (7017 s)
  [2272/3540] 6599_FullHDwebcam_before: 1352 kare, yüz %100  (7023 s)
  [2273/3540] 6599_USBVideo_before: 1352 kare, yüz %0  (7025 s)
  [2274/3540] 6599_IriunWebcam_before: 1353 kare, yüz %97  (7028 s)
  [2275/3540] 6604_FullHDwebcam_after: 1352 kare, yüz %100  (7032 s)
  [2276/3540] 6604_USBVideo_after: 1352 kare, yüz %0  (7036 s)
  [2277/3540] 6604_IriunWebcam_after: 1352 kare, yüz %100  (7037 s)
  [2278/3540] 6604_FullHDwebcam_before: 1352 kare, yüz %95  (7042 s)
  [2279/3540] 6604_USBVideo_before: 1352 kare, yüz %30  (7044 s)
  [2280/3540] 6604_IriunWebcam_before: 1353 kare, yüz %80  (7047 s)
  [2281/3540] 6631_FullHDwebcam_after: 1352 kare, yüz %100  (7050 s)
  [2282/3540] 6631_USBVideo_after: 1353 kare, yüz %0  (7055 s)
  [2283/3540] 6631_IriunWebcam_after: 1352 kare, yüz %100  (7055 s)
  [2284/3540] 6631_FullHDwebcam_before: 1352 kare, yüz %93  (7062 s)
  [2285/3540] 6631_USBVideo_before: 1352 kare, yüz %7  (7062 s)
  [2286/3540] 6631_IriunWebcam_before: 1353 kare, yüz %92  (7067 s)
  [2287/3540] 6667_FullHDwebcam_after: 1352 kare, yüz %100  (7069 s)
  [2288/3540] 6667_USBVideo_after: 1352 kare, yüz %39  (7074 s)
  [2289/3540] 6667_IriunWebcam_after: 1352 kare, yüz %100  (7074 s)
  [2290/3540] 6667_FullHDwebcam_before: 1352 kare, yüz %100  (7080 s)
  [2291/3540] 6667_USBVideo_before: 1352 kare, yüz %0  (7082 s)
  [2292/3540] 6667_IriunWebcam_before: 1352 kare, yüz %100  (7086 s)
  [2293/3540] 6678_FullHDwebcam_after: 1352 kare, yüz %100  (7088 s)
  [2294/3540] 6678_IriunWebcam_after: 1352 kare, yüz %100  (7094 s)
  [2295/3540] 6678_USBVideo_after: 1352 kare, yüz %0  (7094 s)
  [2296/3540] 6678_FullHDwebcam_before: 1352 kare, yüz %100  (7102 s)
  [2297/3540] 6678_USBVideo_before: 1352 kare, yüz %0  (7103 s)
  [2298/3540] 6678_IriunWebcam_before: 1352 kare, yüz %100  (7108 s)
  [2299/3540] 6698_FullHDwebcam_after: 1352 kare, yüz %100  (7108 s)
  [2300/3540] 6698_IriunWebcam_after: 1353 kare, yüz %100  (7113 s)
  [2301/3540] 6698_USBVideo_after: 1352 kare, yüz %48  (7114 s)
  [2302/3540] 6698_FullHDwebcam_before: 1352 kare, yüz %100  (7118 s)
  [2303/3540] 6698_USBVideo_before: 1352 kare, yüz %50  (7119 s)
  [2304/3540] 6698_IriunWebcam_before: 1353 kare, yüz %100  (7122 s)
  [2305/3540] 6718_FullHDwebcam_after: 1352 kare, yüz %100  (7126 s)
  [2306/3540] 6718_USBVideo_after: 1353 kare, yüz %100  (7128 s)
  [2307/3540] 6718_IriunWebcam_after: 1353 kare, yüz %100  (7131 s)
  [2308/3540] 6718_FullHDwebcam_before: 1352 kare, yüz %100  (7135 s)
  [2309/3540] 6718_USBVideo_before: 1352 kare, yüz %100  (7137 s)
  [2310/3540] 6718_IriunWebcam_before: 1353 kare, yüz %100  (7140 s)
  [2311/3540] 6725_FullHDwebcam_after: 1352 kare, yüz %100  (7142 s)
  [2312/3540] 6725_USBVideo_after: 1352 kare, yüz %85  (7145 s)
  [2313/3540] 6725_IriunWebcam_after: 1353 kare, yüz %100  (7146 s)
  [2314/3540] 6725_FullHDwebcam_before: 1352 kare, yüz %100  (7149 s)
  [2315/3540] 6725_USBVideo_before: 1352 kare, yüz %96  (7151 s)
  [2316/3540] 6725_IriunWebcam_before: 1352 kare, yüz %100  (7154 s)
  [2317/3540] 6731_FullHDwebcam_after: 1352 kare, yüz %100  (7158 s)
  [2318/3540] 6731_USBVideo_after: 1352 kare, yüz %100  (7159 s)
  [2319/3540] 6731_IriunWebcam_after: 1352 kare, yüz %100  (7162 s)
  [2320/3540] 6731_FullHDwebcam_before: 1352 kare, yüz %100  (7166 s)
  [2321/3540] 6731_USBVideo_before: 1352 kare, yüz %100  (7168 s)
  [2322/3540] 6731_IriunWebcam_before: 1353 kare, yüz %100  (7170 s)
  [2323/3540] 6737_FullHDwebcam_after: 1352 kare, yüz %100  (7173 s)
  [2324/3540] 6737_IriunWebcam_after: 1352 kare, yüz %100  (7177 s)
  [2325/3540] 6737_USBVideo_after: 1352 kare, yüz %0  (7178 s)
  [2326/3540] 6737_FullHDwebcam_before: 1352 kare, yüz %100  (7183 s)
  [2327/3540] 6737_USBVideo_before: 1352 kare, yüz %0  (7185 s)
  [2328/3540] 6737_IriunWebcam_before: 1352 kare, yüz %100  (7187 s)
  [2329/3540] 6750_FullHDwebcam_after: 1352 kare, yüz %100  (7191 s)
  [2330/3540] 6750_USBVideo_after: 1352 kare, yüz %100  (7192 s)
  [2331/3540] 6750_IriunWebcam_after: 1353 kare, yüz %100  (7195 s)
  [2332/3540] 6750_FullHDwebcam_before: 1352 kare, yüz %100  (7198 s)
  [2333/3540] 6750_USBVideo_before: 1353 kare, yüz %100  (7200 s)
  [2334/3540] 6750_IriunWebcam_before: 1353 kare, yüz %100  (7202 s)
  [2335/3540] 6782_FullHDwebcam_after: 1352 kare, yüz %100  (7207 s)
  [2336/3540] 6782_USBVideo_after: 1352 kare, yüz %100  (7208 s)
  [2337/3540] 6782_IriunWebcam_after: 1352 kare, yüz %100  (7211 s)
  [2338/3540] 6782_FullHDwebcam_before: 1352 kare, yüz %100  (7215 s)
  [2339/3540] 6782_USBVideo_before: 1352 kare, yüz %100  (7218 s)
  [2340/3540] 6782_IriunWebcam_before: 1353 kare, yüz %100  (7220 s)
  [2341/3540] 6803_FullHDwebcam_after: 1352 kare, yüz %100  (7223 s)
  [2342/3540] 6803_USBVideo_after: 1352 kare, yüz %100  (7226 s)
  [2343/3540] 6803_IriunWebcam_after: 1353 kare, yüz %100  (7227 s)
  [2344/3540] 6803_FullHDwebcam_before: 1352 kare, yüz %100  (7231 s)
  [2345/3540] 6803_USBVideo_before: 1352 kare, yüz %89  (7233 s)
  [2346/3540] 6803_IriunWebcam_before: 1353 kare, yüz %100  (7235 s)
  [2347/3540] 6846_FullHDwebcam_after: 1352 kare, yüz %100  (7240 s)
  [2348/3540] 6846_USBVideo_after: 1352 kare, yüz %0  (7244 s)
  [2349/3540] 6846_IriunWebcam_after: 1353 kare, yüz %100  (7246 s)
  [2350/3540] 6846_FullHDwebcam_before: 1352 kare, yüz %100  (7250 s)
  [2351/3540] 6846_USBVideo_before: 1352 kare, yüz %7  (7253 s)
  [2352/3540] 6846_IriunWebcam_before: 1353 kare, yüz %100  (7256 s)
  [2353/3540] 6847_FullHDwebcam_after: 1352 kare, yüz %100  (7260 s)
  [2354/3540] 6847_USBVideo_after: 1352 kare, yüz %16  (7263 s)
  [2355/3540] 6847_IriunWebcam_after: 1352 kare, yüz %100  (7266 s)
  [2356/3540] 6847_FullHDwebcam_before: 1352 kare, yüz %100  (7270 s)
  [2357/3540] 6847_USBVideo_before: 1352 kare, yüz %0  (7274 s)
  [2358/3540] 6847_IriunWebcam_before: 1351 kare, yüz %100  (7276 s)
  [2359/3540] 6856_FullHDwebcam_after: 1352 kare, yüz %100  (7281 s)
  [2360/3540] 6856_USBVideo_after: 1353 kare, yüz %0  (7285 s)
  [2361/3540] 6856_IriunWebcam_after: 1353 kare, yüz %100  (7286 s)
  [2362/3540] 6856_FullHDwebcam_before: 1352 kare, yüz %100  (7291 s)
  [2363/3540] 6856_USBVideo_before: 1352 kare, yüz %0  (7295 s)
  [2364/3540] 6856_IriunWebcam_before: 1353 kare, yüz %36  (7296 s)
  [2365/3540] 6880_FullHDwebcam_after: 1352 kare, yüz %100  (7301 s)
  [2366/3540] 6880_USBVideo_after: 1352 kare, yüz %100  (7302 s)
  [2367/3540] 6880_IriunWebcam_after: 1352 kare, yüz %100  (7305 s)
  [2368/3540] 6880_FullHDwebcam_before: 1352 kare, yüz %100  (7308 s)
  [2369/3540] 6880_USBVideo_before: 1352 kare, yüz %100  (7311 s)
  [2370/3540] 6880_IriunWebcam_before: 1353 kare, yüz %100  (7312 s)
  [2371/3540] 6916_FullHDwebcam_after: 1352 kare, yüz %100  (7317 s)
  [2372/3540] 6916_USBVideo_after: 1352 kare, yüz %100  (7318 s)
  [2373/3540] 6916_IriunWebcam_after: 1353 kare, yüz %100  (7321 s)
  [2374/3540] 6916_FullHDwebcam_before: 1352 kare, yüz %100  (7323 s)
  [2375/3540] 6916_USBVideo_before: 1353 kare, yüz %100  (7326 s)
  [2376/3540] 6916_IriunWebcam_before: 1352 kare, yüz %100  (7326 s)
  [2377/3540] 6923_FullHDwebcam_after: 1352 kare, yüz %100  (7332 s)
  [2378/3540] 6923_USBVideo_after: 1353 kare, yüz %0  (7334 s)
  [2379/3540] 6923_IriunWebcam_after: 1352 kare, yüz %100  (7337 s)
  [2380/3540] 6923_FullHDwebcam_before: 1352 kare, yüz %100  (7340 s)
  [2381/3540] 6923_IriunWebcam_before: 1352 kare, yüz %100  (7345 s)
  [2382/3540] 6923_USBVideo_before: 1352 kare, yüz %0  (7346 s)
  [2383/3540] 6968_FullHDwebcam_after: 1352 kare, yüz %100  (7352 s)
  [2384/3540] 6968_USBVideo_after: 1352 kare, yüz %11  (7352 s)
  [2385/3540] 6968_IriunWebcam_after: 1353 kare, yüz %100  (7357 s)
  [2386/3540] 6968_FullHDwebcam_before: 1352 kare, yüz %95  (7357 s)
  [2387/3540] 6968_IriunWebcam_before: 1352 kare, yüz %100  (7362 s)
  [2388/3540] 6968_USBVideo_before: 1352 kare, yüz %0  (7363 s)
  [2389/3540] 6974_FullHDwebcam_after: 1352 kare, yüz %100  (7368 s)
  [2390/3540] 6974_USBVideo_after: 1352 kare, yüz %0  (7372 s)
  [2391/3540] 6974_IriunWebcam_after: 1352 kare, yüz %100  (7373 s)
  [2392/3540] 6974_FullHDwebcam_before: 1352 kare, yüz %100  (7377 s)
  [2393/3540] 6974_USBVideo_before: 1352 kare, yüz %7  (7380 s)
  [2394/3540] 6974_IriunWebcam_before: 1353 kare, yüz %100  (7382 s)
  [2395/3540] 6987_FullHDwebcam_after: 1352 kare, yüz %100  (7385 s)
  [2396/3540] 6987_USBVideo_after: 1352 kare, yüz %0  (7389 s)
  [2397/3540] 6987_IriunWebcam_after: 1352 kare, yüz %100  (7390 s)
  [2398/3540] 6987_FullHDwebcam_before: 1352 kare, yüz %100  (7394 s)
  [2399/3540] 6987_USBVideo_before: 1352 kare, yüz %0  (7397 s)
  [2400/3540] 6987_IriunWebcam_before: 1352 kare, yüz %100  (7399 s)
  [2401/3540] 6993_FullHDwebcam_after: 1352 kare, yüz %100  (7404 s)
  [2402/3540] 6993_USBVideo_after: 1352 kare, yüz %2  (7408 s)
  [2403/3540] 6993_IriunWebcam_after: 1352 kare, yüz %100  (7409 s)
  [2404/3540] 6993_FullHDwebcam_before: 1352 kare, yüz %100  (7413 s)
  [2405/3540] 6993_USBVideo_before: 1352 kare, yüz %0  (7416 s)
  [2406/3540] 6993_IriunWebcam_before: 1353 kare, yüz %100  (7417 s)
  [2407/3540] 7006_FullHDwebcam_after: 1352 kare, yüz %100  (7422 s)
  [2408/3540] 7006_USBVideo_after: 1352 kare, yüz %100  (7423 s)
  [2409/3540] 7006_IriunWebcam_after: 1352 kare, yüz %100  (7426 s)
  [2410/3540] 7006_FullHDwebcam_before: 1352 kare, yüz %100  (7430 s)
  [2411/3540] 7006_USBVideo_before: 1352 kare, yüz %100  (7432 s)
  [2412/3540] 7006_IriunWebcam_before: 1352 kare, yüz %100  (7435 s)
  [2413/3540] 7047_FullHDwebcam_after: 1352 kare, yüz %100  (7438 s)
  [2414/3540] 7047_USBVideo_after: 1352 kare, yüz %100  (7440 s)
  [2415/3540] 7047_IriunWebcam_after: 1352 kare, yüz %100  (7442 s)
  [2416/3540] 7047_FullHDwebcam_before: 1352 kare, yüz %100  (7445 s)
  [2417/3540] 7047_USBVideo_before: 1352 kare, yüz %100  (7447 s)
  [2418/3540] 7047_IriunWebcam_before: 1353 kare, yüz %100  (7450 s)
  [2419/3540] 7048_FullHDwebcam_after: 1352 kare, yüz %100  (7455 s)
  [2420/3540] 7048_USBVideo_after: 1352 kare, yüz %100  (7455 s)
  [2421/3540] 7048_IriunWebcam_after: 1352 kare, yüz %100  (7459 s)
  [2422/3540] 7048_FullHDwebcam_before: 1352 kare, yüz %100  (7461 s)
  [2423/3540] 7048_USBVideo_before: 1352 kare, yüz %100  (7464 s)
  [2424/3540] 7048_IriunWebcam_before: 1353 kare, yüz %100  (7466 s)
  [2425/3540] 7050_FullHDwebcam_after: 1352 kare, yüz %100  (7470 s)
  [2426/3540] 7050_USBVideo_after: 1353 kare, yüz %100  (7471 s)
  [2427/3540] 7050_IriunWebcam_after: 1353 kare, yüz %100  (7475 s)
  [2428/3540] 7050_FullHDwebcam_before: 1352 kare, yüz %100  (7477 s)
  [2429/3540] 7050_USBVideo_before: 1352 kare, yüz %100  (7480 s)
  [2430/3540] 7050_IriunWebcam_before: 1353 kare, yüz %100  (7482 s)
  [2431/3540] 7056_FullHDwebcam_after: 1352 kare, yüz %100  (7487 s)
  [2432/3540] 7056_USBVideo_after: 1352 kare, yüz %100  (7487 s)
  [2433/3540] 7056_IriunWebcam_after: 1353 kare, yüz %100  (7492 s)
  [2434/3540] 7056_FullHDwebcam_before: 1352 kare, yüz %100  (7494 s)
  [2435/3540] 7056_USBVideo_before: 1353 kare, yüz %100  (7498 s)
  [2436/3540] 7056_IriunWebcam_before: 1353 kare, yüz %100  (7498 s)
  [2437/3540] 7069_FullHDwebcam_after: 1352 kare, yüz %100  (7504 s)
  [2438/3540] 7069_USBVideo_after: 1352 kare, yüz %11  (7504 s)
  [2439/3540] 7069_IriunWebcam_after: 1353 kare, yüz %100  (7509 s)
  [2440/3540] 7069_FullHDwebcam_before: 1352 kare, yüz %100  (7510 s)
  [2441/3540] 7069_USBVideo_before: 1352 kare, yüz %82  (7515 s)
  [2442/3540] 7069_IriunWebcam_before: 1352 kare, yüz %100  (7516 s)
  [2443/3540] 7082_FullHDwebcam_after: 1352 kare, yüz %100  (7521 s)
  [2444/3540] 7082_USBVideo_after: 1353 kare, yüz %0  (7523 s)
  [2445/3540] 7082_IriunWebcam_after: 1352 kare, yüz %100  (7525 s)
  [2446/3540] 7082_FullHDwebcam_before: 1352 kare, yüz %96  (7529 s)
  [2447/3540] 7082_USBVideo_before: 1352 kare, yüz %41  (7533 s)
  [2448/3540] 7082_IriunWebcam_before: 1352 kare, yüz %95  (7535 s)
  [2449/3540] 7137_FullHDwebcam_after: 1352 kare, yüz %100  (7539 s)
  [2450/3540] 7137_USBVideo_after: 1352 kare, yüz %100  (7541 s)
  [2451/3540] 7137_IriunWebcam_after: 1352 kare, yüz %100  (7544 s)
  [2452/3540] 7137_FullHDwebcam_before: 1352 kare, yüz %100  (7547 s)
  [2453/3540] 7137_USBVideo_before: 1352 kare, yüz %100  (7550 s)
  [2454/3540] 7137_IriunWebcam_before: 1353 kare, yüz %100  (7551 s)
  [2455/3540] 7142_FullHDwebcam_after: 1352 kare, yüz %100  (7557 s)
  [2456/3540] 7142_USBVideo_after: 1352 kare, yüz %4  (7559 s)
  [2457/3540] 7142_IriunWebcam_after: 1353 kare, yüz %100  (7564 s)
  [2458/3540] 7142_FullHDwebcam_before: 1352 kare, yüz %100  (7566 s)
  [2459/3540] 7142_IriunWebcam_before: 1352 kare, yüz %100  (7571 s)
  [2460/3540] 7142_USBVideo_before: 1352 kare, yüz %0  (7572 s)
  [2461/3540] 7151_FullHDwebcam_after: 1352 kare, yüz %100  (7577 s)
  [2462/3540] 7151_USBVideo_after: 1352 kare, yüz %100  (7579 s)
  [2463/3540] 7151_IriunWebcam_after: 1351 kare, yüz %100  (7582 s)
  [2464/3540] 7151_FullHDwebcam_before: 1352 kare, yüz %100  (7584 s)
  [2465/3540] 7151_USBVideo_before: 1352 kare, yüz %100  (7587 s)
  [2466/3540] 7151_IriunWebcam_before: 1352 kare, yüz %100  (7588 s)
  [2467/3540] 7165_FullHDwebcam_after: 1352 kare, yüz %100  (7593 s)
  [2468/3540] 7165_USBVideo_after: 1352 kare, yüz %0  (7597 s)
  [2469/3540] 7165_IriunWebcam_after: 1352 kare, yüz %100  (7599 s)
  [2470/3540] 7165_FullHDwebcam_before: 1352 kare, yüz %100  (7602 s)
  [2471/3540] 7165_USBVideo_before: 1352 kare, yüz %59  (7604 s)
  [2472/3540] 7165_IriunWebcam_before: 1352 kare, yüz %100  (7607 s)
  [2473/3540] 7176_FullHDwebcam_after: 1352 kare, yüz %100  (7612 s)
  [2474/3540] 7176_USBVideo_after: 1352 kare, yüz %48  (7612 s)
  [2475/3540] 7176_IriunWebcam_after: 1353 kare, yüz %100  (7617 s)
  [2476/3540] 7176_FullHDwebcam_before: 1352 kare, yüz %98  (7619 s)
  [2477/3540] 7176_USBVideo_before: 1353 kare, yüz %35  (7622 s)
  [2478/3540] 7176_IriunWebcam_before: 1353 kare, yüz %100  (7624 s)
  [2479/3540] 7185_FullHDwebcam_after: 1352 kare, yüz %100  (7628 s)
  [2480/3540] 7185_USBVideo_after: 1352 kare, yüz %0  (7632 s)
  [2481/3540] 7185_IriunWebcam_after: 1352 kare, yüz %100  (7633 s)
  [2482/3540] 7185_FullHDwebcam_before: 1352 kare, yüz %100  (7638 s)
  [2483/3540] 7185_USBVideo_before: 1352 kare, yüz %9  (7639 s)
  [2484/3540] 7185_IriunWebcam_before: 1352 kare, yüz %100  (7645 s)
  [2485/3540] 7186_FullHDwebcam_after: 1352 kare, yüz %100  (7646 s)
  [2486/3540] 7186_USBVideo_after: 1352 kare, yüz %100  (7650 s)
  [2487/3540] 7186_IriunWebcam_after: 1353 kare, yüz %100  (7651 s)
  [2488/3540] 7186_USBVideo_before: 1353 kare, yüz %100  (7657 s)
  [2489/3540] 7186_FullHDwebcam_before: 1352 kare, yüz %100  (7658 s)
  [2490/3540] 7186_IriunWebcam_before: 1352 kare, yüz %100  (7662 s)
  [2491/3540] 7187_FullHDwebcam_after: 1352 kare, yüz %98  (7664 s)
  [2492/3540] 7187_USBVideo_after: 1352 kare, yüz %96  (7669 s)
  [2493/3540] 7187_IriunWebcam_after: 1352 kare, yüz %97  (7669 s)
  [2494/3540] 7187_FullHDwebcam_before: 1352 kare, yüz %100  (7675 s)
  [2495/3540] 7187_USBVideo_before: 1352 kare, yüz %91  (7676 s)
  [2496/3540] 7187_IriunWebcam_before: 1352 kare, yüz %100  (7681 s)
  [2497/3540] 7211_FullHDwebcam_after: 1352 kare, yüz %100  (7681 s)
  [2498/3540] 7211_IriunWebcam_after: 1353 kare, yüz %100  (7686 s)
  [2499/3540] 7211_USBVideo_after: 1352 kare, yüz %15  (7687 s)
  [2500/3540] 7211_FullHDwebcam_before: 1352 kare, yüz %100  (7692 s)
  [2501/3540] 7211_USBVideo_before: 1354 kare, yüz %0  (7695 s)
  [2502/3540] 7211_IriunWebcam_before: 1353 kare, yüz %100  (7697 s)
  [2503/3540] 7222_FullHDwebcam_after: 1352 kare, yüz %100  (7702 s)
  [2504/3540] 7222_USBVideo_after: 1352 kare, yüz %100  (7703 s)
  [2505/3540] 7222_IriunWebcam_after: 1353 kare, yüz %100  (7707 s)
  [2506/3540] 7222_FullHDwebcam_before: 1352 kare, yüz %100  (7710 s)
  [2507/3540] 7222_USBVideo_before: 1352 kare, yüz %100  (7712 s)
  [2508/3540] 7222_IriunWebcam_before: 1353 kare, yüz %100  (7715 s)
  [2509/3540] 7231_FullHDwebcam_after: 1352 kare, yüz %100  (7718 s)
  [2510/3540] 7231_USBVideo_after: 1353 kare, yüz %0  (7723 s)
  [2511/3540] 7231_IriunWebcam_after: 1353 kare, yüz %100  (7723 s)
  [2512/3540] 7231_FullHDwebcam_before: 1352 kare, yüz %100  (7730 s)
  [2513/3540] 7231_USBVideo_before: 1352 kare, yüz %0  (7731 s)
  [2514/3540] 7231_IriunWebcam_before: 1353 kare, yüz %100  (7735 s)
  [2515/3540] 7233_FullHDwebcam_after: 1352 kare, yüz %100  (7737 s)
  [2516/3540] 7233_USBVideo_after: 1352 kare, yüz %100  (7741 s)
  [2517/3540] 7233_IriunWebcam_after: 1352 kare, yüz %100  (7741 s)
  [2518/3540] 7233_FullHDwebcam_before: 1352 kare, yüz %100  (7748 s)
  [2519/3540] 7233_USBVideo_before: 1352 kare, yüz %0  (7750 s)
  [2520/3540] 7233_IriunWebcam_before: 1352 kare, yüz %100  (7755 s)
  [2521/3540] 7248_FullHDwebcam_after: 1352 kare, yüz %100  (7757 s)
  [2522/3540] 7248_IriunWebcam_after: 1353 kare, yüz %100  (7763 s)
  [2523/3540] 7248_USBVideo_after: 1352 kare, yüz %0  (7764 s)
  [2524/3540] 7248_FullHDwebcam_before: 1352 kare, yüz %100  (7769 s)
  [2525/3540] 7248_USBVideo_before: 1352 kare, yüz %0  (7771 s)
  [2526/3540] 7248_IriunWebcam_before: 1353 kare, yüz %76  (7775 s)
  [2527/3540] 7279_FullHDwebcam_after: 1352 kare, yüz %100  (7778 s)
  [2528/3540] 7279_USBVideo_after: 1352 kare, yüz %100  (7780 s)
  [2529/3540] 7279_IriunWebcam_after: 1352 kare, yüz %100  (7784 s)
  [2530/3540] 7279_FullHDwebcam_before: 1352 kare, yüz %100  (7787 s)
  [2531/3540] 7279_USBVideo_before: 1352 kare, yüz %100  (7789 s)
  [2532/3540] 7279_IriunWebcam_before: 1352 kare, yüz %100  (7792 s)
  [2533/3540] 7280_FullHDwebcam_after: 1352 kare, yüz %100  (7796 s)
  [2534/3540] 7280_USBVideo_after: 1352 kare, yüz %100  (7799 s)
  [2535/3540] 7280_IriunWebcam_after: 1353 kare, yüz %100  (7801 s)
  [2536/3540] 7280_FullHDwebcam_before: 1352 kare, yüz %100  (7806 s)
  [2537/3540] 7280_USBVideo_before: 1352 kare, yüz %100  (7808 s)
  [2538/3540] 7280_IriunWebcam_before: 1353 kare, yüz %100  (7811 s)
  [2539/3540] 7362_FullHDwebcam_after: 1352 kare, yüz %100  (7814 s)
  [2540/3540] 7362_USBVideo_after: 1352 kare, yüz %100  (7817 s)
  [2541/3540] 7362_IriunWebcam_after: 1353 kare, yüz %100  (7819 s)
  [2542/3540] 7362_FullHDwebcam_before: 1352 kare, yüz %100  (7823 s)
  [2543/3540] 7362_USBVideo_before: 1353 kare, yüz %100  (7825 s)
  [2544/3540] 7362_IriunWebcam_before: 1352 kare, yüz %100  (7828 s)
  [2545/3540] 7376_FullHDwebcam_after: 1352 kare, yüz %100  (7830 s)
  [2546/3540] 7376_USBVideo_after: 1352 kare, yüz %100  (7833 s)
  [2547/3540] 7376_IriunWebcam_after: 1352 kare, yüz %100  (7834 s)
  [2548/3540] 7376_FullHDwebcam_before: 1352 kare, yüz %100  (7838 s)
  [2549/3540] 7376_USBVideo_before: 1352 kare, yüz %100  (7840 s)
  [2550/3540] 7376_IriunWebcam_before: 1352 kare, yüz %100  (7841 s)
  [2551/3540] 7380_FullHDwebcam_after: 1352 kare, yüz %100  (7846 s)
  [2552/3540] 7380_USBVideo_after: 1353 kare, yüz %0  (7849 s)
  [2553/3540] 7380_IriunWebcam_after: 1353 kare, yüz %97  (7852 s)
  [2554/3540] 7380_FullHDwebcam_before: 1352 kare, yüz %100  (7856 s)
  [2555/3540] 7380_USBVideo_before: 1353 kare, yüz %0  (7860 s)
  [2556/3540] 7380_IriunWebcam_before: 1352 kare, yüz %100  (7861 s)
  [2557/3540] 7396_FullHDwebcam_after: 1352 kare, yüz %100  (7867 s)
  [2558/3540] 7396_USBVideo_after: 1352 kare, yüz %96  (7867 s)
  [2559/3540] 7396_IriunWebcam_after: 1352 kare, yüz %100  (7872 s)
  [2560/3540] 7396_FullHDwebcam_before: 1352 kare, yüz %100  (7874 s)
  [2561/3540] 7396_USBVideo_before: 1352 kare, yüz %98  (7878 s)
  [2562/3540] 7396_IriunWebcam_before: 1353 kare, yüz %100  (7879 s)
  [2563/3540] 7412_FullHDwebcam_after: 1352 kare, yüz %100  (7885 s)
  [2564/3540] 7412_USBVideo_after: 1352 kare, yüz %0  (7889 s)
  [2565/3540] 7412_IriunWebcam_after: 1353 kare, yüz %100  (7890 s)
  [2566/3540] 7412_FullHDwebcam_before: 1352 kare, yüz %100  (7895 s)
  [2567/3540] 7412_USBVideo_before: 1352 kare, yüz %0  (7898 s)
  [2568/3540] 7412_IriunWebcam_before: 1352 kare, yüz %100  (7899 s)
  [2569/3540] 7437_FullHDwebcam_after: 1352 kare, yüz %100  (7903 s)
  [2570/3540] 7437_USBVideo_after: 1352 kare, yüz %100  (7905 s)
  [2571/3540] 7437_IriunWebcam_after: 1352 kare, yüz %100  (7908 s)
  [2572/3540] 7437_FullHDwebcam_before: 1352 kare, yüz %100  (7910 s)
  [2573/3540] 7437_USBVideo_before: 1352 kare, yüz %100  (7914 s)
  [2574/3540] 7437_IriunWebcam_before: 1352 kare, yüz %100  (7915 s)
  [2575/3540] 7445_FullHDwebcam_after: 1352 kare, yüz %100  (7920 s)
  [2576/3540] 7445_USBVideo_after: 1352 kare, yüz %100  (7921 s)
  [2577/3540] 7445_IriunWebcam_after: 1353 kare, yüz %100  (7924 s)
  [2578/3540] 7445_FullHDwebcam_before: 1352 kare, yüz %100  (7926 s)
  [2579/3540] 7445_USBVideo_before: 1352 kare, yüz %100  (7930 s)
  [2580/3540] 7445_IriunWebcam_before: 1352 kare, yüz %100  (7930 s)
  [2581/3540] 7456_FullHDwebcam_after: 1352 kare, yüz %100  (7936 s)
  [2582/3540] 7456_USBVideo_after: 1353 kare, yüz %0  (7939 s)
  [2583/3540] 7456_IriunWebcam_after: 1353 kare, yüz %100  (7942 s)
  [2584/3540] 7456_FullHDwebcam_before: 1352 kare, yüz %100  (7945 s)
  [2585/3540] 7456_USBVideo_before: 1353 kare, yüz %9  (7948 s)
  [2586/3540] 7456_IriunWebcam_before: 1353 kare, yüz %100  (7951 s)
  [2587/3540] 7473_FullHDwebcam_after: 1352 kare, yüz %100  (7956 s)
  [2588/3540] 7473_USBVideo_after: 1352 kare, yüz %100  (7957 s)
  [2589/3540] 7473_IriunWebcam_after: 1352 kare, yüz %100  (7961 s)
  [2590/3540] 7473_FullHDwebcam_before: 1352 kare, yüz %100  (7964 s)
  [2591/3540] 7473_USBVideo_before: 1352 kare, yüz %100  (7967 s)
  [2592/3540] 7473_IriunWebcam_before: 1353 kare, yüz %100  (7969 s)
  [2593/3540] 7509_FullHDwebcam_after: 1352 kare, yüz %100  (7973 s)
  [2594/3540] 7509_USBVideo_after: 1352 kare, yüz %0  (7977 s)
  [2595/3540] 7509_IriunWebcam_after: 1352 kare, yüz %100  (7978 s)
  [2596/3540] 7509_FullHDwebcam_before: 1352 kare, yüz %100  (7984 s)
  [2597/3540] 7509_USBVideo_before: 1352 kare, yüz %0  (7987 s)
  [2598/3540] 7509_IriunWebcam_before: 1353 kare, yüz %100  (7989 s)
  [2599/3540] 7514_FullHDwebcam_after: 1352 kare, yüz %100  (7992 s)
  [2600/3540] 7514_USBVideo_after: 1352 kare, yüz %100  (7995 s)
  [2601/3540] 7514_IriunWebcam_after: 1353 kare, yüz %100  (7997 s)
  [2602/3540] 7514_FullHDwebcam_before: 1352 kare, yüz %100  (8000 s)
  [2603/3540] 7514_USBVideo_before: 1352 kare, yüz %100  (8003 s)
  [2604/3540] 7514_IriunWebcam_before: 1353 kare, yüz %100  (8006 s)
  [2605/3540] 7519_FullHDwebcam_after: 1352 kare, yüz %100  (8009 s)
  [2606/3540] 7519_USBVideo_after: 1352 kare, yüz %100  (8011 s)
  [2607/3540] 7519_IriunWebcam_after: 1352 kare, yüz %100  (8013 s)
  [2608/3540] 7519_FullHDwebcam_before: 1352 kare, yüz %96  (8017 s)
  [2609/3540] 7519_USBVideo_before: 1352 kare, yüz %98  (8019 s)
  [2610/3540] 7519_IriunWebcam_before: 1352 kare, yüz %83  (8021 s)
  [2611/3540] 7520_FullHDwebcam_after: 1352 kare, yüz %100  (8026 s)
  [2612/3540] 7520_USBVideo_after: 1352 kare, yüz %100  (8027 s)
  [2613/3540] 7520_IriunWebcam_after: 1352 kare, yüz %100  (8031 s)
  [2614/3540] 7520_FullHDwebcam_before: 1352 kare, yüz %100  (8034 s)
  [2615/3540] 7520_USBVideo_before: 1352 kare, yüz %100  (8037 s)
  [2616/3540] 7520_IriunWebcam_before: 1352 kare, yüz %100  (8039 s)
  [2617/3540] 7539_FullHDwebcam_after: 1352 kare, yüz %89  (8043 s)
  [2618/3540] 7539_USBVideo_after: 1352 kare, yüz %87  (8044 s)
  [2619/3540] 7539_IriunWebcam_after: 1353 kare, yüz %89  (8047 s)
  [2620/3540] 7539_FullHDwebcam_before: 1352 kare, yüz %100  (8051 s)
  [2621/3540] 7539_USBVideo_before: 1352 kare, yüz %100  (8053 s)
  [2622/3540] 7539_IriunWebcam_before: 1352 kare, yüz %100  (8055 s)
  [2623/3540] 7542_FullHDwebcam_after: 1352 kare, yüz %100  (8059 s)
  [2624/3540] 7542_USBVideo_after: 1352 kare, yüz %100  (8061 s)
  [2625/3540] 7542_IriunWebcam_after: 1353 kare, yüz %97  (8065 s)
  [2626/3540] 7542_FullHDwebcam_before: 1352 kare, yüz %100  (8067 s)
  [2627/3540] 7542_USBVideo_before: 1352 kare, yüz %73  (8070 s)
  [2628/3540] 7542_IriunWebcam_before: 1353 kare, yüz %100  (8072 s)
  [2629/3540] 7557_FullHDwebcam_after: 1352 kare, yüz %100  (8077 s)
  [2630/3540] 7557_USBVideo_after: 1352 kare, yüz %83  (8079 s)
  [2631/3540] 7557_IriunWebcam_after: 1352 kare, yüz %100  (8082 s)
  [2632/3540] 7557_FullHDwebcam_before: 1352 kare, yüz %100  (8085 s)
  [2633/3540] 7557_USBVideo_before: 1352 kare, yüz %2  (8090 s)
  [2634/3540] 7557_IriunWebcam_before: 1352 kare, yüz %100  (8091 s)
  [2635/3540] 7568_USBVideo_after: 1352 kare, yüz %100  (8096 s)
  [2636/3540] 7568_FullHDwebcam_after: 1352 kare, yüz %100  (8097 s)
  [2637/3540] 7568_IriunWebcam_after: 1353 kare, yüz %100  (8101 s)
  [2638/3540] 7568_FullHDwebcam_before: 1352 kare, yüz %100  (8103 s)
  [2639/3540] 7568_USBVideo_before: 1352 kare, yüz %100  (8105 s)
  [2640/3540] 7568_IriunWebcam_before: 1353 kare, yüz %100  (8107 s)
  [2641/3540] 7570_FullHDwebcam_after: 1352 kare, yüz %100  (8111 s)
  [2642/3540] 7570_USBVideo_after: 1352 kare, yüz %0  (8115 s)
  [2643/3540] 7570_IriunWebcam_after: 1353 kare, yüz %100  (8116 s)
  [2644/3540] 7570_FullHDwebcam_before: 1352 kare, yüz %100  (8121 s)
  [2645/3540] 7570_USBVideo_before: 1352 kare, yüz %0  (8124 s)
  [2646/3540] 7570_IriunWebcam_before: 1353 kare, yüz %100  (8126 s)
  [2647/3540] 7576_FullHDwebcam_after: 1352 kare, yüz %100  (8130 s)
  [2648/3540] 7576_USBVideo_after: 1353 kare, yüz %100  (8131 s)
  [2649/3540] 7576_IriunWebcam_after: 1353 kare, yüz %100  (8135 s)
  [2650/3540] 7576_FullHDwebcam_before: 1352 kare, yüz %100  (8138 s)
  [2651/3540] 7576_USBVideo_before: 1352 kare, yüz %100  (8141 s)
  [2652/3540] 7576_IriunWebcam_before: 1353 kare, yüz %100  (8143 s)
  [2653/3540] 7596_FullHDwebcam_after: 1352 kare, yüz %100  (8146 s)
  [2654/3540] 7596_USBVideo_after: 1352 kare, yüz %0  (8150 s)
  [2655/3540] 7596_IriunWebcam_after: 1353 kare, yüz %100  (8151 s)
  [2656/3540] 7596_FullHDwebcam_before: 1352 kare, yüz %100  (8156 s)
  [2657/3540] 7596_USBVideo_before: 1352 kare, yüz %7  (8157 s)
  [2658/3540] 7596_IriunWebcam_before: 1353 kare, yüz %100  (8161 s)
  [2659/3540] 7598_FullHDwebcam_after: 1352 kare, yüz %100  (8163 s)
  [2660/3540] 7598_IriunWebcam_after: 1353 kare, yüz %100  (8168 s)
  [2661/3540] 7598_USBVideo_after: 1352 kare, yüz %0  (8169 s)
  [2662/3540] 7598_FullHDwebcam_before: 1352 kare, yüz %100  (8175 s)
  [2663/3540] 7598_USBVideo_before: 1352 kare, yüz %0  (8178 s)
  [2664/3540] 7598_IriunWebcam_before: 1352 kare, yüz %100  (8180 s)
  [2665/3540] 7601_FullHDwebcam_after: 1352 kare, yüz %100  (8183 s)
  [2666/3540] 7601_IriunWebcam_after: 1353 kare, yüz %100  (8188 s)
  [2667/3540] 7601_USBVideo_after: 1352 kare, yüz %0  (8188 s)
  [2668/3540] 7601_FullHDwebcam_before: 1352 kare, yüz %100  (8194 s)
  [2669/3540] 7601_USBVideo_before: 1352 kare, yüz %41  (8195 s)
  [2670/3540] 7601_IriunWebcam_before: 1353 kare, yüz %100  (8198 s)
  [2671/3540] 7604_FullHDwebcam_after: 1353 kare, yüz %100  (8201 s)
  [2672/3540] 7604_USBVideo_after: 1352 kare, yüz %98  (8203 s)
  [2673/3540] 7604_IriunWebcam_after: 1352 kare, yüz %100  (8206 s)
  [2674/3540] 7604_FullHDwebcam_before: 1352 kare, yüz %100  (8210 s)
  [2675/3540] 7604_USBVideo_before: 1353 kare, yüz %100  (8211 s)
  [2676/3540] 7604_IriunWebcam_before: 1353 kare, yüz %100  (8214 s)
  [2677/3540] 7626_FullHDwebcam_after: 1352 kare, yüz %100  (8217 s)
  [2678/3540] 7626_IriunWebcam_after: 1352 kare, yüz %100  (8222 s)
  [2679/3540] 7626_USBVideo_after: 1353 kare, yüz %0  (8222 s)
  [2680/3540] 7626_FullHDwebcam_before: 1352 kare, yüz %100  (8227 s)
  [2681/3540] 7626_USBVideo_before: 1352 kare, yüz %0  (8229 s)
  [2682/3540] 7626_IriunWebcam_before: 1353 kare, yüz %100  (8231 s)
  [2683/3540] 7628_FullHDwebcam_after: 1352 kare, yüz %100  (8234 s)
  [2684/3540] 7628_USBVideo_after: 1353 kare, yüz %15  (8238 s)
  [2685/3540] 7628_IriunWebcam_after: 1352 kare, yüz %100  (8238 s)
  [2686/3540] 7628_FullHDwebcam_before: 1352 kare, yüz %100  (8243 s)
  [2687/3540] 7628_USBVideo_before: 1352 kare, yüz %0  (8245 s)
  [2688/3540] 7628_IriunWebcam_before: 1352 kare, yüz %100  (8247 s)
  [2689/3540] 7637_FullHDwebcam_after: 1352 kare, yüz %100  (8253 s)
  [2690/3540] 7637_USBVideo_after: 1353 kare, yüz %0  (8255 s)
  [2691/3540] 7637_IriunWebcam_after: 1352 kare, yüz %100  (8258 s)
  [2692/3540] 7637_FullHDwebcam_before: 1352 kare, yüz %100  (8263 s)
  [2693/3540] 7637_USBVideo_before: 1352 kare, yüz %0  (8267 s)
  [2694/3540] 7637_IriunWebcam_before: 1353 kare, yüz %100  (8269 s)
  [2695/3540] 7685_FullHDwebcam_after: 1352 kare, yüz %100  (8273 s)
  [2696/3540] 7685_USBVideo_after: 1352 kare, yüz %0  (8276 s)
  [2697/3540] 7685_IriunWebcam_after: 1352 kare, yüz %100  (8278 s)
  [2698/3540] 7685_FullHDwebcam_before: 1352 kare, yüz %100  (8283 s)
  [2699/3540] 7685_USBVideo_before: 1352 kare, yüz %0  (8286 s)
  [2700/3540] 7685_IriunWebcam_before: 1351 kare, yüz %100  (8288 s)
  [2701/3540] 7695_FullHDwebcam_after: 1352 kare, yüz %100  (8293 s)
  [2702/3540] 7695_USBVideo_after: 1353 kare, yüz %0  (8297 s)
  [2703/3540] 7695_IriunWebcam_after: 1353 kare, yüz %100  (8298 s)
  [2704/3540] 7695_FullHDwebcam_before: 1352 kare, yüz %100  (8304 s)
  [2705/3540] 7695_USBVideo_before: 1352 kare, yüz %0  (8306 s)
  [2706/3540] 7695_IriunWebcam_before: 1352 kare, yüz %100  (8309 s)
  [2707/3540] 7736_FullHDwebcam_after: 1352 kare, yüz %100  (8313 s)
  [2708/3540] 7736_USBVideo_after: 1352 kare, yüz %0  (8317 s)
  [2709/3540] 7736_IriunWebcam_after: 1352 kare, yüz %100  (8318 s)
  [2710/3540] 7736_FullHDwebcam_before: 1352 kare, yüz %100  (8324 s)
  [2711/3540] 7736_USBVideo_before: 1352 kare, yüz %33  (8324 s)
  [2712/3540] 7736_IriunWebcam_before: 1352 kare, yüz %97  (8329 s)
  [2713/3540] 7748_FullHDwebcam_after: 1352 kare, yüz %100  (8334 s)
  [2714/3540] 7748_USBVideo_after: 1352 kare, yüz %100  (8335 s)
  [2715/3540] 7748_IriunWebcam_after: 1353 kare, yüz %100  (8339 s)
  [2716/3540] 7748_FullHDwebcam_before: 1352 kare, yüz %100  (8342 s)
  [2717/3540] 7748_USBVideo_before: 1352 kare, yüz %100  (8345 s)
  [2718/3540] 7748_IriunWebcam_before: 1352 kare, yüz %100  (8347 s)
  [2719/3540] 7759_FullHDwebcam_after: 1352 kare, yüz %100  (8351 s)
  [2720/3540] 7759_USBVideo_after: 1352 kare, yüz %100  (8352 s)
  [2721/3540] 7759_IriunWebcam_after: 1353 kare, yüz %100  (8355 s)
  [2722/3540] 7759_FullHDwebcam_before: 1352 kare, yüz %100  (8359 s)
  [2723/3540] 7759_USBVideo_before: 1352 kare, yüz %100  (8360 s)
  [2724/3540] 7759_IriunWebcam_before: 1352 kare, yüz %100  (8364 s)
  [2725/3540] 7769_FullHDwebcam_after: 1352 kare, yüz %100  (8366 s)
  [2726/3540] 7769_USBVideo_after: 1352 kare, yüz %100  (8369 s)
  [2727/3540] 7769_IriunWebcam_after: 1352 kare, yüz %100  (8371 s)
  [2728/3540] 7769_FullHDwebcam_before: 1352 kare, yüz %100  (8375 s)
  [2729/3540] 7769_USBVideo_before: 1352 kare, yüz %100  (8376 s)
  [2730/3540] 7769_IriunWebcam_before: 1352 kare, yüz %100  (8380 s)
  [2731/3540] 7788_FullHDwebcam_after: 1352 kare, yüz %100  (8381 s)
  [2732/3540] 7788_USBVideo_after: 1352 kare, yüz %100  (8386 s)
  [2733/3540] 7788_IriunWebcam_after: 1353 kare, yüz %100  (8386 s)
  [2734/3540] 7788_FullHDwebcam_before: 1352 kare, yüz %100  (8392 s)
  [2735/3540] 7788_USBVideo_before: 1352 kare, yüz %100  (8392 s)
  [2736/3540] 7788_IriunWebcam_before: 1353 kare, yüz %100  (8396 s)
  [2737/3540] 7793_FullHDwebcam_after: 1352 kare, yüz %100  (8398 s)
  [2738/3540] 7793_IriunWebcam_after: 1352 kare, yüz %100  (8402 s)
  [2739/3540] 7793_USBVideo_after: 1352 kare, yüz %0  (8404 s)
  [2740/3540] 7793_USBVideo_before: 1352 kare, yüz %7  (8409 s)
  [2741/3540] 7793_FullHDwebcam_before: 1352 kare, yüz %100  (8411 s)
  [2742/3540] 7793_IriunWebcam_before: 1352 kare, yüz %100  (8414 s)
  [2743/3540] 7831_FullHDwebcam_after: 1352 kare, yüz %100  (8416 s)
  [2744/3540] 7831_USBVideo_after: 1353 kare, yüz %96  (8419 s)
  [2745/3540] 7831_IriunWebcam_after: 1353 kare, yüz %100  (8421 s)
  [2746/3540] 7831_FullHDwebcam_before: 1352 kare, yüz %100  (8425 s)
  [2747/3540] 7831_USBVideo_before: 1352 kare, yüz %4  (8430 s)
  [2748/3540] 7831_IriunWebcam_before: 1352 kare, yüz %100  (8430 s)
  [2749/3540] 7864_FullHDwebcam_after: 1352 kare, yüz %100  (8436 s)
  [2750/3540] 7864_USBVideo_after: 1352 kare, yüz %100  (8436 s)
  [2751/3540] 7864_IriunWebcam_after: 1353 kare, yüz %100  (8441 s)
  [2752/3540] 7864_FullHDwebcam_before: 1352 kare, yüz %100  (8445 s)
  [2753/3540] 7864_USBVideo_before: 1352 kare, yüz %2  (8448 s)
  [2754/3540] 7864_IriunWebcam_before: 1352 kare, yüz %94  (8451 s)
  [2755/3540] 7865_FullHDwebcam_after: 1352 kare, yüz %100  (8454 s)
  [2756/3540] 7865_USBVideo_after: 1353 kare, yüz %7  (8458 s)
  [2757/3540] 7865_IriunWebcam_after: 1353 kare, yüz %95  (8459 s)
  [2758/3540] 7865_FullHDwebcam_before: 1352 kare, yüz %100  (8464 s)
  [2759/3540] 7865_USBVideo_before: 1353 kare, yüz %0  (8466 s)
  [2760/3540] 7865_IriunWebcam_before: 1353 kare, yüz %100  (8469 s)
  [2761/3540] 7878_FullHDwebcam_after: 1352 kare, yüz %100  (8474 s)
  [2762/3540] 7878_USBVideo_after: 1352 kare, yüz %0  (8478 s)
  [2763/3540] 7878_IriunWebcam_after: 1352 kare, yüz %100  (8480 s)
  [2764/3540] 7878_FullHDwebcam_before: 1352 kare, yüz %100  (8485 s)
  [2765/3540] 7878_USBVideo_before: 1352 kare, yüz %0  (8489 s)
  [2766/3540] 7878_IriunWebcam_before: 1353 kare, yüz %100  (8491 s)
  [2767/3540] 7889_FullHDwebcam_after: 1352 kare, yüz %100  (8495 s)
  [2768/3540] 7889_IriunWebcam_after: 1352 kare, yüz %100  (8500 s)
  [2769/3540] 7889_USBVideo_after: 1352 kare, yüz %0  (8500 s)
  [2770/3540] 7889_FullHDwebcam_before: 1352 kare, yüz %100  (8507 s)
  [2771/3540] 7889_USBVideo_before: 1352 kare, yüz %0  (8509 s)
  [2772/3540] 7889_IriunWebcam_before: 1353 kare, yüz %100  (8511 s)
  [2773/3540] 7901_FullHDwebcam_after: 1352 kare, yüz %100  (8515 s)
  [2774/3540] 7901_USBVideo_after: 1352 kare, yüz %100  (8517 s)
  [2775/3540] 7901_IriunWebcam_after: 1352 kare, yüz %100  (8519 s)
  [2776/3540] 7901_FullHDwebcam_before: 1352 kare, yüz %100  (8523 s)
  [2777/3540] 7901_USBVideo_before: 1352 kare, yüz %100  (8525 s)
  [2778/3540] 7901_IriunWebcam_before: 1353 kare, yüz %100  (8528 s)
  [2779/3540] 7927_FullHDwebcam_after: 1352 kare, yüz %100  (8532 s)
  [2780/3540] 7927_USBVideo_after: 1352 kare, yüz %100  (8534 s)
  [2781/3540] 7927_IriunWebcam_after: 1351 kare, yüz %100  (8537 s)
  [2782/3540] 7927_FullHDwebcam_before: 1352 kare, yüz %100  (8542 s)
  [2783/3540] 7927_USBVideo_before: 1352 kare, yüz %100  (8543 s)
  [2784/3540] 7927_IriunWebcam_before: 1352 kare, yüz %100  (8547 s)
  [2785/3540] 7928_FullHDwebcam_after: 1352 kare, yüz %100  (8548 s)
  [2786/3540] 7928_IriunWebcam_after: 1352 kare, yüz %100  (8553 s)
  [2787/3540] 7928_USBVideo_after: 1352 kare, yüz %100  (8553 s)
  [2788/3540] 7928_FullHDwebcam_before: 1352 kare, yüz %100  (8558 s)
  [2789/3540] 7928_USBVideo_before: 1352 kare, yüz %100  (8559 s)
  [2790/3540] 7928_IriunWebcam_before: 1353 kare, yüz %100  (8563 s)
  [2791/3540] 7942_FullHDwebcam_after: 1352 kare, yüz %100  (8566 s)
  [2792/3540] 7942_USBVideo_after: 1352 kare, yüz %93  (8568 s)
  [2793/3540] 7942_IriunWebcam_after: 1352 kare, yüz %100  (8571 s)
  [2794/3540] 7942_FullHDwebcam_before: 1352 kare, yüz %100  (8575 s)
  [2795/3540] 7942_USBVideo_before: 1352 kare, yüz %100  (8576 s)
  [2796/3540] 7942_IriunWebcam_before: 1353 kare, yüz %100  (8580 s)
  [2797/3540] 7957_FullHDwebcam_after: 1352 kare, yüz %100  (8582 s)
  [2798/3540] 7957_IriunWebcam_after: 1352 kare, yüz %100  (8586 s)
  [2799/3540] 7957_USBVideo_after: 1352 kare, yüz %0  (8587 s)
  [2800/3540] 7957_FullHDwebcam_before: 1352 kare, yüz %100  (8592 s)
  [2801/3540] 7957_USBVideo_before: 1352 kare, yüz %0  (8595 s)
  [2802/3540] 7957_IriunWebcam_before: 1352 kare, yüz %100  (8597 s)
  [2803/3540] 7959_FullHDwebcam_after: 1352 kare, yüz %100  (8602 s)
  [2804/3540] 7959_USBVideo_after: 1352 kare, yüz %100  (8603 s)
  [2805/3540] 7959_IriunWebcam_after: 1353 kare, yüz %100  (8608 s)
  [2806/3540] 7959_FullHDwebcam_before: 1352 kare, yüz %100  (8610 s)
  [2807/3540] 7959_USBVideo_before: 1352 kare, yüz %100  (8613 s)
  [2808/3540] 7959_IriunWebcam_before: 1353 kare, yüz %100  (8614 s)
  [2809/3540] 7969_FullHDwebcam_after: 1352 kare, yüz %100  (8620 s)
  [2810/3540] 7969_USBVideo_after: 1352 kare, yüz %0  (8623 s)
  [2811/3540] 7969_IriunWebcam_after: 1353 kare, yüz %100  (8625 s)
  [2812/3540] 7969_FullHDwebcam_before: 1352 kare, yüz %100  (8629 s)
  [2813/3540] 7969_USBVideo_before: 1352 kare, yüz %0  (8633 s)
  [2814/3540] 7969_IriunWebcam_before: 1352 kare, yüz %100  (8634 s)
  [2815/3540] 7983_FullHDwebcam_after: 1352 kare, yüz %100  (8640 s)
  [2816/3540] 7983_USBVideo_after: 1353 kare, yüz %9  (8641 s)
  [2817/3540] 7983_IriunWebcam_after: 1351 kare, yüz %100  (8645 s)
  [2818/3540] 7983_FullHDwebcam_before: 1352 kare, yüz %100  (8647 s)
  [2819/3540] 7983_IriunWebcam_before: 1352 kare, yüz %100  (8653 s)
  [2820/3540] 7983_USBVideo_before: 1352 kare, yüz %0  (8655 s)
  [2821/3540] 7997_FullHDwebcam_after: 1352 kare, yüz %100  (8658 s)
  [2822/3540] 7997_USBVideo_after: 1352 kare, yüz %80  (8660 s)
  [2823/3540] 7997_IriunWebcam_after: 1353 kare, yüz %100  (8662 s)
  [2824/3540] 7997_FullHDwebcam_before: 1352 kare, yüz %100  (8666 s)
  [2825/3540] 7997_USBVideo_before: 1352 kare, yüz %61  (8668 s)
  [2826/3540] 7997_IriunWebcam_before: 1353 kare, yüz %100  (8670 s)
  [2827/3540] 8001_USBVideo_after: 1352 kare, yüz %67  (8675 s)
  [2828/3540] 8001_FullHDwebcam_after: 1352 kare, yüz %78  (8675 s)
  [2829/3540] 8001_IriunWebcam_after: 1352 kare, yüz %49  (8680 s)
  [2830/3540] 8001_FullHDwebcam_before: 1352 kare, yüz %83  (8682 s)
  [2831/3540] 8001_USBVideo_before: 1352 kare, yüz %54  (8685 s)
  [2832/3540] 8001_IriunWebcam_before: 1352 kare, yüz %94  (8686 s)
  [2833/3540] 8009_FullHDwebcam_after: 1352 kare, yüz %100  (8690 s)
  [2834/3540] 8009_USBVideo_after: 1352 kare, yüz %96  (8691 s)
  [2835/3540] 8009_IriunWebcam_after: 1353 kare, yüz %97  (8695 s)
  [2836/3540] 8009_FullHDwebcam_before: 1352 kare, yüz %100  (8697 s)
  [2837/3540] 8009_USBVideo_before: 1353 kare, yüz %100  (8700 s)
  [2838/3540] 8009_IriunWebcam_before: 1352 kare, yüz %100  (8701 s)
  [2839/3540] 8021_FullHDwebcam_after: 1352 kare, yüz %100  (8706 s)
  [2840/3540] 8021_USBVideo_after: 1352 kare, yüz %11  (8708 s)
  [2841/3540] 8021_IriunWebcam_after: 1352 kare, yüz %100  (8711 s)
  [2842/3540] 8021_FullHDwebcam_before: 1352 kare, yüz %100  (8714 s)
  [2843/3540] 8021_USBVideo_before: 1352 kare, yüz %7  (8717 s)
  [2844/3540] 8021_IriunWebcam_before: 1352 kare, yüz %100  (8719 s)
  [2845/3540] 8147_FullHDwebcam_after: 1352 kare, yüz %100  (8722 s)
  [2846/3540] 8147_USBVideo_after: 1352 kare, yüz %100  (8724 s)
  [2847/3540] 8147_IriunWebcam_after: 1352 kare, yüz %100  (8727 s)
  [2848/3540] 8147_FullHDwebcam_before: 1352 kare, yüz %100  (8729 s)
  [2849/3540] 8147_USBVideo_before: 1352 kare, yüz %100  (8732 s)
  [2850/3540] 8147_IriunWebcam_before: 1352 kare, yüz %100  (8733 s)
  [2851/3540] 8213_FullHDwebcam_after: 1352 kare, yüz %100  (8739 s)
  [2852/3540] 8213_USBVideo_after: 1352 kare, yüz %0  (8742 s)
  [2853/3540] 8213_IriunWebcam_after: 1352 kare, yüz %100  (8744 s)
  [2854/3540] 8213_FullHDwebcam_before: 1352 kare, yüz %100  (8748 s)
  [2855/3540] 8213_USBVideo_before: 1352 kare, yüz %0  (8753 s)
  [2856/3540] 8213_IriunWebcam_before: 1352 kare, yüz %100  (8753 s)
  [2857/3540] 8262_FullHDwebcam_after: 1352 kare, yüz %100  (8758 s)
  [2858/3540] 8262_USBVideo_after: 1352 kare, yüz %100  (8758 s)
  [2859/3540] 8262_IriunWebcam_after: 1352 kare, yüz %100  (8763 s)
  [2860/3540] 8262_FullHDwebcam_before: 1352 kare, yüz %100  (8764 s)
  [2861/3540] 8262_IriunWebcam_before: 1353 kare, yüz %100  (8769 s)
  [2862/3540] 8262_USBVideo_before: 1352 kare, yüz %100  (8769 s)
  [2863/3540] 8266_USBVideo_after: 1352 kare, yüz %100  (8775 s)
  [2864/3540] 8266_FullHDwebcam_after: 1352 kare, yüz %96  (8777 s)
  [2865/3540] 8266_IriunWebcam_after: 1352 kare, yüz %81  (8779 s)
  [2866/3540] 8266_FullHDwebcam_before: 1352 kare, yüz %100  (8783 s)
  [2867/3540] 8266_USBVideo_before: 1352 kare, yüz %98  (8784 s)
  [2868/3540] 8266_IriunWebcam_before: 1353 kare, yüz %100  (8787 s)
  [2869/3540] 8290_FullHDwebcam_after: 1352 kare, yüz %100  (8790 s)
  [2870/3540] 8290_USBVideo_after: 1352 kare, yüz %53  (8793 s)
  [2871/3540] 8290_IriunWebcam_after: 1353 kare, yüz %100  (8795 s)
  [2872/3540] 8290_FullHDwebcam_before: 1352 kare, yüz %100  (8800 s)
  [2873/3540] 8290_USBVideo_before: 1352 kare, yüz %0  (8804 s)
  [2874/3540] 8290_IriunWebcam_before: 1353 kare, yüz %100  (8806 s)
  [2875/3540] 8331_FullHDwebcam_after: 1352 kare, yüz %100  (8809 s)
  [2876/3540] 8331_USBVideo_after: 1352 kare, yüz %46  (8813 s)
  [2877/3540] 8331_IriunWebcam_after: 1352 kare, yüz %100  (8813 s)
  [2878/3540] 8331_FullHDwebcam_before: 1352 kare, yüz %100  (8818 s)
  [2879/3540] 8331_USBVideo_before: 1352 kare, yüz %0  (8821 s)
  [2880/3540] 8331_IriunWebcam_before: 1353 kare, yüz %100  (8822 s)
  [2881/3540] 8364_FullHDwebcam_after: 1352 kare, yüz %100  (8827 s)
  [2882/3540] 8364_USBVideo_after: 1352 kare, yüz %46  (8828 s)
  [2883/3540] 8364_IriunWebcam_after: 1353 kare, yüz %100  (8832 s)
  [2884/3540] 8364_FullHDwebcam_before: 1352 kare, yüz %100  (8835 s)
  [2885/3540] 8364_USBVideo_before: 1352 kare, yüz %0  (8841 s)
  [2886/3540] 8364_IriunWebcam_before: 1353 kare, yüz %100  (8842 s)
  [2887/3540] 8370_FullHDwebcam_after: 1352 kare, yüz %100  (8849 s)
  [2888/3540] 8370_USBVideo_after: 1353 kare, yüz %0  (8851 s)
  [2889/3540] 8370_IriunWebcam_after: 1353 kare, yüz %100  (8854 s)
  [2890/3540] 8370_FullHDwebcam_before: 1352 kare, yüz %100  (8859 s)
  [2891/3540] 8370_USBVideo_before: 1352 kare, yüz %0  (8864 s)
  [2892/3540] 8370_IriunWebcam_before: 1352 kare, yüz %41  (8865 s)
  [2893/3540] 8377_FullHDwebcam_after: 1352 kare, yüz %100  (8870 s)
  [2894/3540] 8377_USBVideo_after: 1352 kare, yüz %100  (8870 s)
  [2895/3540] 8377_IriunWebcam_after: 1352 kare, yüz %100  (8875 s)
  [2896/3540] 8377_FullHDwebcam_before: 1352 kare, yüz %100  (8876 s)
  [2897/3540] 8377_USBVideo_before: 1352 kare, yüz %100  (8881 s)
  [2898/3540] 8377_IriunWebcam_before: 1352 kare, yüz %100  (8881 s)
  [2899/3540] 8380_FullHDwebcam_after: 1352 kare, yüz %100  (8886 s)
  [2900/3540] 8380_USBVideo_after: 1352 kare, yüz %0  (8888 s)
  [2901/3540] 8380_IriunWebcam_after: 1353 kare, yüz %100  (8891 s)
  [2902/3540] 8380_FullHDwebcam_before: 1352 kare, yüz %100  (8895 s)
  [2903/3540] 8380_USBVideo_before: 1352 kare, yüz %0  (8900 s)
  [2904/3540] 8380_IriunWebcam_before: 1353 kare, yüz %100  (8901 s)
  [2905/3540] 8381_FullHDwebcam_after: 1352 kare, yüz %100  (8905 s)
  [2906/3540] 8381_USBVideo_after: 1352 kare, yüz %0  (8908 s)
  [2907/3540] 8381_IriunWebcam_after: 1353 kare, yüz %100  (8911 s)
  [2908/3540] 8381_FullHDwebcam_before: 1352 kare, yüz %100  (8913 s)
  [2909/3540] 8381_USBVideo_before: 1353 kare, yüz %2  (8916 s)
  [2910/3540] 8381_IriunWebcam_before: 1353 kare, yüz %100  (8918 s)
  [2911/3540] 8384_FullHDwebcam_after: 1352 kare, yüz %100  (8921 s)
  [2912/3540] 8384_USBVideo_after: 1353 kare, yüz %98  (8924 s)
  [2913/3540] 8384_IriunWebcam_after: 1352 kare, yüz %100  (8925 s)
  [2914/3540] 8384_FullHDwebcam_before: 1352 kare, yüz %100  (8928 s)
  [2915/3540] 8384_USBVideo_before: 1352 kare, yüz %100  (8930 s)
  [2916/3540] 8384_IriunWebcam_before: 1352 kare, yüz %100  (8932 s)
  [2917/3540] 8412_FullHDwebcam_after: 1352 kare, yüz %100  (8937 s)
  [2918/3540] 8412_USBVideo_after: 1352 kare, yüz %87  (8939 s)
  [2919/3540] 8412_IriunWebcam_after: 1352 kare, yüz %100  (8942 s)
  [2920/3540] 8412_FullHDwebcam_before: 1352 kare, yüz %100  (8946 s)
  [2921/3540] 8412_USBVideo_before: 1353 kare, yüz %9  (8949 s)
  [2922/3540] 8412_IriunWebcam_before: 1353 kare, yüz %100  (8952 s)
  [2923/3540] 8428_FullHDwebcam_after: 1352 kare, yüz %100  (8956 s)
  [2924/3540] 8428_USBVideo_after: 1352 kare, yüz %100  (8957 s)
  [2925/3540] 8428_IriunWebcam_after: 1353 kare, yüz %100  (8961 s)
  [2926/3540] 8428_FullHDwebcam_before: 1352 kare, yüz %100  (8964 s)
  [2927/3540] 8428_USBVideo_before: 1352 kare, yüz %96  (8967 s)
  [2928/3540] 8428_IriunWebcam_before: 1352 kare, yüz %100  (8969 s)
  [2929/3540] 8430_FullHDwebcam_after: 1352 kare, yüz %100  (8974 s)
  [2930/3540] 8430_USBVideo_after: 1352 kare, yüz %0  (8977 s)
  [2931/3540] 8430_IriunWebcam_after: 1353 kare, yüz %100  (8979 s)
  [2932/3540] 8430_FullHDwebcam_before: 1352 kare, yüz %100  (8984 s)
  [2933/3540] 8430_USBVideo_before: 1352 kare, yüz %0  (8988 s)
  [2934/3540] 8430_IriunWebcam_before: 1353 kare, yüz %100  (8990 s)
  [2935/3540] 8432_FullHDwebcam_after: 1352 kare, yüz %100  (8992 s)
  [2936/3540] 8432_USBVideo_after: 1352 kare, yüz %100  (8995 s)
  [2937/3540] 8432_IriunWebcam_after: 1353 kare, yüz %100  (8997 s)
  [2938/3540] 8432_FullHDwebcam_before: 1352 kare, yüz %100  (9000 s)
  [2939/3540] 8432_USBVideo_before: 1352 kare, yüz %100  (9003 s)
  [2940/3540] 8432_IriunWebcam_before: 1353 kare, yüz %100  (9005 s)
  [2941/3540] 8490_FullHDwebcam_after: 1352 kare, yüz %100  (9009 s)
  [2942/3540] 8490_USBVideo_after: 1352 kare, yüz %0  (9013 s)
  [2943/3540] 8490_IriunWebcam_after: 1352 kare, yüz %100  (9015 s)
  [2944/3540] 8490_FullHDwebcam_before: 1352 kare, yüz %100  (9019 s)
  [2945/3540] 8490_USBVideo_before: 1352 kare, yüz %33  (9021 s)
  [2946/3540] 8490_IriunWebcam_before: 1352 kare, yüz %94  (9023 s)
  [2947/3540] 8500_FullHDwebcam_after: 1352 kare, yüz %100  (9029 s)
  [2948/3540] 8500_USBVideo_after: 1353 kare, yüz %100  (9030 s)
  [2949/3540] 8500_IriunWebcam_after: 1352 kare, yüz %100  (9034 s)
  [2950/3540] 8500_FullHDwebcam_before: 1352 kare, yüz %100  (9037 s)
  [2951/3540] 8500_USBVideo_before: 1353 kare, yüz %100  (9040 s)
  [2952/3540] 8500_IriunWebcam_before: 1351 kare, yüz %100  (9043 s)
  [2953/3540] 8514_FullHDwebcam_after: 1352 kare, yüz %100  (9046 s)
  [2954/3540] 8514_IriunWebcam_after: 1353 kare, yüz %100  (9051 s)
  [2955/3540] 8514_FullHDwebcam_before: 1352 kare, yüz %100  (9057 s)
  [2956/3540] 8514_USBVideo_after: 1352 kare, yüz %0  (9059 s)
  [2957/3540] 8514_IriunWebcam_before: 1353 kare, yüz %46  (9064 s)
  [2958/3540] 8514_USBVideo_before: 1352 kare, yüz %96  (9064 s)
  [2959/3540] 8517_FullHDwebcam_after: 1352 kare, yüz %100  (9069 s)
  [2960/3540] 8517_USBVideo_after: 1352 kare, yüz %100  (9069 s)
  [2961/3540] 8517_IriunWebcam_after: 1353 kare, yüz %100  (9073 s)
  [2962/3540] 8517_FullHDwebcam_before: 1352 kare, yüz %100  (9074 s)
  [2963/3540] 8517_USBVideo_before: 1353 kare, yüz %100  (9078 s)
  [2964/3540] 8517_IriunWebcam_before: 1353 kare, yüz %100  (9079 s)
  [2965/3540] 8540_USBVideo_after: 1352 kare, yüz %100  (9085 s)
  [2966/3540] 8540_FullHDwebcam_after: 1352 kare, yüz %100  (9085 s)
  [2967/3540] 8540_IriunWebcam_after: 1351 kare, yüz %100  (9090 s)
  [2968/3540] 8540_FullHDwebcam_before: 1352 kare, yüz %100  (9092 s)
  [2969/3540] 8540_USBVideo_before: 1352 kare, yüz %100  (9095 s)
  [2970/3540] 8540_IriunWebcam_before: 1352 kare, yüz %100  (9097 s)
  [2971/3540] 8541_FullHDwebcam_after: 1352 kare, yüz %100  (9102 s)
  [2972/3540] 8541_USBVideo_after: 1352 kare, yüz %0  (9105 s)
  [2973/3540] 8541_IriunWebcam_after: 1352 kare, yüz %100  (9108 s)
  [2974/3540] 8541_FullHDwebcam_before: 1352 kare, yüz %100  (9112 s)
  [2975/3540] 8541_USBVideo_before: 1352 kare, yüz %0  (9117 s)
  [2976/3540] 8541_IriunWebcam_before: 1352 kare, yüz %100  (9118 s)
  [2977/3540] 8550_USBVideo_after: 1352 kare, yüz %69  (9123 s)
  [2978/3540] 8550_FullHDwebcam_after: 1352 kare, yüz %100  (9124 s)
  [2979/3540] 8550_IriunWebcam_after: 1352 kare, yüz %100  (9128 s)
  [2980/3540] 8550_FullHDwebcam_before: 1352 kare, yüz %100  (9131 s)
  [2981/3540] 8550_USBVideo_before: 1352 kare, yüz %20  (9134 s)
  [2982/3540] 8550_IriunWebcam_before: 1352 kare, yüz %100  (9136 s)
  [2983/3540] 8555_FullHDwebcam_after: 1352 kare, yüz %100  (9138 s)
  [2984/3540] 8555_USBVideo_after: 1352 kare, yüz %100  (9142 s)
  [2985/3540] 8555_IriunWebcam_after: 1352 kare, yüz %100  (9142 s)
  [2986/3540] 8555_FullHDwebcam_before: 1352 kare, yüz %100  (9147 s)
  [2987/3540] 8555_USBVideo_before: 1352 kare, yüz %100  (9148 s)
  [2988/3540] 8555_IriunWebcam_before: 1352 kare, yüz %100  (9151 s)
  [2989/3540] 8563_FullHDwebcam_after: 1352 kare, yüz %100  (9155 s)
  [2990/3540] 8563_USBVideo_after: 1352 kare, yüz %20  (9160 s)
  [2991/3540] 8563_IriunWebcam_after: 1352 kare, yüz %100  (9160 s)
  [2992/3540] 8563_FullHDwebcam_before: 1352 kare, yüz %100  (9165 s)
  [2993/3540] 8563_USBVideo_before: 1352 kare, yüz %0  (9168 s)
  [2994/3540] 8563_IriunWebcam_before: 1353 kare, yüz %100  (9170 s)
  [2995/3540] 8565_FullHDwebcam_after: 1352 kare, yüz %100  (9174 s)
  [2996/3540] 8565_USBVideo_after: 1352 kare, yüz %100  (9175 s)
  [2997/3540] 8565_IriunWebcam_after: 1352 kare, yüz %100  (9179 s)
  [2998/3540] 8565_FullHDwebcam_before: 1352 kare, yüz %100  (9181 s)
  [2999/3540] 8565_USBVideo_before: 1352 kare, yüz %100  (9184 s)
  [3000/3540] 8565_IriunWebcam_before: 1352 kare, yüz %100  (9186 s)
  [3001/3540] 8584_FullHDwebcam_after: 1352 kare, yüz %100  (9191 s)
  [3002/3540] 8584_USBVideo_after: 1353 kare, yüz %100  (9192 s)
  [3003/3540] 8584_IriunWebcam_after: 1353 kare, yüz %95  (9197 s)
  [3004/3540] 8584_FullHDwebcam_before: 1352 kare, yüz %100  (9198 s)
  [3005/3540] 8584_USBVideo_before: 1353 kare, yüz %100  (9203 s)
  [3006/3540] 8584_IriunWebcam_before: 1353 kare, yüz %100  (9204 s)
  [3007/3540] 8587_FullHDwebcam_after: 1352 kare, yüz %100  (9209 s)
  [3008/3540] 8587_USBVideo_after: 1352 kare, yüz %93  (9211 s)
  [3009/3540] 8587_IriunWebcam_after: 1353 kare, yüz %100  (9215 s)
  [3010/3540] 8587_FullHDwebcam_before: 1352 kare, yüz %100  (9217 s)
  [3011/3540] 8587_USBVideo_before: 1352 kare, yüz %100  (9221 s)
  [3012/3540] 8587_IriunWebcam_before: 1352 kare, yüz %100  (9222 s)
  [3013/3540] 8603_FullHDwebcam_after: 1352 kare, yüz %100  (9228 s)
  [3014/3540] 8603_USBVideo_after: 1352 kare, yüz %0  (9231 s)
  [3015/3540] 8603_IriunWebcam_after: 1352 kare, yüz %5  (9234 s)
  [3016/3540] 8603_FullHDwebcam_before: 1352 kare, yüz %100  (9237 s)
  [3017/3540] 8603_USBVideo_before: 1352 kare, yüz %7  (9242 s)
  [3018/3540] 8603_IriunWebcam_before: 1353 kare, yüz %100  (9242 s)
  [3019/3540] 8661_FullHDwebcam_after: 1352 kare, yüz %100  (9248 s)
  [3020/3540] 8661_USBVideo_after: 1352 kare, yüz %100  (9248 s)
  [3021/3540] 8661_IriunWebcam_after: 1352 kare, yüz %100  (9253 s)
  [3022/3540] 8661_FullHDwebcam_before: 1352 kare, yüz %100  (9254 s)
  [3023/3540] 8661_USBVideo_before: 1352 kare, yüz %100  (9258 s)
  [3024/3540] 8661_IriunWebcam_before: 1353 kare, yüz %100  (9259 s)
  [3025/3540] 8664_FullHDwebcam_after: 1352 kare, yüz %100  (9267 s)
  [3026/3540] 8664_USBVideo_after: 1352 kare, yüz %100  (9267 s)
  [3027/3540] 8664_IriunWebcam_after: 1353 kare, yüz %100  (9274 s)
  [3028/3540] 8664_FullHDwebcam_before: 1352 kare, yüz %100  (9275 s)
  [3029/3540] 8664_USBVideo_before: 1352 kare, yüz %93  (9280 s)
  [3030/3540] 8664_IriunWebcam_before: 1352 kare, yüz %100  (9281 s)
  [3031/3540] 8679_FullHDwebcam_after: 1352 kare, yüz %100  (9287 s)
  [3032/3540] 8679_USBVideo_after: 1352 kare, yüz %63  (9288 s)
  [3033/3540] 8679_IriunWebcam_after: 1353 kare, yüz %97  (9292 s)
  [3034/3540] 8679_FullHDwebcam_before: 1352 kare, yüz %100  (9296 s)
  [3035/3540] 8679_USBVideo_before: 1352 kare, yüz %100  (9298 s)
  [3036/3540] 8679_IriunWebcam_before: 1352 kare, yüz %100  (9301 s)
  [3037/3540] 8681_FullHDwebcam_after: 1352 kare, yüz %100  (9304 s)
  [3038/3540] 8681_USBVideo_after: 1352 kare, yüz %0  (9309 s)
  [3039/3540] 8681_IriunWebcam_after: 1353 kare, yüz %97  (9309 s)
  [3040/3540] 8681_FullHDwebcam_before: 1352 kare, yüz %100  (9315 s)
  [3041/3540] 8681_USBVideo_before: 1352 kare, yüz %0  (9317 s)
  [3042/3540] 8681_IriunWebcam_before: 1353 kare, yüz %100  (9320 s)
  [3043/3540] 8706_FullHDwebcam_after: 1352 kare, yüz %100  (9324 s)
  [3044/3540] 8706_USBVideo_after: 1352 kare, yüz %0  (9328 s)
  [3045/3540] 8706_IriunWebcam_after: 1353 kare, yüz %100  (9329 s)
  [3046/3540] 8706_FullHDwebcam_before: 1352 kare, yüz %100  (9335 s)
  [3047/3540] 8706_USBVideo_before: 1352 kare, yüz %0  (9338 s)
  [3048/3540] 8706_IriunWebcam_before: 1352 kare, yüz %100  (9340 s)
  [3049/3540] 8718_FullHDwebcam_after: 1352 kare, yüz %100  (9344 s)
  [3050/3540] 8718_USBVideo_after: 1352 kare, yüz %31  (9347 s)
  [3051/3540] 8718_IriunWebcam_after: 1352 kare, yüz %100  (9350 s)
  [3052/3540] 8718_FullHDwebcam_before: 1352 kare, yüz %100  (9353 s)
  [3053/3540] 8718_USBVideo_before: 1352 kare, yüz %58  (9357 s)
  [3054/3540] 8718_IriunWebcam_before: 1352 kare, yüz %100  (9358 s)
  [3055/3540] 8730_FullHDwebcam_after: 1352 kare, yüz %100  (9363 s)
  [3056/3540] 8730_USBVideo_after: 1352 kare, yüz %100  (9364 s)
  [3057/3540] 8730_IriunWebcam_after: 1353 kare, yüz %100  (9367 s)
  [3058/3540] 8730_FullHDwebcam_before: 1352 kare, yüz %100  (9370 s)
  [3059/3540] 8730_USBVideo_before: 1352 kare, yüz %100  (9372 s)
  [3060/3540] 8730_IriunWebcam_before: 1353 kare, yüz %100  (9375 s)
  [3061/3540] 8738_FullHDwebcam_after: 1352 kare, yüz %100  (9379 s)
  [3062/3540] 8738_USBVideo_after: 1352 kare, yüz %0  (9383 s)
  [3063/3540] 8738_IriunWebcam_after: 1353 kare, yüz %100  (9385 s)
  [3064/3540] 8738_FullHDwebcam_before: 1352 kare, yüz %100  (9391 s)
  [3065/3540] 8738_USBVideo_before: 1352 kare, yüz %0  (9393 s)
  [3066/3540] 8738_IriunWebcam_before: 1353 kare, yüz %100  (9396 s)
  [3067/3540] 8768_FullHDwebcam_after: 1352 kare, yüz %100  (9398 s)
  [3068/3540] 8768_USBVideo_after: 1352 kare, yüz %100  (9402 s)
  [3069/3540] 8768_IriunWebcam_after: 1352 kare, yüz %100  (9403 s)
  [3070/3540] 8768_FullHDwebcam_before: 1352 kare, yüz %100  (9407 s)
  [3071/3540] 8768_USBVideo_before: 1352 kare, yüz %100  (9408 s)
  [3072/3540] 8768_IriunWebcam_before: 1351 kare, yüz %100  (9412 s)
  [3073/3540] 8772_FullHDwebcam_after: 1352 kare, yüz %100  (9414 s)
  [3074/3540] 8772_USBVideo_after: 1352 kare, yüz %4  (9420 s)
  [3075/3540] 8772_IriunWebcam_after: 1352 kare, yüz %100  (9420 s)
  [3076/3540] 8772_FullHDwebcam_before: 1352 kare, yüz %100  (9426 s)
  [3077/3540] 8772_USBVideo_before: 1352 kare, yüz %0  (9429 s)
  [3078/3540] 8772_IriunWebcam_before: 1352 kare, yüz %100  (9432 s)
  [3079/3540] 8785_FullHDwebcam_after: 1352 kare, yüz %100  (9435 s)
  [3080/3540] 8785_IriunWebcam_after: 1352 kare, yüz %100  (9440 s)
  [3081/3540] 8785_USBVideo_after: 1352 kare, yüz %0  (9440 s)
  [3082/3540] 8785_FullHDwebcam_before: 1352 kare, yüz %100  (9447 s)
  [3083/3540] 8785_USBVideo_before: 1352 kare, yüz %0  (9450 s)
  [3084/3540] 8785_IriunWebcam_before: 1353 kare, yüz %100  (9451 s)
  [3085/3540] 8802_FullHDwebcam_after: 1352 kare, yüz %100  (9456 s)
  [3086/3540] 8802_USBVideo_after: 1352 kare, yüz %0  (9460 s)
  [3087/3540] 8802_IriunWebcam_after: 1353 kare, yüz %100  (9462 s)
  [3088/3540] 8802_FullHDwebcam_before: 1352 kare, yüz %100  (9467 s)
  [3089/3540] 8802_USBVideo_before: 1352 kare, yüz %0  (9471 s)
  [3090/3540] 8802_IriunWebcam_before: 1353 kare, yüz %100  (9472 s)
  [3091/3540] 8808_FullHDwebcam_after: 1352 kare, yüz %100  (9477 s)
  [3092/3540] 8808_USBVideo_after: 1352 kare, yüz %60  (9478 s)
  [3093/3540] 8808_IriunWebcam_after: 1352 kare, yüz %100  (9483 s)
  [3094/3540] 8808_FullHDwebcam_before: 1352 kare, yüz %100  (9485 s)
  [3095/3540] 8808_USBVideo_before: 1352 kare, yüz %0  (9491 s)
  [3096/3540] 8808_IriunWebcam_before: 1352 kare, yüz %100  (9492 s)
  [3097/3540] 8817_USBVideo_after: 1352 kare, yüz %100  (9499 s)
  [3098/3540] 8817_FullHDwebcam_after: 1352 kare, yüz %100  (9499 s)
  [3099/3540] 8817_IriunWebcam_after: 1352 kare, yüz %100  (9504 s)
  [3100/3540] 8817_FullHDwebcam_before: 1352 kare, yüz %100  (9506 s)
  [3101/3540] 8817_USBVideo_before: 1352 kare, yüz %100  (9510 s)
  [3102/3540] 8817_IriunWebcam_before: 1352 kare, yüz %100  (9511 s)
  [3103/3540] 8834_FullHDwebcam_after: 1352 kare, yüz %100  (9516 s)
  [3104/3540] 8834_USBVideo_after: 1352 kare, yüz %100  (9517 s)
  [3105/3540] 8834_IriunWebcam_after: 1352 kare, yüz %100  (9520 s)
  [3106/3540] 8834_FullHDwebcam_before: 1352 kare, yüz %100  (9522 s)
  [3107/3540] 8834_USBVideo_before: 1352 kare, yüz %100  (9526 s)
  [3108/3540] 8834_IriunWebcam_before: 1352 kare, yüz %100  (9527 s)
  [3109/3540] 8844_USBVideo_after: 1352 kare, yüz %87  (9534 s)
  [3110/3540] 8844_FullHDwebcam_after: 1352 kare, yüz %100  (9534 s)
  [3111/3540] 8844_IriunWebcam_after: 1352 kare, yüz %100  (9539 s)
  [3112/3540] 8844_FullHDwebcam_before: 1352 kare, yüz %100  (9541 s)
  [3113/3540] 8844_USBVideo_before: 1352 kare, yüz %89  (9544 s)
  [3114/3540] 8844_IriunWebcam_before: 1352 kare, yüz %100  (9546 s)
  [3115/3540] 8847_FullHDwebcam_after: 1352 kare, yüz %100  (9552 s)
  [3116/3540] 8847_USBVideo_after: 1352 kare, yüz %9  (9553 s)
  [3117/3540] 8847_IriunWebcam_after: 1353 kare, yüz %100  (9558 s)
  [3118/3540] 8847_FullHDwebcam_before: 1352 kare, yüz %100  (9561 s)
  [3119/3540] 8847_IriunWebcam_before: 1353 kare, yüz %100  (9566 s)
  [3120/3540] 8847_USBVideo_before: 1352 kare, yüz %0  (9567 s)
  [3121/3540] 8848_FullHDwebcam_after: 1352 kare, yüz %100  (9573 s)
  [3122/3540] 8848_USBVideo_after: 1352 kare, yüz %100  (9573 s)
  [3123/3540] 8848_IriunWebcam_after: 1352 kare, yüz %100  (9578 s)
  [3124/3540] 8848_FullHDwebcam_before: 1352 kare, yüz %100  (9579 s)
  [3125/3540] 8848_IriunWebcam_before: 1352 kare, yüz %65  (9583 s)
  [3126/3540] 8848_USBVideo_before: 1352 kare, yüz %98  (9584 s)
  [3127/3540] 8852_USBVideo_after: 1352 kare, yüz %59  (9589 s)
  [3128/3540] 8852_FullHDwebcam_after: 1352 kare, yüz %98  (9590 s)
  [3129/3540] 8852_IriunWebcam_after: 1353 kare, yüz %95  (9594 s)
  [3130/3540] 8852_FullHDwebcam_before: 1352 kare, yüz %100  (9596 s)
  [3131/3540] 8852_USBVideo_before: 1352 kare, yüz %35  (9599 s)
  [3132/3540] 8852_IriunWebcam_before: 1352 kare, yüz %100  (9600 s)
  [3133/3540] 8874_FullHDwebcam_after: 1352 kare, yüz %100  (9607 s)
  [3134/3540] 8874_USBVideo_after: 1353 kare, yüz %0  (9609 s)
  [3135/3540] 8874_IriunWebcam_after: 1352 kare, yüz %100  (9613 s)
  [3136/3540] 8874_FullHDwebcam_before: 1352 kare, yüz %100  (9615 s)
  [3137/3540] 8874_IriunWebcam_before: 1353 kare, yüz %100  (9621 s)
  [3138/3540] 8874_USBVideo_before: 1352 kare, yüz %2  (9621 s)
  [3139/3540] 8897_FullHDwebcam_after: 1352 kare, yüz %100  (9627 s)
  [3140/3540] 8897_USBVideo_after: 1352 kare, yüz %0  (9631 s)
  [3141/3540] 8897_IriunWebcam_after: 1353 kare, yüz %100  (9632 s)
  [3142/3540] 8897_FullHDwebcam_before: 1352 kare, yüz %100  (9637 s)
  [3143/3540] 8897_USBVideo_before: 1352 kare, yüz %2  (9638 s)
  [3144/3540] 8897_IriunWebcam_before: 1353 kare, yüz %100  (9642 s)
  [3145/3540] 8902_FullHDwebcam_after: 1352 kare, yüz %100  (9645 s)
  [3146/3540] 8902_IriunWebcam_after: 1353 kare, yüz %100  (9651 s)
  [3147/3540] 8902_USBVideo_after: 1352 kare, yüz %0  (9651 s)
  [3148/3540] 8902_FullHDwebcam_before: 1352 kare, yüz %100  (9658 s)
  [3149/3540] 8902_USBVideo_before: 1352 kare, yüz %0  (9659 s)
  [3150/3540] 8902_IriunWebcam_before: 1352 kare, yüz %100  (9663 s)
  [3151/3540] 9003_FullHDwebcam_after: 1352 kare, yüz %100  (9665 s)
  [3152/3540] 9003_USBVideo_after: 1352 kare, yüz %100  (9668 s)
  [3153/3540] 9003_IriunWebcam_after: 1353 kare, yüz %100  (9670 s)
  [3154/3540] 9003_FullHDwebcam_before: 1352 kare, yüz %100  (9675 s)
  [3155/3540] 9003_USBVideo_before: 1352 kare, yüz %100  (9677 s)
  [3156/3540] 9003_IriunWebcam_before: 1353 kare, yüz %100  (9680 s)
  [3157/3540] 9028_FullHDwebcam_after: 1352 kare, yüz %100  (9683 s)
  [3158/3540] 9028_USBVideo_after: 1353 kare, yüz %100  (9685 s)
  [3159/3540] 9028_IriunWebcam_after: 1352 kare, yüz %100  (9687 s)
  [3160/3540] 9028_FullHDwebcam_before: 1352 kare, yüz %100  (9693 s)
  [3161/3540] 9028_USBVideo_before: 1352 kare, yüz %100  (9693 s)
  [3162/3540] 9028_IriunWebcam_before: 1352 kare, yüz %100  (9697 s)
  [3163/3540] 9039_FullHDwebcam_after: 1352 kare, yüz %100  (9701 s)
  [3164/3540] 9039_USBVideo_after: 1352 kare, yüz %100  (9703 s)
  [3165/3540] 9039_IriunWebcam_after: 1352 kare, yüz %100  (9705 s)
  [3166/3540] 9039_FullHDwebcam_before: 1352 kare, yüz %100  (9710 s)
  [3167/3540] 9039_USBVideo_before: 1352 kare, yüz %100  (9711 s)
  [3168/3540] 9039_IriunWebcam_before: 1353 kare, yüz %100  (9714 s)
  [3169/3540] 9064_FullHDwebcam_after: 1352 kare, yüz %100  (9718 s)
  [3170/3540] 9064_USBVideo_after: 1353 kare, yüz %0  (9723 s)
  [3171/3540] 9064_IriunWebcam_after: 1353 kare, yüz %100  (9723 s)
  [3172/3540] 9064_FullHDwebcam_before: 1352 kare, yüz %100  (9729 s)
  [3173/3540] 9064_USBVideo_before: 1352 kare, yüz %5  (9731 s)
  [3174/3540] 9064_IriunWebcam_before: 1353 kare, yüz %100  (9734 s)
  [3175/3540] 9077_FullHDwebcam_after: 1352 kare, yüz %100  (9736 s)
  [3176/3540] 9077_USBVideo_after: 1352 kare, yüz %100  (9742 s)
  [3177/3540] 9077_IriunWebcam_after: 1353 kare, yüz %100  (9742 s)
  [3178/3540] 9077_FullHDwebcam_before: 1352 kare, yüz %100  (9748 s)
  [3179/3540] 9077_USBVideo_before: 1352 kare, yüz %100  (9749 s)
  [3180/3540] 9077_IriunWebcam_before: 1353 kare, yüz %100  (9754 s)
  [3181/3540] 9092_FullHDwebcam_after: 1352 kare, yüz %100  (9756 s)
  [3182/3540] 9092_IriunWebcam_after: 1352 kare, yüz %81  (9762 s)
  [3183/3540] 9092_USBVideo_after: 1352 kare, yüz %0  (9762 s)
  [3184/3540] 9092_FullHDwebcam_before: 1352 kare, yüz %100  (9770 s)
  [3185/3540] 9092_USBVideo_before: 1352 kare, yüz %2  (9770 s)
  [3186/3540] 9092_IriunWebcam_before: 1352 kare, yüz %100  (9775 s)
  [3187/3540] 9098_FullHDwebcam_after: 1352 kare, yüz %100  (9776 s)
  [3188/3540] 9098_USBVideo_after: 1352 kare, yüz %2  (9781 s)
  [3189/3540] 9098_IriunWebcam_after: 1353 kare, yüz %68  (9781 s)
  [3190/3540] 9098_FullHDwebcam_before: 1352 kare, yüz %100  (9787 s)
  [3191/3540] 9098_USBVideo_before: 1352 kare, yüz %7  (9788 s)
  [3192/3540] 9098_IriunWebcam_before: 1352 kare, yüz %92  (9792 s)
  [3193/3540] 9105_FullHDwebcam_after: 1352 kare, yüz %100  (9794 s)
  [3194/3540] 9105_IriunWebcam_after: 1352 kare, yüz %100  (9798 s)
  [3195/3540] 9105_USBVideo_after: 1353 kare, yüz %100  (9799 s)
  [3196/3540] 9105_USBVideo_before: 1352 kare, yüz %100  (9804 s)
  [3197/3540] 9105_FullHDwebcam_before: 1352 kare, yüz %100  (9806 s)
  [3198/3540] 9105_IriunWebcam_before: 1352 kare, yüz %100  (9808 s)
  [3199/3540] 9115_FullHDwebcam_after: 1352 kare, yüz %100  (9813 s)
  [3200/3540] 9115_USBVideo_after: 1353 kare, yüz %100  (9814 s)
  [3201/3540] 9115_IriunWebcam_after: 1352 kare, yüz %100  (9818 s)
  [3202/3540] 9115_FullHDwebcam_before: 1352 kare, yüz %100  (9822 s)
  [3203/3540] 9115_USBVideo_before: 1353 kare, yüz %100  (9824 s)
  [3204/3540] 9115_IriunWebcam_before: 1352 kare, yüz %100  (9827 s)
  [3205/3540] 9118_FullHDwebcam_after: 1352 kare, yüz %100  (9830 s)
  [3206/3540] 9118_USBVideo_after: 1352 kare, yüz %0  (9836 s)
  [3207/3540] 9118_IriunWebcam_after: 1353 kare, yüz %100  (9836 s)
  [3208/3540] 9118_FullHDwebcam_before: 1352 kare, yüz %100  (9843 s)
  [3209/3540] 9118_USBVideo_before: 1352 kare, yüz %0  (9845 s)
  [3210/3540] 9118_IriunWebcam_before: 1352 kare, yüz %100  (9849 s)
  [3211/3540] 9139_FullHDwebcam_after: 1352 kare, yüz %100  (9853 s)
  [3212/3540] 9139_USBVideo_after: 1352 kare, yüz %0  (9858 s)
  [3213/3540] 9139_IriunWebcam_after: 1352 kare, yüz %100  (9859 s)
  [3214/3540] 9139_FullHDwebcam_before: 1352 kare, yüz %100  (9866 s)
  [3215/3540] 9139_USBVideo_before: 1352 kare, yüz %0  (9868 s)
  [3216/3540] 9139_IriunWebcam_before: 1352 kare, yüz %100  (9871 s)
  [3217/3540] 9141_FullHDwebcam_after: 1352 kare, yüz %100  (9874 s)
  [3218/3540] 9141_USBVideo_after: 1352 kare, yüz %7  (9880 s)
  [3219/3540] 9141_IriunWebcam_after: 1352 kare, yüz %14  (9880 s)
  [3220/3540] 9141_FullHDwebcam_before: 1352 kare, yüz %100  (9887 s)
  [3221/3540] 9141_USBVideo_before: 1352 kare, yüz %20  (9888 s)
  [3222/3540] 9141_IriunWebcam_before: 1353 kare, yüz %100  (9893 s)
  [3223/3540] 9146_FullHDwebcam_after: 1352 kare, yüz %100  (9895 s)
  [3224/3540] 9146_IriunWebcam_after: 1353 kare, yüz %100  (9901 s)
  [3225/3540] 9146_USBVideo_after: 1352 kare, yüz %0  (9901 s)
  [3226/3540] 9146_FullHDwebcam_before: 1352 kare, yüz %100  (9908 s)
  [3227/3540] 9146_USBVideo_before: 1352 kare, yüz %0  (9911 s)
  [3228/3540] 9146_IriunWebcam_before: 1353 kare, yüz %100  (9914 s)
  [3229/3540] 9153_FullHDwebcam_after: 1352 kare, yüz %100  (9917 s)
  [3230/3540] 9153_USBVideo_after: 1352 kare, yüz %100  (9920 s)
  [3231/3540] 9153_IriunWebcam_after: 1353 kare, yüz %100  (9921 s)
  [3232/3540] 9153_FullHDwebcam_before: 1352 kare, yüz %100  (9925 s)
  [3233/3540] 9153_USBVideo_before: 1353 kare, yüz %100  (9927 s)
  [3234/3540] 9153_IriunWebcam_before: 1352 kare, yüz %100  (9930 s)
  [3235/3540] 9160_FullHDwebcam_after: 1352 kare, yüz %100  (9932 s)
  [3236/3540] 9160_USBVideo_after: 1352 kare, yüz %100  (9936 s)
  [3237/3540] 9160_IriunWebcam_after: 1352 kare, yüz %100  (9936 s)
  [3238/3540] 9160_FullHDwebcam_before: 1352 kare, yüz %100  (9941 s)
  [3239/3540] 9160_USBVideo_before: 1352 kare, yüz %100  (9942 s)
  [3240/3540] 9160_IriunWebcam_before: 1351 kare, yüz %100  (9945 s)
  [3241/3540] 9163_FullHDwebcam_after: 1353 kare, yüz %100  (9948 s)
  [3242/3540] 9163_USBVideo_after: 1353 kare, yüz %0  (9954 s)
  [3243/3540] 9163_IriunWebcam_after: 1353 kare, yüz %100  (9954 s)
  [3244/3540] 9163_FullHDwebcam_before: 1352 kare, yüz %100  (9959 s)
  [3245/3540] 9163_USBVideo_before: 1352 kare, yüz %2  (9962 s)
  [3246/3540] 9163_IriunWebcam_before: 1352 kare, yüz %100  (9964 s)
  [3247/3540] 9174_FullHDwebcam_after: 1352 kare, yüz %100  (9969 s)
  [3248/3540] 9174_USBVideo_after: 1352 kare, yüz %100  (9970 s)
  [3249/3540] 9174_IriunWebcam_after: 1353 kare, yüz %100  (9974 s)
  [3250/3540] 9174_FullHDwebcam_before: 1352 kare, yüz %100  (9977 s)
  [3251/3540] 9174_USBVideo_before: 1353 kare, yüz %100  (9980 s)
  [3252/3540] 9174_IriunWebcam_before: 1352 kare, yüz %100  (9982 s)
  [3253/3540] 9199_FullHDwebcam_after: 1352 kare, yüz %98  (9986 s)
  [3254/3540] 9199_USBVideo_after: 1352 kare, yüz %2  (9988 s)
  [3255/3540] 9199_IriunWebcam_after: 1353 kare, yüz %100  (9991 s)
  [3256/3540] 9199_USBVideo_before: 1353 kare, yüz %0  (9998 s)
  [3257/3540] 9199_IriunWebcam_before: 1352 kare, yüz %100  (10003 s)
  [3258/3540] 9211_FullHDwebcam_after: 1352 kare, yüz %100  (10010 s)
  [3259/3540] 9211_USBVideo_after: 1352 kare, yüz %2  (10017 s)
  [3260/3540] 9211_IriunWebcam_after: 1353 kare, yüz %97  (10021 s)
  [3261/3540] 9211_FullHDwebcam_before: 1352 kare, yüz %100  (10029 s)
  [3262/3540] 9199_FullHDwebcam_before: 1352 kare, yüz %100  (10030 s)
  [3263/3540] 9211_IriunWebcam_before: 1352 kare, yüz %27  (10036 s)
  [3264/3540] 9211_USBVideo_before: 1352 kare, yüz %0  (10037 s)
  [3265/3540] 9229_FullHDwebcam_after: 1352 kare, yüz %100  (10043 s)
  [3266/3540] 9229_USBVideo_after: 1352 kare, yüz %0  (10045 s)
  [3267/3540] 9229_IriunWebcam_after: 1353 kare, yüz %100  (10048 s)
  [3268/3540] 9229_FullHDwebcam_before: 1352 kare, yüz %100  (10051 s)
  [3269/3540] 9229_USBVideo_before: 1352 kare, yüz %0  (10055 s)
  [3270/3540] 9229_IriunWebcam_before: 1353 kare, yüz %100  (10056 s)
  [3271/3540] 9256_FullHDwebcam_after: 1352 kare, yüz %100  (10060 s)
  [3272/3540] 9256_USBVideo_after: 1353 kare, yüz %0  (10063 s)
  [3273/3540] 9256_IriunWebcam_after: 1353 kare, yüz %100  (10065 s)
  [3274/3540] 9256_FullHDwebcam_before: 1352 kare, yüz %100  (10069 s)
  [3275/3540] 9256_USBVideo_before: 1352 kare, yüz %0  (10072 s)
  [3276/3540] 9256_IriunWebcam_before: 1353 kare, yüz %100  (10073 s)
  [3277/3540] 9282_USBVideo_after: 1352 kare, yüz %100  (10079 s)
  [3278/3540] 9282_FullHDwebcam_after: 1352 kare, yüz %100  (10079 s)
  [3279/3540] 9282_IriunWebcam_after: 1352 kare, yüz %100  (10084 s)
  [3280/3540] 9282_FullHDwebcam_before: 1352 kare, yüz %100  (10086 s)
  [3281/3540] 9282_USBVideo_before: 1352 kare, yüz %100  (10089 s)
  [3282/3540] 9282_IriunWebcam_before: 1352 kare, yüz %100  (10090 s)
  [3283/3540] 9283_FullHDwebcam_after: 1352 kare, yüz %100  (10095 s)
  [3284/3540] 9283_USBVideo_after: 1352 kare, yüz %98  (10096 s)
  [3285/3540] 9283_IriunWebcam_after: 1352 kare, yüz %100  (10101 s)
  [3286/3540] 9283_FullHDwebcam_before: 1352 kare, yüz %100  (10102 s)
  [3287/3540] 9283_USBVideo_before: 1352 kare, yüz %100  (10106 s)
  [3288/3540] 9283_IriunWebcam_before: 1352 kare, yüz %100  (10107 s)
  [3289/3540] 9286_FullHDwebcam_after: 1352 kare, yüz %100  (10112 s)
  [3290/3540] 9286_USBVideo_after: 1352 kare, yüz %72  (10112 s)
  [3291/3540] 9286_IriunWebcam_after: 1353 kare, yüz %100  (10117 s)
  [3292/3540] 9286_FullHDwebcam_before: 1352 kare, yüz %100  (10119 s)
  [3293/3540] 9286_USBVideo_before: 1352 kare, yüz %91  (10122 s)
  [3294/3540] 9286_IriunWebcam_before: 1352 kare, yüz %100  (10123 s)
  [3295/3540] 9292_USBVideo_after: 1352 kare, yüz %100  (10129 s)
  [3296/3540] 9292_FullHDwebcam_after: 1352 kare, yüz %100  (10129 s)
  [3297/3540] 9292_IriunWebcam_after: 1352 kare, yüz %100  (10135 s)
  [3298/3540] 9292_FullHDwebcam_before: 1352 kare, yüz %100  (10136 s)
  [3299/3540] 9292_USBVideo_before: 1352 kare, yüz %100  (10141 s)
  [3300/3540] 9292_IriunWebcam_before: 1353 kare, yüz %100  (10141 s)
  [3301/3540] 9305_FullHDwebcam_after: 1352 kare, yüz %100  (10148 s)
  [3302/3540] 9305_USBVideo_after: 1352 kare, yüz %11  (10149 s)
  [3303/3540] 9305_IriunWebcam_after: 1353 kare, yüz %36  (10155 s)
  [3304/3540] 9305_FullHDwebcam_before: 1352 kare, yüz %100  (10156 s)
  [3305/3540] 9305_IriunWebcam_before: 1353 kare, yüz %95  (10162 s)
  [3306/3540] 9305_USBVideo_before: 1352 kare, yüz %4  (10163 s)
  [3307/3540] 9308_USBVideo_after: 1353 kare, yüz %100  (10168 s)
  [3308/3540] 9308_FullHDwebcam_after: 1352 kare, yüz %100  (10169 s)
  [3309/3540] 9308_IriunWebcam_after: 1352 kare, yüz %100  (10174 s)
  [3310/3540] 9308_FullHDwebcam_before: 1352 kare, yüz %100  (10174 s)
  [3311/3540] 9308_USBVideo_before: 1352 kare, yüz %100  (10179 s)
  [3312/3540] 9308_IriunWebcam_before: 1353 kare, yüz %100  (10179 s)
  [3313/3540] 9309_FullHDwebcam_after: 1352 kare, yüz %100  (10186 s)
  [3314/3540] 9309_USBVideo_after: 1352 kare, yüz %100  (10186 s)
  [3315/3540] 9309_IriunWebcam_after: 1352 kare, yüz %100  (10191 s)
  [3316/3540] 9309_FullHDwebcam_before: 1352 kare, yüz %100  (10192 s)
  [3317/3540] 9309_IriunWebcam_before: 1353 kare, yüz %100  (10197 s)
  [3318/3540] 9309_USBVideo_before: 1353 kare, yüz %100  (10197 s)
  [3319/3540] 9396_USBVideo_after: 1352 kare, yüz %78  (10203 s)
  [3320/3540] 9396_FullHDwebcam_after: 1352 kare, yüz %100  (10203 s)
  [3321/3540] 9396_IriunWebcam_after: 1353 kare, yüz %100  (10207 s)
  [3322/3540] 9396_FullHDwebcam_before: 1352 kare, yüz %100  (10209 s)
  [3323/3540] 9396_USBVideo_before: 1352 kare, yüz %100  (10212 s)
  [3324/3540] 9396_IriunWebcam_before: 1353 kare, yüz %100  (10214 s)
  [3325/3540] 9401_FullHDwebcam_after: 1352 kare, yüz %100  (10219 s)
  [3326/3540] 9401_USBVideo_after: 1352 kare, yüz %0  (10221 s)
  [3327/3540] 9401_IriunWebcam_after: 1353 kare, yüz %100  (10224 s)
  [3328/3540] 9401_FullHDwebcam_before: 1352 kare, yüz %100  (10228 s)
  [3329/3540] 9401_USBVideo_before: 1352 kare, yüz %0  (10233 s)
  [3330/3540] 9401_IriunWebcam_before: 1353 kare, yüz %100  (10234 s)
  [3331/3540] 9425_FullHDwebcam_after: 1352 kare, yüz %100  (10239 s)
  [3332/3540] 9425_USBVideo_after: 1352 kare, yüz %100  (10240 s)
  [3333/3540] 9425_IriunWebcam_after: 1352 kare, yüz %100  (10244 s)
  [3334/3540] 9425_FullHDwebcam_before: 1352 kare, yüz %100  (10246 s)
  [3335/3540] 9425_USBVideo_before: 1353 kare, yüz %100  (10249 s)
  [3336/3540] 9425_IriunWebcam_before: 1353 kare, yüz %100  (10250 s)
  [3337/3540] 9464_USBVideo_after: 1352 kare, yüz %100  (10256 s)
  [3338/3540] 9464_FullHDwebcam_after: 1352 kare, yüz %100  (10256 s)
  [3339/3540] 9464_IriunWebcam_after: 1353 kare, yüz %100  (10262 s)
  [3340/3540] 9464_FullHDwebcam_before: 1352 kare, yüz %100  (10263 s)
  [3341/3540] 9464_USBVideo_before: 1352 kare, yüz %100  (10268 s)
  [3342/3540] 9464_IriunWebcam_before: 1352 kare, yüz %100  (10268 s)
  [3343/3540] 9486_FullHDwebcam_after: 1352 kare, yüz %100  (10274 s)
  [3344/3540] 9486_USBVideo_after: 1352 kare, yüz %100  (10275 s)
  [3345/3540] 9486_IriunWebcam_after: 1353 kare, yüz %100  (10280 s)
  [3346/3540] 9486_FullHDwebcam_before: 1352 kare, yüz %100  (10281 s)
  [3347/3540] 9486_USBVideo_before: 1352 kare, yüz %100  (10286 s)
  [3348/3540] 9486_IriunWebcam_before: 1353 kare, yüz %100  (10287 s)
  [3349/3540] 9512_FullHDwebcam_after: 1352 kare, yüz %100  (10295 s)
  [3350/3540] 9512_USBVideo_after: 1352 kare, yüz %15  (10296 s)
  [3351/3540] 9512_IriunWebcam_after: 1353 kare, yüz %100  (10301 s)
  [3352/3540] 9512_FullHDwebcam_before: 1352 kare, yüz %100  (10302 s)
  [3353/3540] 9512_IriunWebcam_before: 1352 kare, yüz %100  (10308 s)
  [3354/3540] 9512_USBVideo_before: 1352 kare, yüz %0  (10309 s)
  [3355/3540] 9519_FullHDwebcam_after: 1352 kare, yüz %100  (10315 s)
  [3356/3540] 9519_USBVideo_after: 1353 kare, yüz %100  (10316 s)
  [3357/3540] 9519_IriunWebcam_after: 1353 kare, yüz %100  (10320 s)
  [3358/3540] 9519_FullHDwebcam_before: 1352 kare, yüz %100  (10322 s)
  [3359/3540] 9519_USBVideo_before: 1353 kare, yüz %100  (10327 s)
  [3360/3540] 9519_IriunWebcam_before: 1352 kare, yüz %100  (10327 s)
  [3361/3540] 9554_FullHDwebcam_after: 1352 kare, yüz %100  (10333 s)
  [3362/3540] 9554_USBVideo_after: 1352 kare, yüz %0  (10335 s)
  [3363/3540] 9554_IriunWebcam_after: 1352 kare, yüz %100  (10338 s)
  [3364/3540] 9554_FullHDwebcam_before: 1352 kare, yüz %100  (10341 s)
  [3365/3540] 9554_USBVideo_before: 1352 kare, yüz %0  (10346 s)
  [3366/3540] 9554_IriunWebcam_before: 1353 kare, yüz %100  (10346 s)
  [3367/3540] 9597_FullHDwebcam_after: 1352 kare, yüz %100  (10355 s)
  [3368/3540] 9597_USBVideo_after: 1352 kare, yüz %0  (10356 s)
  [3369/3540] 9597_IriunWebcam_after: 1353 kare, yüz %100  (10360 s)
  [3370/3540] 9597_FullHDwebcam_before: 1352 kare, yüz %100  (10363 s)
  [3371/3540] 9597_IriunWebcam_before: 1353 kare, yüz %100  (10369 s)
  [3372/3540] 9597_USBVideo_before: 1352 kare, yüz %0  (10369 s)
  [3373/3540] 9620_USBVideo_after: 1353 kare, yüz %100  (10375 s)
  [3374/3540] 9620_FullHDwebcam_after: 1352 kare, yüz %100  (10375 s)
  [3375/3540] 9620_IriunWebcam_after: 1353 kare, yüz %100  (10380 s)
  [3376/3540] 9620_FullHDwebcam_before: 1352 kare, yüz %100  (10382 s)
  [3377/3540] 9620_USBVideo_before: 1353 kare, yüz %100  (10386 s)
  [3378/3540] 9620_IriunWebcam_before: 1353 kare, yüz %100  (10388 s)
  [3379/3540] 9629_FullHDwebcam_after: 1352 kare, yüz %100  (10392 s)
  [3380/3540] 9629_USBVideo_after: 1353 kare, yüz %82  (10396 s)
  [3381/3540] 9629_IriunWebcam_after: 1352 kare, yüz %100  (10397 s)
  [3382/3540] 9629_FullHDwebcam_before: 1352 kare, yüz %100  (10402 s)
  [3383/3540] 9629_USBVideo_before: 1352 kare, yüz %0  (10407 s)
  [3384/3540] 9629_IriunWebcam_before: 1351 kare, yüz %100  (10408 s)
  [3385/3540] 9640_FullHDwebcam_after: 1352 kare, yüz %100  (10414 s)
  [3386/3540] 9640_USBVideo_after: 1352 kare, yüz %56  (10414 s)
  [3387/3540] 9640_IriunWebcam_after: 1353 kare, yüz %100  (10420 s)
  [3388/3540] 9640_FullHDwebcam_before: 1352 kare, yüz %100  (10421 s)
  [3389/3540] 9640_IriunWebcam_before: 1352 kare, yüz %100  (10428 s)
  [3390/3540] 9640_USBVideo_before: 1352 kare, yüz %0  (10428 s)
  [3391/3540] 9676_FullHDwebcam_after: 1352 kare, yüz %100  (10433 s)
  [3392/3540] 9676_USBVideo_after: 1352 kare, yüz %87  (10434 s)
  [3393/3540] 9676_IriunWebcam_after: 1352 kare, yüz %100  (10438 s)
  [3394/3540] 9676_FullHDwebcam_before: 1352 kare, yüz %100  (10440 s)
  [3395/3540] 9676_USBVideo_before: 1352 kare, yüz %100  (10444 s)
  [3396/3540] 9676_IriunWebcam_before: 1351 kare, yüz %100  (10445 s)
  [3397/3540] 9711_FullHDwebcam_after: 1352 kare, yüz %100  (10452 s)
  [3398/3540] 9711_USBVideo_after: 1352 kare, yüz %0  (10453 s)
  [3399/3540] 9711_IriunWebcam_after: 1353 kare, yüz %100  (10458 s)
  [3400/3540] 9711_FullHDwebcam_before: 1352 kare, yüz %100  (10459 s)
  [3401/3540] 9711_IriunWebcam_before: 1352 kare, yüz %100  (10465 s)
  [3402/3540] 9711_USBVideo_before: 1353 kare, yüz %0  (10465 s)
  [3403/3540] 9715_FullHDwebcam_after: 1352 kare, yüz %100  (10471 s)
  [3404/3540] 9715_USBVideo_after: 1352 kare, yüz %41  (10472 s)
  [3405/3540] 9715_IriunWebcam_after: 1353 kare, yüz %100  (10477 s)
  [3406/3540] 9715_FullHDwebcam_before: 1352 kare, yüz %100  (10478 s)
  [3407/3540] 9715_IriunWebcam_before: 1352 kare, yüz %100  (10484 s)
  [3408/3540] 9715_USBVideo_before: 1353 kare, yüz %0  (10485 s)
  [3409/3540] 9720_FullHDwebcam_after: 1352 kare, yüz %100  (10492 s)
  [3410/3540] 9720_USBVideo_after: 1352 kare, yüz %2  (10493 s)
  [3411/3540] 9720_IriunWebcam_after: 1352 kare, yüz %100  (10496 s)
  [3412/3540] 9720_FullHDwebcam_before: 1352 kare, yüz %100  (10500 s)
  [3413/3540] 9720_USBVideo_before: 1352 kare, yüz %0  (10505 s)
  [3414/3540] 9720_IriunWebcam_before: 1353 kare, yüz %100  (10506 s)
  [3415/3540] 9725_FullHDwebcam_after: 1352 kare, yüz %100  (10512 s)
  [3416/3540] 9725_USBVideo_after: 1352 kare, yüz %0  (10515 s)
  [3417/3540] 9725_IriunWebcam_after: 1352 kare, yüz %100  (10517 s)
  [3418/3540] 9725_FullHDwebcam_before: 1352 kare, yüz %100  (10521 s)
  [3419/3540] 9725_USBVideo_before: 1352 kare, yüz %0  (10526 s)
  [3420/3540] 9725_IriunWebcam_before: 1352 kare, yüz %100  (10526 s)
  [3421/3540] 9737_FullHDwebcam_after: 1352 kare, yüz %100  (10534 s)
  [3422/3540] 9737_USBVideo_after: 1352 kare, yüz %0  (10536 s)
  [3423/3540] 9737_IriunWebcam_after: 1352 kare, yüz %100  (10540 s)
  [3424/3540] 9737_FullHDwebcam_before: 1352 kare, yüz %100  (10542 s)
  [3425/3540] 9737_IriunWebcam_before: 1353 kare, yüz %100  (10548 s)
  [3426/3540] 9737_USBVideo_before: 1352 kare, yüz %13  (10548 s)
  [3427/3540] 9739_USBVideo_after: 1352 kare, yüz %100  (10554 s)
  [3428/3540] 9739_FullHDwebcam_after: 1352 kare, yüz %100  (10555 s)
  [3429/3540] 9739_IriunWebcam_after: 1352 kare, yüz %100  (10559 s)
  [3430/3540] 9739_FullHDwebcam_before: 1352 kare, yüz %100  (10561 s)
  [3431/3540] 9739_USBVideo_before: 1352 kare, yüz %100  (10564 s)
  [3432/3540] 9739_IriunWebcam_before: 1353 kare, yüz %100  (10566 s)
  [3433/3540] 9753_FullHDwebcam_after: 1352 kare, yüz %100  (10571 s)
  [3434/3540] 9753_USBVideo_after: 1352 kare, yüz %100  (10572 s)
  [3435/3540] 9753_IriunWebcam_after: 1353 kare, yüz %100  (10577 s)
  [3436/3540] 9753_FullHDwebcam_before: 1352 kare, yüz %100  (10579 s)
  [3437/3540] 9753_USBVideo_before: 1352 kare, yüz %100  (10583 s)
  [3438/3540] 9753_IriunWebcam_before: 1352 kare, yüz %100  (10584 s)
  [3439/3540] 9779_FullHDwebcam_after: 1352 kare, yüz %100  (10589 s)
  [3440/3540] 9779_USBVideo_after: 1352 kare, yüz %100  (10590 s)
  [3441/3540] 9779_IriunWebcam_after: 1353 kare, yüz %100  (10594 s)
  [3442/3540] 9779_FullHDwebcam_before: 1352 kare, yüz %100  (10597 s)
  [3443/3540] 9779_USBVideo_before: 1352 kare, yüz %100  (10601 s)
  [3444/3540] 9779_IriunWebcam_before: 1353 kare, yüz %100  (10602 s)
  [3445/3540] 9808_FullHDwebcam_after: 1352 kare, yüz %100  (10608 s)
  [3446/3540] 9808_USBVideo_after: 1352 kare, yüz %100  (10608 s)
  [3447/3540] 9808_IriunWebcam_after: 1352 kare, yüz %100  (10614 s)
  [3448/3540] 9808_FullHDwebcam_before: 1352 kare, yüz %100  (10615 s)
  [3449/3540] 9808_USBVideo_before: 1352 kare, yüz %100  (10619 s)
  [3450/3540] 9808_IriunWebcam_before: 1352 kare, yüz %100  (10620 s)
  [3451/3540] 9825_FullHDwebcam_after: 1352 kare, yüz %100  (10626 s)
  [3452/3540] 9825_USBVideo_after: 1352 kare, yüz %93  (10629 s)
  [3453/3540] 9825_IriunWebcam_after: 1353 kare, yüz %100  (10631 s)
  [3454/3540] 9825_FullHDwebcam_before: 1352 kare, yüz %100  (10635 s)
  [3455/3540] 9825_USBVideo_before: 1352 kare, yüz %0  (10640 s)
  [3456/3540] 9825_IriunWebcam_before: 1353 kare, yüz %100  (10640 s)
  [3457/3540] 9827_USBVideo_after: 1352 kare, yüz %100  (10646 s)
  [3458/3540] 9827_FullHDwebcam_after: 1352 kare, yüz %100  (10647 s)
  [3459/3540] 9827_IriunWebcam_after: 1353 kare, yüz %100  (10651 s)
  [3460/3540] 9827_FullHDwebcam_before: 1352 kare, yüz %98  (10652 s)
  [3461/3540] 9827_USBVideo_before: 1352 kare, yüz %98  (10656 s)
  [3462/3540] 9827_IriunWebcam_before: 1353 kare, yüz %94  (10657 s)
  [3463/3540] 9833_FullHDwebcam_after: 1352 kare, yüz %100  (10662 s)
  [3464/3540] 9833_USBVideo_after: 1352 kare, yüz %98  (10662 s)
  [3465/3540] 9833_IriunWebcam_after: 1353 kare, yüz %97  (10666 s)
  [3466/3540] 9833_FullHDwebcam_before: 1352 kare, yüz %100  (10667 s)
  [3467/3540] 9833_USBVideo_before: 1352 kare, yüz %100  (10672 s)
  [3468/3540] 9833_IriunWebcam_before: 1352 kare, yüz %100  (10672 s)
  [3469/3540] 9869_USBVideo_after: 1353 kare, yüz %98  (10678 s)
  [3470/3540] 9869_FullHDwebcam_after: 1352 kare, yüz %100  (10679 s)
  [3471/3540] 9869_IriunWebcam_after: 1353 kare, yüz %100  (10684 s)
  [3472/3540] 9869_FullHDwebcam_before: 1352 kare, yüz %100  (10686 s)
  [3473/3540] 9869_USBVideo_before: 1352 kare, yüz %98  (10689 s)
  [3474/3540] 9869_IriunWebcam_before: 1352 kare, yüz %100  (10691 s)
  [3475/3540] 9884_FullHDwebcam_after: 1352 kare, yüz %100  (10695 s)
  [3476/3540] 9884_USBVideo_after: 1352 kare, yüz %0  (10700 s)
  [3477/3540] 9884_IriunWebcam_after: 1351 kare, yüz %100  (10701 s)
  [3478/3540] 9884_FullHDwebcam_before: 1352 kare, yüz %100  (10706 s)
  [3479/3540] 9884_USBVideo_before: 1352 kare, yüz %7  (10710 s)
  [3480/3540] 9884_IriunWebcam_before: 1352 kare, yüz %100  (10711 s)
  [3481/3540] 9891_FullHDwebcam_after: 1352 kare, yüz %100  (10716 s)
  [3482/3540] 9891_USBVideo_after: 1352 kare, yüz %100  (10717 s)
  [3483/3540] 9891_IriunWebcam_after: 1353 kare, yüz %100  (10721 s)
  [3484/3540] 9891_FullHDwebcam_before: 1352 kare, yüz %100  (10725 s)
  [3485/3540] 9891_USBVideo_before: 1352 kare, yüz %100  (10728 s)
  [3486/3540] 9891_IriunWebcam_before: 1353 kare, yüz %100  (10730 s)
  [3487/3540] 9922_FullHDwebcam_after: 1352 kare, yüz %100  (10734 s)
  [3488/3540] 9922_USBVideo_after: 1352 kare, yüz %85  (10736 s)
  [3489/3540] 9922_IriunWebcam_after: 1353 kare, yüz %100  (10740 s)
  [3490/3540] 9922_FullHDwebcam_before: 1352 kare, yüz %100  (10743 s)
  [3491/3540] 9922_IriunWebcam_before: 1353 kare, yüz %100  (10748 s)
  [3492/3540] 9922_USBVideo_before: 1352 kare, yüz %0  (10750 s)
  [3493/3540] 9938_FullHDwebcam_after: 1352 kare, yüz %100  (10756 s)
  [3494/3540] 9938_USBVideo_after: 1352 kare, yüz %100  (10756 s)
  [3495/3540] 9938_IriunWebcam_after: 1353 kare, yüz %100  (10761 s)
  [3496/3540] 9938_FullHDwebcam_before: 1352 kare, yüz %100  (10764 s)
  [3497/3540] 9938_USBVideo_before: 1353 kare, yüz %100  (10766 s)
  [3498/3540] 9938_IriunWebcam_before: 1352 kare, yüz %100  (10770 s)
  [3499/3540] 9940_FullHDwebcam_after: 1352 kare, yüz %100  (10773 s)
  [3500/3540] 9940_USBVideo_after: 1352 kare, yüz %100  (10775 s)
  [3501/3540] 9940_IriunWebcam_after: 1352 kare, yüz %100  (10778 s)
  [3502/3540] 9940_FullHDwebcam_before: 1352 kare, yüz %100  (10781 s)
  [3503/3540] 9940_USBVideo_before: 1352 kare, yüz %98  (10783 s)
  [3504/3540] 9940_IriunWebcam_before: 1353 kare, yüz %97  (10786 s)
  [3505/3540] 9957_FullHDwebcam_after: 1352 kare, yüz %100  (10788 s)
  [3506/3540] 9957_USBVideo_after: 1352 kare, yüz %57  (10792 s)
  [3507/3540] 9957_IriunWebcam_after: 1353 kare, yüz %100  (10793 s)
  [3508/3540] 9957_FullHDwebcam_before: 1352 kare, yüz %100  (10797 s)
  [3509/3540] 9957_USBVideo_before: 1352 kare, yüz %41  (10799 s)
  [3510/3540] 9957_IriunWebcam_before: 1352 kare, yüz %97  (10803 s)
  [3511/3540] 9968_FullHDwebcam_after: 1352 kare, yüz %100  (10804 s)
  [3512/3540] 9968_USBVideo_after: 1352 kare, yüz %100  (10809 s)
  [3513/3540] 9968_IriunWebcam_after: 1352 kare, yüz %100  (10810 s)
  [3514/3540] 9968_FullHDwebcam_before: 1352 kare, yüz %100  (10814 s)
  [3515/3540] 9968_USBVideo_before: 1352 kare, yüz %100  (10816 s)
  [3516/3540] 9968_IriunWebcam_before: 1352 kare, yüz %100  (10819 s)
  [3517/3540] 9980_FullHDwebcam_after: 1352 kare, yüz %100  (10821 s)
  [3518/3540] 9980_USBVideo_after: 1352 kare, yüz %9  (10825 s)
  [3519/3540] 9980_IriunWebcam_after: 1353 kare, yüz %100  (10826 s)
  [3520/3540] 9980_FullHDwebcam_before: 1352 kare, yüz %100  (10830 s)
  [3521/3540] 9980_USBVideo_before: 1352 kare, yüz %87  (10831 s)
  [3522/3540] 9980_IriunWebcam_before: 1353 kare, yüz %100  (10835 s)
  [3523/3540] 9981_FullHDwebcam_after: 1352 kare, yüz %100  (10838 s)
  [3524/3540] 9981_USBVideo_after: 1352 kare, yüz %100  (10840 s)
  [3525/3540] 9981_IriunWebcam_after: 1353 kare, yüz %100  (10843 s)
  [3526/3540] 9981_FullHDwebcam_before: 1352 kare, yüz %100  (10848 s)
  [3527/3540] 9981_USBVideo_before: 1352 kare, yüz %100  (10849 s)
  [3528/3540] 9981_IriunWebcam_before: 1352 kare, yüz %100  (10853 s)
  [3529/3540] 9987_FullHDwebcam_after: 1352 kare, yüz %100  (10855 s)
  [3530/3540] 9987_USBVideo_after: 1352 kare, yüz %100  (10859 s)
  [3531/3540] 9987_IriunWebcam_after: 1353 kare, yüz %97  (10860 s)
  [3532/3540] 9987_FullHDwebcam_before: 1352 kare, yüz %100  (10865 s)
  [3533/3540] 9987_USBVideo_before: 1353 kare, yüz %100  (10866 s)
  [3534/3540] 9987_IriunWebcam_before: 1351 kare, yüz %100  (10870 s)
  [3535/3540] 9998_FullHDwebcam_after: 1352 kare, yüz %100  (10872 s)
  [3536/3540] 9998_USBVideo_after: 1352 kare, yüz %100  (10876 s)
  [3537/3540] 9998_IriunWebcam_after: 1352 kare, yüz %100  (10877 s)
  [3538/3540] 9998_FullHDwebcam_before: 1352 kare, yüz %100  (10882 s)
  [3539/3540] 9998_USBVideo_before: 1352 kare, yüz %100  (10883 s)
  [3540/3540] 9998_IriunWebcam_before: 1353 kare, yüz %100  (10886 s)
