video,dataset,yöntem,roi,füzyon,takip,config,MAE,RMSE,MAPE,r,<=5BPM%,video_hata
DATASET_2_subject1,DATASET_2,green,alın,mean,argmax,green|forehead|mean|argmax,2.7945179562069318,4.045915709338601,2.630661077987616,0.6186501325123557,88.63636363636364,1.5020781095635272
DATASET_2_subject1,DATASET_2,green,alın,mean,viterbi,green|forehead|mean|viterbi+ma,2.7390830759288445,3.932918368765918,2.5772523416831,0.6210016906099877,88.63636363636364,1.446643229285442
DATASET_2_subject1,DATASET_2,green,yanaklar,mean,argmax,green|left_cheek+right_cheek|mean|argmax,14.172363981725773,23.168261980937952,13.269776078138221,0.00610265466023348,59.09090909090909,12.763581723635667
DATASET_2_subject1,DATASET_2,green,yanaklar,mean,viterbi,green|left_cheek+right_cheek|mean|viterbi+ma,1.3840187714327983,1.7371117440017596,1.3023797905545675,0.8332774870297385,100.0,0.37020028687130946
DATASET_2_subject1,DATASET_2,green,yanaklar,snr,argmax,green|left_cheek+right_cheek|snr|argmax,29.987826812744686,38.23985775093433,27.976628665304666,-0.27402422183379693,29.545454545454547,27.09960369456256
DATASET_2_subject1,DATASET_2,green,yanaklar,snr,viterbi,green|left_cheek+right_cheek|snr|viterbi+ma,36.492192070837845,39.137543982998466,34.139974953525225,-0.3518481592494435,0.0,36.492192070837845
DATASET_2_subject1,DATASET_2,green,tüm_yüz,mean,argmax,green|full|mean|argmax,3.403424700363432,6.293582453383172,3.2033439581241807,0.44462010015696346,88.63636363636364,2.035491980289393
DATASET_2_subject1,DATASET_2,green,tüm_yüz,mean,viterbi,green|full|mean|viterbi+ma,2.611684965580039,3.692127275622894,2.4540910426586513,0.6156928737258788,88.63636363636364,1.2437522455059877
DATASET_2_subject1,DATASET_2,green,alın+yanaklar,mean,argmax,green|forehead+left_cheek+right_cheek|mean|argmax,6.860011734702942,13.45823195941601,6.450574095323666,0.2047945220151126,77.27272727272727,5.702105028199512
DATASET_2_subject1,DATASET_2,green,alın+yanaklar,mean,viterbi,green|forehead+left_cheek+right_cheek|mean|viterbi+ma,1.3196169768680108,1.7011175432010046,1.2386411652147493,0.8272104409025367,100.0,0.09060671189504887
DATASET_2_subject1,DATASET_2,green,alın+yanaklar,snr,argmax,green|forehead+left_cheek+right_cheek|snr|argmax,10.578727688556286,20.095446520061916,10.037789379322746,0.37271306579118946,72.72727272727273,9.220588642696327
DATASET_2_subject1,DATASET_2,green,alın+yanaklar,snr,viterbi,green|forehead+left_cheek+right_cheek|snr|viterbi+ma,1.643705820249727,1.9948329125522068,1.5397573357485754,0.7702702779351862,100.0,0.08391523881746821
DATASET_2_subject1,DATASET_2,green,4_bölge,mean,argmax,green|forehead+left_cheek+right_cheek+full|mean|argmax,3.993315456958058,8.31485639332534,3.7879094672529896,0.47869541253603826,88.63636363636364,2.772200425749304
DATASET_2_subject1,DATASET_2,green,4_bölge,mean,viterbi,green|forehead+left_cheek+right_cheek+full|mean|viterbi+ma,1.368912909590942,1.714291862233692,1.2824970304987893,0.8166146870395028,100.0,0.029118561987601765
DATASET_2_subject1,DATASET_2,green,4_bölge,snr,argmax,green|forehead+left_cheek+right_cheek+full|snr|argmax,8.336144000219052,17.79981431498754,7.876100793495426,0.27400696825531634,81.81818181818183,7.0606381537592
DATASET_2_subject1,DATASET_2,green,4_bölge,snr,viterbi,green|forehead+left_cheek+right_cheek+full|snr|viterbi+ma,1.6707272032749805,2.0011749153774185,1.56340492924441,0.7573000528673453,100.0,0.047882161278664626
DATASET_2_subject1,DATASET_2,ica,alın,mean,argmax,ica|forehead|mean|argmax,1.4189024615530683,1.7704194556958988,1.3282564163623833,0.8069901592396762,100.0,0.015928955569947334
DATASET_2_subject1,DATASET_2,ica,alın,mean,viterbi,ica|forehead|mean|viterbi+ma,1.4288374331766773,1.7850162724713716,1.3375863123784435,0.8048110885765108,100.0,0.020787381935306826
DATASET_2_subject1,DATASET_2,ica,yanaklar,mean,argmax,ica|left_cheek+right_cheek|mean|argmax,1.4291062209581065,1.6855291355602455,1.3420205334798432,0.8363065860491667,100.0,0.042823918770409364
DATASET_2_subject1,DATASET_2,ica,yanaklar,mean,viterbi,ica|left_cheek+right_cheek|mean|viterbi+ma,1.4291062209581065,1.6855291355602455,1.3420205334798432,0.8363065860491667,100.0,0.042823918770409364
DATASET_2_subject1,DATASET_2,ica,yanaklar,snr,argmax,ica|left_cheek+right_cheek|snr|argmax,1.4258082050384204,1.7047444985563813,1.3386597853353799,0.8333532750846168,100.0,0.0055079689539212495
DATASET_2_subject1,DATASET_2,ica,yanaklar,snr,viterbi,ica|left_cheek+right_cheek|snr|viterbi+ma,1.4305006629033992,1.708562490019199,1.343066186555072,0.8327745352658654,100.0,0.010200426818897768
DATASET_2_subject1,DATASET_2,ica,tüm_yüz,mean,argmax,ica|full|mean|argmax,1.472902628900102,1.7483807326287362,1.3804156395769283,0.8132686926742345,100.0,0.00681647338147684
DATASET_2_subject1,DATASET_2,ica,tüm_yüz,mean,viterbi,ica|full|mean|viterbi+ma,1.472902628900102,1.7483807326287362,1.3804156395769283,0.8132686926742345,100.0,0.00681647338147684
DATASET_2_subject1,DATASET_2,ica,alın+yanaklar,mean,argmax,ica|forehead+left_cheek+right_cheek|mean|argmax,1.4220353543394508,1.7084643824845847,1.333987602584535,0.8286718270369113,100.0,0.004409379868832275
DATASET_2_subject1,DATASET_2,ica,alın+yanaklar,mean,viterbi,ica|forehead+left_cheek+right_cheek|mean|viterbi+ma,1.4220353543394508,1.7084643824845847,1.333987602584535,0.8286718270369113,100.0,0.004409379868832275
DATASET_2_subject1,DATASET_2,ica,alın+yanaklar,snr,argmax,ica|forehead+left_cheek+right_cheek|snr|argmax,1.418974092603886,1.7199435348363805,1.3307238534095047,0.8242765759600331,100.0,0.02375031952124118
DATASET_2_subject1,DATASET_2,ica,alın+yanaklar,snr,viterbi,ica|forehead+left_cheek+right_cheek|snr|viterbi+ma,1.418974092603886,1.7199435348363805,1.3307238534095047,0.8242765759600331,100.0,0.02375031952124118
DATASET_2_subject1,DATASET_2,ica,4_bölge,mean,argmax,ica|forehead+left_cheek+right_cheek+full|mean|argmax,1.4333673592538938,1.7126058020885455,1.3441196613447914,0.8252398284700956,100.0,0.013029907550176745
DATASET_2_subject1,DATASET_2,ica,4_bölge,mean,viterbi,ica|forehead+left_cheek+right_cheek+full|mean|viterbi+ma,1.4333673592538938,1.7126058020885455,1.3441196613447914,0.8252398284700956,100.0,0.013029907550176745
DATASET_2_subject1,DATASET_2,ica,4_bölge,snr,argmax,ica|forehead+left_cheek+right_cheek+full|snr|argmax,1.4196360015894849,1.7150504587858764,1.3309034932381452,0.8224804405412338,100.0,0.020978388974882023
DATASET_2_subject1,DATASET_2,ica,4_bölge,snr,viterbi,ica|forehead+left_cheek+right_cheek+full|snr|viterbi+ma,1.4196360015894849,1.7150504587858764,1.3309034932381452,0.8224804405412338,100.0,0.020978388974882023
DATASET_2_subject1,DATASET_2,chrom,alın,mean,argmax,chrom|forehead|mean|argmax,1.399740324054933,1.7559671749339028,1.310203564873858,0.8096671704966829,100.0,0.006971950569010232
DATASET_2_subject1,DATASET_2,chrom,alın,mean,viterbi,chrom|forehead|mean|viterbi+ma,1.402996657241477,1.7637589228273156,1.3132406971762929,0.8085328838913198,100.0,0.01022828375553786
DATASET_2_subject1,DATASET_2,chrom,yanaklar,mean,argmax,chrom|left_cheek+right_cheek|mean|argmax,1.5386502165359166,1.8097500993329458,1.4440227550399505,0.8140327487549283,100.0,0.022998981564555265
DATASET_2_subject1,DATASET_2,chrom,yanaklar,mean,viterbi,chrom|left_cheek+right_cheek|mean|viterbi+ma,1.5443025522515244,1.823162605052974,1.4493268576345153,0.8120204045308852,100.0,0.01734664584893153
DATASET_2_subject1,DATASET_2,chrom,yanaklar,snr,argmax,chrom|left_cheek+right_cheek|snr|argmax,1.56814009638158,1.8469096824173437,1.4721948125823452,0.812340181765496,100.0,0.0010353663408437797
DATASET_2_subject1,DATASET_2,chrom,yanaklar,snr,viterbi,chrom|left_cheek+right_cheek|snr|viterbi+ma,1.5727726372268898,1.8523206389466673,1.47655535688202,0.8114917405238365,100.0,0.0035971745044349746
DATASET_2_subject1,DATASET_2,chrom,tüm_yüz,mean,argmax,chrom|full|mean|argmax,1.4820364879062777,1.7438521070251887,1.3884378635421633,0.8104151105692335,100.0,0.06764822638230328
DATASET_2_subject1,DATASET_2,chrom,tüm_yüz,mean,viterbi,chrom|full|mean|viterbi+ma,1.4820364879062777,1.7438521070251887,1.3884378635421633,0.8104151105692335,100.0,0.06764822638230328
DATASET_2_subject1,DATASET_2,chrom,alın+yanaklar,mean,argmax,chrom|forehead+left_cheek+right_cheek|mean|argmax,1.4667586356363855,1.7803368345525692,1.3737585461946682,0.8078561503494117,100.0,0.006951464268297514
DATASET_2_subject1,DATASET_2,chrom,alın+yanaklar,mean,viterbi,chrom|forehead+left_cheek+right_cheek|mean|viterbi+ma,1.4817333029596078,1.807033275468822,1.3877908346832761,0.8037889166583303,100.0,0.003006037403281425
DATASET_2_subject1,DATASET_2,chrom,alın+yanaklar,snr,argmax,chrom|forehead+left_cheek+right_cheek|snr|argmax,1.462355634770894,1.778770257582401,1.3714238803493222,0.8161398343544829,100.0,0.009991836521024311
DATASET_2_subject1,DATASET_2,chrom,alın+yanaklar,snr,viterbi,chrom|forehead+left_cheek+right_cheek|snr|viterbi+ma,1.462355634770894,1.778770257582401,1.3714238803493222,0.8161398343544829,100.0,0.009991836521024311
DATASET_2_subject1,DATASET_2,chrom,4_bölge,mean,argmax,chrom|forehead+left_cheek+right_cheek+full|mean|argmax,1.4653938492567342,1.7765452811600768,1.371865088387579,0.8054030844236939,100.0,0.0205802536262496
DATASET_2_subject1,DATASET_2,chrom,4_bölge,mean,viterbi,chrom|forehead+left_cheek+right_cheek+full|mean|viterbi+ma,1.4755683862537723,1.7925542985477998,1.3814161777334857,0.8028544508803885,100.0,0.020280519401140396
DATASET_2_subject1,DATASET_2,chrom,4_bölge,snr,argmax,chrom|forehead+left_cheek+right_cheek+full|snr|argmax,1.4609660080647593,1.7519320299165142,1.369431135650554,0.8158344082428535,100.0,0.02469681310176952
DATASET_2_subject1,DATASET_2,chrom,4_bölge,snr,viterbi,chrom|forehead+left_cheek+right_cheek+full|snr|viterbi+ma,1.4609660080647593,1.7519320299165142,1.369431135650554,0.8158344082428535,100.0,0.02469681310176952
DATASET_2_subject1,DATASET_2,pos,alın,mean,argmax,pos|forehead|mean|argmax,1.446168434648476,1.7974678225203464,1.353883913994255,0.802671781180631,100.0,0.01676893727761808
DATASET_2_subject1,DATASET_2,pos,alın,mean,viterbi,pos|forehead|mean|viterbi+ma,1.4426754082114017,1.792903651857054,1.3505814039708466,0.8032977372634265,100.0,0.013275910840533811
DATASET_2_subject1,DATASET_2,pos,yanaklar,mean,argmax,pos|left_cheek+right_cheek|mean|argmax,1.3447104399512255,1.6105002762131677,1.2647420592159024,0.8541713959397169,100.0,0.057471105053764404
DATASET_2_subject1,DATASET_2,pos,yanaklar,mean,viterbi,pos|left_cheek+right_cheek|mean|viterbi+ma,1.3502599461404918,1.615993368042571,1.2700163058364153,0.8536098372762962,100.0,0.05192159886449588
DATASET_2_subject1,DATASET_2,pos,yanaklar,snr,argmax,pos|left_cheek+right_cheek|snr|argmax,1.3823022274350452,1.636304053122884,1.2992675769423814,0.8460583882164703,100.0,0.007772871299437156
DATASET_2_subject1,DATASET_2,pos,yanaklar,snr,viterbi,pos|left_cheek+right_cheek|snr|viterbi+ma,1.383978829093846,1.6380266216709554,1.300861017931776,0.8458825727702509,100.0,0.006096269640636365
DATASET_2_subject1,DATASET_2,pos,tüm_yüz,mean,argmax,pos|full|mean|argmax,1.446867966753018,1.685686640375898,1.3553563971460802,0.8179144875651819,100.0,0.020188983729312326
DATASET_2_subject1,DATASET_2,pos,tüm_yüz,mean,viterbi,pos|full|mean|viterbi+ma,1.446867966753018,1.685686640375898,1.3553563971460802,0.8179144875651819,100.0,0.020188983729312326
DATASET_2_subject1,DATASET_2,pos,alın+yanaklar,mean,argmax,pos|forehead+left_cheek+right_cheek|mean|argmax,1.4226628406352158,1.7005095189148263,1.3348536581946413,0.830669813884017,100.0,0.026404598107049537
DATASET_2_subject1,DATASET_2,pos,alın+yanaklar,mean,viterbi,pos|forehead+left_cheek+right_cheek|mean|viterbi+ma,1.4226628406352158,1.7005095189148263,1.3348536581946413,0.830669813884017,100.0,0.026404598107049537
DATASET_2_subject1,DATASET_2,pos,alın+yanaklar,snr,argmax,pos|forehead+left_cheek+right_cheek|snr|argmax,1.4106034543168695,1.6952830977416347,1.32349840957752,0.828491829523004,100.0,0.049422925335562695
DATASET_2_subject1,DATASET_2,pos,alın+yanaklar,snr,viterbi,pos|forehead+left_cheek+right_cheek|snr|viterbi+ma,1.414365242256539,1.699020339272849,1.327055022331674,0.8280354232796591,100.0,0.053184713275229
DATASET_2_subject1,DATASET_2,pos,4_bölge,mean,argmax,pos|forehead+left_cheek+right_cheek+full|mean|argmax,1.426258711290114,1.6885442435627218,1.3378701430568773,0.829684215705334,100.0,0.01917638519367415
DATASET_2_subject1,DATASET_2,pos,4_bölge,mean,viterbi,pos|forehead+left_cheek+right_cheek+full|mean|viterbi+ma,1.426258711290114,1.6885442435627218,1.3378701430568773,0.829684215705334,100.0,0.01917638519367415
DATASET_2_subject1,DATASET_2,pos,4_bölge,snr,argmax,pos|forehead+left_cheek+right_cheek+full|snr|argmax,1.4204879913022135,1.6762358551473138,1.3315247006444009,0.8246496319884605,100.0,0.03951364473904562
DATASET_2_subject1,DATASET_2,pos,4_bölge,snr,viterbi,pos|forehead+left_cheek+right_cheek+full|snr|viterbi+ma,1.4269735614554997,1.6819639303225764,1.337626430760151,0.8238061099142825,100.0,0.045999214892333384
DATASET_2_subject1,DATASET_2,lgi,alın,mean,argmax,lgi|forehead|mean|argmax,1.3702704726603756,1.7294034984883,1.282420580990162,0.810441354749208,100.0,0.03402118490413386
DATASET_2_subject1,DATASET_2,lgi,alın,mean,viterbi,lgi|forehead|mean|viterbi+ma,1.375017982900723,1.7429267446641077,1.2868566049246233,0.8083090198026439,100.0,0.0417676354472718
DATASET_2_subject1,DATASET_2,lgi,yanaklar,mean,argmax,lgi|left_cheek+right_cheek|mean|argmax,1.454400681402737,1.7144400142233813,1.3667867094372654,0.8347784911898665,100.0,0.019311172052823622
DATASET_2_subject1,DATASET_2,lgi,yanaklar,mean,viterbi,lgi|left_cheek+right_cheek|mean|viterbi+ma,1.464087408951813,1.7196778532875026,1.3759112082996598,0.8339180386061097,100.0,0.028997899601890254
DATASET_2_subject1,DATASET_2,lgi,yanaklar,snr,argmax,lgi|left_cheek+right_cheek|snr|argmax,1.478108783175248,1.724022352236839,1.388866747021758,0.8320654027117825,100.0,0.008082799334900415
DATASET_2_subject1,DATASET_2,lgi,yanaklar,snr,viterbi,lgi|left_cheek+right_cheek|snr|viterbi+ma,1.4834399711994541,1.7291018196722494,1.3938849178972468,0.831265714100343,100.0,0.0027516113106997864
DATASET_2_subject1,DATASET_2,lgi,tüm_yüz,mean,argmax,lgi|full|mean|argmax,1.387774613377075,1.6399120118693091,1.3001779017263975,0.8261599847235639,100.0,0.01167255442754822
DATASET_2_subject1,DATASET_2,lgi,tüm_yüz,mean,viterbi,lgi|full|mean|viterbi+ma,1.387774613377075,1.6399120118693091,1.3001779017263975,0.8261599847235639,100.0,0.01167255442754822
DATASET_2_subject1,DATASET_2,lgi,alın+yanaklar,mean,argmax,lgi|forehead+left_cheek+right_cheek|mean|argmax,1.4191140947596785,1.7063430562825972,1.3314152654255673,0.8277138490195873,100.0,0.039618058658248856
DATASET_2_subject1,DATASET_2,lgi,alın+yanaklar,mean,viterbi,lgi|forehead+left_cheek+right_cheek|mean|viterbi+ma,1.4191140947596785,1.7063430562825972,1.3314152654255673,0.8277138490195873,100.0,0.039618058658248856
DATASET_2_subject1,DATASET_2,lgi,alın+yanaklar,snr,argmax,lgi|forehead+left_cheek+right_cheek|snr|argmax,1.425998743793368,1.7157487827534614,1.3380414714504267,0.8259503300156149,100.0,0.008505336466356539
DATASET_2_subject1,DATASET_2,lgi,alın+yanaklar,snr,viterbi,lgi|forehead+left_cheek+right_cheek|snr|viterbi+ma,1.425998743793368,1.7157487827534614,1.3380414714504267,0.8259503300156149,100.0,0.008505336466356539
DATASET_2_subject1,DATASET_2,lgi,4_bölge,mean,argmax,lgi|forehead+left_cheek+right_cheek+full|mean|argmax,1.4090589086493,1.6837687220706596,1.3215595884610054,0.8284933613490036,100.0,0.03615875890976383
DATASET_2_subject1,DATASET_2,lgi,4_bölge,mean,viterbi,lgi|forehead+left_cheek+right_cheek+full|mean|viterbi+ma,1.4090589086493,1.6837687220706596,1.3215595884610054,0.8284933613490036,100.0,0.03615875890976383
DATASET_2_subject1,DATASET_2,lgi,4_bölge,snr,argmax,lgi|forehead+left_cheek+right_cheek+full|snr|argmax,1.4043090802689375,1.6669439807970814,1.316636123204878,0.8277023672268081,100.0,0.00040788591060447743
DATASET_2_subject1,DATASET_2,lgi,4_bölge,snr,viterbi,lgi|forehead+left_cheek+right_cheek+full|snr|viterbi+ma,1.4043090802689375,1.6669439807970814,1.316636123204878,0.8277023672268081,100.0,0.00040788591060447743
DATASET_2_subject10,DATASET_2,green,alın,mean,argmax,green|forehead|mean|argmax,45.483106120191366,49.48221803179291,40.52409304963286,-0.16150187397490914,1.7241379310344827,41.86533662994724
DATASET_2_subject10,DATASET_2,green,alın,mean,viterbi,green|forehead|mean|viterbi+ma,42.17285900984834,46.50963505038898,37.33456480280868,-0.1511748915868322,0.0,42.17285900984834
DATASET_2_subject10,DATASET_2,green,yanaklar,mean,argmax,green|left_cheek+right_cheek|mean|argmax,24.470992579319073,32.64572970830236,21.16107033717034,-0.13421149890568077,37.93103448275862,22.4948978741956
DATASET_2_subject10,DATASET_2,green,yanaklar,mean,viterbi,green|left_cheek+right_cheek|mean|viterbi+ma,2.961392370842376,4.1420504379625,2.640521977835035,0.9466333319273934,87.93103448275862,0.6776551716999251
DATASET_2_subject10,DATASET_2,green,yanaklar,snr,argmax,green|left_cheek+right_cheek|snr|argmax,30.927145130037054,37.77666770987862,26.88446339975655,-0.20611229651024307,24.137931034482758,29.10522989397586
DATASET_2_subject10,DATASET_2,green,yanaklar,snr,viterbi,green|left_cheek+right_cheek|snr|viterbi+ma,36.16932547331238,40.87827406760367,31.359547544783762,-0.8294644057129135,15.517241379310345,36.12534127634147
DATASET_2_subject10,DATASET_2,green,tüm_yüz,mean,argmax,green|full|mean|argmax,5.302354832522762,13.326631341451346,4.975233703509503,0.6925255888993693,89.65517241379311,4.053149639120903
DATASET_2_subject10,DATASET_2,green,tüm_yüz,mean,viterbi,green|full|mean|viterbi+ma,1.3283283427894996,1.6586908618783347,1.1902690449506519,0.9857501460193869,100.0,0.04624604071646843
DATASET_2_subject10,DATASET_2,green,alın+yanaklar,mean,argmax,green|forehead+left_cheek+right_cheek|mean|argmax,37.68680586032111,43.943765247002425,33.98960657208673,0.1682728147569245,10.344827586206897,31.46820170821566
DATASET_2_subject10,DATASET_2,green,alın+yanaklar,mean,viterbi,green|forehead+left_cheek+right_cheek|mean|viterbi+ma,54.93071575573642,56.97356292884059,48.610671924616234,-0.7911939206391195,0.0,54.93071575573644
DATASET_2_subject10,DATASET_2,green,alın+yanaklar,snr,argmax,green|forehead+left_cheek+right_cheek|snr|argmax,42.67700392646957,47.886015349977306,37.480582731287946,-0.3537402431961705,13.793103448275861,42.67700392646957
DATASET_2_subject10,DATASET_2,green,alın+yanaklar,snr,viterbi,green|forehead+left_cheek+right_cheek|snr|viterbi+ma,50.15465987910684,53.372030873011255,44.11369164431505,-0.6851589451965914,5.172413793103448,50.15465987910684
DATASET_2_subject10,DATASET_2,green,4_bölge,mean,argmax,green|forehead+left_cheek+right_cheek+full|mean|argmax,38.746707023043186,45.135992070587946,34.80842816199722,0.13448002313309967,12.068965517241379,34.48466773847234
DATASET_2_subject10,DATASET_2,green,4_bölge,mean,viterbi,green|forehead+left_cheek+right_cheek+full|mean|viterbi+ma,54.56731052770935,56.7263716155231,48.269392888785724,-0.7611807652548851,0.0,54.56731052770937
DATASET_2_subject10,DATASET_2,green,4_bölge,snr,argmax,green|forehead+left_cheek+right_cheek+full|snr|argmax,32.88329545670073,41.98273564233555,28.9733816583983,-0.06822698132353139,34.48275862068966,32.76491345788203
DATASET_2_subject10,DATASET_2,green,4_bölge,snr,viterbi,green|forehead+left_cheek+right_cheek+full|snr|viterbi+ma,1.4594553904551664,1.9002495297444058,1.3420558148224384,0.9839266702451319,98.27586206896551,0.26940919592250623
DATASET_2_subject10,DATASET_2,ica,alın,mean,argmax,ica|forehead|mean|argmax,1.2000325360171127,1.436197431055161,1.0864967178357747,0.9892937213557392,100.0,0.047607999603968665
DATASET_2_subject10,DATASET_2,ica,alın,mean,viterbi,ica|forehead|mean|viterbi+ma,1.2094656920994884,1.4452844307993065,1.09637470084919,0.9892178289016187,100.0,0.0503725184776016
DATASET_2_subject10,DATASET_2,ica,yanaklar,mean,argmax,ica|left_cheek+right_cheek|mean|argmax,0.9739481170598525,1.2459364439074587,0.8811866261493816,0.9916339162216447,100.0,0.0034686190392960725
DATASET_2_subject10,DATASET_2,ica,yanaklar,mean,viterbi,ica|left_cheek+right_cheek|mean|viterbi+ma,0.9851478315680189,1.2600640586163971,0.8933619360964219,0.9915719049696451,100.0,0.007731095468869853
DATASET_2_subject10,DATASET_2,ica,yanaklar,snr,argmax,ica|left_cheek+right_cheek|snr|argmax,0.9493010991990577,1.2112839104336335,0.8573752822724854,0.9923553936051406,100.0,0.011465057026882164
DATASET_2_subject10,DATASET_2,ica,yanaklar,snr,viterbi,ica|left_cheek+right_cheek|snr|viterbi+ma,0.9569006129216163,1.2199488225591055,0.8655818379216171,0.9923324597097843,100.0,0.01906457074943546
DATASET_2_subject10,DATASET_2,ica,tüm_yüz,mean,argmax,ica|full|mean|argmax,1.048475777669449,1.3404795398897114,0.9372372410562553,0.990328405568133,100.0,0.02164424526647224
DATASET_2_subject10,DATASET_2,ica,tüm_yüz,mean,viterbi,ica|full|mean|viterbi+ma,1.0483538943124575,1.3404044270096156,0.9371087026728238,0.9903282123192667,100.0,0.021766128623454506
DATASET_2_subject10,DATASET_2,ica,alın+yanaklar,mean,argmax,ica|forehead+left_cheek+right_cheek|mean|argmax,1.180332081208612,1.494360998031082,1.048955309003839,0.9870751544019631,100.0,0.11045972141424443
DATASET_2_subject10,DATASET_2,ica,alın+yanaklar,mean,viterbi,ica|forehead+left_cheek+right_cheek|mean|viterbi+ma,1.1834585400259598,1.4966703369546794,1.0524216294315347,0.9870703170285083,100.0,0.10733326259691012
DATASET_2_subject10,DATASET_2,ica,alın+yanaklar,snr,argmax,ica|forehead+left_cheek+right_cheek|snr|argmax,1.0332798370710863,1.293990263261591,0.9339680855792095,0.9912351944246622,100.0,0.03150310400748424
DATASET_2_subject10,DATASET_2,ica,alın+yanaklar,snr,viterbi,ica|forehead+left_cheek+right_cheek|snr|viterbi+ma,1.0364565397921266,1.2970073691492947,0.9373182413550585,0.9912289101610875,100.0,0.034679806728519225
DATASET_2_subject10,DATASET_2,ica,4_bölge,mean,argmax,ica|forehead+left_cheek+right_cheek+full|mean|argmax,1.1353214825655185,1.4368958389835524,1.0089369294928179,0.9881802028491666,100.0,0.09209693262258156
DATASET_2_subject10,DATASET_2,ica,4_bölge,mean,viterbi,ica|forehead+left_cheek+right_cheek+full|mean|viterbi+ma,1.1353214825655185,1.4368958389835524,1.0089369294928179,0.9881802028491666,100.0,0.09209693262258156
DATASET_2_subject10,DATASET_2,ica,4_bölge,snr,argmax,ica|forehead+left_cheek+right_cheek+full|snr|argmax,1.0397127449389691,1.3083098433870721,0.9338074380563484,0.9908604124537886,100.0,0.006155553001462977
DATASET_2_subject10,DATASET_2,ica,4_bölge,snr,viterbi,ica|forehead+left_cheek+right_cheek+full|snr|viterbi+ma,1.042515178743885,1.3104872272205195,0.937074795268494,0.9908782244931755,100.0,0.008957986806379381
DATASET_2_subject10,DATASET_2,chrom,alın,mean,argmax,chrom|forehead|mean|argmax,1.2933965972125328,1.5800867893768076,1.1662669014169993,0.9863019961770966,100.0,0.05005815838754302
DATASET_2_subject10,DATASET_2,chrom,alın,mean,viterbi,chrom|forehead|mean|viterbi+ma,1.3013995927284845,1.5865449813019041,1.1744209523351554,0.9861969006656174,100.0,0.05095046349234167
DATASET_2_subject10,DATASET_2,chrom,yanaklar,mean,argmax,chrom|left_cheek+right_cheek|mean|argmax,0.951220195031633,1.2059208346145223,0.866992788908998,0.9918317867471027,100.0,0.0869025027777468
DATASET_2_subject10,DATASET_2,chrom,yanaklar,mean,viterbi,chrom|left_cheek+right_cheek|mean|viterbi+ma,0.9569385151706813,1.2124573396025482,0.8731448364804724,0.9917909347465539,100.0,0.08118418263869387
DATASET_2_subject10,DATASET_2,chrom,yanaklar,snr,argmax,chrom|left_cheek+right_cheek|snr|argmax,0.9225901253546023,1.2091056206345874,0.837525304812261,0.991900341992071,100.0,0.06795882494240857
DATASET_2_subject10,DATASET_2,chrom,yanaklar,snr,viterbi,chrom|left_cheek+right_cheek|snr|viterbi+ma,0.9371015397095876,1.2281217702144964,0.8531371187130533,0.9917775293302522,100.0,0.05344741058742386
DATASET_2_subject10,DATASET_2,chrom,tüm_yüz,mean,argmax,chrom|full|mean|argmax,0.9588885522743201,1.262677451633417,0.8548446153953297,0.9913911605448166,100.0,0.0781210341755667
DATASET_2_subject10,DATASET_2,chrom,tüm_yüz,mean,viterbi,chrom|full|mean|viterbi+ma,0.9582254091866355,1.2622352873277358,0.8541452636332948,0.9913912581588019,100.0,0.07878417726324471
DATASET_2_subject10,DATASET_2,chrom,alın+yanaklar,mean,argmax,chrom|forehead+left_cheek+right_cheek|mean|argmax,1.1409617379850747,1.460043633064794,1.0185493741528404,0.9875644839227429,100.0,0.13122222344000534
DATASET_2_subject10,DATASET_2,chrom,alın+yanaklar,mean,viterbi,chrom|forehead+left_cheek+right_cheek|mean|viterbi+ma,1.142506934400375,1.460643895826469,1.020239946285895,0.9875672620015359,100.0,0.13008039255592507
DATASET_2_subject10,DATASET_2,chrom,alın+yanaklar,snr,argmax,chrom|forehead+left_cheek+right_cheek|snr|argmax,0.9165024396793535,1.2184524836043658,0.8262336093589364,0.9918078860112466,100.0,0.08166484480848624
DATASET_2_subject10,DATASET_2,chrom,alın+yanaklar,snr,viterbi,chrom|forehead+left_cheek+right_cheek|snr|viterbi+ma,0.9225156949048379,1.22460701287614,0.8328276775102659,0.9917858835863088,100.0,0.07565158958298923
DATASET_2_subject10,DATASET_2,chrom,4_bölge,mean,argmax,chrom|forehead+left_cheek+right_cheek+full|mean|argmax,1.0967346910622864,1.4158611892273847,0.9775926954957616,0.9884767759669555,100.0,0.11390424837163948
DATASET_2_subject10,DATASET_2,chrom,4_bölge,mean,viterbi,chrom|forehead+left_cheek+right_cheek+full|mean|viterbi+ma,1.0967346910622864,1.4158611892273847,0.9775926954957616,0.9884767759669555,100.0,0.11390424837163948
DATASET_2_subject10,DATASET_2,chrom,4_bölge,snr,argmax,chrom|forehead+left_cheek+right_cheek+full|snr|argmax,0.8982112478394927,1.199768513838132,0.8008851722663588,0.9920064055058503,100.0,0.07714146806134181
DATASET_2_subject10,DATASET_2,chrom,4_bölge,snr,viterbi,chrom|forehead+left_cheek+right_cheek+full|snr|viterbi+ma,0.900932144812314,1.2022582800534611,0.8038905493981112,0.992000958822157,100.0,0.07442057108853817
DATASET_2_subject10,DATASET_2,pos,alın,mean,argmax,pos|forehead|mean|argmax,1.131958818033172,1.3939705912443778,1.0136429983965256,0.9895684402114386,100.0,0.023615280559724283
DATASET_2_subject10,DATASET_2,pos,alın,mean,viterbi,pos|forehead|mean|viterbi+ma,1.1298465509322237,1.3933889123405379,1.0114153981299006,0.9895523437194516,100.0,0.02150301345876926
DATASET_2_subject10,DATASET_2,pos,yanaklar,mean,argmax,pos|left_cheek+right_cheek|mean|argmax,2.076697631834667,6.8959253859089324,1.9591634968404423,0.8253909911297521,98.27586206896551,0.7210962980731637
DATASET_2_subject10,DATASET_2,pos,yanaklar,mean,viterbi,pos|left_cheek+right_cheek|mean|viterbi+ma,1.1993249964315356,1.6068145971914738,1.0847975551673348,0.9840402737861089,100.0,0.15627633732998447
DATASET_2_subject10,DATASET_2,pos,yanaklar,snr,argmax,pos|left_cheek+right_cheek|snr|argmax,3.8973987509720627,11.594496708202275,3.823125557210161,0.7653102408788346,94.82758620689656,2.4729328093432628
DATASET_2_subject10,DATASET_2,pos,yanaklar,snr,viterbi,pos|left_cheek+right_cheek|snr|viterbi+ma,1.3084590664890587,1.6794676541119842,1.1836970767089439,0.9824212653517809,100.0,0.1763595964464031
DATASET_2_subject10,DATASET_2,pos,tüm_yüz,mean,argmax,pos|full|mean|argmax,0.9924703648795764,1.3053770135812401,0.8822393821903045,0.9904494801165771,100.0,0.05865305643581564
DATASET_2_subject10,DATASET_2,pos,tüm_yüz,mean,viterbi,pos|full|mean|viterbi+ma,0.9969463212403148,1.3082155080295632,0.8870852336601117,0.9904542076315146,100.0,0.05417710007509413
DATASET_2_subject10,DATASET_2,pos,alın+yanaklar,mean,argmax,pos|forehead+left_cheek+right_cheek|mean|argmax,1.0957055652817032,1.4442023482772142,0.9815136796371446,0.9874194416618933,100.0,0.12413192016070695
DATASET_2_subject10,DATASET_2,pos,alın+yanaklar,mean,viterbi,pos|forehead+left_cheek+right_cheek|mean|viterbi+ma,1.0957055652817032,1.4442023482772142,0.9815136796371446,0.9874194416618933,100.0,0.12413192016070695
DATASET_2_subject10,DATASET_2,pos,alın+yanaklar,snr,argmax,pos|forehead+left_cheek+right_cheek|snr|argmax,1.1129977583493402,1.4300096724123719,0.9929372594462247,0.9887226967716788,100.0,0.03295526971768936
DATASET_2_subject10,DATASET_2,pos,alın+yanaklar,snr,viterbi,pos|forehead+left_cheek+right_cheek|snr|viterbi+ma,1.1190731096673097,1.4386175995467114,0.9991634523966835,0.988638422841415,100.0,0.039030621035664126
DATASET_2_subject10,DATASET_2,pos,4_bölge,mean,argmax,pos|forehead+left_cheek+right_cheek+full|mean|argmax,1.0394353017821654,1.3702928778610515,0.9255136315187724,0.9888337193394642,100.0,0.11188578809029082
DATASET_2_subject10,DATASET_2,pos,4_bölge,mean,viterbi,pos|forehead+left_cheek+right_cheek+full|mean|viterbi+ma,1.0394353017821654,1.3702928778610515,0.9255136315187724,0.9888337193394642,100.0,0.11188578809029082
DATASET_2_subject10,DATASET_2,pos,4_bölge,snr,argmax,pos|forehead+left_cheek+right_cheek+full|snr|argmax,1.0148255009187515,1.3127676323480126,0.9025922983155983,0.9903104494945832,100.0,0.04640801452170251
DATASET_2_subject10,DATASET_2,pos,4_bölge,snr,viterbi,pos|forehead+left_cheek+right_cheek+full|snr|viterbi+ma,1.0182415266312774,1.3149810549130538,0.9063227368981747,0.9903151218352838,100.0,0.04299198880916322
DATASET_2_subject10,DATASET_2,lgi,alın,mean,argmax,lgi|forehead|mean|argmax,1.2152377857300494,1.481985877446704,1.092968419860057,0.9882493644652252,100.0,0.0188741344943395
DATASET_2_subject10,DATASET_2,lgi,alın,mean,viterbi,lgi|forehead|mean|viterbi+ma,1.221671585570325,1.4860839019216736,1.0995708911360664,0.9882179237119085,100.0,0.01688369431509784
DATASET_2_subject10,DATASET_2,lgi,yanaklar,mean,argmax,lgi|left_cheek+right_cheek|mean|argmax,2.155843803165777,6.913237467163643,2.0390764302647795,0.8230232773261243,98.27586206896551,0.7016242327831463
DATASET_2_subject10,DATASET_2,lgi,yanaklar,mean,viterbi,lgi|left_cheek+right_cheek|mean|viterbi+ma,1.2813667532958082,1.6903799734968044,1.1675089610016904,0.9822447409173639,100.0,0.17285281708683442
DATASET_2_subject10,DATASET_2,lgi,yanaklar,snr,argmax,lgi|left_cheek+right_cheek|snr|argmax,5.0058536681361865,12.870450180816489,4.82907802909651,0.7323191378310067,91.37931034482759,3.440786245934433
DATASET_2_subject10,DATASET_2,lgi,yanaklar,snr,viterbi,lgi|left_cheek+right_cheek|snr|viterbi+ma,1.4300557721593357,1.8166675709723816,1.3007557200221145,0.9794374670141778,100.0,0.20989438342830624
DATASET_2_subject10,DATASET_2,lgi,tüm_yüz,mean,argmax,lgi|full|mean|argmax,0.9965255223637274,1.3085911186190198,0.8856416340112391,0.9904406324332581,100.0,0.0641342880391278
DATASET_2_subject10,DATASET_2,lgi,tüm_yüz,mean,viterbi,lgi|full|mean|viterbi+ma,1.0007380575921565,1.3112486999461326,0.8901871267579893,0.9904448023408403,100.0,0.059921752810708995
DATASET_2_subject10,DATASET_2,lgi,alın+yanaklar,mean,argmax,lgi|forehead+left_cheek+right_cheek|mean|argmax,1.1020502635268696,1.4543404456354994,0.9880407900262128,0.9871937159689788,100.0,0.12306706513663812
DATASET_2_subject10,DATASET_2,lgi,alın+yanaklar,mean,viterbi,lgi|forehead+left_cheek+right_cheek|mean|viterbi+ma,1.1020502635268696,1.4543404456354994,0.9880407900262128,0.9871937159689788,100.0,0.12306706513663812
DATASET_2_subject10,DATASET_2,lgi,alın+yanaklar,snr,argmax,lgi|forehead+left_cheek+right_cheek|snr|argmax,1.1915795963445412,1.502259294184928,1.0656027009653803,0.9875642167598632,100.0,0.02765046715602182
DATASET_2_subject10,DATASET_2,lgi,alın+yanaklar,snr,viterbi,lgi|forehead+left_cheek+right_cheek|snr|viterbi+ma,1.2031885191385299,1.5122018470385603,1.0782567647609105,0.987537550594869,100.0,0.019014876358411925
DATASET_2_subject10,DATASET_2,lgi,4_bölge,mean,argmax,lgi|forehead+left_cheek+right_cheek+full|mean|argmax,1.0440582193524737,1.3819689612273867,0.9290107852814314,0.9886422132554729,100.0,0.10482514106563201
DATASET_2_subject10,DATASET_2,lgi,4_bölge,mean,viterbi,lgi|forehead+left_cheek+right_cheek+full|mean|viterbi+ma,1.0440582193524737,1.3819689612273867,0.9290107852814314,0.9886422132554729,100.0,0.10482514106563201
DATASET_2_subject10,DATASET_2,lgi,4_bölge,snr,argmax,lgi|forehead+left_cheek+right_cheek+full|snr|argmax,1.0282066797533473,1.336492845299284,0.9141094555854344,0.989969070041199,100.0,0.06934875279360142
DATASET_2_subject10,DATASET_2,lgi,4_bölge,snr,viterbi,lgi|forehead+left_cheek+right_cheek+full|snr|viterbi+ma,1.0306785809195882,1.338050685650324,0.9167682731457738,0.9899703100047482,100.0,0.0668768516273559
DATASET_2_subject11,DATASET_2,green,alın,mean,argmax,green|forehead|mean|argmax,57.2573516768665,59.619971908227754,46.17838654121069,-0.3199868934454973,0.0,56.916410413065336
DATASET_2_subject11,DATASET_2,green,alın,mean,viterbi,green|forehead|mean|viterbi+ma,55.843285820764294,57.200680748148855,45.03734121482865,-0.47102032355571094,0.0,55.84328582076428
DATASET_2_subject11,DATASET_2,green,yanaklar,mean,argmax,green|left_cheek+right_cheek|mean|argmax,31.66224958782678,44.78166873671777,25.630296370726718,0.0647665064641661,44.827586206896555,30.546925181768117
DATASET_2_subject11,DATASET_2,green,yanaklar,mean,viterbi,green|left_cheek+right_cheek|mean|viterbi+ma,1.9107117259032054,2.3789881425624566,1.5586401662093126,0.8911391016964666,96.55172413793103,0.05217153903804217
DATASET_2_subject11,DATASET_2,green,yanaklar,snr,argmax,green|left_cheek+right_cheek|snr|argmax,38.409663084876755,51.77550826114517,30.90074470535949,-0.13522587191984853,43.103448275862064,37.52972841604327
DATASET_2_subject11,DATASET_2,green,yanaklar,snr,viterbi,green|left_cheek+right_cheek|snr|viterbi+ma,1.6189726447052966,2.200270986657263,1.322265906680544,0.9004753267749118,96.55172413793103,0.10158467231674706
DATASET_2_subject11,DATASET_2,green,tüm_yüz,mean,argmax,green|full|mean|argmax,42.35407348035146,52.07276967741766,33.86669310473119,-0.24627131851021744,25.862068965517242,39.177830110973645
DATASET_2_subject11,DATASET_2,green,tüm_yüz,mean,viterbi,green|full|mean|viterbi+ma,41.582702730108075,51.610721435263706,32.91863024113409,-0.7909568617992597,31.03448275862069,41.24084854264785
DATASET_2_subject11,DATASET_2,green,alın+yanaklar,mean,argmax,green|forehead+left_cheek+right_cheek|mean|argmax,32.38589565024568,43.929195712280546,25.721057025655824,-0.4770616965095372,36.206896551724135,31.09437909179583
DATASET_2_subject11,DATASET_2,green,alın+yanaklar,mean,viterbi,green|forehead+left_cheek+right_cheek|mean|viterbi+ma,14.106719312183282,21.443445725130655,11.260273844564802,-0.12372472037762142,56.896551724137936,12.582797825105217
DATASET_2_subject11,DATASET_2,green,alın+yanaklar,snr,argmax,green|forehead+left_cheek+right_cheek|snr|argmax,45.27314152940593,55.1520061477525,36.39313885337355,-0.22474674198990333,29.310344827586203,44.671578025186065
DATASET_2_subject11,DATASET_2,green,alın+yanaklar,snr,viterbi,green|forehead+left_cheek+right_cheek|snr|viterbi+ma,63.043086497997834,63.55302149519112,51.14024327402063,0.3877826121930682,0.0,63.04308649799783
DATASET_2_subject11,DATASET_2,green,4_bölge,mean,argmax,green|forehead+left_cheek+right_cheek+full|mean|argmax,34.48877142731542,46.12699489743828,27.412443649874646,-0.4755612784632217,36.206896551724135,33.570667548328046
DATASET_2_subject11,DATASET_2,green,4_bölge,mean,viterbi,green|forehead+left_cheek+right_cheek+full|mean|viterbi+ma,14.036323005394985,21.456493901928795,11.20404706545883,-0.11841304260698397,58.620689655172406,12.526720786237732
DATASET_2_subject11,DATASET_2,green,4_bölge,snr,argmax,green|forehead+left_cheek+right_cheek+full|snr|argmax,41.87487994489049,52.77374245419057,33.55441886172912,-0.30658440448189944,32.758620689655174,41.05200321519351
DATASET_2_subject11,DATASET_2,green,4_bölge,snr,viterbi,green|forehead+left_cheek+right_cheek+full|snr|viterbi+ma,66.03609344167774,66.45931858391356,53.53713184377569,0.31780202234244986,0.0,66.03609344167772
DATASET_2_subject11,DATASET_2,ica,alın,mean,argmax,ica|forehead|mean|argmax,2.9449672558907016,5.679968317394585,2.3536377323959177,0.5477298834243507,89.65517241379311,0.37369477788926986
DATASET_2_subject11,DATASET_2,ica,alın,mean,viterbi,ica|forehead|mean|viterbi+ma,2.0692153039878436,3.187329188643997,1.675156750481341,0.8305207349783382,93.10344827586206,0.7370281025022933
DATASET_2_subject11,DATASET_2,ica,yanaklar,mean,argmax,ica|left_cheek+right_cheek|mean|argmax,1.4071890804186187,1.8442622364683445,1.1414440346855437,0.929577298357771,96.55172413793103,0.18427347502482405
DATASET_2_subject11,DATASET_2,ica,yanaklar,mean,viterbi,ica|left_cheek+right_cheek|mean|viterbi+ma,1.401788575890828,1.8415998513915688,1.136963153684999,0.9297725417858989,96.55172413793103,0.189673979552623
DATASET_2_subject11,DATASET_2,ica,yanaklar,snr,argmax,ica|left_cheek+right_cheek|snr|argmax,1.3866835803251136,1.8195247721797934,1.1248175193971863,0.9313818506371949,96.55172413793103,0.19679547497737815
DATASET_2_subject11,DATASET_2,ica,yanaklar,snr,viterbi,ica|left_cheek+right_cheek|snr|viterbi+ma,1.3766735329983335,1.8135833711694955,1.1165780967312535,0.9318497814562497,96.55172413793103,0.20680552230416538
DATASET_2_subject11,DATASET_2,ica,tüm_yüz,mean,argmax,ica|full|mean|argmax,1.3625168704936286,1.8001643613395744,1.1050746371039923,0.934274258143747,96.55172413793103,0.19870366481572432
DATASET_2_subject11,DATASET_2,ica,tüm_yüz,mean,viterbi,ica|full|mean|viterbi+ma,1.3548595332602396,1.7958817993858325,1.0987610532396888,0.9345802206199377,96.55172413793103,0.2063610020491069
DATASET_2_subject11,DATASET_2,ica,alın+yanaklar,mean,argmax,ica|forehead+left_cheek+right_cheek|mean|argmax,1.4140995815288817,1.8551478410803082,1.1463985568067425,0.9297112297348832,96.55172413793103,0.21677747610507936
DATASET_2_subject11,DATASET_2,ica,alın+yanaklar,mean,viterbi,ica|forehead+left_cheek+right_cheek|mean|viterbi+ma,1.4096653677115658,1.8529663901828544,1.1427424842119762,0.9298782396669532,96.55172413793103,0.2212116899223986
DATASET_2_subject11,DATASET_2,ica,alın+yanaklar,snr,argmax,ica|forehead+left_cheek+right_cheek|snr|argmax,1.4437536854535906,1.875032828179572,1.1697247574051253,0.9284215801039518,96.55172413793103,0.2682081568129888
DATASET_2_subject11,DATASET_2,ica,alın+yanaklar,snr,viterbi,ica|forehead+left_cheek+right_cheek|snr|viterbi+ma,1.429610357040353,1.8696094534418606,1.1580820852049276,0.92896938462574,96.55172413793103,0.28690113779018134
DATASET_2_subject11,DATASET_2,ica,4_bölge,mean,argmax,ica|forehead+left_cheek+right_cheek+full|mean|argmax,1.3961553957960642,1.8374732726141112,1.1319658402657269,0.9311916247605192,96.55172413793103,0.21348980795990258
DATASET_2_subject11,DATASET_2,ica,4_bölge,mean,viterbi,ica|forehead+left_cheek+right_cheek+full|mean|viterbi+ma,1.3906216607548656,1.83462810114168,1.127403196725215,0.9314053799969242,96.55172413793103,0.21902354300110005
DATASET_2_subject11,DATASET_2,ica,4_bölge,snr,argmax,ica|forehead+left_cheek+right_cheek+full|snr|argmax,1.3766081448897254,1.8049321250392325,1.1161209348168433,0.9337292257770827,96.55172413793103,0.2410677720914549
DATASET_2_subject11,DATASET_2,ica,4_bölge,snr,viterbi,ica|forehead+left_cheek+right_cheek+full|snr|viterbi+ma,1.3684089906810362,1.8002867360492263,1.10936061512148,0.9340862940509435,96.55172413793103,0.24926692630013747
DATASET_2_subject11,DATASET_2,chrom,alın,mean,argmax,chrom|forehead|mean|argmax,1.8237753531150585,2.5945340402538415,1.4745548511129274,0.8753649907631582,96.55172413793103,0.5373866546831323
DATASET_2_subject11,DATASET_2,chrom,alın,mean,viterbi,chrom|forehead|mean|viterbi+ma,1.6219755526186546,2.073290474872576,1.3102845295182166,0.9149272789261862,98.27586206896551,0.3342558275234637
DATASET_2_subject11,DATASET_2,chrom,yanaklar,mean,argmax,chrom|left_cheek+right_cheek|mean|argmax,1.4581486153770766,1.9122164647455537,1.1842500217941008,0.924541951587554,96.55172413793103,0.2133035939294814
DATASET_2_subject11,DATASET_2,chrom,yanaklar,mean,viterbi,chrom|left_cheek+right_cheek|mean|viterbi+ma,1.4505336195554672,1.9082126125598138,1.177971349028271,0.9248630530081289,96.55172413793103,0.22091858975109346
DATASET_2_subject11,DATASET_2,chrom,yanaklar,snr,argmax,chrom|left_cheek+right_cheek|snr|argmax,3.7974847982228597,12.936509838507291,3.058587565116633,0.2847412676014545,93.10344827586206,2.189789277988922
DATASET_2_subject11,DATASET_2,chrom,yanaklar,snr,viterbi,chrom|left_cheek+right_cheek|snr|viterbi+ma,1.4456018868963172,1.885754251682783,1.1740544469585952,0.9263995726143643,96.55172413793103,0.22187099145548927
DATASET_2_subject11,DATASET_2,chrom,tüm_yüz,mean,argmax,chrom|full|mean|argmax,1.3911453477608178,1.8894003959351433,1.1286381323927652,0.9274885847444572,96.55172413793103,0.21487808644431539
DATASET_2_subject11,DATASET_2,chrom,tüm_yüz,mean,viterbi,chrom|full|mean|viterbi+ma,1.3867561613958308,1.8872833360880812,1.1250191855752512,0.9276478413998545,96.55172413793103,0.21926727280930436
DATASET_2_subject11,DATASET_2,chrom,alın+yanaklar,mean,argmax,chrom|forehead+left_cheek+right_cheek|mean|argmax,1.426981312679734,1.864306908809975,1.1569854238678656,0.9277070158186108,96.55172413793103,0.18698168502855594
DATASET_2_subject11,DATASET_2,chrom,alın+yanaklar,mean,viterbi,chrom|forehead+left_cheek+right_cheek|mean|viterbi+ma,1.4057898774761233,1.854070406374791,1.1395127830156953,0.9285330337883316,96.55172413793103,0.20817312023217482
DATASET_2_subject11,DATASET_2,chrom,alın+yanaklar,snr,argmax,chrom|forehead+left_cheek+right_cheek|snr|argmax,1.475236719314881,1.8989978209978347,1.196950595238322,0.9260694197724094,96.55172413793103,0.2613472707343334
DATASET_2_subject11,DATASET_2,chrom,alın+yanaklar,snr,viterbi,chrom|forehead+left_cheek+right_cheek|snr|viterbi+ma,1.4569163659670084,1.8869058567519001,1.1818888384605308,0.9270808290003504,96.55172413793103,0.279667624082208
DATASET_2_subject11,DATASET_2,chrom,4_bölge,mean,argmax,chrom|forehead+left_cheek+right_cheek+full|mean|argmax,1.4065486255739017,1.847179792535146,1.1405607072198378,0.9292741697714888,96.55172413793103,0.19262933546326622
DATASET_2_subject11,DATASET_2,chrom,4_bölge,mean,viterbi,chrom|forehead+left_cheek+right_cheek+full|mean|viterbi+ma,1.388491171488108,1.8392719903244368,1.1256720785397067,0.9299087376417204,96.55172413793103,0.21068678954905806
DATASET_2_subject11,DATASET_2,chrom,4_bölge,snr,argmax,chrom|forehead+left_cheek+right_cheek+full|snr|argmax,1.408294344781551,1.8676855626775855,1.1417417839255717,0.9285693386523096,96.55172413793103,0.22935250319267197
DATASET_2_subject11,DATASET_2,chrom,4_bölge,snr,viterbi,chrom|forehead+left_cheek+right_cheek+full|snr|viterbi+ma,1.400074646453695,1.8631827498204483,1.1349645253106697,0.9289235358763436,96.55172413793103,0.23757220152052128
DATASET_2_subject11,DATASET_2,pos,alın,mean,argmax,pos|forehead|mean|argmax,3.307946719364006,6.4187343772488,2.6387738206310485,0.46251529389340257,87.93103448275862,0.513000127272079
DATASET_2_subject11,DATASET_2,pos,alın,mean,viterbi,pos|forehead|mean|viterbi+ma,2.086989740237304,3.1176729918783184,1.6925553224184788,0.8407696918181804,93.10344827586206,0.683957353349598
DATASET_2_subject11,DATASET_2,pos,yanaklar,mean,argmax,pos|left_cheek+right_cheek|mean|argmax,1.3682912360100328,1.799759353195874,1.110607011233061,0.932728563682446,96.55172413793103,0.19654647741323572
DATASET_2_subject11,DATASET_2,pos,yanaklar,mean,viterbi,pos|left_cheek+right_cheek|mean|viterbi+ma,1.3643691641622566,1.7988934109687762,1.107373207003467,0.9328050691632175,96.55172413793103,0.20046854926101787
DATASET_2_subject11,DATASET_2,pos,yanaklar,snr,argmax,pos|left_cheek+right_cheek|snr|argmax,1.3983212435574424,1.8007018299360105,1.1349560166390575,0.9322395583365939,96.55172413793103,0.13870158446643188
DATASET_2_subject11,DATASET_2,pos,yanaklar,snr,viterbi,pos|left_cheek+right_cheek|snr|viterbi+ma,1.3913342285415475,1.7968475944920306,1.129169250043423,0.9325187900299008,96.55172413793103,0.1456885994823267
DATASET_2_subject11,DATASET_2,pos,tüm_yüz,mean,argmax,pos|full|mean|argmax,1.3751953079399584,1.7961298013533475,1.1161716375506467,0.9335960708339519,96.55172413793103,0.19915741919227514
DATASET_2_subject11,DATASET_2,pos,tüm_yüz,mean,viterbi,pos|full|mean|viterbi+ma,1.3581755070251291,1.7887509675686852,1.1021385687234078,0.9341698503907201,96.55172413793103,0.21617722010711304
DATASET_2_subject11,DATASET_2,pos,alın+yanaklar,mean,argmax,pos|forehead+left_cheek+right_cheek|mean|argmax,1.362521177580575,1.7613668787100607,1.1039552036925828,0.9359581121796375,96.55172413793103,0.18358175520074838
DATASET_2_subject11,DATASET_2,pos,alın+yanaklar,mean,viterbi,pos|forehead+left_cheek+right_cheek|mean|viterbi+ma,1.3464867714777147,1.7549198292410468,1.0907657916317748,0.9364629545538528,96.55172413793103,0.19961616130359516
DATASET_2_subject11,DATASET_2,pos,alın+yanaklar,snr,argmax,pos|forehead+left_cheek+right_cheek|snr|argmax,1.3908861426153984,1.795214218450641,1.1273894176844534,0.9328415481399835,96.55172413793103,0.1341189483994043
DATASET_2_subject11,DATASET_2,pos,alın+yanaklar,snr,viterbi,pos|forehead+left_cheek+right_cheek|snr|viterbi+ma,1.3844072696326726,1.791674122377039,1.1220161746471986,0.9330890730831549,96.55172413793103,0.14059782138212995
DATASET_2_subject11,DATASET_2,pos,4_bölge,mean,argmax,pos|forehead+left_cheek+right_cheek+full|mean|argmax,1.3502432600031449,1.7566485950809596,1.093821263349504,0.936393028102781,96.55172413793103,0.183640882652071
DATASET_2_subject11,DATASET_2,pos,4_bölge,mean,viterbi,pos|forehead+left_cheek+right_cheek+full|mean|viterbi+ma,1.3353255037664096,1.7505564272339413,1.0815213603679312,0.9368553901652519,96.55172413793103,0.1985586388888123
DATASET_2_subject11,DATASET_2,pos,4_bölge,snr,argmax,pos|forehead+left_cheek+right_cheek+full|snr|argmax,1.3844877497937675,1.796976965329114,1.1227814545634898,0.9331500519583833,96.55172413793103,0.1813061271439409
DATASET_2_subject11,DATASET_2,pos,4_bölge,snr,viterbi,pos|forehead+left_cheek+right_cheek+full|snr|viterbi+ma,1.3668403651041663,1.7891495798809272,1.1082309339546286,0.9337561898444393,96.55172413793103,0.19895351183355103
DATASET_2_subject11,DATASET_2,lgi,alın,mean,argmax,lgi|forehead|mean|argmax,8.626244663816014,19.864073859769178,6.862705874109164,0.01997401150287568,79.3103448275862,6.461331045260181
DATASET_2_subject11,DATASET_2,lgi,alın,mean,viterbi,lgi|forehead|mean|viterbi+ma,2.118874383215647,3.2815700910669543,1.7156655706164272,0.8237984175554499,91.37931034482759,0.7595545075006669
DATASET_2_subject11,DATASET_2,lgi,yanaklar,mean,argmax,lgi|left_cheek+right_cheek|mean|argmax,1.4160350350983977,1.8202463247749106,1.1504278197546882,0.9306757273823059,96.55172413793103,0.18026472606680954
DATASET_2_subject11,DATASET_2,lgi,yanaklar,mean,viterbi,lgi|left_cheek+right_cheek|mean|viterbi+ma,1.402799000358494,1.8153430167950566,1.1395112583844422,0.9310864277030974,96.55172413793103,0.19350076080671386
DATASET_2_subject11,DATASET_2,lgi,yanaklar,snr,argmax,lgi|left_cheek+right_cheek|snr|argmax,1.4308999541043177,1.8284092568087307,1.1619154932712232,0.929718988438151,96.55172413793103,0.15406859596227207
DATASET_2_subject11,DATASET_2,lgi,yanaklar,snr,viterbi,lgi|left_cheek+right_cheek|snr|viterbi+ma,1.4281436717164713,1.8273861796161806,1.1596227576930351,0.9297969965462114,96.55172413793103,0.15682487835013603
DATASET_2_subject11,DATASET_2,lgi,tüm_yüz,mean,argmax,lgi|full|mean|argmax,1.379012150178663,1.8044528248200467,1.1195832076771484,0.9330994495159521,96.55172413793103,0.21393185116788516
DATASET_2_subject11,DATASET_2,lgi,tüm_yüz,mean,viterbi,lgi|full|mean|viterbi+ma,1.3613757571114107,1.796666003749632,1.105041749817829,0.9337158881059111,96.55172413793103,0.23156824423513456
DATASET_2_subject11,DATASET_2,lgi,alın+yanaklar,mean,argmax,lgi|forehead+left_cheek+right_cheek|mean|argmax,1.4197187116260657,1.8109490267883739,1.1523410222874386,0.9320598209100013,96.55172413793103,0.19973601922788475
DATASET_2_subject11,DATASET_2,lgi,alın+yanaklar,mean,viterbi,lgi|forehead+left_cheek+right_cheek|mean|viterbi+ma,1.4127400072419607,1.8071828940677064,1.146578466919264,0.9323524448735383,96.55172413793103,0.20671472361199505
DATASET_2_subject11,DATASET_2,lgi,alın+yanaklar,snr,argmax,lgi|forehead+left_cheek+right_cheek|snr|argmax,1.4579894137472145,1.853259563287308,1.1820159980687837,0.9286278976242246,96.55172413793103,0.19151342078468758
DATASET_2_subject11,DATASET_2,lgi,alın+yanaklar,snr,viterbi,lgi|forehead+left_cheek+right_cheek|snr|viterbi+ma,1.4394570901365409,1.8466577622681564,1.1667678968183441,0.9292186195929037,96.55172413793103,0.21253687919033837
DATASET_2_subject11,DATASET_2,lgi,4_bölge,mean,argmax,lgi|forehead+left_cheek+right_cheek+full|mean|argmax,1.3975679775652214,1.8000511239908958,1.1342587179661774,0.9330790279723267,96.55172413793103,0.21665401809731577
DATASET_2_subject11,DATASET_2,lgi,4_bölge,mean,viterbi,lgi|forehead+left_cheek+right_cheek+full|mean|viterbi+ma,1.3848503145153703,1.7949332151455184,1.1237464239420558,0.9334916256418294,96.55172413793103,0.2293716811471569
DATASET_2_subject11,DATASET_2,lgi,4_bölge,snr,argmax,lgi|forehead+left_cheek+right_cheek+full|snr|argmax,1.411707511933534,1.8224398722826216,1.1449986196121231,0.9314553885126581,96.55172413793103,0.2089189114439023
DATASET_2_subject11,DATASET_2,lgi,4_bölge,snr,viterbi,lgi|forehead+left_cheek+right_cheek+full|snr|viterbi+ma,1.399516875834395,1.8175775371128917,1.1349155455004911,0.931837795532074,96.55172413793103,0.22110954754305112
DATASET_2_subject3,DATASET_2,green,alın,mean,argmax,green|forehead|mean|argmax,2.8358236172464073,4.636081752367726,2.871162086256721,0.829248090868375,86.27450980392157,2.101219424270795
DATASET_2_subject3,DATASET_2,green,alın,mean,viterbi,green|forehead|mean|viterbi+ma,4.202825659719085,6.362269721756743,4.170751802479197,0.7017554154903045,70.58823529411765,3.685160005511534
DATASET_2_subject3,DATASET_2,green,yanaklar,mean,argmax,green|left_cheek+right_cheek|mean|argmax,13.061421543237453,21.521073217391255,13.340755908758009,-0.07025381633802907,45.09803921568628,9.156326948634387
DATASET_2_subject3,DATASET_2,green,yanaklar,mean,viterbi,green|left_cheek+right_cheek|mean|viterbi+ma,5.588881299089314,8.163997238087532,5.611370442065843,0.42657373395274123,64.70588235294117,4.131013588258895
DATASET_2_subject3,DATASET_2,green,yanaklar,snr,argmax,green|left_cheek+right_cheek|snr|argmax,13.409239678702129,22.201244870231545,13.636120724925213,-0.05570704070903827,45.09803921568628,10.790134071727422
DATASET_2_subject3,DATASET_2,green,yanaklar,snr,viterbi,green|left_cheek+right_cheek|snr|viterbi+ma,5.581567960711605,7.845339730136063,5.621864445306521,0.3646965270984904,56.86274509803921,2.592726042208568
DATASET_2_subject3,DATASET_2,green,tüm_yüz,mean,argmax,green|full|mean|argmax,3.6299448964757017,6.5911013041707145,3.704588720828794,0.6452407769258871,80.3921568627451,2.248970743886858
DATASET_2_subject3,DATASET_2,green,tüm_yüz,mean,viterbi,green|full|mean|viterbi+ma,3.973079552020143,5.840393196531698,4.177574983411268,0.6126260238594683,74.50980392156863,0.2791549164852398
DATASET_2_subject3,DATASET_2,green,alın+yanaklar,mean,argmax,green|forehead+left_cheek+right_cheek|mean|argmax,7.712075681926806,15.553235074274454,7.682049109558645,0.036558110853083615,62.745098039215684,6.349574268508704
DATASET_2_subject3,DATASET_2,green,alın+yanaklar,mean,viterbi,green|forehead+left_cheek+right_cheek|mean|viterbi+ma,5.151824745081885,8.124996073803118,5.127007016473435,0.45720325690544394,68.62745098039215,4.305658781698355
DATASET_2_subject3,DATASET_2,green,alın+yanaklar,snr,argmax,green|forehead+left_cheek+right_cheek|snr|argmax,4.944456126605696,11.814942642476826,4.94185672965809,0.27869649551353326,78.43137254901961,3.8793151665931305
DATASET_2_subject3,DATASET_2,green,alın+yanaklar,snr,viterbi,green|forehead+left_cheek+right_cheek|snr|viterbi+ma,4.216973027188356,6.577614664791659,4.17754922475846,0.6616803427267833,70.58823529411765,3.67931368095266
DATASET_2_subject3,DATASET_2,green,4_bölge,mean,argmax,green|forehead+left_cheek+right_cheek+full|mean|argmax,7.0647498675089135,15.128797389785852,7.017638010836169,0.05608702390886963,64.70588235294117,5.814817065431413
DATASET_2_subject3,DATASET_2,green,4_bölge,mean,viterbi,green|forehead+left_cheek+right_cheek+full|mean|viterbi+ma,5.086479717387463,8.197940723658558,5.050542049537853,0.43740737076338676,68.62745098039215,4.279124832946508
DATASET_2_subject3,DATASET_2,green,4_bölge,snr,argmax,green|forehead+left_cheek+right_cheek+full|snr|argmax,4.916836131845199,11.83016945892461,4.911931508195324,0.27695325958927614,78.43137254901961,3.86079429455674
DATASET_2_subject3,DATASET_2,green,4_bölge,snr,viterbi,green|forehead+left_cheek+right_cheek+full|snr|viterbi+ma,4.208614450344731,6.586374271552312,4.169249218446984,0.6543250998019516,70.58823529411765,3.6241350188251573
DATASET_2_subject3,DATASET_2,ica,alın,mean,argmax,ica|forehead|mean|argmax,2.724274198775082,4.600232113831583,2.7282641309655826,0.8353073437907299,84.31372549019608,2.2015908456033486
DATASET_2_subject3,DATASET_2,ica,alın,mean,viterbi,ica|forehead|mean|viterbi+ma,4.163090722415502,6.370480267369704,4.12922066146025,0.6979148530072722,70.58823529411765,3.665138082990296
DATASET_2_subject3,DATASET_2,ica,yanaklar,mean,argmax,ica|left_cheek+right_cheek|mean|argmax,3.04656694368297,4.901531574928465,3.127500225771082,0.7985001093338786,84.31372549019608,1.9331876047832566
DATASET_2_subject3,DATASET_2,ica,yanaklar,mean,viterbi,ica|left_cheek+right_cheek|mean|viterbi+ma,4.052552936017617,6.285528038792716,4.019956414908078,0.7016890553465455,72.54901960784314,3.5594751039212724
DATASET_2_subject3,DATASET_2,ica,yanaklar,snr,argmax,ica|left_cheek+right_cheek|snr|argmax,3.066287287070177,4.977615720404724,3.1344127782838402,0.7910112665781387,84.31372549019608,1.9775730305434678
DATASET_2_subject3,DATASET_2,ica,yanaklar,snr,viterbi,ica|left_cheek+right_cheek|snr|viterbi+ma,4.271306390429163,6.5094606254606875,4.24322165014236,0.6898136325372335,70.58823529411765,3.829958888112273
DATASET_2_subject3,DATASET_2,ica,tüm_yüz,mean,argmax,ica|full|mean|argmax,2.799323979818502,4.536792732326755,2.851314050312869,0.8141823740051143,84.31372549019608,1.5658850322015923
DATASET_2_subject3,DATASET_2,ica,tüm_yüz,mean,viterbi,ica|full|mean|viterbi+ma,3.8272328351320057,5.792197488612668,4.014093475545481,0.6255195620457531,76.47058823529412,0.17333718848664148
DATASET_2_subject3,DATASET_2,ica,alın+yanaklar,mean,argmax,ica|forehead+left_cheek+right_cheek|mean|argmax,2.9612413685077206,4.886035826458848,3.0207130161881643,0.7979251376214382,84.31372549019608,1.9630155551199664
DATASET_2_subject3,DATASET_2,ica,alın+yanaklar,mean,viterbi,ica|forehead+left_cheek+right_cheek|mean|viterbi+ma,4.029332282497927,6.302088746299707,3.987503659751411,0.7014066099132874,72.54901960784314,3.5818094806719216
DATASET_2_subject3,DATASET_2,ica,alın+yanaklar,snr,argmax,ica|forehead+left_cheek+right_cheek|snr|argmax,2.786826198207092,4.624695139701931,2.8075750644619526,0.8356289301689569,86.27450980392157,2.283880079492448
DATASET_2_subject3,DATASET_2,ica,alın+yanaklar,snr,viterbi,ica|forehead+left_cheek+right_cheek|snr|viterbi+ma,4.128454850341584,6.419880715664077,4.088609772719155,0.690354928419875,72.54901960784314,3.6798647422097446
DATASET_2_subject3,DATASET_2,ica,4_bölge,mean,argmax,ica|forehead+left_cheek+right_cheek+full|mean|argmax,2.7848884987811857,4.622632119263141,2.8371521347723307,0.812693657201834,84.31372549019608,1.6547906442997657
DATASET_2_subject3,DATASET_2,ica,4_bölge,mean,viterbi,ica|forehead+left_cheek+right_cheek+full|mean|viterbi+ma,4.0656933068911645,6.337200789135349,4.027554856637675,0.6929232030704829,70.58823529411765,3.558799239691112
DATASET_2_subject3,DATASET_2,ica,4_bölge,snr,argmax,ica|forehead+left_cheek+right_cheek+full|snr|argmax,2.8510704395145314,4.802983003567108,2.89799810215106,0.7987633428160098,86.27450980392157,1.7374401830130353
DATASET_2_subject3,DATASET_2,ica,4_bölge,snr,viterbi,ica|forehead+left_cheek+right_cheek+full|snr|viterbi+ma,3.129459373434477,4.508387433869123,3.1398094666611844,0.8712482421270983,78.43137254901961,2.4169329771208368
DATASET_2_subject3,DATASET_2,chrom,alın,mean,argmax,chrom|forehead|mean|argmax,3.0898453600033653,4.899162253961055,3.145623700018161,0.8330719658171979,80.3921568627451,2.5981509897164585
DATASET_2_subject3,DATASET_2,chrom,alın,mean,viterbi,chrom|forehead|mean|viterbi+ma,3.2679104893919115,4.603846198109764,3.2830371375113563,0.8707341866518085,76.47058823529412,2.6302661706857577
DATASET_2_subject3,DATASET_2,chrom,yanaklar,mean,argmax,chrom|left_cheek+right_cheek|mean|argmax,3.1923225021442407,4.901462901422673,3.321239677383718,0.7843146067959921,80.3921568627451,1.1940202512852522
DATASET_2_subject3,DATASET_2,chrom,yanaklar,mean,viterbi,chrom|left_cheek+right_cheek|mean|viterbi+ma,3.80967231678908,5.5420906239698295,4.051315582407142,0.6570070664339365,72.54901960784314,0.8184791077978417
DATASET_2_subject3,DATASET_2,chrom,yanaklar,snr,argmax,chrom|left_cheek+right_cheek|snr|argmax,3.2064476695882704,5.161285918726611,3.2930717609489584,0.7561782571223458,78.43137254901961,1.397202688162949
DATASET_2_subject3,DATASET_2,chrom,yanaklar,snr,viterbi,chrom|left_cheek+right_cheek|snr|viterbi+ma,3.938389916867823,5.795679836090383,3.9557350048291062,0.7570796577891075,68.62745098039215,3.2887831359088437
DATASET_2_subject3,DATASET_2,chrom,tüm_yüz,mean,argmax,chrom|full|mean|argmax,3.52388171162196,7.525744063381234,3.5247888484817635,0.6001857975459821,82.35294117647058,3.0305049874975367
DATASET_2_subject3,DATASET_2,chrom,tüm_yüz,mean,viterbi,chrom|full|mean|viterbi+ma,3.1725596211201763,4.5037732368099395,3.193110974744293,0.8727905818280279,78.43137254901961,2.4171891259847342
DATASET_2_subject3,DATASET_2,chrom,alın+yanaklar,mean,argmax,chrom|forehead+left_cheek+right_cheek|mean|argmax,3.0227444451660097,5.1178650791115485,3.097369713376103,0.7764030125699929,84.31372549019608,1.6356990691821096
DATASET_2_subject3,DATASET_2,chrom,alın+yanaklar,mean,viterbi,chrom|forehead+left_cheek+right_cheek|mean|viterbi+ma,3.0508610013918016,4.311700225045257,3.078434350714028,0.8838688660244212,80.3921568627451,2.284334572189451
DATASET_2_subject3,DATASET_2,chrom,alın+yanaklar,snr,argmax,chrom|forehead+left_cheek+right_cheek|snr|argmax,2.9771788016807124,5.114556693903126,3.041022978927816,0.7824787364400289,84.31372549019608,1.885193172453981
DATASET_2_subject3,DATASET_2,chrom,alın+yanaklar,snr,viterbi,chrom|forehead+left_cheek+right_cheek|snr|viterbi+ma,3.1574810974407814,4.51431832730742,3.1744636825564387,0.8704855519266667,80.3921568627451,2.468666830716728
DATASET_2_subject3,DATASET_2,chrom,4_bölge,mean,argmax,chrom|forehead+left_cheek+right_cheek+full|mean|argmax,2.9300453506275517,4.751636115388819,3.001129992523545,0.810619980721024,82.35294117647058,1.7742491506827207
DATASET_2_subject3,DATASET_2,chrom,4_bölge,mean,viterbi,chrom|forehead+left_cheek+right_cheek+full|mean|viterbi+ma,3.050992251935104,4.337399424434589,3.0761844286994537,0.8815666669859604,78.43137254901961,2.3032285153242498
DATASET_2_subject3,DATASET_2,chrom,4_bölge,snr,argmax,chrom|forehead+left_cheek+right_cheek+full|snr|argmax,2.979491037463633,5.041402133519753,3.044730620765663,0.7894295349231112,84.31372549019608,1.916878591908059
DATASET_2_subject3,DATASET_2,chrom,4_bölge,snr,viterbi,chrom|forehead+left_cheek+right_cheek+full|snr|viterbi+ma,3.1480129385361293,4.502905882665997,3.159852819079318,0.8763802581755253,80.3921568627451,2.5113126329879663
DATASET_2_subject3,DATASET_2,pos,alın,mean,argmax,pos|forehead|mean|argmax,2.0464682290288,2.9375421333179528,2.0771940191521154,0.9277578967701484,88.23529411764706,1.0282855075568165
DATASET_2_subject3,DATASET_2,pos,alın,mean,viterbi,pos|forehead|mean|viterbi+ma,3.6101599727616303,5.455536509546646,3.8678611753499426,0.6667128947375665,74.50980392156863,0.6336675612196814
DATASET_2_subject3,DATASET_2,pos,yanaklar,mean,argmax,pos|left_cheek+right_cheek|mean|argmax,3.118533503431514,4.7331912498991215,3.1986978783888342,0.8000018753589924,76.47058823529412,1.1180517799957954
DATASET_2_subject3,DATASET_2,pos,yanaklar,mean,viterbi,pos|left_cheek+right_cheek|mean|viterbi+ma,4.051945440577253,5.846252377561515,4.250465265760084,0.636328883714979,68.62745098039215,0.5215445825970022
DATASET_2_subject3,DATASET_2,pos,yanaklar,snr,argmax,pos|left_cheek+right_cheek|snr|argmax,5.452783260259152,12.18217977746183,5.484616501642277,0.28901937727829,72.54901960784314,3.3865519027802407
DATASET_2_subject3,DATASET_2,pos,yanaklar,snr,viterbi,pos|left_cheek+right_cheek|snr|viterbi+ma,5.189074771359035,7.431087481908496,5.327498346511975,0.423660129505837,60.78431372549019,0.7757852228219093
DATASET_2_subject3,DATASET_2,pos,tüm_yüz,mean,argmax,pos|full|mean|argmax,2.1589177570265843,3.4330184828727712,2.200624862973841,0.8902347004567925,86.27450980392157,0.9048151261223296
DATASET_2_subject3,DATASET_2,pos,tüm_yüz,mean,viterbi,pos|full|mean|viterbi+ma,3.647409067525468,5.4872612139168515,3.900705426161087,0.6624823924330306,74.50980392156863,0.6714729400882362
DATASET_2_subject3,DATASET_2,pos,alın+yanaklar,mean,argmax,pos|forehead+left_cheek+right_cheek|mean|argmax,2.58587556451435,3.9143038453150605,2.662821466038302,0.8553585280816512,84.31372549019608,0.6725174566430638
DATASET_2_subject3,DATASET_2,pos,alın+yanaklar,mean,viterbi,pos|forehead+left_cheek+right_cheek|mean|viterbi+ma,4.593007021896993,6.731838068032138,4.996058840658919,0.4990626537152976,72.54901960784314,1.7811039124984944
DATASET_2_subject3,DATASET_2,pos,alın+yanaklar,snr,argmax,pos|forehead+left_cheek+right_cheek|snr|argmax,2.2407549606122923,3.5380162567142395,2.2827219983660383,0.8813184269640162,86.27450980392157,0.5855173830988889
DATASET_2_subject3,DATASET_2,pos,alın+yanaklar,snr,viterbi,pos|forehead+left_cheek+right_cheek|snr|viterbi+ma,3.1102970217086203,4.100997076658083,3.190669150659241,0.8865285532117821,78.43137254901961,1.7487980812634305
DATASET_2_subject3,DATASET_2,pos,4_bölge,mean,argmax,pos|forehead+left_cheek+right_cheek+full|mean|argmax,2.449043437936246,3.823106021843601,2.5087824774328995,0.8580685806310164,84.31372549019608,0.5807475129451944
DATASET_2_subject3,DATASET_2,pos,4_bölge,mean,viterbi,pos|forehead+left_cheek+right_cheek+full|mean|viterbi+ma,4.508832660351859,6.687295950951728,4.910234924487998,0.505040438476378,72.54901960784314,1.7634684582505287
DATASET_2_subject3,DATASET_2,pos,4_bölge,snr,argmax,pos|forehead+left_cheek+right_cheek+full|snr|argmax,2.1379476671634063,3.4633243583659237,2.17053862826927,0.8875121400616388,86.27450980392157,0.8772288485447035
DATASET_2_subject3,DATASET_2,pos,4_bölge,snr,viterbi,pos|forehead+left_cheek+right_cheek+full|snr|viterbi+ma,3.6663033227973334,5.5087906840765735,3.921036865805979,0.6595657868399217,74.50980392156863,0.6942344016719204
DATASET_2_subject3,DATASET_2,lgi,alın,mean,argmax,lgi|forehead|mean|argmax,2.1828437157396317,3.4207992635338575,2.234864990788034,0.890555654703091,88.23529411764706,0.8693975902726265
DATASET_2_subject3,DATASET_2,lgi,alın,mean,viterbi,lgi|forehead|mean|viterbi+ma,3.607539380089753,5.447081528034139,3.8647059781384616,0.6685129499414221,76.47058823529412,0.6609015163623155
DATASET_2_subject3,DATASET_2,lgi,yanaklar,mean,argmax,lgi|left_cheek+right_cheek|mean|argmax,3.1675692940820914,4.7543102288334875,3.258561296930903,0.7995771100572624,74.50980392156863,1.1479684159922243
DATASET_2_subject3,DATASET_2,lgi,yanaklar,mean,viterbi,lgi|left_cheek+right_cheek|mean|viterbi+ma,5.043486708452196,7.341573446233831,5.171636554148833,0.4379182366895427,60.78431372549019,0.7330417520341683
DATASET_2_subject3,DATASET_2,lgi,yanaklar,snr,argmax,lgi|left_cheek+right_cheek|snr|argmax,5.691664037425729,12.333004692626625,5.7243538458512395,0.2775108296723581,70.58823529411765,3.6138462656811186
DATASET_2_subject3,DATASET_2,lgi,yanaklar,snr,viterbi,lgi|left_cheek+right_cheek|snr|viterbi+ma,5.166521103900733,7.431711749456404,5.3020249507845545,0.4211649810794372,60.78431372549019,0.679794889551701
DATASET_2_subject3,DATASET_2,lgi,tüm_yüz,mean,argmax,lgi|full|mean|argmax,2.1473148118385526,3.435484962540653,2.188456247084667,0.8899395665611579,88.23529411764706,0.8988185609613737
DATASET_2_subject3,DATASET_2,lgi,tüm_yüz,mean,viterbi,lgi|full|mean|viterbi+ma,4.25321406369507,6.556172316948863,4.638934359661739,0.5199441179636178,74.50980392156863,1.604484063132631
DATASET_2_subject3,DATASET_2,lgi,alın+yanaklar,mean,argmax,lgi|forehead+left_cheek+right_cheek|mean|argmax,2.6236838354291683,3.9257077059674357,2.7063597163333304,0.8552499540793329,84.31372549019608,0.6984285335106222
DATASET_2_subject3,DATASET_2,lgi,alın+yanaklar,mean,viterbi,lgi|forehead+left_cheek+right_cheek|mean|viterbi+ma,4.580495986250478,6.731428359474177,4.983351584249557,0.4993872274072687,72.54901960784314,1.791284210308632
DATASET_2_subject3,DATASET_2,lgi,alın+yanaklar,snr,argmax,lgi|forehead+left_cheek+right_cheek|snr|argmax,2.239330096840367,3.504535192421987,2.2843631232995576,0.8845054320668881,86.27450980392157,0.6546780192247041
DATASET_2_subject3,DATASET_2,lgi,alın+yanaklar,snr,viterbi,lgi|forehead+left_cheek+right_cheek|snr|viterbi+ma,3.1443432454008513,4.169661917823049,3.22806193262955,0.8763300667269566,78.43137254901961,1.7389399758069288
DATASET_2_subject3,DATASET_2,lgi,4_bölge,mean,argmax,lgi|forehead+left_cheek+right_cheek+full|mean|argmax,2.482102663887453,3.8323178701738643,2.5479521280357265,0.8576393662814357,86.27450980392157,0.5943175707542849
DATASET_2_subject3,DATASET_2,lgi,4_bölge,mean,viterbi,lgi|forehead+left_cheek+right_cheek+full|mean|viterbi+ma,4.497551982177361,6.689260158133218,4.898915727913693,0.5047188244760211,72.54901960784314,1.771085975064267
DATASET_2_subject3,DATASET_2,lgi,4_bölge,snr,argmax,lgi|forehead+left_cheek+right_cheek+full|snr|argmax,2.1571470525878813,3.463861486626249,2.193104233547545,0.8881460802126676,86.27450980392157,0.9119238700791357
DATASET_2_subject3,DATASET_2,lgi,4_bölge,snr,viterbi,lgi|forehead+left_cheek+right_cheek+full|snr|viterbi+ma,4.352629538407705,6.640273292238858,4.748721123368452,0.5071235724079904,72.54901960784314,1.6525866651978731
DATASET_2_subject4,DATASET_2,green,alın,mean,argmax,green|forehead|mean|argmax,16.36563719091362,23.384969609725122,15.30970490069289,0.10650013698376622,19.444444444444446,10.436517290352398
DATASET_2_subject4,DATASET_2,green,alın,mean,viterbi,green|forehead|mean|viterbi+ma,17.79606158227236,19.717325536749385,16.510253685131087,-0.09810690504469745,11.11111111111111,16.407899865746984
DATASET_2_subject4,DATASET_2,green,yanaklar,mean,argmax,green|left_cheek+right_cheek|mean|argmax,9.567305793739926,18.338478301459407,9.561498836760064,0.43677149956995803,72.22222222222221,5.7446029835890045
DATASET_2_subject4,DATASET_2,green,yanaklar,mean,viterbi,green|left_cheek+right_cheek|mean|viterbi+ma,5.660291764766401,9.413739524359855,5.919322167286467,0.15247693034595508,72.22222222222221,4.819452457773451
DATASET_2_subject4,DATASET_2,green,yanaklar,snr,argmax,green|left_cheek+right_cheek|snr|argmax,13.872742823306835,23.252104992468453,13.443219012105601,0.16290722142376415,63.888888888888886,9.14388109559647
DATASET_2_subject4,DATASET_2,green,yanaklar,snr,viterbi,green|left_cheek+right_cheek|snr|viterbi+ma,7.056359504564708,10.1147218114944,6.79533956109544,0.03900722676792093,58.333333333333336,1.4153773056320347
DATASET_2_subject4,DATASET_2,green,tüm_yüz,mean,argmax,green|full|mean|argmax,2.769690625783428,5.82200544451981,2.5749976144158677,0.7296720837553634,91.66666666666666,1.0787281229838186
DATASET_2_subject4,DATASET_2,green,tüm_yüz,mean,viterbi,green|full|mean|viterbi+ma,3.6431249511439665,6.954310475000634,3.77749499827514,0.5352951613752523,83.33333333333334,1.9639829650148215
DATASET_2_subject4,DATASET_2,green,alın+yanaklar,mean,argmax,green|forehead+left_cheek+right_cheek|mean|argmax,7.845825749680257,15.591423446944518,8.00987566802594,0.5360661583381924,75.0,2.9127354076876912
DATASET_2_subject4,DATASET_2,green,alın+yanaklar,mean,viterbi,green|forehead+left_cheek+right_cheek|mean|viterbi+ma,5.5762005130183985,8.985344253807204,5.8090612546508,0.32513189555084154,72.22222222222221,5.032818569573621
DATASET_2_subject4,DATASET_2,green,alın+yanaklar,snr,argmax,green|forehead+left_cheek+right_cheek|snr|argmax,10.078155633317206,20.11909348183607,9.525872287729632,0.11090480862332766,66.66666666666666,6.048635705580423
DATASET_2_subject4,DATASET_2,green,alın+yanaklar,snr,viterbi,green|forehead+left_cheek+right_cheek|snr|viterbi+ma,5.213783744010048,8.32649302093789,5.412862247889773,0.44776059169009286,72.22222222222221,4.522920952052274
DATASET_2_subject4,DATASET_2,green,4_bölge,mean,argmax,green|forehead+left_cheek+right_cheek+full|mean|argmax,6.394895037619225,14.401746524573255,6.477752784739418,0.47331931121847015,83.33333333333334,1.8551412548267763
DATASET_2_subject4,DATASET_2,green,4_bölge,mean,viterbi,green|forehead+left_cheek+right_cheek+full|mean|viterbi+ma,5.521065229918098,9.056337133199118,5.764918505671298,0.2925865743220864,72.22222222222221,4.982922299563512
DATASET_2_subject4,DATASET_2,green,4_bölge,snr,argmax,green|forehead+left_cheek+right_cheek+full|snr|argmax,5.9501482812857445,15.1169681503092,5.680232280555994,0.4059582585201448,86.11111111111111,4.221188835142428
DATASET_2_subject4,DATASET_2,green,4_bölge,snr,viterbi,green|forehead+left_cheek+right_cheek+full|snr|viterbi+ma,4.634172374459194,8.229212362297634,4.853886246015388,0.34219958483749585,77.77777777777779,3.3523848677941572
DATASET_2_subject4,DATASET_2,ica,alın,mean,argmax,ica|forehead|mean|argmax,2.940653776828101,6.043163335884943,2.7561037052409922,0.7301583015635612,91.66666666666666,1.1703867060924864
DATASET_2_subject4,DATASET_2,ica,alın,mean,viterbi,ica|forehead|mean|viterbi+ma,3.8269971207561095,6.82260274727955,3.9451751888939866,0.5625381403056952,83.33333333333334,2.067152857491621
DATASET_2_subject4,DATASET_2,ica,yanaklar,mean,argmax,ica|left_cheek+right_cheek|mean|argmax,1.804494093806438,3.137050516446044,1.7476773383402429,0.9160711880160353,97.22222222222221,0.007851808295939122
DATASET_2_subject4,DATASET_2,ica,yanaklar,mean,viterbi,ica|left_cheek+right_cheek|mean|viterbi+ma,3.7957281985817923,7.103358031174224,3.9356304030503804,0.5027491969232741,83.33333333333334,1.9250290508575176
DATASET_2_subject4,DATASET_2,ica,yanaklar,snr,argmax,ica|left_cheek+right_cheek|snr|argmax,1.8019140534226767,3.132733993225044,1.7417185641961805,0.9162148473228138,97.22222222222221,0.0169674266738582
DATASET_2_subject4,DATASET_2,ica,yanaklar,snr,viterbi,ica|left_cheek+right_cheek|snr|viterbi+ma,3.791020069112135,7.08412126343193,3.929309953965584,0.5069778114265752,83.33333333333334,1.9064248318690176
DATASET_2_subject4,DATASET_2,ica,tüm_yüz,mean,argmax,ica|full|mean|argmax,2.469996189880582,5.047138957904259,2.3298472987384695,0.7822661069208903,94.44444444444444,0.5810188581445743
DATASET_2_subject4,DATASET_2,ica,tüm_yüz,mean,viterbi,ica|full|mean|viterbi+ma,3.822247268925199,7.0511896952679045,3.94137360120725,0.5111462716401978,80.55555555555556,1.8247617759823527
DATASET_2_subject4,DATASET_2,ica,alın+yanaklar,mean,argmax,ica|forehead+left_cheek+right_cheek|mean|argmax,2.8627256926423965,6.1563557090446945,2.6852765418658344,0.7173920983995606,91.66666666666666,1.208606455215346
DATASET_2_subject4,DATASET_2,ica,alın+yanaklar,mean,viterbi,ica|forehead+left_cheek+right_cheek|mean|viterbi+ma,3.815255639734511,6.971934123645446,3.9345799892172852,0.5274557237488899,80.55555555555556,1.910623288829143
DATASET_2_subject4,DATASET_2,ica,alın+yanaklar,snr,argmax,ica|forehead+left_cheek+right_cheek|snr|argmax,2.506586326423923,5.559755804986776,2.354539970366791,0.7524411175454333,94.44444444444444,0.8090978187912015
DATASET_2_subject4,DATASET_2,ica,alın+yanaklar,snr,viterbi,ica|forehead+left_cheek+right_cheek|snr|viterbi+ma,3.766673534291367,6.96752890819123,3.9003776782899657,0.5297185967409618,83.33333333333334,1.9529299615701774
DATASET_2_subject4,DATASET_2,ica,4_bölge,mean,argmax,ica|forehead+left_cheek+right_cheek+full|mean|argmax,2.841321531129803,6.048065113850692,2.665667184939624,0.7215368649879654,91.66666666666666,1.180631188080028
DATASET_2_subject4,DATASET_2,ica,4_bölge,mean,viterbi,ica|forehead+left_cheek+right_cheek+full|mean|viterbi+ma,3.808717608842776,7.011312377465764,3.9360352926469084,0.5228419452924409,83.33333333333334,1.9693637753494926
DATASET_2_subject4,DATASET_2,ica,4_bölge,snr,argmax,ica|forehead+left_cheek+right_cheek+full|snr|argmax,2.4892334143277632,5.41361815924858,2.3393582170781335,0.7607051212718279,94.44444444444444,0.749988456662777
DATASET_2_subject4,DATASET_2,ica,4_bölge,snr,viterbi,ica|forehead+left_cheek+right_cheek+full|snr|viterbi+ma,3.7828842915536063,6.981721486982467,3.9154135228515887,0.5266165491850334,83.33333333333334,1.94353620425359
DATASET_2_subject4,DATASET_2,chrom,alın,mean,argmax,chrom|forehead|mean|argmax,3.3997814969844917,5.797615457275579,3.4235561689274587,0.7699497121622283,83.33333333333334,2.3933521801203597
DATASET_2_subject4,DATASET_2,chrom,alın,mean,viterbi,chrom|forehead|mean|viterbi+ma,5.500423547081049,8.67183655826937,5.428141265788619,0.2742372791795471,66.66666666666666,0.3722522459167692
DATASET_2_subject4,DATASET_2,chrom,yanaklar,mean,argmax,chrom|left_cheek+right_cheek|mean|argmax,2.213441709065777,5.013559040377754,2.095535960804617,0.8011523271948138,94.44444444444444,0.6749193336749642
DATASET_2_subject4,DATASET_2,chrom,yanaklar,mean,viterbi,chrom|left_cheek+right_cheek|mean|viterbi+ma,4.77948467467959,8.812667368277417,5.031263446154379,0.20934420236669796,77.77777777777779,3.545552499169034
DATASET_2_subject4,DATASET_2,chrom,yanaklar,snr,argmax,chrom|left_cheek+right_cheek|snr|argmax,2.086458559086495,4.442388234411718,2.018905737646863,0.8698752077505831,94.44444444444444,1.4179756629591935
DATASET_2_subject4,DATASET_2,chrom,yanaklar,snr,viterbi,chrom|left_cheek+right_cheek|snr|viterbi+ma,4.858867671386225,8.825514166380426,5.099891043632733,0.21087839012898496,77.77777777777779,3.5593240508303126
DATASET_2_subject4,DATASET_2,chrom,tüm_yüz,mean,argmax,chrom|full|mean|argmax,2.609130426847979,5.70858468188776,2.450377004679174,0.740700772924425,94.44444444444444,0.7980435223953606
DATASET_2_subject4,DATASET_2,chrom,tüm_yüz,mean,viterbi,chrom|full|mean|viterbi+ma,3.720512201065107,6.959462031772985,3.847193554231513,0.5320596934931376,83.33333333333334,1.9314139064523914
DATASET_2_subject4,DATASET_2,chrom,alın+yanaklar,mean,argmax,chrom|forehead+left_cheek+right_cheek|mean|argmax,1.948679823819167,4.584763657036401,1.849896932891819,0.8326166097772826,97.22222222222221,0.1030844115854137
DATASET_2_subject4,DATASET_2,chrom,alın+yanaklar,mean,viterbi,chrom|forehead+left_cheek+right_cheek|mean|viterbi+ma,4.795647491657434,8.681224918608134,5.041454838228998,0.2706307665245203,77.77777777777779,3.729433018358975
DATASET_2_subject4,DATASET_2,chrom,alın+yanaklar,snr,argmax,chrom|forehead+left_cheek+right_cheek|snr|argmax,1.3198364583473554,1.7005020561279667,1.3066366027798186,0.9802142120958489,100.0,0.6610683917279658
DATASET_2_subject4,DATASET_2,chrom,alın+yanaklar,snr,viterbi,chrom|forehead+left_cheek+right_cheek|snr|viterbi+ma,4.849182796656496,8.666827504560066,5.079271956511443,0.25504362930821606,77.77777777777779,3.571485372223549
DATASET_2_subject4,DATASET_2,chrom,4_bölge,mean,argmax,chrom|forehead+left_cheek+right_cheek+full|mean|argmax,1.9502703163455537,4.5475961185930585,1.8526514342616887,0.8336022049133821,97.22222222222221,0.12144442989918502
DATASET_2_subject4,DATASET_2,chrom,4_bölge,mean,viterbi,chrom|forehead+left_cheek+right_cheek+full|mean|viterbi+ma,4.784191902113959,8.682787988919511,5.03054304389173,0.26550945031203177,77.77777777777779,3.6848912528346602
DATASET_2_subject4,DATASET_2,chrom,4_bölge,snr,argmax,chrom|forehead+left_cheek+right_cheek+full|snr|argmax,2.4981060275665246,5.682849244203637,2.3452601001367612,0.7460589941162518,94.44444444444444,0.6010702174247484
DATASET_2_subject4,DATASET_2,chrom,4_bölge,snr,viterbi,chrom|forehead+left_cheek+right_cheek+full|snr|viterbi+ma,3.769693678290727,6.965299660793931,3.898476380325607,0.5382274822968032,83.33333333333334,2.0917977959187795
DATASET_2_subject4,DATASET_2,pos,alın,mean,argmax,pos|forehead|mean|argmax,2.858869489381895,5.869552857361786,2.6818929802432434,0.734002328896352,91.66666666666666,1.0907209528523225
DATASET_2_subject4,DATASET_2,pos,alın,mean,viterbi,pos|forehead|mean|viterbi+ma,3.8483625523225586,7.015103861252634,3.9693521784760737,0.527752699584418,83.33333333333334,1.9741189919270994
DATASET_2_subject4,DATASET_2,pos,yanaklar,mean,argmax,pos|left_cheek+right_cheek|mean|argmax,3.3034592740976567,6.47404522289387,3.1501061580339593,0.6715599483368333,86.11111111111111,1.1018860741724978
DATASET_2_subject4,DATASET_2,pos,yanaklar,mean,viterbi,pos|left_cheek+right_cheek|mean|viterbi+ma,3.4164785729913243,5.15489730326469,3.2700326597936966,0.7675436851371671,77.77777777777779,1.2195200034269789
DATASET_2_subject4,DATASET_2,pos,yanaklar,snr,argmax,pos|left_cheek+right_cheek|snr|argmax,3.2216057653794286,6.440868439709826,3.071779631386553,0.6790436278193016,86.11111111111111,0.9936383270926967
DATASET_2_subject4,DATASET_2,pos,yanaklar,snr,viterbi,pos|left_cheek+right_cheek|snr|viterbi+ma,3.2710538103140587,4.910631456995751,3.13496511632827,0.7916313417593339,77.77777777777779,1.151173059790409
DATASET_2_subject4,DATASET_2,pos,tüm_yüz,mean,argmax,pos|full|mean|argmax,2.727449839016442,5.631185593229003,2.6366843831728435,0.7356621859499255,91.66666666666666,0.030386276242552412
DATASET_2_subject4,DATASET_2,pos,tüm_yüz,mean,viterbi,pos|full|mean|viterbi+ma,4.872197145349013,8.838577077181595,5.124727415734178,0.21461984964327604,77.77777777777779,3.640467803135934
DATASET_2_subject4,DATASET_2,pos,alın+yanaklar,mean,argmax,pos|forehead+left_cheek+right_cheek|mean|argmax,3.224193019930744,6.573451389390009,3.068086199960714,0.664202380559591,86.11111111111111,1.0015516435851168
DATASET_2_subject4,DATASET_2,pos,alın+yanaklar,mean,viterbi,pos|forehead+left_cheek+right_cheek|mean|viterbi+ma,3.3924797102493938,5.0441624725708945,3.252428347217727,0.7777294796493964,77.77777777777779,1.1383037814105847
DATASET_2_subject4,DATASET_2,pos,alın+yanaklar,snr,argmax,pos|forehead+left_cheek+right_cheek|snr|argmax,3.27870119122126,6.511464524083486,3.1268149092557485,0.6691266891120676,86.11111111111111,0.9512131664961032
DATASET_2_subject4,DATASET_2,pos,alın+yanaklar,snr,viterbi,pos|forehead+left_cheek+right_cheek|snr|viterbi+ma,3.729043566396718,7.000104190659005,3.872341033272528,0.5300705128124752,83.33333333333334,2.0464231599509333
DATASET_2_subject4,DATASET_2,pos,4_bölge,mean,argmax,pos|forehead+left_cheek+right_cheek+full|mean|argmax,3.2437666781723635,6.533629818116967,3.0914476246558076,0.664952627406888,86.11111111111111,0.9543037506732048
DATASET_2_subject4,DATASET_2,pos,4_bölge,mean,viterbi,pos|forehead+left_cheek+right_cheek+full|mean|viterbi+ma,3.3635321959244773,5.0304813335858505,3.2266632020079102,0.778612711669061,77.77777777777779,1.1116044698868706
DATASET_2_subject4,DATASET_2,pos,4_bölge,snr,argmax,pos|forehead+left_cheek+right_cheek+full|snr|argmax,3.3145019790783037,6.499279680067194,3.1612132415300023,0.6680894783402955,86.11111111111111,0.9111821444935373
DATASET_2_subject4,DATASET_2,pos,4_bölge,snr,viterbi,pos|forehead+left_cheek+right_cheek+full|snr|viterbi+ma,3.7153705733083484,6.998239322495947,3.862332531839659,0.5341603819982244,83.33333333333334,2.116305281321985
DATASET_2_subject4,DATASET_2,lgi,alın,mean,argmax,lgi|forehead|mean|argmax,3.4003328498727248,6.694232256041946,3.154528380099901,0.6530413226727548,88.88888888888889,1.6484612282074949
DATASET_2_subject4,DATASET_2,lgi,alın,mean,viterbi,lgi|forehead|mean|viterbi+ma,3.903084699603195,7.077758774291325,4.023310777046928,0.5120128522347214,83.33333333333334,1.9043046562761674
DATASET_2_subject4,DATASET_2,lgi,yanaklar,mean,argmax,lgi|left_cheek+right_cheek|mean|argmax,3.315451794459634,6.500315160955226,3.161137403711102,0.6705145205052679,86.11111111111111,1.100921012562111
DATASET_2_subject4,DATASET_2,lgi,yanaklar,mean,viterbi,lgi|left_cheek+right_cheek|mean|viterbi+ma,3.4267768371362384,5.197189115832746,3.274590933201918,0.7648366958249497,77.77777777777779,1.283403596937788
DATASET_2_subject4,DATASET_2,lgi,yanaklar,snr,argmax,lgi|left_cheek+right_cheek|snr|argmax,3.2546833691142583,6.512222899313223,3.0995620496260226,0.6766147963594349,86.11111111111111,1.0781797193529599
DATASET_2_subject4,DATASET_2,lgi,yanaklar,snr,viterbi,lgi|left_cheek+right_cheek|snr|viterbi+ma,3.2834262254246744,4.862121876696186,3.1364596811560426,0.7998810029118572,75.0,1.2804317151720568
DATASET_2_subject4,DATASET_2,lgi,tüm_yüz,mean,argmax,lgi|full|mean|argmax,2.713771866060934,5.586877221201804,2.6268340904478156,0.7384849267243,91.66666666666666,0.005945702482847537
DATASET_2_subject4,DATASET_2,lgi,tüm_yüz,mean,viterbi,lgi|full|mean|viterbi+ma,4.865761430763069,8.834802389103283,5.118612192143623,0.21511684420966506,77.77777777777779,3.6390184135530887
DATASET_2_subject4,DATASET_2,lgi,alın+yanaklar,mean,argmax,lgi|forehead+left_cheek+right_cheek|mean|argmax,3.2346980824316915,6.507748522454053,3.080592403234197,0.6682640553942156,86.11111111111111,0.9711749826825695
DATASET_2_subject4,DATASET_2,lgi,alın+yanaklar,mean,viterbi,lgi|forehead+left_cheek+right_cheek|mean|viterbi+ma,3.3747376293101157,5.028403615991981,3.23343238776863,0.7796920992872253,77.77777777777779,1.1495542660616849
DATASET_2_subject4,DATASET_2,lgi,alın+yanaklar,snr,argmax,lgi|forehead+left_cheek+right_cheek|snr|argmax,3.2941616470528063,6.537960955133879,3.1385042136872188,0.6682417962961626,86.11111111111111,1.02615810299271
DATASET_2_subject4,DATASET_2,lgi,alın+yanaklar,snr,viterbi,lgi|forehead+left_cheek+right_cheek|snr|viterbi+ma,3.3061232639937757,4.924595909306544,3.17047207631297,0.7901591841049757,77.77777777777779,1.1384159949329984
DATASET_2_subject4,DATASET_2,lgi,4_bölge,mean,argmax,lgi|forehead+left_cheek+right_cheek+full|mean|argmax,3.23801293050024,6.487209015783335,3.0875216409797916,0.6683295060692706,86.11111111111111,0.9340547682324143
DATASET_2_subject4,DATASET_2,lgi,4_bölge,mean,viterbi,lgi|forehead+left_cheek+right_cheek+full|mean|viterbi+ma,3.371673577845854,5.075179861338525,3.230331626952021,0.7749908941906823,77.77777777777779,1.1488780710043613
DATASET_2_subject4,DATASET_2,lgi,4_bölge,snr,argmax,lgi|forehead+left_cheek+right_cheek+full|snr|argmax,3.308399503905144,6.512659526753574,3.1532569704962485,0.6683552845640266,86.11111111111111,0.9499299110777315
DATASET_2_subject4,DATASET_2,lgi,4_bölge,snr,viterbi,lgi|forehead+left_cheek+right_cheek+full|snr|viterbi+ma,3.7239952845262128,6.994179697842585,3.8674254005956796,0.5318896501174541,83.33333333333334,2.06047420300186
DATASET_2_subject5,DATASET_2,green,alın,mean,argmax,green|forehead|mean|argmax,24.786936371232247,29.58898800836219,25.036127051866274,-0.4161156536236568,9.523809523809524,22.11336655416467
DATASET_2_subject5,DATASET_2,green,alın,mean,viterbi,green|forehead|mean|viterbi+ma,20.43115102035004,23.794651401681406,20.636802443981562,-0.39367234669944645,9.523809523809524,20.31855916582404
DATASET_2_subject5,DATASET_2,green,yanaklar,mean,argmax,green|left_cheek+right_cheek|mean|argmax,1.4430126151628446,1.7598529383045471,1.4875262163077492,0.7936623121567278,100.0,0.29633461162886476
DATASET_2_subject5,DATASET_2,green,yanaklar,mean,viterbi,green|left_cheek+right_cheek|mean|viterbi+ma,1.4347338635992197,1.7523793748795087,1.4786085934149622,0.7945563966598074,100.0,0.30461336319250165
DATASET_2_subject5,DATASET_2,green,yanaklar,snr,argmax,green|left_cheek+right_cheek|snr|argmax,1.3910309123482212,1.7340411880598425,1.4322339945787208,0.7921080458203744,100.0,0.293352949942161
DATASET_2_subject5,DATASET_2,green,yanaklar,snr,viterbi,green|left_cheek+right_cheek|snr|viterbi+ma,1.3959741017497396,1.7380703297386015,1.4375602107864496,0.7914118872038344,100.0,0.2884097605406595
DATASET_2_subject5,DATASET_2,green,tüm_yüz,mean,argmax,green|full|mean|argmax,5.961030466469384,11.374549786383268,5.993538027136859,-0.07178307130156254,80.95238095238095,3.5392838501644803
DATASET_2_subject5,DATASET_2,green,tüm_yüz,mean,viterbi,green|full|mean|viterbi+ma,1.3868970528785947,1.8237399865895698,1.4249630593669642,0.7825151111815724,100.0,0.4965564817371586
DATASET_2_subject5,DATASET_2,green,alın+yanaklar,mean,argmax,green|forehead+left_cheek+right_cheek|mean|argmax,3.70839935350893,9.052194830507952,3.783919619438323,0.09556468981561761,88.09523809523809,0.013106247983984076
DATASET_2_subject5,DATASET_2,green,alın+yanaklar,mean,viterbi,green|forehead+left_cheek+right_cheek|mean|viterbi+ma,1.6876044592443509,2.2426874449708927,1.7114019701724543,0.6912210037797482,95.23809523809523,0.3749174427066464
DATASET_2_subject5,DATASET_2,green,alın+yanaklar,snr,argmax,green|forehead+left_cheek+right_cheek|snr|argmax,1.3971132851223975,1.748564569319373,1.4379520473393181,0.7881167029255721,100.0,0.3075372224242301
DATASET_2_subject5,DATASET_2,green,alın+yanaklar,snr,viterbi,green|forehead+left_cheek+right_cheek|snr|viterbi+ma,1.4067720747728258,1.7564750528426134,1.448361612288591,0.7866967947324586,100.0,0.2978784327738282
DATASET_2_subject5,DATASET_2,green,4_bölge,mean,argmax,green|forehead+left_cheek+right_cheek+full|mean|argmax,1.8732848532679476,3.252462243101813,1.9178080205475796,0.4953330089480192,92.85714285714286,0.825428124991916
DATASET_2_subject5,DATASET_2,green,4_bölge,mean,viterbi,green|forehead+left_cheek+right_cheek+full|mean|viterbi+ma,1.4605771157608978,1.9797492013070175,1.4869573459128724,0.7502399622840445,95.23809523809523,0.4127203874848675
DATASET_2_subject5,DATASET_2,green,4_bölge,snr,argmax,green|forehead+left_cheek+right_cheek+full|snr|argmax,1.380890582001503,1.714887783395774,1.4205634089628558,0.7969625132949112,100.0,0.33360607409169063
DATASET_2_subject5,DATASET_2,green,4_bölge,snr,viterbi,green|forehead+left_cheek+right_cheek+full|snr|viterbi+ma,1.3857044419585836,1.7183884816262935,1.4257479952820764,0.7962051174536676,100.0,0.3287922141346229
DATASET_2_subject5,DATASET_2,ica,alın,mean,argmax,ica|forehead|mean|argmax,1.340443064453405,1.6170755685544846,1.3686415510189367,0.8240915957229759,100.0,0.3926546433186644
DATASET_2_subject5,DATASET_2,ica,alın,mean,viterbi,ica|forehead|mean|viterbi+ma,1.340443064453405,1.6170755685544846,1.3686415510189367,0.8240915957229759,100.0,0.3926546433186644
DATASET_2_subject5,DATASET_2,ica,yanaklar,mean,argmax,ica|left_cheek+right_cheek|mean|argmax,1.1757063217376444,1.4560684357641434,1.2051402658972412,0.8600917344309202,100.0,0.3380240088579569
DATASET_2_subject5,DATASET_2,ica,yanaklar,mean,viterbi,ica|left_cheek+right_cheek|mean|viterbi+ma,1.1757063217376444,1.4560684357641434,1.2051402658972412,0.8600917344309202,100.0,0.3380240088579569
DATASET_2_subject5,DATASET_2,ica,yanaklar,snr,argmax,ica|left_cheek+right_cheek|snr|argmax,1.1869702623874874,1.4738827819768225,1.2169838118095537,0.8554353176624812,100.0,0.32989346795918095
DATASET_2_subject5,DATASET_2,ica,yanaklar,snr,viterbi,ica|left_cheek+right_cheek|snr|viterbi+ma,1.1869702623874874,1.4738827819768225,1.2169838118095537,0.8554353176624812,100.0,0.32989346795918095
DATASET_2_subject5,DATASET_2,ica,tüm_yüz,mean,argmax,ica|full|mean|argmax,1.19861842287555,1.4474667717328205,1.226748165288476,0.8598128008475094,100.0,0.28459475133571743
DATASET_2_subject5,DATASET_2,ica,tüm_yüz,mean,viterbi,ica|full|mean|viterbi+ma,1.19861842287555,1.4474667717328205,1.226748165288476,0.8598128008475094,100.0,0.28459475133571743
DATASET_2_subject5,DATASET_2,ica,alın+yanaklar,mean,argmax,ica|forehead+left_cheek+right_cheek|mean|argmax,1.2795490934780749,1.5292958835934758,1.3110377281239636,0.8402064552763401,100.0,0.27324502015876817
DATASET_2_subject5,DATASET_2,ica,alın+yanaklar,mean,viterbi,ica|forehead+left_cheek+right_cheek|mean|viterbi+ma,1.2795490934780749,1.5292958835934758,1.3110377281239636,0.8402064552763401,100.0,0.27324502015876817
DATASET_2_subject5,DATASET_2,ica,alın+yanaklar,snr,argmax,ica|forehead+left_cheek+right_cheek|snr|argmax,1.1810481834196627,1.4601591252798662,1.2103924608001966,0.8585983224167012,100.0,0.3295407361499514
DATASET_2_subject5,DATASET_2,ica,alın+yanaklar,snr,viterbi,ica|forehead+left_cheek+right_cheek|snr|viterbi+ma,1.1810481834196627,1.4601591252798662,1.2103924608001966,0.8585983224167012,100.0,0.3295407361499514
DATASET_2_subject5,DATASET_2,ica,4_bölge,mean,argmax,ica|forehead+left_cheek+right_cheek+full|mean|argmax,1.1847735494721365,1.4463899997293916,1.2126415378859792,0.8631768732949657,100.0,0.33342931814237886
DATASET_2_subject5,DATASET_2,ica,4_bölge,mean,viterbi,ica|forehead+left_cheek+right_cheek+full|mean|viterbi+ma,1.1847735494721365,1.4463899997293916,1.2126415378859792,0.8631768732949657,100.0,0.33342931814237886
DATASET_2_subject5,DATASET_2,ica,4_bölge,snr,argmax,ica|forehead+left_cheek+right_cheek+full|snr|argmax,1.1894512364489076,1.4607633973409395,1.2186295513378445,0.8580287311698418,100.0,0.31591858381854365
DATASET_2_subject5,DATASET_2,ica,4_bölge,snr,viterbi,ica|forehead+left_cheek+right_cheek+full|snr|viterbi+ma,1.1894512364489076,1.4607633973409395,1.2186295513378445,0.8580287311698418,100.0,0.31591858381854365
DATASET_2_subject5,DATASET_2,chrom,alın,mean,argmax,chrom|forehead|mean|argmax,1.4078148923099119,1.7023860275810498,1.4381732820903497,0.8071760268134311,100.0,0.475737403524775
DATASET_2_subject5,DATASET_2,chrom,alın,mean,viterbi,chrom|forehead|mean|viterbi+ma,1.4078148923099119,1.7023860275810498,1.4381732820903497,0.8071760268134311,100.0,0.475737403524775
DATASET_2_subject5,DATASET_2,chrom,yanaklar,mean,argmax,chrom|left_cheek+right_cheek|mean|argmax,1.200002256005595,1.501727485172886,1.2309089488023075,0.8486149773857222,100.0,0.32788181923828574
DATASET_2_subject5,DATASET_2,chrom,yanaklar,mean,viterbi,chrom|left_cheek+right_cheek|mean|viterbi+ma,1.200002256005595,1.501727485172886,1.2309089488023075,0.8486149773857222,100.0,0.32788181923828574
DATASET_2_subject5,DATASET_2,chrom,yanaklar,snr,argmax,chrom|left_cheek+right_cheek|snr|argmax,1.203492186568583,1.4854922721436432,1.2342114667696797,0.8524175582495619,100.0,0.3304923334187464
DATASET_2_subject5,DATASET_2,chrom,yanaklar,snr,viterbi,chrom|left_cheek+right_cheek|snr|viterbi+ma,1.203492186568583,1.4854922721436432,1.2342114667696797,0.8524175582495619,100.0,0.3304923334187464
DATASET_2_subject5,DATASET_2,chrom,tüm_yüz,mean,argmax,chrom|full|mean|argmax,1.2006412891249318,1.4786241743727142,1.2302114550354748,0.8561476524913915,100.0,0.3496674486118678
DATASET_2_subject5,DATASET_2,chrom,tüm_yüz,mean,viterbi,chrom|full|mean|viterbi+ma,1.2006412891249318,1.4786241743727142,1.2302114550354748,0.8561476524913915,100.0,0.3496674486118678
DATASET_2_subject5,DATASET_2,chrom,alın+yanaklar,mean,argmax,chrom|forehead+left_cheek+right_cheek|mean|argmax,1.2735756137206398,1.5358607602008887,1.3031440698207104,0.8431259312820453,100.0,0.3657171106713122
DATASET_2_subject5,DATASET_2,chrom,alın+yanaklar,mean,viterbi,chrom|forehead+left_cheek+right_cheek|mean|viterbi+ma,1.2735756137206398,1.5358607602008887,1.3031440698207104,0.8431259312820453,100.0,0.3657171106713122
DATASET_2_subject5,DATASET_2,chrom,alın+yanaklar,snr,argmax,chrom|forehead+left_cheek+right_cheek|snr|argmax,1.202478038084216,1.4836179289258675,1.2330076696085204,0.8533817223487122,100.0,0.3399185258264339
DATASET_2_subject5,DATASET_2,chrom,alın+yanaklar,snr,viterbi,chrom|forehead+left_cheek+right_cheek|snr|viterbi+ma,1.202478038084216,1.4836179289258675,1.2330076696085204,0.8533817223487122,100.0,0.3399185258264339
DATASET_2_subject5,DATASET_2,chrom,4_bölge,mean,argmax,chrom|forehead+left_cheek+right_cheek+full|mean|argmax,1.2443983259638496,1.5250556793644374,1.2734934227321317,0.8449753164798027,100.0,0.35787006789891507
DATASET_2_subject5,DATASET_2,chrom,4_bölge,mean,viterbi,chrom|forehead+left_cheek+right_cheek+full|mean|viterbi+ma,1.2443983259638496,1.5250556793644374,1.2734934227321317,0.8449753164798027,100.0,0.35787006789891507
DATASET_2_subject5,DATASET_2,chrom,4_bölge,snr,argmax,chrom|forehead+left_cheek+right_cheek+full|snr|argmax,1.195473341836182,1.474080875722591,1.225484428703464,0.8555844245487807,100.0,0.3378502462887951
DATASET_2_subject5,DATASET_2,chrom,4_bölge,snr,viterbi,chrom|forehead+left_cheek+right_cheek+full|snr|viterbi+ma,1.195473341836182,1.474080875722591,1.225484428703464,0.8555844245487807,100.0,0.3378502462887951
DATASET_2_subject5,DATASET_2,pos,alın,mean,argmax,pos|forehead|mean|argmax,1.3113015312390297,1.5904778089737863,1.3381031544791657,0.8308543930008823,100.0,0.3939783697242234
DATASET_2_subject5,DATASET_2,pos,alın,mean,viterbi,pos|forehead|mean|viterbi+ma,1.3113015312390297,1.5904778089737863,1.3381031544791657,0.8308543930008823,100.0,0.3939783697242234
DATASET_2_subject5,DATASET_2,pos,yanaklar,mean,argmax,pos|left_cheek+right_cheek|mean|argmax,1.181218410508325,1.4452830915509516,1.2096520627264502,0.8613248966720247,100.0,0.3229363270291685
DATASET_2_subject5,DATASET_2,pos,yanaklar,mean,viterbi,pos|left_cheek+right_cheek|mean|viterbi+ma,1.181218410508325,1.4452830915509516,1.2096520627264502,0.8613248966720247,100.0,0.3229363270291685
DATASET_2_subject5,DATASET_2,pos,yanaklar,snr,argmax,pos|left_cheek+right_cheek|snr|argmax,1.1730108172836222,1.4417689882178935,1.2015534820559604,0.8628963249352508,100.0,0.33597381312758046
DATASET_2_subject5,DATASET_2,pos,yanaklar,snr,viterbi,pos|left_cheek+right_cheek|snr|viterbi+ma,1.1730108172836222,1.4417689882178935,1.2015534820559604,0.8628963249352508,100.0,0.33597381312758046
DATASET_2_subject5,DATASET_2,pos,tüm_yüz,mean,argmax,pos|full|mean|argmax,1.196548710689785,1.4421116304116175,1.2250420984473571,0.8628337388818048,100.0,0.332658077823055
DATASET_2_subject5,DATASET_2,pos,tüm_yüz,mean,viterbi,pos|full|mean|viterbi+ma,1.196548710689785,1.4421116304116175,1.2250420984473571,0.8628337388818048,100.0,0.332658077823055
DATASET_2_subject5,DATASET_2,pos,alın+yanaklar,mean,argmax,pos|forehead+left_cheek+right_cheek|mean|argmax,1.1951219653357306,1.4510588009992202,1.2229849820986873,0.8610260866676319,100.0,0.3325360415842198
DATASET_2_subject5,DATASET_2,pos,alın+yanaklar,mean,viterbi,pos|forehead+left_cheek+right_cheek|mean|viterbi+ma,1.1951219653357306,1.4510588009992202,1.2229849820986873,0.8610260866676319,100.0,0.3325360415842198
DATASET_2_subject5,DATASET_2,pos,alın+yanaklar,snr,argmax,pos|forehead+left_cheek+right_cheek|snr|argmax,1.1725140721960579,1.4393885935642818,1.2006322972079195,0.8641435994537827,100.0,0.3480738330551958
DATASET_2_subject5,DATASET_2,pos,alın+yanaklar,snr,viterbi,pos|forehead+left_cheek+right_cheek|snr|viterbi+ma,1.1725140721960579,1.4393885935642818,1.2006322972079195,0.8641435994537827,100.0,0.3480738330551958
DATASET_2_subject5,DATASET_2,pos,4_bölge,mean,argmax,pos|forehead+left_cheek+right_cheek+full|mean|argmax,1.1926510386060325,1.4454887594551569,1.2206076670212578,0.8623510253063997,100.0,0.3337930474314277
DATASET_2_subject5,DATASET_2,pos,4_bölge,mean,viterbi,pos|forehead+left_cheek+right_cheek+full|mean|viterbi+ma,1.1926510386060325,1.4454887594551569,1.2206076670212578,0.8623510253063997,100.0,0.3337930474314277
DATASET_2_subject5,DATASET_2,pos,4_bölge,snr,argmax,pos|forehead+left_cheek+right_cheek+full|snr|argmax,1.1802791125112446,1.435401900737345,1.2084847927457045,0.8646144706017709,100.0,0.33863962002619985
DATASET_2_subject5,DATASET_2,pos,4_bölge,snr,viterbi,pos|forehead+left_cheek+right_cheek+full|snr|viterbi+ma,1.1802791125112446,1.435401900737345,1.2084847927457045,0.8646144706017709,100.0,0.33863962002619985
DATASET_2_subject5,DATASET_2,lgi,alın,mean,argmax,lgi|forehead|mean|argmax,1.3304702014534198,1.5903708190727563,1.3587545352911072,0.8315569104337928,100.0,0.4015077257190285
DATASET_2_subject5,DATASET_2,lgi,alın,mean,viterbi,lgi|forehead|mean|viterbi+ma,1.3304702014534198,1.5903708190727563,1.3587545352911072,0.8315569104337928,100.0,0.4015077257190285
DATASET_2_subject5,DATASET_2,lgi,yanaklar,mean,argmax,lgi|left_cheek+right_cheek|mean|argmax,1.1796215669169465,1.4396426358589456,1.207744229779059,0.862647108002637,100.0,0.31684866350592245
DATASET_2_subject5,DATASET_2,lgi,yanaklar,mean,viterbi,lgi|left_cheek+right_cheek|mean|viterbi+ma,1.1796215669169465,1.4396426358589456,1.207744229779059,0.862647108002637,100.0,0.31684866350592245
DATASET_2_subject5,DATASET_2,lgi,yanaklar,snr,argmax,lgi|left_cheek+right_cheek|snr|argmax,1.1587418441740678,1.4282313851486124,1.1864244107487973,0.8658743296045487,100.0,0.32531904333552575
DATASET_2_subject5,DATASET_2,lgi,yanaklar,snr,viterbi,lgi|left_cheek+right_cheek|snr|viterbi+ma,1.1587418441740678,1.4282313851486124,1.1864244107487973,0.8658743296045487,100.0,0.32531904333552575
DATASET_2_subject5,DATASET_2,lgi,tüm_yüz,mean,argmax,lgi|full|mean|argmax,1.1988163040125943,1.4458686056133558,1.2273574418026905,0.8621519330338617,100.0,0.335672955347988
DATASET_2_subject5,DATASET_2,lgi,tüm_yüz,mean,viterbi,lgi|full|mean|viterbi+ma,1.1988163040125943,1.4458686056133558,1.2273574418026905,0.8621519330338617,100.0,0.335672955347988
DATASET_2_subject5,DATASET_2,lgi,alın+yanaklar,mean,argmax,lgi|forehead+left_cheek+right_cheek|mean|argmax,1.1937124052969654,1.4433824675403693,1.2215651623187964,0.862710262393442,100.0,0.3277442595781537
DATASET_2_subject5,DATASET_2,lgi,alın+yanaklar,mean,viterbi,lgi|forehead+left_cheek+right_cheek|mean|viterbi+ma,1.1937124052969654,1.4433824675403693,1.2215651623187964,0.862710262393442,100.0,0.3277442595781537
DATASET_2_subject5,DATASET_2,lgi,alın+yanaklar,snr,argmax,lgi|forehead+left_cheek+right_cheek|snr|argmax,1.1607647119613533,1.4274541877819809,1.1883385581185628,0.86680169224478,100.0,0.3366960596415538
DATASET_2_subject5,DATASET_2,lgi,alın+yanaklar,snr,viterbi,lgi|forehead+left_cheek+right_cheek|snr|viterbi+ma,1.1607647119613533,1.4274541877819809,1.1883385581185628,0.86680169224478,100.0,0.3366960596415538
DATASET_2_subject5,DATASET_2,lgi,4_bölge,mean,argmax,lgi|forehead+left_cheek+right_cheek+full|mean|argmax,1.1921509936386097,1.4405389787730378,1.2200931360965228,0.8633898875453733,100.0,0.3300396460980579
DATASET_2_subject5,DATASET_2,lgi,4_bölge,mean,viterbi,lgi|forehead+left_cheek+right_cheek+full|mean|viterbi+ma,1.1921509936386097,1.4405389787730378,1.2200931360965228,0.8633898875453733,100.0,0.3300396460980579
DATASET_2_subject5,DATASET_2,lgi,4_bölge,snr,argmax,lgi|forehead+left_cheek+right_cheek+full|snr|argmax,1.1719463576396758,1.4279609033414917,1.1997190793063122,0.8663690443494745,100.0,0.33134336804813813
DATASET_2_subject5,DATASET_2,lgi,4_bölge,snr,viterbi,lgi|forehead+left_cheek+right_cheek+full|snr|viterbi+ma,1.1719463576396758,1.4279609033414917,1.1997190793063122,0.8663690443494745,100.0,0.33134336804813813
DATASET_2_subject8,DATASET_2,green,alın,mean,argmax,green|forehead|mean|argmax,6.090273383084055,17.113071554470768,5.433418979214576,0.1144950656490612,86.20689655172413,4.750654925807822
DATASET_2_subject8,DATASET_2,green,alın,mean,viterbi,green|forehead|mean|viterbi+ma,1.8147086092206968,3.4629763065109516,1.6712555214278926,0.31385559047834805,91.37931034482759,1.1639276176973823
DATASET_2_subject8,DATASET_2,green,yanaklar,mean,argmax,green|left_cheek+right_cheek|mean|argmax,20.3474938341335,30.259799795555296,18.094099563847053,-0.048082384606339436,53.44827586206896,19.6656714289483
DATASET_2_subject8,DATASET_2,green,yanaklar,mean,viterbi,green|left_cheek+right_cheek|mean|viterbi+ma,16.539850872548225,25.536025519542232,14.66114107045606,-0.1306013252545057,56.896551724137936,15.893873347468315
DATASET_2_subject8,DATASET_2,green,yanaklar,snr,argmax,green|left_cheek+right_cheek|snr|argmax,25.56643433633577,33.33204051529735,22.71727424877998,-0.129977522973028,34.48275862068966,25.460114288830596
DATASET_2_subject8,DATASET_2,green,yanaklar,snr,viterbi,green|left_cheek+right_cheek|snr|viterbi+ma,17.85056429467786,25.85109834452183,15.832801330986324,-0.15482156070740413,44.827586206896555,15.987902947873323
DATASET_2_subject8,DATASET_2,green,tüm_yüz,mean,argmax,green|full|mean|argmax,2.8525651275221233,11.15677582033808,2.5601244007427355,0.2727163276465003,93.10344827586206,1.9114483928677117
DATASET_2_subject8,DATASET_2,green,tüm_yüz,mean,viterbi,green|full|mean|viterbi+ma,0.6300078322928022,0.8749729584870234,0.5637009806916605,0.9566467495024051,100.0,0.1881181567634087
DATASET_2_subject8,DATASET_2,green,alın+yanaklar,mean,argmax,green|forehead+left_cheek+right_cheek|mean|argmax,13.362870038974005,24.952112735920657,11.816616562792067,-0.13787580086637552,72.41379310344827,12.508070929476474
DATASET_2_subject8,DATASET_2,green,alın+yanaklar,mean,viterbi,green|forehead+left_cheek+right_cheek|mean|viterbi+ma,1.1669640740220266,1.4077228648569768,1.0499210795527538,0.8854817033439696,100.0,0.052808482284589786
DATASET_2_subject8,DATASET_2,green,alın+yanaklar,snr,argmax,green|forehead+left_cheek+right_cheek|snr|argmax,9.712438802862321,20.695062793029166,8.635628076541426,0.03317498344035097,77.58620689655173,8.664302927481799
DATASET_2_subject8,DATASET_2,green,alın+yanaklar,snr,viterbi,green|forehead+left_cheek+right_cheek|snr|viterbi+ma,1.0331132528332168,1.392621475376912,0.930088617026235,0.8927348418197587,100.0,0.34033933273227035
DATASET_2_subject8,DATASET_2,green,4_bölge,mean,argmax,green|forehead+left_cheek+right_cheek+full|mean|argmax,6.783886101894989,16.287664536566943,6.0317201187747855,0.08166531985356641,84.48275862068965,5.834531774531342
DATASET_2_subject8,DATASET_2,green,4_bölge,mean,viterbi,green|forehead+left_cheek+right_cheek+full|mean|viterbi+ma,0.9774607634540167,1.200552248343384,0.8791454330184862,0.9154837351629949,100.0,0.08816230247720114
DATASET_2_subject8,DATASET_2,green,4_bölge,snr,argmax,green|forehead+left_cheek+right_cheek+full|snr|argmax,5.898980266004473,17.291781536133392,5.261607383939134,0.14373809868848905,87.93103448275862,5.361829353545019
DATASET_2_subject8,DATASET_2,green,4_bölge,snr,viterbi,green|forehead+left_cheek+right_cheek+full|snr|viterbi+ma,0.6094183168155275,0.9223183673033046,0.5469388730158277,0.9520300784961359,100.0,0.20623485050033707
DATASET_2_subject8,DATASET_2,ica,alın,mean,argmax,ica|forehead|mean|argmax,0.7298423292311871,1.4496206647387944,0.6572213633565998,0.8849462589072432,98.27586206896551,0.28182904506535067
DATASET_2_subject8,DATASET_2,ica,alın,mean,viterbi,ica|forehead|mean|viterbi+ma,0.5694124415911073,0.8633396533334321,0.5124949269712902,0.9565183280103055,100.0,0.11128594251107415
DATASET_2_subject8,DATASET_2,ica,yanaklar,mean,argmax,ica|left_cheek+right_cheek|mean|argmax,0.7640479084875862,1.3965286049327943,0.6862676060177262,0.8932892315628594,98.27586206896551,0.2988900196828155
DATASET_2_subject8,DATASET_2,ica,yanaklar,mean,viterbi,ica|left_cheek+right_cheek|mean|viterbi+ma,0.6424092497472703,0.8877637884273806,0.5768602134043298,0.9553440358786178,100.0,0.19089877564820767
DATASET_2_subject8,DATASET_2,ica,yanaklar,snr,argmax,ica|left_cheek+right_cheek|snr|argmax,0.7474847943041479,1.376170552423093,0.6723523290938321,0.8953426791848811,98.27586206896551,0.30174676999170913
DATASET_2_subject8,DATASET_2,ica,yanaklar,snr,viterbi,ica|left_cheek+right_cheek|snr|viterbi+ma,0.6434403729274101,0.9003642346033657,0.5785788503532319,0.9544767620098522,100.0,0.20963033888594396
DATASET_2_subject8,DATASET_2,ica,tüm_yüz,mean,argmax,ica|full|mean|argmax,0.7033332527192,1.3285464684602135,0.631246049665713,0.9015479219473161,98.27586206896551,0.2524900598428417
DATASET_2_subject8,DATASET_2,ica,tüm_yüz,mean,viterbi,ica|full|mean|viterbi+ma,0.5661406677970404,0.7629029636329596,0.5074506420851302,0.9667062321758373,100.0,0.1190676850766863
DATASET_2_subject8,DATASET_2,ica,alın+yanaklar,mean,argmax,ica|forehead+left_cheek+right_cheek|mean|argmax,0.7297544106342463,1.3973829008170464,0.6560513458517921,0.892601322281752,98.27586206896551,0.2923507719103213
DATASET_2_subject8,DATASET_2,ica,alın+yanaklar,mean,viterbi,ica|forehead+left_cheek+right_cheek|mean|viterbi+ma,0.5917714405061206,0.8750192672443304,0.5318083364783837,0.9559119901012102,100.0,0.15436780178220033
DATASET_2_subject8,DATASET_2,ica,alın+yanaklar,snr,argmax,ica|forehead+left_cheek+right_cheek|snr|argmax,0.7092907757426277,1.4054933118469606,0.6381574101984346,0.8910329882075474,98.27586206896551,0.27789755270418937
DATASET_2_subject8,DATASET_2,ica,alın+yanaklar,snr,viterbi,ica|forehead+left_cheek+right_cheek|snr|viterbi+ma,0.578924694566528,0.8726086748316051,0.5209517840669248,0.9561149511768444,100.0,0.15126734812706388
DATASET_2_subject8,DATASET_2,ica,4_bölge,mean,argmax,ica|forehead+left_cheek+right_cheek+full|mean|argmax,0.7203685807523302,1.3837871059082374,0.6470615783218929,0.8953059065848179,98.27586206896551,0.2855597611998064
DATASET_2_subject8,DATASET_2,ica,4_bölge,mean,viterbi,ica|forehead+left_cheek+right_cheek+full|mean|viterbi+ma,0.5850778054062333,0.848443062144176,0.5254794619090422,0.9586542379420009,100.0,0.15252261024164682
DATASET_2_subject8,DATASET_2,ica,4_bölge,snr,argmax,ica|forehead+left_cheek+right_cheek+full|snr|argmax,0.6969118699180641,1.389629545898824,0.6270589743815849,0.8933008866875402,98.27586206896551,0.2738793517691249
DATASET_2_subject8,DATASET_2,ica,4_bölge,snr,viterbi,ica|forehead+left_cheek+right_cheek+full|snr|viterbi+ma,0.5582924874354283,0.8425283544187441,0.502270335678534,0.9591302233186026,100.0,0.14278125238902817
DATASET_2_subject8,DATASET_2,chrom,alın,mean,argmax,chrom|forehead|mean|argmax,0.7673414710994948,1.4869436772389883,0.6909380858106743,0.882345092331912,98.27586206896551,0.3660894839066202
DATASET_2_subject8,DATASET_2,chrom,alın,mean,viterbi,chrom|forehead|mean|viterbi+ma,0.5974988936090159,0.874328266619366,0.5377695441498325,0.9566238491162764,100.0,0.18068527663071166
DATASET_2_subject8,DATASET_2,chrom,yanaklar,mean,argmax,chrom|left_cheek+right_cheek|mean|argmax,1.044705534666888,2.468223229092363,0.9535493841243338,0.6708737910094048,96.55172413793103,0.622931478127768
DATASET_2_subject8,DATASET_2,chrom,yanaklar,mean,viterbi,chrom|left_cheek+right_cheek|mean|viterbi+ma,1.4787554324525685,3.4735795803961795,1.369855214352496,0.31198606035079635,93.10344827586206,1.0569813759134519
DATASET_2_subject8,DATASET_2,chrom,yanaklar,snr,argmax,chrom|left_cheek+right_cheek|snr|argmax,1.0127060862793615,2.3510133351354976,0.9242004185819592,0.6914893483021126,96.55172413793103,0.5576960073023827
DATASET_2_subject8,DATASET_2,chrom,yanaklar,snr,viterbi,chrom|left_cheek+right_cheek|snr|viterbi+ma,1.4764826146657621,3.4642647132099924,1.3688760147053591,0.2961598763010626,93.10344827586206,1.0214725356887868
DATASET_2_subject8,DATASET_2,chrom,tüm_yüz,mean,argmax,chrom|full|mean|argmax,0.6442344759554065,1.2674920577534308,0.5794604018774417,0.9128965359234069,98.27586206896551,0.2985245208955547
DATASET_2_subject8,DATASET_2,chrom,tüm_yüz,mean,viterbi,chrom|full|mean|viterbi+ma,0.5178703488721821,0.706405966116161,0.46571066066717537,0.9723720587887119,100.0,0.17216039381234793
DATASET_2_subject8,DATASET_2,chrom,alın+yanaklar,mean,argmax,chrom|forehead+left_cheek+right_cheek|mean|argmax,0.9828511034798421,2.4184624312903913,0.8984377843689868,0.6812115950531794,96.55172413793103,0.5837471783171821
DATASET_2_subject8,DATASET_2,chrom,alın+yanaklar,mean,viterbi,chrom|forehead+left_cheek+right_cheek|mean|viterbi+ma,1.4216429000237942,3.4295724427360468,1.3191982603390944,0.3208840415823139,93.10344827586206,1.0225389748611207
DATASET_2_subject8,DATASET_2,chrom,alın+yanaklar,snr,argmax,chrom|forehead+left_cheek+right_cheek|snr|argmax,0.9947379981464158,2.3516677456764596,0.9085286444202009,0.6940298121174121,96.55172413793103,0.5648459547847722
DATASET_2_subject8,DATASET_2,chrom,alın+yanaklar,snr,viterbi,chrom|forehead+left_cheek+right_cheek|snr|viterbi+ma,1.4568401207781636,3.4457830849236215,1.3516011442389426,0.3059887479081443,93.10344827586206,1.0269480774165345
DATASET_2_subject8,DATASET_2,chrom,4_bölge,mean,argmax,chrom|forehead+left_cheek+right_cheek+full|mean|argmax,0.965313451666622,2.372898511913419,0.8818994247218324,0.6915750684125812,96.55172413793103,0.5616382615897919
DATASET_2_subject8,DATASET_2,chrom,4_bölge,mean,viterbi,chrom|forehead+left_cheek+right_cheek+full|mean|viterbi+ma,0.6136302686206292,0.9044488496575032,0.5530612925295575,0.9540909845213135,100.0,0.2099550785437856
DATASET_2_subject8,DATASET_2,chrom,4_bölge,snr,argmax,chrom|forehead+left_cheek+right_cheek+full|snr|argmax,0.7109274217087117,1.3917984928329827,0.6400608883822343,0.8938495225837034,98.27586206896551,0.33815537299206255
DATASET_2_subject8,DATASET_2,chrom,4_bölge,snr,viterbi,chrom|forehead+left_cheek+right_cheek+full|snr|viterbi+ma,0.6147233444363361,0.9307367520774943,0.5536819113155964,0.9519187023531738,100.0,0.241951295719673
DATASET_2_subject8,DATASET_2,pos,alın,mean,argmax,pos|forehead|mean|argmax,0.8049159199466153,1.7027756611814597,0.7309189249534995,0.8747129720711239,96.55172413793103,0.046320308048308334
DATASET_2_subject8,DATASET_2,pos,alın,mean,viterbi,pos|forehead|mean|viterbi+ma,0.631833441454685,0.9692864061920656,0.5692171822251776,0.9457861437322918,100.0,0.17683519544853255
DATASET_2_subject8,DATASET_2,pos,yanaklar,mean,argmax,pos|left_cheek+right_cheek|mean|argmax,1.0646738972872685,1.825357223522701,0.9659350470833711,0.8376944154851004,96.55172413793103,0.2532070110035676
DATASET_2_subject8,DATASET_2,pos,yanaklar,mean,viterbi,pos|left_cheek+right_cheek|mean|viterbi+ma,0.8114876466639207,1.1070959188390308,0.7332500075648007,0.9292175550337436,100.0,0.21920896625417186
DATASET_2_subject8,DATASET_2,pos,yanaklar,snr,argmax,pos|left_cheek+right_cheek|snr|argmax,0.8894937216029876,1.4978761838512267,0.8023475118546952,0.8745953151888026,98.27586206896551,0.3400031650007804
DATASET_2_subject8,DATASET_2,pos,yanaklar,snr,viterbi,pos|left_cheek+right_cheek|snr|viterbi+ma,0.8358753492226376,1.1589579603943785,0.7563082893613541,0.9244325088409373,100.0,0.2943317054879344
DATASET_2_subject8,DATASET_2,pos,tüm_yüz,mean,argmax,pos|full|mean|argmax,0.995660791949775,2.4853047420963965,0.9051073062857043,0.8120163729883726,96.55172413793103,0.33077451676216185
DATASET_2_subject8,DATASET_2,pos,tüm_yüz,mean,viterbi,pos|full|mean|viterbi+ma,0.5895242040037408,0.8417208877715853,0.5299413001235569,0.9583495060769488,100.0,0.0826487984864741
DATASET_2_subject8,DATASET_2,pos,alın+yanaklar,mean,argmax,pos|forehead+left_cheek+right_cheek|mean|argmax,0.9140954993269254,1.8061718961049251,0.8305071457117938,0.850007867037962,96.55172413793103,0.14042642784249892
DATASET_2_subject8,DATASET_2,pos,alın+yanaklar,mean,viterbi,pos|forehead+left_cheek+right_cheek|mean|viterbi+ma,0.6599065629782438,0.9464058681573422,0.5951801182156785,0.9485604766621561,100.0,0.1594783738029264
DATASET_2_subject8,DATASET_2,pos,alın+yanaklar,snr,argmax,pos|forehead+left_cheek+right_cheek|snr|argmax,0.8445482497960717,1.6713616533558542,0.7663812108778053,0.8687676995951215,96.55172413793103,0.11777639482129132
DATASET_2_subject8,DATASET_2,pos,alın+yanaklar,snr,viterbi,pos|forehead+left_cheek+right_cheek|snr|viterbi+ma,0.6708259429945118,1.0101439879485037,0.6053110503008869,0.9411413614630934,100.0,0.18876118568361733
DATASET_2_subject8,DATASET_2,pos,4_bölge,mean,argmax,pos|forehead+left_cheek+right_cheek+full|mean|argmax,0.8949141748259953,1.8136966553284524,0.8135530001421716,0.8522558623344056,96.55172413793103,0.12329304624699944
DATASET_2_subject8,DATASET_2,pos,4_bölge,mean,viterbi,pos|forehead+left_cheek+right_cheek+full|mean|viterbi+ma,0.6309793653435185,0.9112823362719245,0.569018517707715,0.9522169526203418,100.0,0.14647217496570875
DATASET_2_subject8,DATASET_2,pos,4_bölge,snr,argmax,pos|forehead+left_cheek+right_cheek+full|snr|argmax,0.860712814863939,1.7405424042020072,0.7815806538579267,0.8635530863665964,96.55172413793103,0.11417683891932029
DATASET_2_subject8,DATASET_2,pos,4_bölge,snr,viterbi,pos|forehead+left_cheek+right_cheek+full|snr|viterbi+ma,0.668760370116535,1.0006558728825903,0.6031343812279522,0.942423906987286,100.0,0.19595725812962428
DATASET_2_subject8,DATASET_2,lgi,alın,mean,argmax,lgi|forehead|mean|argmax,0.8240565775225653,1.7565494485185407,0.7482271926069163,0.8696624184296569,96.55172413793103,0.04635721443695218
DATASET_2_subject8,DATASET_2,lgi,alın,mean,viterbi,lgi|forehead|mean|viterbi+ma,0.6353116783302639,0.9672445187688303,0.5722694517341889,0.9459433242085059,100.0,0.17261288622455595
DATASET_2_subject8,DATASET_2,lgi,yanaklar,mean,argmax,lgi|left_cheek+right_cheek|mean|argmax,1.075140807287109,1.855405625963598,0.9755649289230052,0.8338609337181708,96.55172413793103,0.2562320537364826
DATASET_2_subject8,DATASET_2,lgi,yanaklar,mean,viterbi,lgi|left_cheek+right_cheek|mean|viterbi+ma,0.8019735253008777,1.0837904590304532,0.7244208147305203,0.9319018570918889,100.0,0.2024626844158206
DATASET_2_subject8,DATASET_2,lgi,yanaklar,snr,argmax,lgi|left_cheek+right_cheek|snr|argmax,0.9253249361109767,1.5436098859110636,0.8349280691191764,0.8655134593191716,98.27586206896551,0.34875401161551167
DATASET_2_subject8,DATASET_2,lgi,yanaklar,snr,viterbi,lgi|left_cheek+right_cheek|snr|viterbi+ma,0.8646565717581631,1.1911354872338515,0.7822979029051291,0.9193824014343371,100.0,0.2880856472627187
DATASET_2_subject8,DATASET_2,lgi,tüm_yüz,mean,argmax,lgi|full|mean|argmax,0.9947923568217275,2.4748139290279165,0.9039646272146417,0.8116443887264843,96.55172413793103,0.3276072199609814
DATASET_2_subject8,DATASET_2,lgi,tüm_yüz,mean,viterbi,lgi|full|mean|viterbi+ma,0.5902220595450056,0.8404732630251691,0.5303329198151834,0.958484056182521,100.0,0.08232920937574306
DATASET_2_subject8,DATASET_2,lgi,alın+yanaklar,mean,argmax,lgi|forehead+left_cheek+right_cheek|mean|argmax,0.9189143072087834,1.8363887373867138,0.8349948808388781,0.8460118309353915,96.55172413793103,0.1439486360887372
DATASET_2_subject8,DATASET_2,lgi,alın+yanaklar,mean,viterbi,lgi|forehead+left_cheek+right_cheek|mean|viterbi+ma,0.6505232178708064,0.9333718336755136,0.5866350133180104,0.9499231055728236,100.0,0.15156649973198455
DATASET_2_subject8,DATASET_2,lgi,alın+yanaklar,snr,argmax,lgi|forehead+left_cheek+right_cheek|snr|argmax,0.8745115703632006,1.7404266269196635,0.7938034389636415,0.8607193044163004,96.55172413793103,0.11328723472092861
DATASET_2_subject8,DATASET_2,lgi,alın+yanaklar,snr,viterbi,lgi|forehead+left_cheek+right_cheek|snr|viterbi+ma,0.6840476073682988,1.0242275126297475,0.6171150266357773,0.9392856563159279,100.0,0.18582028193073086
DATASET_2_subject8,DATASET_2,lgi,4_bölge,mean,argmax,lgi|forehead+left_cheek+right_cheek+full|mean|argmax,0.9026002412246157,1.8333828605501068,0.8204512058832056,0.8490568199613275,96.55172413793103,0.12318121510953972
DATASET_2_subject8,DATASET_2,lgi,4_bölge,mean,viterbi,lgi|forehead+left_cheek+right_cheek+full|mean|viterbi+ma,0.6278642194964119,0.8994548321811473,0.5659866853079151,0.9534319477086596,100.0,0.13690312871074184
DATASET_2_subject8,DATASET_2,lgi,4_bölge,snr,argmax,lgi|forehead+left_cheek+right_cheek+full|snr|argmax,0.8761204550162531,1.7841285651481382,0.7956383630583767,0.8581787531377436,96.55172413793103,0.11478258750220505
DATASET_2_subject8,DATASET_2,lgi,4_bölge,snr,viterbi,lgi|forehead+left_cheek+right_cheek+full|snr|viterbi+ma,0.672842222286485,1.0055160252297215,0.6066942709642748,0.9418166825704927,100.0,0.19506328930434336
DATASET_2_subject9,DATASET_2,green,alın,mean,argmax,green|forehead|mean|argmax,2.5951673070871695,5.237041585600321,2.3877794882096777,0.8198409984317613,96.55172413793103,2.0876339160370208
DATASET_2_subject9,DATASET_2,green,alın,mean,viterbi,green|forehead|mean|viterbi+ma,1.842962520118194,1.9756874003065759,1.7024977760855247,0.980475012785787,100.0,1.4020635001497368
DATASET_2_subject9,DATASET_2,green,yanaklar,mean,argmax,green|left_cheek+right_cheek|mean|argmax,21.909343468710098,33.262045705382874,19.390630466414997,-0.35769017409234616,56.896551724137936,21.517482804999062
DATASET_2_subject9,DATASET_2,green,yanaklar,mean,viterbi,green|left_cheek+right_cheek|mean|viterbi+ma,27.68447251670039,35.30051805002315,24.653616064874985,-0.4802718177081947,32.758620689655174,27.293888149966094
DATASET_2_subject9,DATASET_2,green,yanaklar,snr,argmax,green|left_cheek+right_cheek|snr|argmax,19.520568706398905,31.475672752201874,17.420119875323113,-0.17319965810141585,63.793103448275865,19.097692419692038
DATASET_2_subject9,DATASET_2,green,yanaklar,snr,viterbi,green|left_cheek+right_cheek|snr|viterbi+ma,2.5868610666753464,3.5956425045625666,2.3548009301208572,0.9018893519601138,91.37931034482759,2.1201032234943398
DATASET_2_subject9,DATASET_2,green,tüm_yüz,mean,argmax,green|full|mean|argmax,1.727612476859925,1.9020326798946328,1.6036483900345504,0.9820417670886823,100.0,1.336915649533509
DATASET_2_subject9,DATASET_2,green,tüm_yüz,mean,viterbi,green|full|mean|viterbi+ma,1.7128177051490676,1.8810100956260045,1.5916220151155607,0.9829929820755321,100.0,1.346761247756504
DATASET_2_subject9,DATASET_2,green,alın+yanaklar,mean,argmax,green|forehead+left_cheek+right_cheek|mean|argmax,17.45168895666798,29.120377954324148,15.468277210246953,-0.2159018882686612,67.24137931034483,17.147531361365097
DATASET_2_subject9,DATASET_2,green,alın+yanaklar,mean,viterbi,green|forehead+left_cheek+right_cheek|mean|viterbi+ma,3.196793317645641,4.270945340419243,2.91541886200332,0.8862806774798186,86.20689655172413,2.8865716714655036
DATASET_2_subject9,DATASET_2,green,alın+yanaklar,snr,argmax,green|forehead+left_cheek+right_cheek|snr|argmax,5.947532503562923,16.64847823456803,5.203332412466654,0.11538882372028073,93.10344827586206,5.524872100970086
DATASET_2_subject9,DATASET_2,green,alın+yanaklar,snr,viterbi,green|forehead+left_cheek+right_cheek|snr|viterbi+ma,1.7058318106589803,1.8109371072369893,1.5776434230879977,0.982744577976393,100.0,1.2348076354359563
DATASET_2_subject9,DATASET_2,green,4_bölge,mean,argmax,green|forehead+left_cheek+right_cheek+full|mean|argmax,15.073004705489137,27.488613523824526,13.298307622952873,-0.20377863464675622,74.13793103448276,14.798632412804992
DATASET_2_subject9,DATASET_2,green,4_bölge,mean,viterbi,green|forehead+left_cheek+right_cheek+full|mean|viterbi+ma,1.9232166938275466,2.176666311705671,1.7839693688480949,0.972730805117602,100.0,1.4823693401919087
DATASET_2_subject9,DATASET_2,green,4_bölge,snr,argmax,green|forehead+left_cheek+right_cheek+full|snr|argmax,3.032865271022906,9.844355253932246,2.709418210168124,0.4893648064078863,98.27586206896551,2.5673908242068393
DATASET_2_subject9,DATASET_2,green,4_bölge,snr,viterbi,green|forehead+left_cheek+right_cheek+full|snr|viterbi+ma,1.7453135631307615,1.8495008306000886,1.6157217345626158,0.9831961608098299,100.0,1.3175896865226946
DATASET_2_subject9,DATASET_2,ica,alın,mean,argmax,ica|forehead|mean|argmax,2.0885794000441713,2.3487913931238027,1.9109225705746944,0.9659811430927179,98.27586206896551,1.49342980734977
DATASET_2_subject9,DATASET_2,ica,alın,mean,viterbi,ica|forehead|mean|viterbi+ma,2.3666334154599458,2.9990499192165245,2.144467899079317,0.9532487916691191,93.10344827586206,2.1744140841542077
DATASET_2_subject9,DATASET_2,ica,yanaklar,mean,argmax,ica|left_cheek+right_cheek|mean|argmax,1.936613409991662,2.3143172425798326,1.778388548743843,0.9660581645421875,96.55172413793103,1.4145671499742605
DATASET_2_subject9,DATASET_2,ica,yanaklar,mean,viterbi,ica|left_cheek+right_cheek|mean|viterbi+ma,2.2412390717245407,3.0050599801759112,2.0329302247666368,0.9461415495961423,91.37931034482759,2.0657440909946843
DATASET_2_subject9,DATASET_2,ica,yanaklar,snr,argmax,ica|left_cheek+right_cheek|snr|argmax,3.1504626165883622,6.835153552755594,2.7957078143333236,0.6138287192815933,91.37931034482759,2.988983370863707
DATASET_2_subject9,DATASET_2,ica,yanaklar,snr,viterbi,ica|left_cheek+right_cheek|snr|viterbi+ma,2.2759707889201657,3.0996883366884997,2.061896668906705,0.9416084634888248,91.37931034482759,2.1144915431954985
DATASET_2_subject9,DATASET_2,ica,tüm_yüz,mean,argmax,ica|full|mean|argmax,1.9650492906109713,2.2758353148537,1.799097398638024,0.9674256843864495,98.27586206896551,1.4488558406442422
DATASET_2_subject9,DATASET_2,ica,tüm_yüz,mean,viterbi,ica|full|mean|viterbi+ma,2.2712662446578253,2.9786994517989895,2.056181757929185,0.9499388215468451,93.10344827586206,2.087067677981338
DATASET_2_subject9,DATASET_2,ica,alın+yanaklar,mean,argmax,ica|forehead+left_cheek+right_cheek|mean|argmax,1.9413204112427171,2.2697753259121116,1.7828820432438002,0.9680708597010893,98.27586206896551,1.4220737042888203
DATASET_2_subject9,DATASET_2,ica,alın+yanaklar,mean,viterbi,ica|forehead+left_cheek+right_cheek|mean|viterbi+ma,2.2612213051174495,2.9886744958639637,2.052246798563761,0.9480426249750266,93.10344827586206,2.0796289561541244
DATASET_2_subject9,DATASET_2,ica,alın+yanaklar,snr,argmax,ica|forehead+left_cheek+right_cheek|snr|argmax,2.0749538216351886,2.393216452776792,1.8993148122457721,0.9639258821816584,98.27586206896551,1.4843113557134444
DATASET_2_subject9,DATASET_2,ica,alın+yanaklar,snr,viterbi,ica|forehead+left_cheek+right_cheek|snr|viterbi+ma,2.3549947829764872,3.03934617370126,2.134524739520597,0.9494850804348167,93.10344827586206,2.1676978645110836
DATASET_2_subject9,DATASET_2,ica,4_bölge,mean,argmax,ica|forehead+left_cheek+right_cheek+full|mean|argmax,1.93916859723526,2.2674008852194207,1.7793013977998002,0.9680610352019224,98.27586206896551,1.4292484798425988
DATASET_2_subject9,DATASET_2,ica,4_bölge,mean,viterbi,ica|forehead+left_cheek+right_cheek+full|mean|viterbi+ma,2.256635317874665,2.9931390542358316,2.04584419974633,0.9478588187928484,93.10344827586206,2.0788821959150283
DATASET_2_subject9,DATASET_2,ica,4_bölge,snr,argmax,ica|forehead+left_cheek+right_cheek+full|snr|argmax,2.0271884212652576,2.3354845397848045,1.8553267153642736,0.9656656739136203,98.27586206896551,1.4674422567770762
DATASET_2_subject9,DATASET_2,ica,4_bölge,snr,viterbi,ica|forehead+left_cheek+right_cheek+full|snr|viterbi+ma,2.3142511474072105,3.000609815002168,2.096346338039884,0.9504454218833218,93.10344827586206,2.128954525770652
DATASET_2_subject9,DATASET_2,chrom,alın,mean,argmax,chrom|forehead|mean|argmax,1.853315575205215,1.9952618731283625,1.7098961059394613,0.9755457116135527,100.0,1.1221832224432404
DATASET_2_subject9,DATASET_2,chrom,alın,mean,viterbi,chrom|forehead|mean|viterbi+ma,1.8141412477003032,1.9396345527055912,1.6759691085694066,0.9773562635633286,100.0,1.1367340958925354
DATASET_2_subject9,DATASET_2,chrom,yanaklar,mean,argmax,chrom|left_cheek+right_cheek|mean|argmax,1.821478406037439,2.202727539793982,1.6745682402322442,0.966061441055855,98.27586206896551,1.2273963361961506
DATASET_2_subject9,DATASET_2,chrom,yanaklar,mean,viterbi,chrom|left_cheek+right_cheek|mean|viterbi+ma,1.6340073817440754,1.8117270402429098,1.5148888063942079,0.9799024999863298,100.0,1.0618977992780003
DATASET_2_subject9,DATASET_2,chrom,yanaklar,snr,argmax,chrom|left_cheek+right_cheek|snr|argmax,1.8956861104696252,2.349662477124831,1.744014079482091,0.9604130645850043,94.82758620689656,1.316010810718197
DATASET_2_subject9,DATASET_2,chrom,yanaklar,snr,viterbi,chrom|left_cheek+right_cheek|snr|viterbi+ma,1.7086103407868898,1.901408265546485,1.5835905638131809,0.9765149635450099,98.27586206896551,1.0763903978502611
DATASET_2_subject9,DATASET_2,chrom,tüm_yüz,mean,argmax,chrom|full|mean|argmax,2.131188776457592,2.696910564708696,1.9462972636624856,0.9497511748067295,96.55172413793103,1.6249350892744445
DATASET_2_subject9,DATASET_2,chrom,tüm_yüz,mean,viterbi,chrom|full|mean|viterbi+ma,2.268833772183757,2.9948889470329125,2.061819023946445,0.9467300487075253,93.10344827586206,2.0636183819346883
DATASET_2_subject9,DATASET_2,chrom,alın+yanaklar,mean,argmax,chrom|forehead+left_cheek+right_cheek|mean|argmax,1.7149071268011458,1.9093631875020713,1.5860479678442663,0.976677744416475,100.0,1.0598143354354477
DATASET_2_subject9,DATASET_2,chrom,alın+yanaklar,mean,viterbi,chrom|forehead+left_cheek+right_cheek|mean|viterbi+ma,1.665548522467774,1.8334345416706281,1.5438230707169969,0.9791896389901364,100.0,1.0744739726387849
DATASET_2_subject9,DATASET_2,chrom,alın+yanaklar,snr,argmax,chrom|forehead+left_cheek+right_cheek|snr|argmax,1.9119252948066956,2.3008496308555206,1.7579144866127896,0.9635733175011637,98.27586206896551,1.3350188576252293
DATASET_2_subject9,DATASET_2,chrom,alın+yanaklar,snr,viterbi,chrom|forehead+left_cheek+right_cheek|snr|viterbi+ma,1.7102047192325507,1.8659014100264006,1.5855434751221968,0.9788510656488599,100.0,1.1197255243168343
DATASET_2_subject9,DATASET_2,chrom,4_bölge,mean,argmax,chrom|forehead+left_cheek+right_cheek+full|mean|argmax,1.8248594718112354,2.169546412789571,1.6789342933850142,0.9676949360178416,98.27586206896551,1.2421131701616162
DATASET_2_subject9,DATASET_2,chrom,4_bölge,mean,viterbi,chrom|forehead+left_cheek+right_cheek+full|mean|viterbi+ma,1.6676391216145496,1.8350489747947694,1.5460945622183124,0.979432126186858,100.0,1.08960940446903
DATASET_2_subject9,DATASET_2,chrom,4_bölge,snr,argmax,chrom|forehead+left_cheek+right_cheek+full|snr|argmax,1.9477818003189775,2.3114289074079752,1.791091236292882,0.9646916826143612,98.27586206896551,1.3809470536637463
DATASET_2_subject9,DATASET_2,chrom,4_bölge,snr,viterbi,chrom|forehead+left_cheek+right_cheek+full|snr|viterbi+ma,2.2865050566230427,3.052384973729982,2.076173113000654,0.9424682377861836,93.10344827586206,2.0583705959922725
DATASET_2_subject9,DATASET_2,pos,alın,mean,argmax,pos|forehead|mean|argmax,2.007793134940082,2.289860116152024,1.8272382244444336,0.9638926648902708,96.55172413793103,1.3318002045788688
DATASET_2_subject9,DATASET_2,pos,alın,mean,viterbi,pos|forehead|mean|viterbi+ma,2.2258252019593776,2.8679444407593015,2.010031936592781,0.9566014128781639,93.10344827586206,2.035700159568421
DATASET_2_subject9,DATASET_2,pos,yanaklar,mean,argmax,pos|left_cheek+right_cheek|mean|argmax,7.004122065157478,16.56942061712247,6.219571834882198,0.19633467072293187,84.48275862068965,5.667792620791957
DATASET_2_subject9,DATASET_2,pos,yanaklar,mean,viterbi,pos|left_cheek+right_cheek|mean|viterbi+ma,2.2072878301117766,3.0721918011664764,2.0000613079872465,0.9359079164771507,91.37931034482759,1.9535621413033226
DATASET_2_subject9,DATASET_2,pos,yanaklar,snr,argmax,pos|left_cheek+right_cheek|snr|argmax,12.887926549407686,24.045291070305826,11.64510699123742,0.13846333793666898,70.6896551724138,12.109738521869744
DATASET_2_subject9,DATASET_2,pos,yanaklar,snr,viterbi,pos|left_cheek+right_cheek|snr|viterbi+ma,2.2347660254812443,3.116160797747154,2.0185123695689104,0.9255888096158134,91.37931034482759,1.8018562858604525
DATASET_2_subject9,DATASET_2,pos,tüm_yüz,mean,argmax,pos|full|mean|argmax,2.0857101951973314,2.6357927566021133,1.8987365643219747,0.9530241751231591,94.82758620689656,1.6536393832363245
DATASET_2_subject9,DATASET_2,pos,tüm_yüz,mean,viterbi,pos|full|mean|viterbi+ma,2.2443734390342547,2.9688854991912295,2.0325390990046484,0.9492992946366148,91.37931034482759,2.0642712286879856
DATASET_2_subject9,DATASET_2,pos,alın+yanaklar,mean,argmax,pos|forehead+left_cheek+right_cheek|mean|argmax,2.0903980018348873,2.7083996642445918,1.9141409258852906,0.9450751863078471,94.82758620689656,1.0711887377837712
DATASET_2_subject9,DATASET_2,pos,alın+yanaklar,mean,viterbi,pos|forehead+left_cheek+right_cheek|mean|viterbi+ma,2.156836534461184,2.95689047529798,1.9583188926454955,0.9474803860431865,91.37931034482759,2.0330419724456448
DATASET_2_subject9,DATASET_2,pos,alın+yanaklar,snr,argmax,pos|forehead+left_cheek+right_cheek|snr|argmax,4.74576115550993,13.356366135552056,4.177729945786348,0.26489454971374155,93.10344827586206,4.281178686618475
DATASET_2_subject9,DATASET_2,pos,alın+yanaklar,snr,viterbi,pos|forehead+left_cheek+right_cheek|snr|viterbi+ma,2.107263538150269,2.8111849025142797,1.9035836508997837,0.954399782584674,93.10344827586206,1.9291816992489714
DATASET_2_subject9,DATASET_2,pos,4_bölge,mean,argmax,pos|forehead+left_cheek+right_cheek+full|mean|argmax,1.8546717419549983,2.2776783691732567,1.7029978180256522,0.9674130016840989,96.55172413793103,1.3587831957473213
DATASET_2_subject9,DATASET_2,pos,4_bölge,mean,viterbi,pos|forehead+left_cheek+right_cheek+full|mean|viterbi+ma,2.143966448919447,2.929059192736682,1.9458444898189473,0.9487323731876579,91.37931034482759,2.0166851540404878
DATASET_2_subject9,DATASET_2,pos,4_bölge,snr,argmax,pos|forehead+left_cheek+right_cheek+full|snr|argmax,3.899225547261646,11.206381716318083,3.4405833554399363,0.36742157025271943,94.82758620689656,3.4311332273868658
DATASET_2_subject9,DATASET_2,pos,4_bölge,snr,viterbi,pos|forehead+left_cheek+right_cheek+full|snr|viterbi+ma,2.2058075160346173,2.888190659511458,1.9955057290225624,0.9536130242955572,93.10344827586206,2.0268126949842014
DATASET_2_subject9,DATASET_2,lgi,alın,mean,argmax,lgi|forehead|mean|argmax,1.9821055069509517,2.2620280583482253,1.80540912769751,0.9650145829641043,98.27586206896551,1.3240788638464807
DATASET_2_subject9,DATASET_2,lgi,alın,mean,viterbi,lgi|forehead|mean|viterbi+ma,2.206334570611139,2.8497071790664177,1.9934440946795275,0.9566910818769526,93.10344827586206,2.017641900376873
DATASET_2_subject9,DATASET_2,lgi,yanaklar,mean,argmax,lgi|left_cheek+right_cheek|mean|argmax,8.601132317435644,18.363177438972194,7.7495148158610085,0.23871942170684488,79.3103448275862,7.259436651519039
DATASET_2_subject9,DATASET_2,lgi,yanaklar,mean,viterbi,lgi|left_cheek+right_cheek|mean|viterbi+ma,2.3979631021671874,3.2836553630331013,2.1720311202685965,0.9202267867047965,87.93103448275862,1.9244498595277264
DATASET_2_subject9,DATASET_2,lgi,yanaklar,snr,argmax,lgi|left_cheek+right_cheek|snr|argmax,17.242068962001746,27.824561356228102,15.911049626895188,0.30137870911704184,60.3448275862069,16.486367723722182
DATASET_2_subject9,DATASET_2,lgi,yanaklar,snr,viterbi,lgi|left_cheek+right_cheek|snr|viterbi+ma,4.021940575844699,6.21812912570954,3.813709657261742,0.49208730914775883,75.86206896551724,0.3311545207526905
DATASET_2_subject9,DATASET_2,lgi,tüm_yüz,mean,argmax,lgi|full|mean|argmax,2.072596581946796,2.627552278919258,1.886240385027476,0.9527697210515076,96.55172413793103,1.6343953414100127
DATASET_2_subject9,DATASET_2,lgi,tüm_yüz,mean,viterbi,lgi|full|mean|viterbi+ma,2.2350983010656593,2.9551059061645324,2.0228543527022373,0.9498952539531346,93.10344827586206,2.051663982357951
DATASET_2_subject9,DATASET_2,lgi,alın+yanaklar,mean,argmax,lgi|forehead+left_cheek+right_cheek|mean|argmax,4.984629398014891,13.330593376673914,4.401675187240346,0.2857560300947765,89.65517241379311,4.077644147568961
DATASET_2_subject9,DATASET_2,lgi,alın+yanaklar,mean,viterbi,lgi|forehead+left_cheek+right_cheek|mean|viterbi+ma,2.160362074045505,2.9733907702129683,1.9599143066952978,0.9456988959346354,91.37931034482759,2.0188358894466774
DATASET_2_subject9,DATASET_2,lgi,alın+yanaklar,snr,argmax,lgi|forehead+left_cheek+right_cheek|snr|argmax,4.759399074639039,13.355914466261355,4.189231982406559,0.2640754875948265,93.10344827586206,4.283966998404026
DATASET_2_subject9,DATASET_2,lgi,alın+yanaklar,snr,viterbi,lgi|forehead+left_cheek+right_cheek|snr|viterbi+ma,2.150566202412747,2.8901140458333896,1.9406840460658124,0.9511797115634724,93.10344827586206,1.9698889533265174
DATASET_2_subject9,DATASET_2,lgi,4_bölge,mean,argmax,lgi|forehead+left_cheek+right_cheek+full|mean|argmax,1.8435301777206405,2.25489382256239,1.6919981511917808,0.9677013660184794,96.55172413793103,1.3555711460065822
DATASET_2_subject9,DATASET_2,lgi,4_bölge,mean,viterbi,lgi|forehead+left_cheek+right_cheek+full|mean|viterbi+ma,2.15223983706352,2.9296757147156764,1.9515135837182058,0.9486702610217826,91.37931034482759,2.012670928833515
DATASET_2_subject9,DATASET_2,lgi,4_bölge,snr,argmax,lgi|forehead+left_cheek+right_cheek+full|snr|argmax,3.9087167371050717,11.195745273044134,3.4488906960066026,0.3674403888268716,94.82758620689656,3.430629155390676
DATASET_2_subject9,DATASET_2,lgi,4_bölge,snr,viterbi,lgi|forehead+left_cheek+right_cheek+full|snr|viterbi+ma,2.240442475235521,2.9458918121941036,2.0262652611767655,0.9511809869021941,93.10344827586206,2.0582493931469514
