source,video,ok_frac,snr_med,agree_frac,agree_ok_frac,r0,lag_best,r_best,lag_pos,r_pos,keep
mcd,1156_FullHDwebcam_after,0.9777777777777777,3.509386585202523,1.0,1.0,-0.3651768817845965,22,-0.4507357958708788,8,0.3695714947586697,1
mcd,1156_FullHDwebcam_before,0.9777777777777777,7.15751602642514,1.0,1.0,-0.597942646360587,-20,0.6279706736259952,-20,0.6279706736259952,1
mcd,1156_IriunWebcam_after,0.9777777777777777,3.6484824488770027,0.16666666666666666,0.1875,-0.11598868766880967,5,-0.12200995107459646,25,0.1202790795820471,1
mcd,1156_IriunWebcam_before,0.9777777777777777,7.254253602560198,0.6111111111111112,0.6111111111111112,0.3489409709327407,-23,0.3765996831353904,-23,0.3765996831353904,1
mcd,1176_FullHDwebcam_after,0.9777777777777777,6.787715246815212,0.8888888888888888,0.8888888888888888,0.49933132456222745,-13,0.6232161670578988,-13,0.6232161670578988,1
mcd,1176_FullHDwebcam_before,0.9777777777777777,10.094242275386001,1.0,1.0,-0.6036060661242899,-1,-0.6036060661242899,6,0.5795589609127644,1
mcd,1176_IriunWebcam_after,0.9777777777777777,6.669719979055121,0.3333333333333333,0.3333333333333333,0.348813879208309,3,0.348813879208309,3,0.348813879208309,1
mcd,1176_IriunWebcam_before,0.9777777777777777,10.209765815046026,0.4444444444444444,0.4444444444444444,0.41566186270299843,3,0.41566186270299843,3,0.41566186270299843,1
mcd,1176_USBVideo_after,0.9777777777777777,6.688741270810395,0.16666666666666666,0.16666666666666666,0.23807498514633577,25,-0.272182306538772,16,0.2552941970760773,1
mcd,1176_USBVideo_before,0.9777777777777777,10.127388707362591,0.0,0.0,0.23775254787911443,-2,0.23775254787911443,-2,0.23775254787911443,1
mcd,1180_FullHDwebcam_after,0.9777777777777777,4.6365462197355605,1.0,1.0,-0.624711495421842,-2,-0.624711495421842,7,0.5687258838968128,1
mcd,1180_FullHDwebcam_before,0.9777777777777777,5.249620749588448,0.9444444444444444,0.9411764705882353,-0.6654848465018429,-1,-0.6654848465018429,8,0.5792739326105908,1
mcd,1180_IriunWebcam_after,0.9777777777777777,4.520892110071285,0.3333333333333333,0.3333333333333333,0.17219693130737396,25,0.27365188563673154,25,0.27365188563673154,1
mcd,1180_IriunWebcam_before,0.9777777777777777,5.209442464689188,0.2777777777777778,0.29411764705882354,0.16967207343675716,10,-0.21226947833026155,20,0.1900877348239053,1
mcd,1181_FullHDwebcam_after,0.8444444444444444,4.743888508280412,0.2222222222222222,0.26666666666666666,-0.34221331766141166,5,0.34841479736806835,5,0.34841479736806835,1
mcd,1181_FullHDwebcam_before,0.7555555555555555,4.334051423913796,0.3333333333333333,0.4166666666666667,0.3713376816202769,-5,-0.3726551409875253,5,0.3713671573703885,1
mcd,1181_IriunWebcam_after,0.8444444444444444,4.418069132145845,0.0,0.0,0.15122420360369895,11,-0.16247490773576692,4,0.15122420360369895,1
mcd,1181_IriunWebcam_before,0.7555555555555555,4.152467436667466,0.0,0.0,-0.10698935905533839,17,-0.15386461781322103,27,0.1425327525475794,1
mcd,1181_USBVideo_after,0.8444444444444444,4.649680150106908,0.0,0.0,0.1807755020289438,0,0.1807755020289438,0,0.1807755020289438,1
mcd,1181_USBVideo_before,0.7555555555555555,4.313628755324958,0.3888888888888889,0.5,0.3833640121484804,0,0.3833640121484804,0,0.3833640121484804,1
mcd,1213_FullHDwebcam_after,0.9777777777777777,4.9225060044521864,0.5555555555555556,0.5555555555555556,-0.5567321493863352,-2,-0.5567321493863352,8,0.4390647031358873,1
mcd,1213_FullHDwebcam_before,0.9777777777777777,7.223986196959499,0.6111111111111112,0.6111111111111112,-0.5719533865895439,-1,-0.5719533865895439,8,0.45408024334744085,1
mcd,1213_IriunWebcam_after,0.9777777777777777,4.888462569449601,0.2222222222222222,0.2222222222222222,0.16811430716928047,-5,-0.17060410324075856,3,0.16811430716928047,1
mcd,1213_IriunWebcam_before,0.9777777777777777,7.1960299215843735,0.2222222222222222,0.2222222222222222,0.47653912287794054,3,0.47653912287794054,3,0.47653912287794054,1
mcd,1213_USBVideo_after,0.9777777777777777,4.777475179615704,0.2777777777777778,0.2777777777777778,0.3828689368987204,0,0.3828689368987204,0,0.3828689368987204,1
mcd,1213_USBVideo_before,0.9777777777777777,7.321428696717747,0.16666666666666666,0.16666666666666666,0.3235218051758563,0,0.3235218051758563,0,0.3235218051758563,1
mcd,1217_FullHDwebcam_after,0.9777777777777777,10.72359805771736,1.0,1.0,-0.6977980020036372,-1,-0.6977980020036372,12,0.5315804999780802,1
mcd,1217_FullHDwebcam_before,0.9777777777777777,10.503675080326666,1.0,1.0,-0.7102679568909435,-1,-0.7102679568909435,12,0.5922982560855706,1
mcd,1217_IriunWebcam_after,0.9777777777777777,10.741711382009504,0.9444444444444444,0.9444444444444444,0.5644305537825973,-7,-0.640171880600206,6,0.6103130142672393,1
mcd,1217_IriunWebcam_before,0.9777777777777777,10.53023220032577,0.7777777777777778,0.7777777777777778,0.43120737463528325,-7,-0.5408397292722975,-22,0.48130385099793704,1
mcd,1217_USBVideo_after,0.9777777777777777,10.686800943381376,0.9444444444444444,0.9444444444444444,0.5151971493743991,-27,0.5273209587801487,-27,0.5273209587801487,1
mcd,1217_USBVideo_before,0.9777777777777777,10.464129801461961,1.0,1.0,0.5818820367994972,16,-0.626745621708201,29,0.5913074720057667,1
mcd,1234_FullHDwebcam_after,0.9777777777777777,5.366714769129143,0.7777777777777778,0.7777777777777778,-0.5523906812295418,-3,-0.5523906812295418,6,0.5449524296967542,1
mcd,1234_FullHDwebcam_before,0.9777777777777777,6.665455083217116,1.0,1.0,-0.5829041751541606,-5,-0.5951278721369905,6,0.5796691547785265,1
mcd,1234_IriunWebcam_after,0.9777777777777777,5.087585337849202,0.5,0.5,0.23561051721683143,-30,-0.3339327847184843,-21,0.3266458674312718,1
mcd,1234_IriunWebcam_before,0.9777777777777777,6.3973240792692465,0.5,0.5,0.3802238731774916,3,0.3802238731774916,3,0.3802238731774916,1
mcd,1234_USBVideo_after,0.9777777777777777,4.995610974606791,0.6666666666666666,0.6666666666666666,0.37532853394076937,0,0.37532853394076937,0,0.37532853394076937,1
mcd,1234_USBVideo_before,0.9777777777777777,6.532333464359716,0.5,0.5,0.3034943783111751,-11,-0.41548298224586855,1,0.3034943783111751,1
mcd,1259_FullHDwebcam_after,0.7111111111111111,4.07121959627357,0.7777777777777778,0.9230769230769231,-0.5192346869894945,-2,-0.5192346869894945,-13,0.3848620559987658,1
mcd,1259_FullHDwebcam_before,0.9777777777777777,7.127993629545252,0.7222222222222222,0.7222222222222222,-0.5284022656350174,-2,-0.5284022656350174,-16,0.4665903983449259,1
mcd,1259_IriunWebcam_after,0.7111111111111111,3.5710972348279997,0.3888888888888889,0.46153846153846156,0.28123569393450387,2,0.28123569393450387,2,0.28123569393450387,1
mcd,1259_IriunWebcam_before,0.9777777777777777,7.059245297070181,0.5555555555555556,0.5555555555555556,0.43267550048485043,2,0.43267550048485043,2,0.43267550048485043,1
mcd,1259_USBVideo_after,0.7111111111111111,3.8104575652682797,0.3333333333333333,0.3076923076923077,0.27665772176985065,-14,-0.2880855793453237,-24,0.28051286075341825,1
mcd,1259_USBVideo_before,0.9777777777777777,7.1349922804875145,0.7222222222222222,0.7222222222222222,0.34729999132311495,-14,-0.4160791190294047,-3,0.34729999132311495,1
mcd,1266_FullHDwebcam_after,0.9777777777777777,8.337795932047156,0.8333333333333334,0.8333333333333334,-0.578320181137624,-2,-0.578320181137624,8,0.5238962900530031,1
mcd,1266_FullHDwebcam_before,0.9777777777777777,5.399361371852456,0.8888888888888888,0.875,-0.6401801345009038,-5,-0.6762222512125848,7,0.5635443744919417,1
mcd,1266_IriunWebcam_after,0.9777777777777777,8.23683313684451,0.0,0.0,0.1018241928836248,-20,0.13927371475095904,-20,0.13927371475095904,1
mcd,1266_IriunWebcam_before,0.9777777777777777,5.2459859506400734,0.5,0.47058823529411764,0.37738880132276265,-8,-0.38027437498719724,4,0.37738880132276265,1
mcd,1266_USBVideo_before,0.9777777777777777,5.092639938347872,0.7777777777777778,0.875,0.595454817516821,0,0.595454817516821,0,0.595454817516821,1
mcd,1275_FullHDwebcam_after,0.9777777777777777,5.356700488622838,0.5,0.5,-0.3346456079999775,17,-0.3384920780566556,8,0.33557249375631243,1
mcd,1275_FullHDwebcam_before,0.9777777777777777,6.6634639949713215,0.5555555555555556,0.5555555555555556,-0.3632529793133233,7,0.38560967224156495,7,0.38560967224156495,1
mcd,1275_IriunWebcam_after,0.9777777777777777,5.350338429137691,0.3888888888888889,0.3888888888888889,-0.09603743964657349,-12,0.10719618387299722,-12,0.10719618387299722,1
mcd,1275_IriunWebcam_before,0.9777777777777777,6.58466300858248,0.0,0.0,-0.14021994176944483,-30,0.1514321849658921,-30,0.1514321849658921,1
mcd,1285_FullHDwebcam_after,0.9777777777777777,8.575595374818757,0.7222222222222222,0.7222222222222222,-0.5160413999188614,5,0.5310686448806878,5,0.5310686448806878,1
mcd,1285_FullHDwebcam_before,0.9777777777777777,6.755366410527431,0.7222222222222222,0.7222222222222222,-0.4821471702537629,6,0.4853015646431545,6,0.4853015646431545,1
mcd,1285_IriunWebcam_after,0.9777777777777777,8.539784668668968,0.05555555555555555,0.05555555555555555,-0.18329450702578218,-4,-0.18329450702578218,-12,0.18110764283579076,1
mcd,1285_IriunWebcam_before,0.9777777777777777,6.601458958717209,0.05555555555555555,0.05555555555555555,-0.13487350587443783,-22,-0.15503472506357907,-30,0.1412824126936478,1
mcd,1285_USBVideo_before,0.9777777777777777,6.584612252060722,0.05555555555555555,0.05555555555555555,0.2668898629446734,-1,0.2668898629446734,-1,0.2668898629446734,1
mcd,1287_FullHDwebcam_after,0.9777777777777777,6.252079900913765,0.05555555555555555,0.05555555555555555,0.1441583161421922,12,-0.15208460941573,4,0.1441583161421922,1
mcd,1287_FullHDwebcam_before,0.5777777777777777,4.842979058655665,0.0,0.0,0.05849552361960728,-27,0.20746974867902812,-27,0.20746974867902812,1
mcd,1287_IriunWebcam_after,0.9777777777777777,6.162669836064891,0.1111111111111111,0.1111111111111111,0.23676359388713547,4,0.23676359388713547,4,0.23676359388713547,1
mcd,1287_IriunWebcam_before,0.5777777777777777,4.8555878251904705,0.3333333333333333,0.36363636363636365,0.09261817822806426,-26,0.22076376930209177,-26,0.22076376930209177,1
mcd,1287_USBVideo_after,0.9777777777777777,6.336356605185648,0.1111111111111111,0.1111111111111111,-0.17948332438531137,-23,0.21393954217702876,-23,0.21393954217702876,1
mcd,1287_USBVideo_before,0.5777777777777777,4.924695813701718,0.0,0.0,-0.0791587601138553,-29,-0.13168155555688268,-20,0.11271586739082701,1
mcd,1292_FullHDwebcam_after,0.9777777777777777,8.9117384694399,0.2222222222222222,0.2222222222222222,-0.3912854019506191,-1,-0.3912854019506191,7,0.33122141638469155,1
mcd,1292_FullHDwebcam_before,0.7555555555555555,3.188908142378546,0.9444444444444444,1.0,-0.6044707733053447,-1,-0.6044707733053447,8,0.4533254296892785,1
mcd,1292_IriunWebcam_after,0.9777777777777777,8.99312868253634,0.2222222222222222,0.2222222222222222,0.20292095577119168,12,-0.20537035805420265,3,0.20292095577119168,1
mcd,1292_IriunWebcam_before,0.7555555555555555,3.264675425062367,0.7222222222222222,0.7333333333333333,0.30415265524484986,16,-0.31683194153038424,3,0.30415265524484986,1
mcd,1292_USBVideo_after,0.9777777777777777,9.138787528385613,0.0,0.0,0.14047534021180783,16,0.15695755791858884,16,0.15695755791858884,1
mcd,1292_USBVideo_before,0.7555555555555555,3.3386705483829333,0.5555555555555556,0.6,0.29945771744265937,0,0.29945771744265937,0,0.29945771744265937,1
mcd,1298_FullHDwebcam_after,0.9777777777777777,5.54197926156772,0.2777777777777778,0.2777777777777778,-0.29773143219951276,-2,-0.29773143219951276,-14,0.23757330567792953,1
mcd,1298_FullHDwebcam_before,0.9777777777777777,7.8286581347697215,0.1111111111111111,0.1111111111111111,-0.1811961664110191,-1,-0.1811961664110191,10,0.12906303384262494,1
mcd,1298_IriunWebcam_after,0.9777777777777777,5.332538500418144,0.05555555555555555,0.05555555555555555,-0.19299593692328662,-25,-0.21804657736671926,-16,0.20318539806243807,1
mcd,1298_IriunWebcam_before,0.9777777777777777,7.6052487347878674,0.16666666666666666,0.16666666666666666,0.17245937649699883,-1,0.17245937649699883,-1,0.17245937649699883,1
mcd,1298_USBVideo_after,0.9777777777777777,5.544262273920883,0.16666666666666666,0.16666666666666666,0.11766595984525638,28,-0.1761414647121609,16,0.17020381652145328,1
mcd,1298_USBVideo_before,0.9777777777777777,7.8723150143515035,0.0,0.0,0.1726598656368056,19,0.22309052122574854,19,0.22309052122574854,1
mcd,1305_FullHDwebcam_after,0.9777777777777777,6.846248247604705,0.6666666666666666,0.6470588235294118,-0.5056739129217122,6,0.5126171256174212,6,0.5126171256174212,1
mcd,1305_FullHDwebcam_before,0.9777777777777777,6.889741550038213,0.4444444444444444,0.4444444444444444,-0.33510046564808754,-20,-0.33837216026183314,23,0.33608035659533275,1
mcd,1305_IriunWebcam_after,0.9777777777777777,6.827010294933254,0.05555555555555555,0.058823529411764705,0.061590061837910305,18,0.09259621010524226,18,0.09259621010524226,1
mcd,1305_IriunWebcam_before,0.9777777777777777,6.735872650554697,0.05555555555555555,0.05555555555555555,0.04658044104310257,26,-0.08790769845249718,18,0.07828015632191909,1
mcd,1314_FullHDwebcam_after,0.9777777777777777,11.189033265240136,0.9444444444444444,0.9444444444444444,-0.8233850087156004,-1,-0.8233850087156004,8,0.7416118124153221,1
mcd,1314_FullHDwebcam_before,0.9777777777777777,11.17855055027961,1.0,1.0,-0.8486042725666755,16,-0.8525230150808327,7,0.8161602145676544,1
mcd,1314_IriunWebcam_after,0.9777777777777777,11.0627713693709,0.6111111111111112,0.6111111111111112,0.4541897770971016,2,0.4541897770971016,2,0.4541897770971016,1
mcd,1314_IriunWebcam_before,0.9777777777777777,11.040891021130198,0.7777777777777778,0.7777777777777778,0.4599062517858329,-24,-0.4606177454131615,2,0.4599062517858329,1
mcd,1314_USBVideo_after,0.9777777777777777,11.274916621899042,0.16666666666666666,0.16666666666666666,0.3462286358559784,-20,0.34696724293430203,-20,0.34696724293430203,1
mcd,1314_USBVideo_before,0.9777777777777777,11.164363661732033,0.4444444444444444,0.4444444444444444,0.43405865191156245,-3,0.43405865191156245,-3,0.43405865191156245,1
mcd,1360_FullHDwebcam_after,0.9777777777777777,6.312902045297123,1.0,1.0,-0.7544321080609133,-3,-0.7544321080609133,9,0.6172803429139794,1
mcd,1360_FullHDwebcam_before,0.9777777777777777,5.66023469292496,1.0,1.0,-0.7509536567397969,-4,-0.7509536567397969,9,0.6469588714768333,1
mcd,1360_IriunWebcam_after,0.9777777777777777,6.258693429587133,0.3333333333333333,0.3333333333333333,0.13036591272791154,16,-0.16658642108802335,3,0.13036591272791154,1
mcd,1360_IriunWebcam_before,0.9777777777777777,5.514016351389834,0.5,0.5,0.17986481125088696,-21,0.3265442537213388,-21,0.3265442537213388,1
mcd,1362_FullHDwebcam_after,0.9777777777777777,9.116911429017051,0.9444444444444444,0.9444444444444444,-0.47122329421965625,5,0.5173852558650935,5,0.5173852558650935,1
mcd,1362_FullHDwebcam_before,0.9777777777777777,8.474799407353089,0.8888888888888888,0.8888888888888888,0.6479111986769365,5,0.6489022180718308,5,0.6489022180718308,1
mcd,1362_IriunWebcam_before,0.9777777777777777,8.331048566401154,0.1111111111111111,0.1111111111111111,-0.03929050715926044,-9,0.0479201091360815,-9,0.0479201091360815,1
mcd,1386_FullHDwebcam_after,0.6222222222222222,5.421578548560366,0.8333333333333334,0.9166666666666666,-0.41197706547820256,-20,-0.4524192480818831,6,0.40051083906117096,1
mcd,1386_FullHDwebcam_before,0.8888888888888888,2.5861441931446727,0.9444444444444444,0.9333333333333333,-0.5152738365057522,7,0.5440629473316134,7,0.5440629473316134,1
mcd,1386_IriunWebcam_after,0.6222222222222222,5.161628140798839,0.0,0.0,0.12896666533113396,20,0.1971195456710261,20,0.1971195456710261,1
mcd,1386_IriunWebcam_before,0.8888888888888888,2.7459326980925463,0.05555555555555555,0.06666666666666667,-0.1455273232928667,-25,-0.2051092991856888,-16,0.1716234198823621,1
mcd,1399_FullHDwebcam_after,0.9777777777777777,9.01717571725742,0.8888888888888888,0.8888888888888888,-0.602517533729848,-3,-0.602517533729848,-22,0.583165257701148,1
mcd,1399_FullHDwebcam_before,0.9777777777777777,9.067920351437825,1.0,1.0,-0.6487528136706041,30,-0.6539041541945896,12,0.5918225235609815,1
mcd,1399_IriunWebcam_after,0.9777777777777777,9.056695654399416,0.5555555555555556,0.5555555555555556,0.20744926109871403,-29,0.2632445590459882,-29,0.2632445590459882,1
mcd,1399_IriunWebcam_before,0.9777777777777777,9.119647735551727,0.6666666666666666,0.6666666666666666,0.35827849745553386,-12,-0.4249351710219234,2,0.35827849745553386,1
mcd,1399_USBVideo_after,0.9777777777777777,8.981704280091183,0.4444444444444444,0.4444444444444444,0.35432472026747536,-14,-0.3854692025542904,-1,0.35432472026747536,1
mcd,1399_USBVideo_before,0.9777777777777777,9.041305440976917,0.8888888888888888,0.8888888888888888,0.48358082536780034,-12,-0.4994508870227715,-29,0.48478455547291266,1
mcd,1414_FullHDwebcam_after,0.9777777777777777,6.428277525253512,1.0,1.0,-0.6547074193609231,-4,-0.6547074193609231,7,0.6380041954179122,1
mcd,1414_FullHDwebcam_before,0.9777777777777777,7.948041129572054,1.0,1.0,-0.6802240446753849,-4,-0.6802240446753849,8,0.5930983975197791,1
mcd,1414_IriunWebcam_after,0.9777777777777777,6.375803703278326,0.7777777777777778,0.7777777777777778,-0.4458369868857341,-5,-0.4590520359512703,7,0.4482659201175732,1
mcd,1414_IriunWebcam_before,0.9777777777777777,7.975240155542622,0.4444444444444444,0.4444444444444444,0.3970245449807441,5,0.41038082145965005,5,0.41038082145965005,1
mcd,1442_FullHDwebcam_after,0.9777777777777777,6.391224801273431,0.4444444444444444,0.4444444444444444,-0.4108529498295242,-3,-0.4108529498295242,6,0.40447794666580356,1
mcd,1442_FullHDwebcam_before,0.9777777777777777,7.629588438348613,0.8888888888888888,0.8888888888888888,-0.4373629045134487,6,0.451628168679997,6,0.451628168679997,1
mcd,1442_IriunWebcam_after,0.9777777777777777,6.39174415798726,0.05555555555555555,0.05555555555555555,0.2944986449217269,1,0.2944986449217269,1,0.2944986449217269,1
mcd,1442_IriunWebcam_before,0.9777777777777777,7.768701472352452,0.16666666666666666,0.16666666666666666,0.20187832830565905,1,0.20187832830565905,1,0.20187832830565905,1
mcd,1442_USBVideo_after,0.9777777777777777,6.465738481074189,0.16666666666666666,0.16666666666666666,0.19146982387708686,23,0.27272658240769054,23,0.27272658240769054,1
mcd,1442_USBVideo_before,0.9777777777777777,7.735065098895507,0.3333333333333333,0.3333333333333333,0.245093478448428,-1,0.245093478448428,-1,0.245093478448428,1
mcd,1474_FullHDwebcam_after,0.9333333333333333,7.263367404560222,1.0,1.0,-0.7059179339022632,-3,-0.7059179339022632,6,0.7057452222830803,1
mcd,1474_FullHDwebcam_before,0.9777777777777777,6.402952084751188,1.0,1.0,-0.6758857312494165,-2,-0.6758857312494165,6,0.629422705322257,1
mcd,1474_IriunWebcam_after,0.9333333333333333,6.881353453820625,0.0,0.0,0.1867020049881286,19,0.23652751180378984,19,0.23652751180378984,1
mcd,1474_IriunWebcam_before,0.9777777777777777,6.289580399587569,0.05555555555555555,0.05555555555555555,0.14703059461904147,20,0.18636190361514246,20,0.18636190361514246,1
mcd,1477_FullHDwebcam_after,0.5777777777777777,2.336455672325201,0.5555555555555556,0.6666666666666666,-0.5372038738746403,-3,-0.5372038738746403,7,0.4824340898284885,1
mcd,1477_FullHDwebcam_before,0.9777777777777777,8.852214457362582,0.8888888888888888,0.8888888888888888,-0.5750272562544394,-4,-0.5750272562544394,8,0.5153990874198445,1
mcd,1477_IriunWebcam_after,0.5777777777777777,2.146424473880231,0.16666666666666666,0.1111111111111111,-0.2281766108197506,-5,-0.2566152444891559,4,0.2268314389488106,1
mcd,1477_IriunWebcam_before,0.9777777777777777,8.952146624285007,0.2222222222222222,0.2222222222222222,0.3424709166754511,5,0.36312738072773926,5,0.36312738072773926,1
mcd,1513_FullHDwebcam_after,0.7111111111111111,2.8756755227016044,0.0,0.0,-0.29862649127489593,6,0.31792416243167393,6,0.31792416243167393,1
mcd,1513_FullHDwebcam_before,0.7111111111111111,4.890783789675813,0.5555555555555556,0.5714285714285714,0.47241876088039125,-6,-0.48958693792879715,4,0.47241876088039125,1
mcd,1513_IriunWebcam_after,0.7111111111111111,2.8246229539545222,0.1111111111111111,0.16666666666666666,0.17723772514053096,-16,0.2181577907540716,-16,0.2181577907540716,1
mcd,1513_IriunWebcam_before,0.7111111111111111,4.916950353484813,0.16666666666666666,0.14285714285714285,0.2515100257843874,-3,0.2515100257843874,-3,0.2515100257843874,1
mcd,1513_USBVideo_after,0.7111111111111111,2.751327102125585,0.16666666666666666,0.25,0.30698138190523816,-1,0.30698138190523816,-1,0.30698138190523816,1
mcd,1513_USBVideo_before,0.7111111111111111,4.88441982533796,0.5,0.5714285714285714,0.436846058553917,0,0.436846058553917,0,0.436846058553917,1
mcd,1531_FullHDwebcam_after,0.9777777777777777,6.365713508464383,0.2222222222222222,0.17647058823529413,-0.2340872633486131,27,0.2937492698481979,27,0.2937492698481979,1
mcd,1531_FullHDwebcam_before,0.9777777777777777,8.21104792136422,0.5555555555555556,0.5555555555555556,-0.3658023221870466,-14,0.3777453829276152,-14,0.3777453829276152,1
mcd,1531_IriunWebcam_after,0.9777777777777777,6.269757569586311,0.3333333333333333,0.35294117647058826,0.12002771725746834,-22,0.16552027991900506,-22,0.16552027991900506,1
mcd,1531_IriunWebcam_before,0.9777777777777777,8.022922752567078,0.1111111111111111,0.1111111111111111,0.16540313300214063,2,0.16540313300214063,2,0.16540313300214063,1
mcd,1531_USBVideo_after,0.9777777777777777,6.357150466232321,0.1111111111111111,0.11764705882352941,0.29024493572249455,-22,0.30264085138645447,-22,0.30264085138645447,1
mcd,1531_USBVideo_before,0.9777777777777777,8.147176205212169,0.1111111111111111,0.1111111111111111,0.26809248873217456,20,0.2820744937947678,20,0.2820744937947678,1
mcd,1541_FullHDwebcam_after,0.9777777777777777,8.106712051742548,1.0,1.0,-0.6931574627772803,-3,-0.6931574627772803,8,0.6613521516316995,1
mcd,1541_FullHDwebcam_before,0.9777777777777777,9.356476538036349,1.0,1.0,-0.8272544786266455,-3,-0.8272544786266455,8,0.7271132089681905,1
mcd,1541_IriunWebcam_after,0.9777777777777777,8.19786814619809,1.0,1.0,0.5715111782132762,5,0.5877375135752597,5,0.5877375135752597,1
mcd,1541_IriunWebcam_before,0.9777777777777777,9.295078853944146,0.05555555555555555,0.05555555555555555,0.09973272224562349,-4,0.09973272224562349,-4,0.09973272224562349,1
mcd,1541_USBVideo_after,0.9777777777777777,8.141746791043776,0.8888888888888888,0.8888888888888888,0.4475911309492363,-11,-0.511225772119911,1,0.4475911309492363,1
mcd,1543_FullHDwebcam_after,0.8444444444444444,5.272666569542817,0.7777777777777778,0.875,0.5215238410102615,5,0.5526240973900226,5,0.5526240973900226,1
mcd,1543_FullHDwebcam_before,0.8444444444444444,3.993235470445762,0.8888888888888888,0.9285714285714286,-0.5773950421696173,-6,-0.6645118075176003,7,0.6304866491754589,1
mcd,1543_IriunWebcam_after,0.8444444444444444,5.252125474515313,0.5,0.5625,0.2860233383955197,2,0.2860233383955197,2,0.2860233383955197,1
mcd,1543_IriunWebcam_before,0.7555555555555555,4.024785494683403,0.2777777777777778,0.23076923076923078,0.036100571024356556,-24,0.135409386998142,-24,0.135409386998142,1
mcd,1563_FullHDwebcam_after,0.9777777777777777,8.286368714166077,0.8888888888888888,0.8888888888888888,-0.588567561421004,-3,-0.588567561421004,6,0.48456717763196755,1
mcd,1563_FullHDwebcam_before,0.8444444444444444,8.6427049463733,0.6666666666666666,0.75,-0.5482873793805648,-2,-0.5482873793805648,-15,0.46527836729022815,1
mcd,1563_IriunWebcam_after,0.9777777777777777,8.320984778946173,0.16666666666666666,0.16666666666666666,0.2925843422767632,28,0.33035587997707033,28,0.33035587997707033,1
mcd,1563_IriunWebcam_before,0.8444444444444444,8.792331208015089,0.05555555555555555,0.0625,0.22983501507309811,-6,-0.2791679421866604,3,0.22983501507309811,1
mcd,1563_USBVideo_after,0.9777777777777777,8.146430435614139,0.4444444444444444,0.4444444444444444,0.24387454099065,-25,0.3172545303327811,-25,0.3172545303327811,1
mcd,1563_USBVideo_before,0.8444444444444444,8.721930856362512,0.16666666666666666,0.1875,0.10352793425898173,-25,0.13654734814087313,-25,0.13654734814087313,1
mcd,1581_FullHDwebcam_after,0.9777777777777777,5.680055332838169,0.4444444444444444,0.4444444444444444,0.42676741140945257,4,0.42676741140945257,4,0.42676741140945257,1
mcd,1581_FullHDwebcam_before,0.9777777777777777,8.138791468018983,0.3888888888888889,0.3888888888888889,0.39336854016038747,4,0.39336854016038747,4,0.39336854016038747,1
mcd,1581_IriunWebcam_after,0.9777777777777777,5.602621957483418,0.16666666666666666,0.16666666666666666,0.14999603582715396,1,0.14999603582715396,1,0.14999603582715396,1
mcd,1581_IriunWebcam_before,0.9777777777777777,8.114858592720157,0.05555555555555555,0.05555555555555555,0.14258792635817907,18,0.1439524478697989,18,0.1439524478697989,1
mcd,1589_FullHDwebcam_after,0.9777777777777777,8.238449400502068,0.5555555555555556,0.5882352941176471,-0.4134262424978548,-3,-0.4134262424978548,-15,0.3674520415554366,1
mcd,1589_FullHDwebcam_before,0.9333333333333333,8.691288744464234,0.7777777777777778,0.7647058823529411,-0.3812454013164589,-4,-0.3812454013164589,-17,0.35070625311647663,1
mcd,1589_IriunWebcam_after,0.9777777777777777,8.212832753748573,0.4444444444444444,0.47058823529411764,0.37386263696705235,14,-0.40145939363056327,3,0.37386263696705235,1
mcd,1589_IriunWebcam_before,0.9333333333333333,8.737420965651761,0.4444444444444444,0.47058823529411764,0.37323497513256637,19,-0.44072735194997303,5,0.3807291858988812,1
mcd,1589_USBVideo_after,0.9777777777777777,8.089454997495555,0.4444444444444444,0.47058823529411764,0.410197821723009,-4,0.410197821723009,-4,0.410197821723009,1
mcd,1589_USBVideo_before,0.9333333333333333,8.457967434215236,0.8333333333333334,0.8235294117647058,0.4408254401010101,-1,0.4408254401010101,-1,0.4408254401010101,1
mcd,1601_FullHDwebcam_after,0.9333333333333333,1.009587729983134,0.8888888888888888,0.9230769230769231,-0.6445228580912964,-1,-0.6445228580912964,-14,0.5306592997282495,1
mcd,1601_FullHDwebcam_before,0.9777777777777777,4.27802556644653,0.8333333333333334,0.8333333333333334,-0.5549777275611137,-2,-0.5549777275611137,-13,0.44565206701553256,1
mcd,1601_IriunWebcam_after,0.9333333333333333,1.0653414631057019,0.05555555555555555,0.07692307692307693,0.09784733415506192,18,-0.12019477984221179,5,0.09838922861460998,1
mcd,1601_IriunWebcam_before,0.9777777777777777,4.168682920055701,0.05555555555555555,0.05555555555555555,-0.16383699796691314,-5,-0.17297525899123994,4,0.13026363190933327,1
mcd,1609_FullHDwebcam_after,0.9777777777777777,10.06927877874304,0.5555555555555556,0.5555555555555556,-0.40990757924155324,-3,-0.40990757924155324,6,0.3246904489819961,1
mcd,1609_FullHDwebcam_before,0.9777777777777777,7.46001737455404,0.7222222222222222,0.7222222222222222,-0.4560368740247734,6,0.4637001637240282,6,0.4637001637240282,1
mcd,1609_IriunWebcam_after,0.9777777777777777,9.943945451978841,0.0,0.0,0.1796793510176071,12,-0.18886741173003216,2,0.1796793510176071,1
mcd,1609_IriunWebcam_before,0.9777777777777777,7.456751807754131,0.1111111111111111,0.1111111111111111,0.2896579748803257,2,0.2896579748803257,2,0.2896579748803257,1
mcd,1609_USBVideo_after,0.9777777777777777,10.089629993064872,0.2777777777777778,0.2777777777777778,0.15227968021363544,-1,0.15227968021363544,-1,0.15227968021363544,1
mcd,1609_USBVideo_before,0.9777777777777777,7.253804070941559,0.2777777777777778,0.2777777777777778,0.1691859439039101,-22,0.17183186925497454,-22,0.17183186925497454,1
mcd,1610_FullHDwebcam_after,0.9777777777777777,7.522549815700816,0.7222222222222222,0.7222222222222222,-0.49104061294510515,-2,-0.49104061294510515,6,0.4555669064514222,1
mcd,1610_FullHDwebcam_before,0.9777777777777777,5.82140386068015,0.7222222222222222,0.7222222222222222,-0.47265052178829975,-2,-0.47265052178829975,6,0.46841086047400277,1
mcd,1610_IriunWebcam_after,0.9777777777777777,7.608373652810593,0.1111111111111111,0.1111111111111111,0.19789760024785916,21,0.22235680944914207,21,0.22235680944914207,1
mcd,1610_IriunWebcam_before,0.9777777777777777,5.597249037838612,0.05555555555555555,0.05555555555555555,-0.08967410037843977,19,-0.10716047749027756,29,0.10118267926812409,1
mcd,1649_FullHDwebcam_after,0.7555555555555555,3.836511663419593,0.8333333333333334,0.8666666666666667,-0.4244840031780943,5,0.4271919665468148,5,0.4271919665468148,1
mcd,1649_FullHDwebcam_before,0.9777777777777777,4.135808295113929,0.8888888888888888,0.9375,-0.6345088795722311,-3,-0.6345088795722311,-15,0.5669063039188551,1
mcd,1649_IriunWebcam_after,0.7555555555555555,3.930709386343843,0.16666666666666666,0.13333333333333333,0.15124011472516746,-13,0.26398107107034907,-13,0.26398107107034907,1
mcd,1649_IriunWebcam_before,0.9777777777777777,4.264694030905504,0.5,0.5625,0.34935616212383663,3,0.34935616212383663,3,0.34935616212383663,1
mcd,1649_USBVideo_after,0.7555555555555555,4.037782492747489,0.3888888888888889,0.4,0.33904000987731026,-9,-0.3734595929830705,-2,0.33904000987731026,1
mcd,1649_USBVideo_before,0.9777777777777777,4.048570199523862,0.6111111111111112,0.6875,0.3784596837042264,-10,-0.4642803386394045,21,0.4027686228858866,1
mcd,1672_FullHDwebcam_after,0.9777777777777777,7.422364915014024,0.8333333333333334,0.8333333333333334,-0.6701678578878664,-3,-0.6701678578878664,-17,0.5474784211414098,1
mcd,1672_FullHDwebcam_before,0.9777777777777777,7.610626700262485,1.0,1.0,-0.6849628161525858,-2,-0.6849628161525858,10,0.5962017895153255,1
mcd,1672_IriunWebcam_after,0.9777777777777777,7.555005806798917,0.9444444444444444,0.9444444444444444,0.5081164308440802,4,0.5081164308440802,4,0.5081164308440802,1
mcd,1672_IriunWebcam_before,0.9777777777777777,7.498978757341787,0.7222222222222222,0.7222222222222222,0.4747429468377089,-7,-0.5690613932536035,-20,0.507562172819637,1
mcd,1672_USBVideo_after,0.9777777777777777,7.3317215549718755,0.8888888888888888,0.8888888888888888,0.47286369154646685,-15,-0.5103571526097103,-1,0.47286369154646685,1
mcd,1672_USBVideo_before,0.9777777777777777,7.634052363342182,0.3888888888888889,0.3888888888888889,0.42995898672410404,-14,-0.4576730404500294,-1,0.42995898672410404,1
mcd,1715_FullHDwebcam_after,0.7555555555555555,6.904011556293785,0.6666666666666666,0.7333333333333333,-0.5085768712091973,-2,-0.5085768712091973,29,0.45610525235955635,1
mcd,1715_FullHDwebcam_before,0.9777777777777777,7.230568946410106,0.6111111111111112,0.6111111111111112,-0.523897823712657,-3,-0.523897823712657,-15,0.5153161420805813,1
mcd,1715_IriunWebcam_after,0.7555555555555555,6.773064627275498,0.16666666666666666,0.2,0.24086985527597266,26,0.28498969711307065,26,0.28498969711307065,1
mcd,1715_IriunWebcam_before,0.9777777777777777,6.870724818648203,0.4444444444444444,0.4444444444444444,0.27115878153954953,-18,0.3002775145487251,-18,0.3002775145487251,1
mcd,1745_FullHDwebcam_after,0.9777777777777777,8.039512091162669,0.8333333333333334,0.8333333333333334,-0.598972801592539,-3,-0.598972801592539,8,0.5405199263548901,1
mcd,1745_FullHDwebcam_before,0.9777777777777777,8.371791695087602,0.9444444444444444,0.9444444444444444,-0.7115964090700273,-4,-0.7115964090700273,-17,0.6786345040945542,1
mcd,1745_IriunWebcam_after,0.9777777777777777,8.00780018994242,0.2777777777777778,0.2777777777777778,0.18733301494327198,-21,0.19385695143566917,-21,0.19385695143566917,1
mcd,1745_IriunWebcam_before,0.9777777777777777,8.267848796133388,0.4444444444444444,0.4444444444444444,0.26958545840615944,15,-0.30165678528165485,25,0.27694164598162935,1
mcd,1745_USBVideo_before,0.9777777777777777,8.324895212166854,0.6666666666666666,0.6666666666666666,0.3898477157215731,0,0.3898477157215731,0,0.3898477157215731,1
mcd,1749_FullHDwebcam_after,0.9777777777777777,9.034191836101527,0.3333333333333333,0.3333333333333333,-0.3414292267030397,-4,-0.3414292267030397,5,0.2956740335635591,1
mcd,1749_FullHDwebcam_before,0.9777777777777777,4.678165390903295,0.8333333333333334,0.8333333333333334,0.4193017436179269,-19,0.45042975661916745,-19,0.45042975661916745,1
mcd,1749_IriunWebcam_after,0.9777777777777777,9.174059385411471,0.2222222222222222,0.2222222222222222,0.11640036218554546,30,-0.14270483144847526,20,0.1272901330316589,1
mcd,1749_IriunWebcam_before,0.9777777777777777,4.515829826598404,0.16666666666666666,0.16666666666666666,0.10483770098472427,-25,0.13355174055169697,-25,0.13355174055169697,1
mcd,1749_USBVideo_after,0.9777777777777777,9.03823971316367,0.3888888888888889,0.3888888888888889,0.43570777095379226,0,0.43570777095379226,0,0.43570777095379226,1
mcd,1749_USBVideo_before,0.9777777777777777,4.6353524576148395,0.8888888888888888,0.8888888888888888,0.5177863739874614,-11,-0.5397227257493128,0,0.5177863739874614,1
mcd,1760_FullHDwebcam_after,0.9333333333333333,6.711903077139606,0.7777777777777778,0.7647058823529411,-0.3815838698211165,-15,0.4262690196212044,-15,0.4262690196212044,1
mcd,1760_FullHDwebcam_before,0.9777777777777777,5.290246152368584,0.7222222222222222,0.7222222222222222,-0.4720104204249694,-2,-0.4720104204249694,-15,0.39600514731672326,1
mcd,1760_IriunWebcam_after,0.9333333333333333,6.6545810080600525,0.5,0.5294117647058824,0.32029254907468496,3,0.32029254907468496,3,0.32029254907468496,1
mcd,1760_IriunWebcam_before,0.9777777777777777,5.283715465191429,0.3333333333333333,0.3333333333333333,0.29902091368059286,2,0.29902091368059286,2,0.29902091368059286,1
mcd,1760_USBVideo_after,0.9333333333333333,6.760865192939985,0.2222222222222222,0.23529411764705882,0.2609382992369286,22,0.26271661085722364,22,0.26271661085722364,1
mcd,1760_USBVideo_before,0.9777777777777777,5.318478629645166,0.4444444444444444,0.4444444444444444,0.25778248661386105,-10,-0.27553169151382195,-1,0.25778248661386105,1
mcd,1765_FullHDwebcam_after,0.9777777777777777,7.452865560644698,0.7222222222222222,0.7222222222222222,-0.6660290805924354,-3,-0.6660290805924354,13,0.5369229368734098,1
mcd,1765_FullHDwebcam_before,0.9777777777777777,7.939854101626974,0.7777777777777778,0.7777777777777778,-0.6696145213472268,-2,-0.6696145213472268,13,0.5646206113697598,1
mcd,1765_IriunWebcam_after,0.9777777777777777,7.391783188157149,0.7222222222222222,0.7222222222222222,0.37847540312822564,-8,-0.4254199927562132,-26,0.4250241564471716,1
mcd,1765_IriunWebcam_before,0.9777777777777777,8.009292753047953,0.4444444444444444,0.4444444444444444,0.2774042607017507,24,-0.32377024914494545,6,0.30111943497401295,1
mcd,1765_USBVideo_after,0.9777777777777777,7.445485282395287,0.7222222222222222,0.7222222222222222,0.44960077211260674,-13,-0.45881268458765423,2,0.44960077211260674,1
mcd,1765_USBVideo_before,0.9777777777777777,7.862539180329007,0.6666666666666666,0.6666666666666666,0.40565947378119793,18,-0.46728510366158355,2,0.40565947378119793,1
mcd,1785_FullHDwebcam_after,0.9777777777777777,7.119006774117754,1.0,1.0,-0.614049625974872,7,0.6572849153933982,7,0.6572849153933982,1
mcd,1785_FullHDwebcam_before,0.9333333333333333,5.4683130077782,1.0,1.0,-0.5852530725381605,8,0.6196277397029267,8,0.6196277397029267,1
mcd,1785_IriunWebcam_after,0.9777777777777777,6.980847998751559,0.5,0.5,0.2778146557236739,4,0.2778146557236739,4,0.2778146557236739,1
mcd,1785_IriunWebcam_before,0.9333333333333333,5.634463176220416,0.3888888888888889,0.4117647058823529,0.14566516623696465,28,0.18616996848351386,28,0.18616996848351386,1
mcd,1790_FullHDwebcam_after,0.9777777777777777,6.675930194281468,0.8333333333333334,0.8333333333333334,-0.6120454873033481,-1,-0.6120454873033481,7,0.5665012229168556,1
mcd,1790_FullHDwebcam_before,0.8888888888888888,2.8902230533769946,0.6666666666666666,0.7333333333333333,-0.673327698926785,-3,-0.673327698926785,6,0.5545303328696054,1
mcd,1790_IriunWebcam_after,0.9777777777777777,6.556851712595186,0.2222222222222222,0.2222222222222222,0.275242799263777,5,0.29790335274411,5,0.29790335274411,1
mcd,1790_IriunWebcam_before,0.8888888888888888,2.88620535252658,0.3333333333333333,0.4,0.36552974069944677,3,0.36552974069944677,3,0.36552974069944677,1
mcd,1838_FullHDwebcam_after,0.9777777777777777,6.419597374816281,0.7222222222222222,0.7222222222222222,-0.4793172360760612,-2,-0.4793172360760612,21,0.4767394385286261,1
mcd,1838_FullHDwebcam_before,0.8444444444444444,4.619230881805143,0.2777777777777778,0.35714285714285715,-0.23714989033341013,6,0.2802015183617509,6,0.2802015183617509,1
mcd,1838_IriunWebcam_after,0.9777777777777777,6.126271367784529,0.05555555555555555,0.05555555555555555,-0.24313592839130393,-20,-0.29041468892751066,-28,0.26781988638907944,1
mcd,1838_IriunWebcam_before,0.8444444444444444,4.6737076118939145,0.0,0.0,0.1926647675677399,11,-0.2071253189238266,3,0.1926647675677399,1
mcd,1859_FullHDwebcam_after,0.9777777777777777,4.734322541689748,0.4444444444444444,0.4444444444444444,-0.3868708829465208,6,0.39647139380078106,6,0.39647139380078106,1
mcd,1859_FullHDwebcam_before,0.8,2.081514470326737,0.8333333333333334,1.0,-0.6747297636432682,-2,-0.6747297636432682,9,0.577009116770118,1
mcd,1859_IriunWebcam_after,0.9777777777777777,4.682993776960075,0.3333333333333333,0.3333333333333333,0.3270636787313289,1,0.3270636787313289,1,0.3270636787313289,1
mcd,1859_IriunWebcam_before,0.8,2.162692646527696,0.2222222222222222,0.16666666666666666,-0.09631230044364866,-7,-0.1509712724294418,-20,0.10023517198271356,1
mcd,1859_USBVideo_after,0.9777777777777777,4.665798810715802,0.05555555555555555,0.05555555555555555,0.054148116006861695,10,-0.08974435387229102,3,0.054148116006861695,1
mcd,1922_FullHDwebcam_after,0.9777777777777777,5.489504986863301,0.1111111111111111,0.1111111111111111,-0.29979819551222436,6,0.3207573651779333,6,0.3207573651779333,1
mcd,1922_FullHDwebcam_before,0.9777777777777777,5.4972678751309925,0.5,0.5,-0.4803249954317435,6,0.5047425326090467,6,0.5047425326090467,1
mcd,1922_IriunWebcam_after,0.9777777777777777,5.498160054933736,0.05555555555555555,0.05555555555555555,0.0485342252847339,-6,0.08561862936196339,-6,0.08561862936196339,1
mcd,1922_IriunWebcam_before,0.9777777777777777,5.299392293326251,0.16666666666666666,0.16666666666666666,0.0408231735276637,-12,-0.09195384733031325,-20,0.07819276201404664,1
mcd,1922_USBVideo_after,0.9777777777777777,5.449247590627754,0.5555555555555556,0.5555555555555556,0.29168411748535444,-7,-0.327332993021403,-18,0.3206737116616997,1
mcd,1922_USBVideo_before,0.9777777777777777,5.2592826227096285,0.6666666666666666,0.6666666666666666,0.3678514442419497,2,0.3678514442419497,2,0.3678514442419497,1
mcd,1932_FullHDwebcam_after,0.08888888888888889,-1.3614011585520052,0.3333333333333333,0.3333333333333333,-0.2859884046532137,-3,-0.2859884046532137,9,0.16404086232024248,0
mcd,1932_FullHDwebcam_before,0.08888888888888889,-1.7050453313402387,0.3888888888888889,0.3333333333333333,-0.22370299226070284,-17,0.2912239514494907,-17,0.2912239514494907,0
mcd,1932_IriunWebcam_after,0.13333333333333333,-1.381443074216055,0.1111111111111111,0.0,-0.20952899688708754,-6,-0.25776523678341107,-18,0.2109977557006195,0
mcd,1932_IriunWebcam_before,0.08888888888888889,-1.667732456447856,0.4444444444444444,0.3333333333333333,0.26438577230623694,16,-0.2841027434173925,5,0.268516111643804,0
mcd,1932_USBVideo_after,0.13333333333333333,-1.4155561754478694,0.1111111111111111,0.25,0.1327502919938399,-14,-0.2176161360420187,-28,0.1785493320528902,0
mcd,1932_USBVideo_before,0.08888888888888889,-1.716120035316091,0.2777777777777778,0.6666666666666666,0.08013809779673342,-16,-0.14215356692586367,-24,0.08364228125874308,0
mcd,1943_FullHDwebcam_after,0.9777777777777777,9.307101094879442,1.0,1.0,0.7138561718826056,-12,0.7148424081573752,-12,0.7148424081573752,1
mcd,1943_FullHDwebcam_before,0.9777777777777777,8.493200046466301,1.0,1.0,-0.7169395425480478,-4,-0.7169395425480478,6,0.697147975189268,1
mcd,1943_IriunWebcam_after,0.9777777777777777,9.416776468210383,0.0,0.0,0.17167970875529742,-1,0.17167970875529742,-1,0.17167970875529742,1
mcd,1943_IriunWebcam_before,0.9777777777777777,8.463245611253651,0.3333333333333333,0.3333333333333333,0.31813887414255493,-7,-0.35632130468398165,-21,0.32442279149549763,1
mcd,1973_FullHDwebcam_after,0.9777777777777777,7.239202880539304,1.0,1.0,-0.6427921936700396,6,0.6644905299849508,6,0.6644905299849508,1
mcd,1973_FullHDwebcam_before,0.9777777777777777,6.467707669350521,1.0,1.0,-0.7088034723844804,-3,-0.7088034723844804,7,0.6505199555619915,1
mcd,1973_IriunWebcam_after,0.9777777777777777,7.093309815628805,0.2222222222222222,0.2222222222222222,0.2558862347159278,3,0.2558862347159278,3,0.2558862347159278,1
mcd,1973_IriunWebcam_before,0.9777777777777777,6.8226808704356765,0.0,0.0,0.1612004321279261,-30,-0.17574723028463551,2,0.1612004321279261,1
mcd,1981_FullHDwebcam_after,0.9777777777777777,7.586964809707368,0.4444444444444444,0.4444444444444444,-0.39727313700284433,-4,-0.39727313700284433,5,0.3812874779687482,1
mcd,1981_FullHDwebcam_before,0.9777777777777777,8.985737537963416,0.7222222222222222,0.7222222222222222,-0.4874811667131581,-4,-0.4874811667131581,6,0.4580538259611161,1
mcd,1981_IriunWebcam_after,0.9777777777777777,7.430854991785794,0.16666666666666666,0.16666666666666666,0.11395295171151976,-12,-0.13046819088544662,-1,0.11395295171151976,1
mcd,1981_IriunWebcam_before,0.9777777777777777,9.158360626634959,0.0,0.0,0.08357538331787318,23,0.10582706002978351,23,0.10582706002978351,1
mcd,2003_FullHDwebcam_after,0.9777777777777777,8.703384579587064,1.0,1.0,-0.606869006092919,8,0.6746109049873918,8,0.6746109049873918,1
mcd,2003_FullHDwebcam_before,0.9777777777777777,7.129172404530067,1.0,1.0,-0.6870507776415443,-5,-0.6891434605395934,8,0.6258137960884835,1
mcd,2003_IriunWebcam_after,0.9777777777777777,8.845186217205004,0.6111111111111112,0.6111111111111112,0.4505877370854001,5,0.460446689304378,5,0.460446689304378,1
mcd,2003_IriunWebcam_before,0.9777777777777777,7.187038614757155,0.5555555555555556,0.5555555555555556,0.48242449813484634,-26,0.4942225279580794,-26,0.4942225279580794,1
mcd,2022_FullHDwebcam_after,0.9777777777777777,7.006241079512034,0.8333333333333334,0.8333333333333334,-0.5616415353479833,-2,-0.5616415353479833,8,0.5119500045981419,1
mcd,2022_FullHDwebcam_before,0.9777777777777777,7.170172511137075,0.9444444444444444,0.9444444444444444,-0.4797484784863522,-2,-0.4797484784863522,-16,0.4585608477585323,1
mcd,2022_IriunWebcam_after,0.9777777777777777,7.048152193476847,0.3888888888888889,0.3888888888888889,-0.2968141020105287,-6,-0.35452140092555817,-16,0.2982317440526658,1
mcd,2022_IriunWebcam_before,0.9777777777777777,7.082598732873752,0.3333333333333333,0.3333333333333333,0.35592515124463386,-20,0.38231141184689815,-20,0.38231141184689815,1
mcd,2022_USBVideo_after,0.9777777777777777,6.852218171337548,0.3333333333333333,0.3333333333333333,0.33719098596336783,1,0.33719098596336783,1,0.33719098596336783,1
mcd,2022_USBVideo_before,0.9777777777777777,6.965424017625068,0.3888888888888889,0.3888888888888889,0.2703747652385346,-15,-0.3230552371111907,-27,0.28450108300630034,1
mcd,2091_FullHDwebcam_after,0.9777777777777777,2.930493573902966,0.16666666666666666,0.16666666666666666,-0.31311312170133054,-3,-0.31311312170133054,-14,0.25443561404686077,1
mcd,2091_FullHDwebcam_before,0.9777777777777777,7.789078907062846,0.6666666666666666,0.6666666666666666,-0.471557366246037,18,-0.48478316146018957,6,0.47099660142109984,1
mcd,2091_IriunWebcam_after,0.9777777777777777,2.9367716017151633,0.16666666666666666,0.16666666666666666,0.11379316312228288,-30,-0.22062275762698563,-16,0.2146050341784296,1
mcd,2091_IriunWebcam_before,0.9777777777777777,7.613856476383285,0.2777777777777778,0.2777777777777778,0.1391543627691817,-23,0.17378746135372797,-23,0.17378746135372797,1
mcd,2091_USBVideo_after,0.9777777777777777,3.1307484672280044,0.05555555555555555,0.05555555555555555,0.1569485844152355,13,-0.19721606597539096,5,0.15703894136553012,1
mcd,2110_FullHDwebcam_after,0.9777777777777777,7.557214332518192,0.5,0.5,-0.3487474790770256,-16,0.3703607007496858,-16,0.3703607007496858,1
mcd,2110_FullHDwebcam_before,0.9777777777777777,7.6218289802338965,0.4444444444444444,0.4444444444444444,-0.3626462990377549,-1,-0.3626462990377549,-17,0.2870695699521538,1
mcd,2110_IriunWebcam_after,0.9777777777777777,7.791535119059627,0.6111111111111112,0.6111111111111112,0.43364839449767234,-8,-0.4788730200261473,-21,0.4479638153184917,1
mcd,2110_IriunWebcam_before,0.9777777777777777,7.702692317080988,0.3888888888888889,0.3888888888888889,0.29841647232729884,-7,-0.3875978959327527,7,0.35343299309941895,1
mcd,2110_USBVideo_after,0.9777777777777777,7.6203525018738345,0.6111111111111112,0.6111111111111112,0.3793721317396692,12,-0.40447770901096736,26,0.3867702501720588,1
mcd,2110_USBVideo_before,0.9777777777777777,7.64440733040622,0.2777777777777778,0.2777777777777778,0.30998703479394946,1,0.30998703479394946,1,0.30998703479394946,1
mcd,2120_FullHDwebcam_after,0.3111111111111111,0.6735086020746464,0.2222222222222222,0.14285714285714285,-0.24697571872157797,8,0.2659372356570048,8,0.2659372356570048,0
mcd,2120_FullHDwebcam_before,0.9777777777777777,6.554738121872888,0.7777777777777778,0.7777777777777778,-0.49605809830980657,-3,-0.49605809830980657,-16,0.43767670345766047,1
mcd,2120_IriunWebcam_after,0.3111111111111111,0.5039013455239552,0.16666666666666666,0.14285714285714285,0.10752883283807024,3,0.10752883283807024,3,0.10752883283807024,0
mcd,2120_IriunWebcam_before,0.9777777777777777,6.593614237509652,0.4444444444444444,0.4444444444444444,-0.26042954771122206,-5,-0.27979302919434024,6,0.23450148786001054,1
mcd,2120_USBVideo_after,0.3111111111111111,0.6794634912846045,0.05555555555555555,0.14285714285714285,0.11768997645416814,-21,0.270980932600471,-21,0.270980932600471,0
mcd,2120_USBVideo_before,0.9777777777777777,6.623345539764637,0.7777777777777778,0.7777777777777778,0.4354285988047077,26,0.47734089045616107,26,0.47734089045616107,1
mcd,2147_FullHDwebcam_after,0.9777777777777777,3.4711686015289347,0.8888888888888888,0.9285714285714286,-0.614834965599889,-2,-0.614834965599889,7,0.556563666137897,1
mcd,2147_FullHDwebcam_before,0.9333333333333333,5.213594858613673,0.8888888888888888,0.9411764705882353,-0.7367771866648047,-2,-0.7367771866648047,8,0.540354856721724,1
mcd,2147_IriunWebcam_after,0.9777777777777777,3.5041509272102846,0.5,0.5,0.3149060101656885,-6,-0.31871403145159355,3,0.3149060101656885,1
mcd,2147_IriunWebcam_before,0.9333333333333333,5.240210959001603,0.7777777777777778,0.8235294117647058,0.46743349352495606,-7,-0.5332369415400193,4,0.46743349352495606,1
mcd,2147_USBVideo_after,0.9777777777777777,3.628997271121074,0.3333333333333333,0.35714285714285715,0.3612336277393185,-2,0.3612336277393185,-2,0.3612336277393185,1
mcd,2147_USBVideo_before,0.9333333333333333,5.40877093357213,0.6111111111111112,0.6470588235294118,0.4738726548735609,-14,-0.4794099524148947,-2,0.4738726548735609,1
mcd,2149_FullHDwebcam_after,0.9777777777777777,4.977492620275551,0.6666666666666666,0.6666666666666666,-0.5019759474015868,6,0.5735166599776064,6,0.5735166599776064,1
mcd,2149_FullHDwebcam_before,0.9777777777777777,5.6193629119900415,0.9444444444444444,0.9444444444444444,-0.5315249419728768,-21,0.5902906455940536,-21,0.5902906455940536,1
mcd,2149_IriunWebcam_after,0.9777777777777777,5.078670978436854,0.5,0.5,-0.054765274778265885,-13,0.11665806549339063,-13,0.11665806549339063,1
mcd,2149_IriunWebcam_before,0.9777777777777777,5.6077107580663945,0.2777777777777778,0.2777777777777778,-0.027680527408770077,-20,0.09037495693640146,-20,0.09037495693640146,1
mcd,2153_FullHDwebcam_after,0.9777777777777777,9.343344332045495,0.5555555555555556,0.5555555555555556,-0.3834396057299749,-3,-0.3834396057299749,-15,0.3709033279251517,1
mcd,2153_FullHDwebcam_before,0.9777777777777777,9.891788078230697,0.5555555555555556,0.5555555555555556,0.3962760812544246,-18,0.4132974471938682,-18,0.4132974471938682,1
mcd,2153_IriunWebcam_after,0.9777777777777777,9.275375717058605,0.0,0.0,-0.05406634058341682,11,0.11441807167246193,11,0.11441807167246193,1
mcd,2153_IriunWebcam_before,0.9777777777777777,9.831273102875366,0.16666666666666666,0.16666666666666666,0.03860585526358677,30,-0.0938241586753704,23,0.0905275835097853,1
mcd,2153_USBVideo_after,0.9777777777777777,9.2863149256967,0.5555555555555556,0.5555555555555556,0.5055758960922296,2,0.5055758960922296,2,0.5055758960922296,1
mcd,2153_USBVideo_before,0.9777777777777777,9.864208890761734,0.5,0.5,0.2874301731743111,0,0.2874301731743111,0,0.2874301731743111,1
mcd,2161_FullHDwebcam_after,0.9777777777777777,6.895039849670896,0.2777777777777778,0.2777777777777778,0.343862550035554,4,0.343862550035554,4,0.343862550035554,1
mcd,2161_FullHDwebcam_before,0.9777777777777777,8.101653360051834,0.8333333333333334,0.8333333333333334,-0.5441910771615344,5,0.5637454088309665,5,0.5637454088309665,1
mcd,2161_IriunWebcam_after,0.9777777777777777,6.697111509575194,0.0,0.0,0.07026748537260415,30,0.07182076543617087,30,0.07182076543617087,1
mcd,2161_IriunWebcam_before,0.9777777777777777,8.085781717418827,0.2222222222222222,0.2222222222222222,0.1808427350955293,-8,-0.23717019714498647,24,0.19064465527117694,1
mcd,2161_USBVideo_after,0.9777777777777777,6.939295323346391,0.2777777777777778,0.2777777777777778,0.3197057521917486,-1,0.3197057521917486,-1,0.3197057521917486,1
mcd,2161_USBVideo_before,0.9777777777777777,8.054535974002448,0.5555555555555556,0.5555555555555556,0.5106948352305906,-21,0.5164108855367915,-21,0.5164108855367915,1
mcd,2183_FullHDwebcam_after,0.9777777777777777,8.27558685121378,1.0,1.0,-0.7353303519053229,-2,-0.7353303519053229,10,0.700679590527846,1
mcd,2183_FullHDwebcam_before,0.9777777777777777,9.595223941789898,1.0,1.0,-0.734476953514372,-3,-0.734476953514372,-15,0.6320482117740533,1
mcd,2183_IriunWebcam_after,0.9777777777777777,8.107128627909484,0.7777777777777778,0.7777777777777778,0.4169307889216513,-21,0.43658657249738075,-21,0.43658657249738075,1
mcd,2183_IriunWebcam_before,0.9777777777777777,9.624208760626487,0.8888888888888888,0.8888888888888888,0.5164880015658531,-7,-0.5758024930060837,4,0.5164880015658531,1
mcd,2183_USBVideo_after,0.9777777777777777,8.04889308065583,0.7222222222222222,0.7222222222222222,0.4448450667727213,-13,-0.47326669074134786,-26,0.44653446999639995,1
mcd,2183_USBVideo_before,0.9777777777777777,9.52814609881738,0.6666666666666666,0.6666666666666666,0.5478930298938423,0,0.5478930298938423,0,0.5478930298938423,1
mcd,2187_FullHDwebcam_after,0.9777777777777777,8.515914360611706,0.7222222222222222,0.7647058823529411,-0.5383060391191672,-2,-0.5383060391191672,6,0.5118526216450319,1
mcd,2187_FullHDwebcam_before,0.9333333333333333,5.284400334286261,0.5555555555555556,0.5882352941176471,-0.4994044702218226,-2,-0.4994044702218226,7,0.39558955309119764,1
mcd,2187_IriunWebcam_after,0.9777777777777777,8.501990300413755,0.05555555555555555,0.058823529411764705,0.2646532632152215,-6,-0.27341116831407675,1,0.2646532632152215,1
mcd,2187_IriunWebcam_before,0.9333333333333333,5.505001537231863,0.3333333333333333,0.35294117647058826,0.3779913043927723,1,0.3779913043927723,1,0.3779913043927723,1
mcd,2187_USBVideo_after,0.9777777777777777,8.870914670589315,0.2222222222222222,0.23529411764705882,0.25667607055969466,-4,0.25667607055969466,-4,0.25667607055969466,1
mcd,2187_USBVideo_before,0.9333333333333333,5.474447247570441,0.05555555555555555,0.058823529411764705,0.22869060566175742,-15,-0.2681458951047372,-24,0.24443329475438197,1
mcd,2194_FullHDwebcam_after,0.9777777777777777,10.065091211466868,0.8888888888888888,0.8888888888888888,-0.6523896164314659,-3,-0.6523896164314659,7,0.6386588252121367,1
mcd,2194_FullHDwebcam_before,0.9777777777777777,10.369818560498242,0.9444444444444444,0.9444444444444444,-0.6510104912425002,-2,-0.6510104912425002,8,0.5771078502131237,1
mcd,2194_IriunWebcam_after,0.9777777777777777,10.013019968099442,0.2777777777777778,0.2777777777777778,0.3215557902052925,2,0.3215557902052925,2,0.3215557902052925,1
mcd,2194_IriunWebcam_before,0.9777777777777777,10.495591564593724,0.6666666666666666,0.6666666666666666,0.3227293032690361,5,0.3232638873149632,5,0.3232638873149632,1
mcd,2194_USBVideo_after,0.9777777777777777,9.953929452826054,0.5,0.5,0.3433956855147051,-13,-0.38912297983648714,-24,0.3597525443644728,1
mcd,2194_USBVideo_before,0.9777777777777777,10.387297820044328,0.16666666666666666,0.16666666666666666,0.3317035796072809,21,0.352652126194383,21,0.352652126194383,1
mcd,2221_FullHDwebcam_after,0.9777777777777777,7.423400810376042,0.7777777777777778,0.7777777777777778,-0.5812850320609961,-3,-0.5812850320609961,7,0.5100463619268389,1
mcd,2221_FullHDwebcam_before,0.9777777777777777,7.7716412936724515,0.7222222222222222,0.7222222222222222,-0.4472736463948812,-5,-0.45715272003303586,6,0.430373740423883,1
mcd,2221_IriunWebcam_after,0.9777777777777777,7.499934942469947,0.0,0.0,0.024222167904549143,-29,0.08009738349632244,-29,0.08009738349632244,1
mcd,2221_IriunWebcam_before,0.9777777777777777,7.828722876547042,0.1111111111111111,0.1111111111111111,0.07431534199779073,30,0.12467503951991771,30,0.12467503951991771,1
mcd,2233_FullHDwebcam_after,0.9777777777777777,6.139001011513437,0.3333333333333333,0.3333333333333333,-0.2693075676949913,6,0.2914937136510719,6,0.2914937136510719,1
mcd,2233_FullHDwebcam_before,0.9777777777777777,4.241944134419239,0.5555555555555556,0.5,-0.3838745951980984,-3,-0.3838745951980984,6,0.3274526129568277,1
mcd,2233_IriunWebcam_after,0.9777777777777777,6.265647017143873,0.1111111111111111,0.1111111111111111,-0.12248524512664032,-29,0.15841721578267098,-29,0.15841721578267098,1
mcd,2233_IriunWebcam_before,0.9777777777777777,4.087247983371024,0.05555555555555555,0.0625,0.036749474348085176,-30,0.06901085234173834,-30,0.06901085234173834,1
mcd,2233_USBVideo_after,0.9777777777777777,6.239089573931413,0.05555555555555555,0.05555555555555555,0.2370148194000097,11,-0.24912660530279343,2,0.2370148194000097,1
mcd,2233_USBVideo_before,0.9777777777777777,4.103630845589427,0.16666666666666666,0.1875,0.05728103852438779,30,0.07652829303178295,30,0.07652829303178295,1
mcd,2242_FullHDwebcam_after,0.9777777777777777,8.458555793872193,0.6111111111111112,0.6111111111111112,-0.4822115697603624,-1,-0.4822115697603624,6,0.4024611116029282,1
mcd,2242_FullHDwebcam_before,0.9777777777777777,9.072747977456716,1.0,1.0,-0.5079235583311928,-16,0.5389668254420541,-16,0.5389668254420541,1
mcd,2242_IriunWebcam_after,0.9777777777777777,8.59874895924045,0.4444444444444444,0.4444444444444444,0.26721207585535844,22,0.2737209190447966,22,0.2737209190447966,1
mcd,2242_IriunWebcam_before,0.9777777777777777,9.200179683324464,0.4444444444444444,0.4444444444444444,0.32835383424610987,-20,0.3361737261336134,-20,0.3361737261336134,1
mcd,2242_USBVideo_after,0.9777777777777777,8.49094629995464,0.2777777777777778,0.2777777777777778,0.25914053418347166,-2,0.25914053418347166,-2,0.25914053418347166,1
mcd,2242_USBVideo_before,0.9777777777777777,9.187542202538706,0.0,0.0,0.1090872766186165,-16,-0.1111238294590192,-2,0.1090872766186165,1
mcd,2245_FullHDwebcam_after,0.9777777777777777,9.593397069945413,0.5555555555555556,0.5555555555555556,-0.31859607842777427,-3,-0.31859607842777427,5,0.29498372318408606,1
mcd,2245_FullHDwebcam_before,0.7555555555555555,5.832436045025853,0.3333333333333333,0.4,-0.2490979682366152,-3,-0.2490979682366152,5,0.2410667190632293,1
mcd,2245_IriunWebcam_before,0.7555555555555555,5.772926966281714,0.1111111111111111,0.13333333333333333,0.09638337029091147,-27,-0.14912409664189905,3,0.09638337029091147,1
mcd,2246_FullHDwebcam_after,0.9777777777777777,11.579439306526595,0.3333333333333333,0.3333333333333333,-0.3081548919109223,-2,-0.3081548919109223,8,0.24213921549814713,1
mcd,2246_FullHDwebcam_before,0.9777777777777777,11.121083512396812,1.0,1.0,-0.636501473192082,-23,-0.639143019720986,8,0.5916351060709497,1
mcd,2246_IriunWebcam_before,0.9777777777777777,11.035461771288244,0.0,0.0,0.27060347497304776,-29,-0.2936315820890633,25,0.2854807276974124,1
mcd,2246_USBVideo_after,0.9777777777777777,11.561986846867399,0.3333333333333333,0.3333333333333333,0.2745818537916317,-24,0.30052481753691135,-24,0.30052481753691135,1
mcd,2246_USBVideo_before,0.9777777777777777,11.136216753287385,0.4444444444444444,0.4444444444444444,0.31167224585838216,12,-0.32667960171943194,0,0.31167224585838216,1
mcd,2247_FullHDwebcam_after,0.9777777777777777,5.761748735482349,0.5,0.5,0.35996193172250623,-8,-0.3743122136855326,5,0.3660329885574261,1
mcd,2247_FullHDwebcam_before,0.9777777777777777,7.624304492414826,0.8333333333333334,0.8333333333333334,-0.4586897911794605,20,-0.5275963661361013,6,0.5007713297838986,1
mcd,2247_IriunWebcam_after,0.9777777777777777,6.026441407798444,0.16666666666666666,0.16666666666666666,0.21271416195948514,-13,-0.2300246773559015,-24,0.22290605711962103,1
mcd,2247_IriunWebcam_before,0.9777777777777777,7.6179940767207786,0.16666666666666666,0.16666666666666666,0.18489558581266674,-10,-0.21101398282991568,1,0.18489558581266674,1
mcd,2247_USBVideo_after,0.9777777777777777,5.787817430363214,0.5555555555555556,0.5555555555555556,0.4229753184171442,-1,0.4229753184171442,-1,0.4229753184171442,1
mcd,2247_USBVideo_before,0.9777777777777777,7.515709523733452,0.5,0.5,0.3622647062266274,-27,0.3748600267728737,-27,0.3748600267728737,1
mcd,2253_FullHDwebcam_after,0.8,2.678191348983078,0.7222222222222222,0.7142857142857143,-0.4137741676457204,-2,-0.4137741676457204,-14,0.3668181229323828,1
mcd,2253_FullHDwebcam_before,0.6222222222222222,2.2556859117210943,0.16666666666666666,0.08333333333333333,-0.2583314666627629,-4,-0.2583314666627629,-15,0.2358953467024123,1
mcd,2253_IriunWebcam_after,0.7555555555555555,2.7374078569074114,0.2222222222222222,0.23076923076923078,0.17859409388646635,2,0.17859409388646635,2,0.17859409388646635,1
mcd,2253_IriunWebcam_before,0.6222222222222222,2.4701189387359737,0.16666666666666666,0.08333333333333333,-0.0999821229842009,30,-0.14084586085840609,-13,0.10622926422457511,1
mcd,2253_USBVideo_after,0.7555555555555555,2.800520628105016,0.3333333333333333,0.23076923076923078,0.26252336439835433,13,-0.275967162469056,1,0.26252336439835433,1
mcd,2284_FullHDwebcam_after,0.9777777777777777,8.710345875357314,0.05555555555555555,0.05555555555555555,0.3049280061832391,3,0.3049280061832391,3,0.3049280061832391,1
mcd,2284_FullHDwebcam_before,0.9777777777777777,9.573673886342478,0.5555555555555556,0.5555555555555556,-0.3657347894243101,26,0.4124436128246015,26,0.4124436128246015,1
mcd,2284_IriunWebcam_after,0.9777777777777777,8.637081641739218,0.16666666666666666,0.16666666666666666,0.1630276851101343,13,-0.21719818010455869,2,0.1630276851101343,1
mcd,2284_IriunWebcam_before,0.9777777777777777,9.567461590619448,0.05555555555555555,0.05555555555555555,0.27351599768234613,-16,0.2789110791633926,-16,0.2789110791633926,1
mcd,2284_USBVideo_after,0.9777777777777777,8.546258871383642,0.0,0.0,0.08393912054818048,-24,0.12889480241284598,-24,0.12889480241284598,1
mcd,2285_FullHDwebcam_after,0.9777777777777777,6.722675545456511,1.0,1.0,-0.6690953832247225,-4,-0.6690953832247225,6,0.586222604699378,1
mcd,2285_FullHDwebcam_before,0.9777777777777777,4.146401475583058,0.7222222222222222,0.7058823529411765,-0.43489110840358386,-6,-0.49129060326480384,5,0.4306792000390222,1
mcd,2285_IriunWebcam_after,0.9777777777777777,6.611404425689589,0.05555555555555555,0.058823529411764705,0.08376276997180115,-29,-0.157908778038957,25,0.10798384241209065,1
mcd,2285_IriunWebcam_before,0.9777777777777777,4.388253880769903,0.16666666666666666,0.16666666666666666,0.1577763428107262,-8,-0.2002842906579504,-23,0.1794695803455919,1
mcd,2291_FullHDwebcam_after,0.9777777777777777,8.429508221061234,0.8333333333333334,0.8333333333333334,0.5344135627284491,5,0.5650888954627492,5,0.5650888954627492,1
mcd,2291_FullHDwebcam_before,0.9777777777777777,7.344699623454666,0.8333333333333334,0.875,-0.6100916476978526,-5,-0.6431381128885769,5,0.6356621761436319,1
mcd,2291_IriunWebcam_after,0.9777777777777777,8.487977931145547,0.16666666666666666,0.16666666666666666,0.08664712936758694,20,0.12958603514982156,20,0.12958603514982156,1
mcd,2291_IriunWebcam_before,0.9777777777777777,7.241902582408141,0.1111111111111111,0.0625,0.20380622773646886,-25,0.21578463756734154,-25,0.21578463756734154,1
mcd,2323_FullHDwebcam_after,0.9777777777777777,7.878831633971411,0.2777777777777778,0.2777777777777778,-0.25293564890959785,-2,-0.25293564890959785,27,0.16922663405180052,1
mcd,2323_FullHDwebcam_before,0.9333333333333333,6.897827671608662,0.3888888888888889,0.4375,-0.2984875580586736,-4,-0.2984875580586736,8,0.2651689726239569,1
mcd,2323_IriunWebcam_after,0.9777777777777777,7.772284395369976,0.0,0.0,0.06405206351217779,-29,-0.1483923225223469,30,0.12236154570337825,1
mcd,2323_IriunWebcam_before,0.9333333333333333,6.723847971133006,0.2222222222222222,0.25,0.17359219282217928,3,0.17359219282217928,3,0.17359219282217928,1
mcd,2323_USBVideo_after,0.9777777777777777,7.9550154319727975,0.2222222222222222,0.2222222222222222,0.11987733528976245,27,-0.1652606349638513,18,0.1502343234114305,1
mcd,2323_USBVideo_before,0.9333333333333333,6.779426788936851,0.05555555555555555,0.0625,0.1741290086681027,19,0.17951884442647217,19,0.17951884442647217,1
mcd,2339_FullHDwebcam_after,0.9777777777777777,5.0663253621253155,0.9444444444444444,0.9444444444444444,-0.5129149537036399,6,0.554891096677675,6,0.554891096677675,1
mcd,2339_FullHDwebcam_before,0.9777777777777777,8.023502198011307,0.6666666666666666,0.6666666666666666,0.5103281640310858,4,0.5103281640310858,4,0.5103281640310858,1
mcd,2339_IriunWebcam_after,0.9777777777777777,4.929676643169439,0.0,0.0,0.09352267923563068,22,0.11591029957739934,22,0.11591029957739934,1
mcd,2375_FullHDwebcam_after,0.9777777777777777,6.2207140425211795,0.8333333333333334,0.8333333333333334,-0.6111615917088231,-1,-0.6111615917088231,-14,0.4734213135913395,1
mcd,2375_FullHDwebcam_before,0.9777777777777777,8.099023993560365,1.0,1.0,-0.7427642589593021,-2,-0.7427642589593021,8,0.5675207048251684,1
mcd,2375_IriunWebcam_after,0.9777777777777777,6.158179760958132,0.2777777777777778,0.2777777777777778,0.4067022810129542,4,0.4067022810129542,4,0.4067022810129542,1
mcd,2375_IriunWebcam_before,0.9777777777777777,8.270521164533069,0.2222222222222222,0.2222222222222222,0.17747697219841974,-6,-0.20555797864255684,3,0.17747697219841974,1
mcd,2375_USBVideo_after,0.9777777777777777,6.17626437551948,0.4444444444444444,0.4444444444444444,0.2953957446633116,-10,-0.34458225986887725,-22,0.3147351512899693,1
mcd,2375_USBVideo_before,0.9777777777777777,8.203624138324933,0.1111111111111111,0.1111111111111111,0.16568460505408752,-23,0.2070886298559561,-23,0.2070886298559561,1
mcd,2414_FullHDwebcam_after,0.9777777777777777,5.465006118385929,1.0,1.0,-0.6684004054519646,-3,-0.6684004054519646,-16,0.5759324574291173,1
mcd,2414_FullHDwebcam_before,0.9777777777777777,4.469254436542163,1.0,1.0,-0.6125634223670772,-2,-0.6125634223670772,-14,0.5102797057505435,1
mcd,2414_IriunWebcam_after,0.9777777777777777,5.4390571178336815,0.3333333333333333,0.35294117647058826,0.17593919632633329,5,0.17780912730968276,5,0.17780912730968276,1
mcd,2414_IriunWebcam_before,0.9777777777777777,3.421544057977254,0.16666666666666666,0.16666666666666666,-0.019896692694877666,-9,0.13040679152298457,-9,0.13040679152298457,1
mcd,2439_FullHDwebcam_after,0.9777777777777777,7.566110498672024,0.9444444444444444,0.9444444444444444,-0.6261638581531109,-2,-0.6261638581531109,7,0.567379524293879,1
mcd,2439_FullHDwebcam_before,0.9777777777777777,4.024509436654628,0.7777777777777778,0.75,-0.6012459764059405,-2,-0.6012459764059405,7,0.5346061491513048,1
mcd,2439_IriunWebcam_after,0.9777777777777777,7.29624225314865,0.2777777777777778,0.2777777777777778,0.3789008845189049,2,0.3789008845189049,2,0.3789008845189049,1
mcd,2439_IriunWebcam_before,0.9777777777777777,3.9060945995806966,0.16666666666666666,0.1875,0.22276902722917213,-7,-0.3062218705933078,3,0.22276902722917213,1
mcd,2439_USBVideo_after,0.9777777777777777,7.641595474511778,0.1111111111111111,0.1111111111111111,0.14723309200479454,-30,-0.23715076623563455,-21,0.21257561891992716,1
mcd,2439_USBVideo_before,0.9777777777777777,4.08124581245797,0.05555555555555555,0.0625,-0.1848772594176225,-16,-0.19864427731830223,17,0.1647693096113376,1
mcd,2445_FullHDwebcam_after,0.9777777777777777,8.775627171958766,0.5555555555555556,0.5555555555555556,-0.3430685302127614,-14,0.38278450534278763,-14,0.38278450534278763,1
mcd,2445_FullHDwebcam_before,0.8444444444444444,2.9084485736636267,0.8888888888888888,0.9333333333333333,-0.40014173376579937,20,-0.40131161618196043,-16,0.39392082501294645,1
mcd,2445_IriunWebcam_after,0.9777777777777777,8.718624292971194,0.1111111111111111,0.1111111111111111,0.11746481633088286,19,-0.169716430508168,7,0.15473839160646247,1
mcd,2445_IriunWebcam_before,0.8444444444444444,2.778941809502461,0.05555555555555555,0.06666666666666667,0.19380010602102543,-21,0.22004774716381106,-21,0.22004774716381106,1
mcd,2446_FullHDwebcam_after,0.35555555555555557,-0.3930771031357718,0.3333333333333333,0.5714285714285714,-0.35728714415019974,-2,-0.35728714415019974,8,0.3175574773064989,0
mcd,2446_FullHDwebcam_before,0.9333333333333333,3.221324981401675,0.3333333333333333,0.3333333333333333,-0.4562010969666866,-2,-0.4562010969666866,8,0.3754253433071824,1
mcd,2446_IriunWebcam_after,0.35555555555555557,-0.3899334532066282,0.2777777777777778,0.14285714285714285,-0.07517925452683814,-28,-0.09661784425820497,20,0.06092698079267856,0
mcd,2446_IriunWebcam_before,0.7555555555555555,3.4222407885942805,0.4444444444444444,0.42857142857142855,-0.29153828521302483,-6,-0.35400562022493504,7,0.3075892724884897,1
mcd,2446_USBVideo_after,0.35555555555555557,-0.33977290884572503,0.3333333333333333,0.5714285714285714,0.131506147875929,-23,0.20458224705427885,-23,0.20458224705427885,0
mcd,2446_USBVideo_before,0.7555555555555555,3.353959085383638,0.3888888888888889,0.42857142857142855,0.2110906779863685,0,0.2110906779863685,0,0.2110906779863685,1
mcd,2459_FullHDwebcam_after,0.8444444444444444,3.8637340557722344,0.7777777777777778,0.8,-0.4637977647531592,7,0.5024982790177509,7,0.5024982790177509,1
mcd,2459_FullHDwebcam_before,0.9333333333333333,6.563376370196257,0.7777777777777778,0.7647058823529411,-0.6313503548775705,-2,-0.6313503548775705,8,0.5438125518791327,1
mcd,2459_IriunWebcam_after,0.8444444444444444,3.720750303784736,0.16666666666666666,0.2,0.18050631756469798,23,0.2007659956144669,23,0.2007659956144669,1
mcd,2459_IriunWebcam_before,0.9333333333333333,6.443072637696668,0.3333333333333333,0.35294117647058826,-0.33566902288901795,-5,-0.3498556644603094,-15,0.3465119608203419,1
mcd,2462_FullHDwebcam_after,0.8444444444444444,8.500226844885036,0.7777777777777778,0.75,-0.517683368929596,-1,-0.517683368929596,-10,0.4925217009497147,1
mcd,2462_FullHDwebcam_before,0.9777777777777777,9.225679252830787,0.6111111111111112,0.6111111111111112,-0.422541206921428,-1,-0.422541206921428,27,0.4150133183175497,1
mcd,2462_IriunWebcam_after,0.8444444444444444,8.503473191073493,0.05555555555555555,0.0625,-0.3268888715761368,-4,-0.3268888715761368,5,0.32531613872649123,1
mcd,2462_IriunWebcam_before,0.9777777777777777,9.266812330305948,0.2777777777777778,0.2777777777777778,0.3245423007666485,-6,-0.3595156494681731,3,0.3245423007666485,1
mcd,2462_USBVideo_after,0.8444444444444444,8.583701056443484,0.0,0.0,0.30187503218317197,1,0.30187503218317197,1,0.30187503218317197,1
mcd,2462_USBVideo_before,0.9777777777777777,9.214260763410834,0.2222222222222222,0.2222222222222222,0.2326334272546138,-17,0.2727549679606166,-17,0.2727549679606166,1
mcd,2463_FullHDwebcam_after,0.9777777777777777,6.563655626903056,0.2777777777777778,0.3125,-0.23534630339501758,-1,-0.23534630339501758,-13,0.20749723258135905,1
mcd,2463_FullHDwebcam_before,0.9777777777777777,10.591478265848352,0.5,0.5,-0.3379533477612594,-2,-0.3379533477612594,7,0.3211002156336656,1
mcd,2463_IriunWebcam_after,0.9777777777777777,6.576791152658255,0.05555555555555555,0.058823529411764705,0.12658928564829824,-8,-0.13618317932684262,3,0.12658928564829824,1
mcd,2463_IriunWebcam_before,0.9777777777777777,10.494209026799588,0.0,0.0,0.16512281615272728,-26,-0.17347184053003237,-17,0.1679253737934717,1
mcd,2463_USBVideo_after,0.9777777777777777,6.699194910319969,0.05555555555555555,0.058823529411764705,0.12599103179405785,-22,0.16864897969691142,-22,0.16864897969691142,1
mcd,2463_USBVideo_before,0.9777777777777777,10.570702626404398,0.3888888888888889,0.3888888888888889,0.21068070017433288,-23,0.21643152905342555,-23,0.21643152905342555,1
mcd,2508_FullHDwebcam_after,0.9777777777777777,7.109023824136234,0.3333333333333333,0.375,-0.3225474485008001,24,-0.3361132745879656,7,0.3015275327348067,1
mcd,2508_FullHDwebcam_before,0.9777777777777777,7.100384968206933,0.8888888888888888,0.8888888888888888,-0.5747570719960651,-2,-0.5747570719960651,12,0.5045969196499284,1
mcd,2508_IriunWebcam_after,0.9777777777777777,7.189593201463727,0.5,0.5625,-0.25223637318317943,21,-0.3498677985290429,8,0.27613614114217694,1
mcd,2508_IriunWebcam_before,0.9777777777777777,7.176975331246847,0.7777777777777778,0.7777777777777778,0.46200677401161744,6,0.49501346990453166,6,0.49501346990453166,1
mcd,2508_USBVideo_after,0.9777777777777777,7.175625686477499,0.5555555555555556,0.5625,0.38170246171873173,-27,0.39627348522590194,-27,0.39627348522590194,1
mcd,2527_FullHDwebcam_after,0.9777777777777777,9.983486881086309,0.8333333333333334,0.8333333333333334,-0.4600358991428937,6,0.48795205788941215,6,0.48795205788941215,1
mcd,2527_FullHDwebcam_before,0.9777777777777777,7.389988389741104,0.6111111111111112,0.6111111111111112,-0.37648152892901515,-2,-0.37648152892901515,7,0.37057646847186215,1
mcd,2527_IriunWebcam_after,0.9777777777777777,9.655889405274953,0.0,0.0,-0.045691098369754615,-26,-0.09372310493880041,21,0.05351973861597685,1
mcd,2527_IriunWebcam_before,0.9777777777777777,7.061335847324273,0.05555555555555555,0.05555555555555555,0.13189552032601481,-21,0.15969616185218724,-21,0.15969616185218724,1
mcd,2527_USBVideo_before,0.9777777777777777,7.526112258512841,0.16666666666666666,0.16666666666666666,0.2274671832961965,-2,0.2274671832961965,-2,0.2274671832961965,1
mcd,2558_FullHDwebcam_after,0.9777777777777777,8.0709482305424,0.5555555555555556,0.5555555555555556,0.40795648845503063,4,0.40795648845503063,4,0.40795648845503063,1
mcd,2558_FullHDwebcam_before,0.9777777777777777,10.544125200094125,0.6666666666666666,0.6666666666666666,0.5025868011855964,4,0.5025868011855964,4,0.5025868011855964,1
mcd,2558_IriunWebcam_after,0.9777777777777777,7.950847241939897,0.05555555555555555,0.05555555555555555,0.09347862764587173,1,0.09347862764587173,1,0.09347862764587173,1
mcd,2558_IriunWebcam_before,0.9777777777777777,10.489274054935981,0.0,0.0,-0.16405808166627675,-5,-0.18136740800109907,3,0.15583600133889167,1
mcd,2619_FullHDwebcam_after,0.9777777777777777,7.565600763786731,0.9444444444444444,1.0,-0.6367457177672088,-2,-0.6367457177672088,-14,0.5314965944045797,1
mcd,2619_FullHDwebcam_before,0.9333333333333333,2.5296255315020195,0.8333333333333334,0.8666666666666667,-0.41923840166130516,-5,-0.4533770724093885,8,0.3261137109007102,1
mcd,2619_IriunWebcam_after,0.9777777777777777,7.605082535356373,0.0,0.0,0.13392247162255796,22,0.1639781819330128,22,0.1639781819330128,1
mcd,2619_IriunWebcam_before,0.8,2.2615601762926167,0.5,0.5714285714285714,0.25507005578415226,3,0.25507005578415226,3,0.25507005578415226,1
mcd,2625_FullHDwebcam_after,0.9777777777777777,7.968212779994165,0.8888888888888888,0.9375,-0.6556347357770629,-2,-0.6556347357770629,7,0.6421374673705718,1
mcd,2625_FullHDwebcam_before,0.9777777777777777,4.767702798023954,0.7777777777777778,0.8235294117647058,-0.7002919367407394,-2,-0.7002919367407394,-14,0.5860542550259653,1
mcd,2625_IriunWebcam_after,0.9777777777777777,7.894953323868696,0.7222222222222222,0.8125,0.4698140139843753,-8,-0.543657694963975,2,0.4698140139843753,1
mcd,2625_IriunWebcam_before,0.9777777777777777,4.6838117435336395,0.7222222222222222,0.7647058823529411,0.40472791966006977,3,0.40472791966006977,3,0.40472791966006977,1
mcd,2625_USBVideo_after,0.9777777777777777,7.887376137370674,0.5,0.5,0.3522267469129957,9,-0.3940511518525945,-2,0.3522267469129957,1
mcd,2625_USBVideo_before,0.9777777777777777,4.461464120390385,0.3888888888888889,0.4117647058823529,0.3625024910260373,-13,-0.39877233450765875,-3,0.3625024910260373,1
mcd,2638_FullHDwebcam_after,0.9777777777777777,8.45170304475085,0.8333333333333334,0.8333333333333334,-0.41146867594637515,6,0.5120696259515708,6,0.5120696259515708,1
mcd,2638_FullHDwebcam_before,0.9777777777777777,5.905383161611993,0.9444444444444444,0.9444444444444444,-0.4399985231325002,7,0.4829303573418019,7,0.4829303573418019,1
mcd,2638_IriunWebcam_after,0.9777777777777777,8.449242453621657,0.2777777777777778,0.2777777777777778,0.29889588137254053,2,0.29889588137254053,2,0.29889588137254053,1
mcd,2638_IriunWebcam_before,0.9777777777777777,5.646452416207607,0.3888888888888889,0.3888888888888889,0.28019263091783114,-6,-0.32991257882941355,3,0.28019263091783114,1
mcd,2638_USBVideo_after,0.9777777777777777,8.450422113019675,0.4444444444444444,0.4444444444444444,0.3120012970541202,-23,0.32480603157385174,-23,0.32480603157385174,1
mcd,2638_USBVideo_before,0.9777777777777777,5.5695151228221125,0.5,0.5,0.22494866381469789,-24,0.2278663526482812,-24,0.2278663526482812,1
mcd,2646_FullHDwebcam_after,0.9777777777777777,9.899810324526872,0.8888888888888888,0.8888888888888888,-0.5336959550305574,-13,0.550759687931258,-13,0.550759687931258,1
mcd,2646_FullHDwebcam_before,0.9777777777777777,9.401429792853722,0.8333333333333334,0.8333333333333334,0.46177824323983724,-17,0.5072248830738271,-17,0.5072248830738271,1
mcd,2646_IriunWebcam_after,0.9777777777777777,9.750904352063811,0.2777777777777778,0.2777777777777778,0.1748751302234171,9,-0.2093289266285593,0,0.1748751302234171,1
mcd,2646_IriunWebcam_before,0.9777777777777777,9.263343800612521,0.3333333333333333,0.3333333333333333,-0.10461717990562018,-28,-0.20248954023508306,-16,0.1317454858942709,1
mcd,2646_USBVideo_after,0.9777777777777777,9.947745285443654,0.1111111111111111,0.1111111111111111,0.3184909729305197,-1,0.3184909729305197,-1,0.3184909729305197,1
mcd,2646_USBVideo_before,0.9777777777777777,9.502940938471458,0.5,0.5,0.4626759272584449,-1,0.4626759272584449,-1,0.4626759272584449,1
mcd,2651_FullHDwebcam_after,0.9777777777777777,6.649167964163249,0.5555555555555556,0.5555555555555556,-0.4684391821242523,5,0.47594504418111727,5,0.47594504418111727,1
mcd,2651_FullHDwebcam_before,0.9777777777777777,5.7397887959900995,0.4444444444444444,0.4444444444444444,-0.3126755152332669,-2,-0.3126755152332669,5,0.2896201792468272,1
mcd,2651_IriunWebcam_after,0.9777777777777777,6.4721213854117305,0.0,0.0,0.2355575354042961,23,-0.268342544898376,30,0.24121050653315756,1
mcd,2651_IriunWebcam_before,0.9777777777777777,5.369881757540656,0.0,0.0,0.09045730670018609,-17,0.1508535561589373,-17,0.1508535561589373,1
mcd,2659_FullHDwebcam_after,0.9777777777777777,8.448179635477764,0.7777777777777778,0.7777777777777778,-0.4423510859325914,6,0.4590343181951008,6,0.4590343181951008,1
mcd,2659_FullHDwebcam_before,0.9777777777777777,8.27958892088585,0.2222222222222222,0.2222222222222222,0.29111847458982537,-5,-0.31732625300319256,4,0.29111847458982537,1
mcd,2659_IriunWebcam_after,0.9777777777777777,8.326327483650907,0.16666666666666666,0.16666666666666666,0.17014391618343655,13,-0.18808769191961688,23,0.18424751897766098,1
mcd,2659_IriunWebcam_before,0.9777777777777777,8.201494243569154,0.1111111111111111,0.1111111111111111,0.2411208232885202,2,0.2411208232885202,2,0.2411208232885202,1
mcd,2672_FullHDwebcam_after,0.9777777777777777,1.5378603678645555,0.8333333333333334,0.8235294117647058,-0.7230569456923234,-2,-0.7230569456923234,9,0.6338465278370266,1
mcd,2672_FullHDwebcam_before,0.9777777777777777,3.942222701340535,1.0,1.0,-0.8013741836306435,-3,-0.8013741836306435,10,0.6914732550889685,1
mcd,2672_IriunWebcam_after,0.9777777777777777,1.3306781921650477,0.0,0.0,0.149857329853774,-10,-0.20852771875328416,-22,0.18466392154309424,1
mcd,2672_IriunWebcam_before,0.9777777777777777,3.853886213888107,0.2222222222222222,0.2222222222222222,0.2707186758709556,-8,-0.3317253839799953,5,0.27996456420685234,1
mcd,2676_FullHDwebcam_after,0.9777777777777777,6.799356673794183,0.3888888888888889,0.3888888888888889,-0.3376898505204569,0,-0.3376898505204569,9,0.30490491639894185,1
mcd,2676_FullHDwebcam_before,0.9777777777777777,6.746042485959589,0.4444444444444444,0.4444444444444444,-0.29900346265437966,22,-0.31893718178315006,8,0.3138217079610857,1
mcd,2676_IriunWebcam_after,0.9777777777777777,6.66237246786715,0.6666666666666666,0.6666666666666666,-0.23151971525276088,-30,-0.34132420716085443,30,0.2767635263691455,1
mcd,2676_IriunWebcam_before,0.9777777777777777,6.80804600087005,0.8333333333333334,0.8333333333333334,-0.3666026955318593,-19,0.3918192499961118,-19,0.3918192499961118,1
mcd,2676_USBVideo_after,0.9777777777777777,6.6904317751797455,0.3333333333333333,0.3333333333333333,0.20624025175274155,14,-0.23195959552404874,-1,0.20624025175274155,1
mcd,2676_USBVideo_before,0.9777777777777777,6.800533350873092,0.3888888888888889,0.3888888888888889,0.17882298288157092,29,0.21313204758550186,29,0.21313204758550186,1
mcd,2704_FullHDwebcam_after,0.9777777777777777,8.359684390104338,0.8888888888888888,0.8888888888888888,-0.49655840876880747,5,0.49911964065364417,5,0.49911964065364417,1
mcd,2704_FullHDwebcam_before,0.9777777777777777,5.731550813553859,0.3888888888888889,0.3888888888888889,-0.3515686198969059,-5,-0.3773946225478445,26,0.34269596481799774,1
mcd,2704_IriunWebcam_after,0.9777777777777777,8.234145442179324,0.05555555555555555,0.05555555555555555,0.06156339257675526,-1,0.06156339257675526,-1,0.06156339257675526,1
mcd,2704_IriunWebcam_before,0.9777777777777777,6.07794510354103,0.1111111111111111,0.1111111111111111,0.2741058495136284,-7,-0.315348275437562,2,0.2741058495136284,1
mcd,2732_FullHDwebcam_after,0.9777777777777777,4.331903951222565,0.4444444444444444,0.47058823529411764,0.2782343870281336,-18,0.34666278185829885,-18,0.34666278185829885,1
mcd,2732_FullHDwebcam_before,0.9777777777777777,5.909765071777688,0.6666666666666666,0.6666666666666666,-0.456662664717639,-4,-0.456662664717639,-19,0.4121535300872695,1
mcd,2732_IriunWebcam_after,0.9777777777777777,4.324670301401649,0.1111111111111111,0.058823529411764705,0.17044541208245023,-27,0.2035678364587983,-27,0.2035678364587983,1
mcd,2732_IriunWebcam_before,0.9777777777777777,6.226062037373817,0.5,0.5,0.2897690852151573,13,-0.3002495981917588,2,0.2897690852151573,1
mcd,2732_USBVideo_after,0.9777777777777777,4.254845199997731,0.5,0.5294117647058824,0.401102883913485,-8,-0.40294208027929984,3,0.401102883913485,1
mcd,2732_USBVideo_before,0.9777777777777777,5.928676134556046,0.5,0.5,0.3549425157193671,-11,-0.37216667755737265,-23,0.3620576135836873,1
mcd,2751_FullHDwebcam_after,0.9777777777777777,5.976371285130957,0.8333333333333334,1.0,-0.5920474222320589,-3,-0.5920474222320589,8,0.5086234428914278,1
mcd,2751_FullHDwebcam_before,0.9777777777777777,7.964626921594072,0.6111111111111112,0.5882352941176471,0.4163523894401634,-18,0.42726184926555383,-18,0.42726184926555383,1
mcd,2751_IriunWebcam_after,0.9777777777777777,5.914693063941832,0.1111111111111111,0.13333333333333333,0.05122285930901668,-27,-0.0758120452454686,-13,0.05727316642000698,1
mcd,2751_IriunWebcam_before,0.9777777777777777,7.828743022697749,0.3333333333333333,0.35294117647058826,0.2435674324603057,2,0.2435674324603057,2,0.2435674324603057,1
mcd,2755_FullHDwebcam_after,0.9777777777777777,8.923436001254222,1.0,1.0,-0.7739663911829459,-2,-0.7739663911829459,-15,0.6412028788410525,1
mcd,2755_FullHDwebcam_before,0.9777777777777777,6.6203871837299575,1.0,1.0,-0.6923980159986494,-1,-0.6923980159986494,-14,0.5727028282188737,1
mcd,2755_IriunWebcam_after,0.9777777777777777,8.970596106400746,0.6666666666666666,0.6666666666666666,0.4392060367163326,4,0.4392060367163326,4,0.4392060367163326,1
mcd,2755_IriunWebcam_before,0.9777777777777777,6.693257487519961,0.3888888888888889,0.4375,-0.18473237768534645,-28,-0.26545475390505774,-17,0.2113106685303747,1
mcd,2755_USBVideo_after,0.9777777777777777,8.890567106861264,0.6666666666666666,0.6666666666666666,0.48724527818472363,1,0.48724527818472363,1,0.48724527818472363,1
mcd,2755_USBVideo_before,0.9777777777777777,6.752683976889018,0.8888888888888888,0.8823529411764706,0.39367751899883585,1,0.39367751899883585,1,0.39367751899883585,1
mcd,2778_FullHDwebcam_after,0.9333333333333333,6.98453808973711,0.6111111111111112,0.625,-0.3999038183829513,6,0.4323061247349965,6,0.4323061247349965,1
mcd,2778_FullHDwebcam_before,0.7555555555555555,2.516158806631152,0.3888888888888889,0.42857142857142855,-0.3646282958881513,-4,-0.3646282958881513,-14,0.3307919059010342,1
mcd,2778_IriunWebcam_after,0.9333333333333333,7.190939614394413,0.2222222222222222,0.25,0.16057500250087287,-26,-0.24508440160292277,-15,0.20607736341576227,1
mcd,2778_IriunWebcam_before,0.7555555555555555,2.75869219355841,0.3333333333333333,0.35714285714285715,-0.16147826960078665,-5,-0.16826227944540398,-15,0.1677538246911681,1
mcd,2778_USBVideo_after,0.9777777777777777,7.092823437271759,0.0,0.0,0.29498072812030746,1,0.29498072812030746,1,0.29498072812030746,1
mcd,2778_USBVideo_before,0.7555555555555555,2.534563992430353,0.6666666666666666,0.6923076923076923,0.4304854195064067,1,0.4304854195064067,1,0.4304854195064067,1
mcd,2801_FullHDwebcam_after,0.9777777777777777,8.51309927047871,0.7777777777777778,0.7777777777777778,-0.5753157982552537,-3,-0.5753157982552537,9,0.5000496150642059,1
mcd,2801_FullHDwebcam_before,0.9333333333333333,7.026541490053473,0.6111111111111112,0.5882352941176471,-0.4418734775159498,-3,-0.4418734775159498,-17,0.3773616153219688,1
mcd,2801_IriunWebcam_after,0.9777777777777777,8.559939331544133,0.2222222222222222,0.2222222222222222,0.25494010133223144,-9,-0.28877120039790194,2,0.25494010133223144,1
mcd,2801_IriunWebcam_before,0.9333333333333333,6.963497034981311,0.2222222222222222,0.23529411764705882,0.1667067927087851,-30,-0.1818655404324899,5,0.17823954063750813,1
mcd,2801_USBVideo_after,0.9777777777777777,8.628227773480369,0.7222222222222222,0.7222222222222222,0.49807897293305475,0,0.49807897293305475,0,0.49807897293305475,1
mcd,2801_USBVideo_before,0.9333333333333333,6.965309581150843,0.3333333333333333,0.35294117647058826,0.2746759463792395,-12,-0.293388397313175,-2,0.2746759463792395,1
mcd,2802_FullHDwebcam_after,0.9777777777777777,4.881902410875177,0.9444444444444444,0.9411764705882353,-0.6544568821141474,-3,-0.6544568821141474,7,0.6223471784512149,1
mcd,2802_FullHDwebcam_before,0.8444444444444444,3.0165567080341646,0.5555555555555556,0.5333333333333333,-0.5924754292599518,-4,-0.5924754292599518,6,0.5711089805922026,1
mcd,2802_IriunWebcam_after,0.9777777777777777,4.930281276242759,0.3333333333333333,0.35294117647058826,0.27466871813424015,4,0.27466871813424015,4,0.27466871813424015,1
mcd,2802_IriunWebcam_before,0.8444444444444444,3.225281571543463,0.7222222222222222,0.8,0.425059518062175,-8,-0.45748104372864845,4,0.425059518062175,1
mcd,2802_USBVideo_after,0.9777777777777777,4.957871195373015,0.1111111111111111,0.11764705882352941,0.2847597478443225,1,0.2847597478443225,1,0.2847597478443225,1
mcd,2802_USBVideo_before,0.8444444444444444,3.0455842870209695,0.7777777777777778,0.8666666666666667,0.43502706673821395,-2,0.43502706673821395,-2,0.43502706673821395,1
mcd,2818_FullHDwebcam_after,0.7555555555555555,3.004734234378005,1.0,1.0,-0.7517764695796143,0,-0.7517764695796143,-11,0.5665466610793958,1
mcd,2818_FullHDwebcam_before,0.9777777777777777,6.714428946498102,0.7777777777777778,0.7777777777777778,-0.586219176231563,-1,-0.586219176231563,8,0.5562145986720758,1
mcd,2818_IriunWebcam_after,0.9333333333333333,2.6688787887640766,0.5555555555555556,0.6428571428571429,-0.48947798917573326,-4,-0.48947798917573326,6,0.4398376073656117,1
mcd,2818_IriunWebcam_before,0.9777777777777777,6.713937178153928,0.4444444444444444,0.4444444444444444,0.3452066176519845,4,0.3452066176519845,4,0.3452066176519845,1
mcd,2818_USBVideo_after,0.7555555555555555,2.7817516040691106,0.6666666666666666,0.7692307692307693,0.4087858093846081,-9,-0.429603885234439,1,0.4087858093846081,1
mcd,2818_USBVideo_before,0.9777777777777777,7.02927136638645,0.3333333333333333,0.3333333333333333,0.34964532604526866,-1,0.34964532604526866,-1,0.34964532604526866,1
mcd,2823_FullHDwebcam_after,0.9777777777777777,4.664536184319189,0.0,0.0,-0.14945017593307414,-10,0.17367463027076271,-10,0.17367463027076271,1
mcd,2823_FullHDwebcam_before,0.8888888888888888,1.3946934003383662,0.2222222222222222,0.2857142857142857,-0.21308251434287825,-13,0.24836007142577748,-13,0.24836007142577748,1
mcd,2823_IriunWebcam_after,0.9777777777777777,4.4618892578378775,0.05555555555555555,0.05555555555555555,0.08938953567857778,-20,-0.10781115127055178,-27,0.10019748783034578,1
mcd,2823_IriunWebcam_before,0.8888888888888888,1.3959394926868511,0.05555555555555555,0.07142857142857142,0.1544757367098659,1,0.1544757367098659,1,0.1544757367098659,1
mcd,2823_USBVideo_after,0.9777777777777777,4.524331626411525,0.16666666666666666,0.16666666666666666,0.16949602068738467,28,0.19593079185393217,28,0.19593079185393217,1
mcd,2823_USBVideo_before,0.8888888888888888,1.4279304535469182,0.0,0.0,0.13069051635448578,-20,0.184351471793973,-20,0.184351471793973,1
mcd,2842_FullHDwebcam_after,0.9777777777777777,8.260118781642412,0.6666666666666666,0.6666666666666666,0.5219236916179032,5,0.5270974976656622,5,0.5270974976656622,1
mcd,2842_FullHDwebcam_before,0.9777777777777777,5.245936757765019,0.8888888888888888,0.9375,-0.5408130840065942,-4,-0.5408130840065942,5,0.4894433088966807,1
mcd,2842_IriunWebcam_after,0.9777777777777777,8.134302609830037,0.0,0.0,-0.1298367281201141,-24,-0.18153411462895122,22,0.11661352202985116,1
mcd,2842_IriunWebcam_before,0.9777777777777777,5.436083821192048,0.0,0.0,0.14706664976382974,-19,0.1543730434543138,-19,0.1543730434543138,1
mcd,2842_USBVideo_after,0.9777777777777777,8.25930747058877,0.6111111111111112,0.6111111111111112,0.35508977599578334,-20,0.4150994482680348,-20,0.4150994482680348,1
mcd,2842_USBVideo_before,0.9777777777777777,5.300049575531023,0.2777777777777778,0.3125,0.302168716246679,-11,-0.3790332308212279,-20,0.3632542896848172,1
mcd,2851_FullHDwebcam_after,0.9333333333333333,1.6020100433348308,1.0,1.0,-0.7972820395716783,-1,-0.7972820395716783,-14,0.6735435899973344,1
mcd,2851_FullHDwebcam_before,0.9333333333333333,4.490614451416398,1.0,1.0,-0.7789014725675911,0,-0.7789014725675911,-13,0.6310866339167125,1
mcd,2851_IriunWebcam_after,0.9333333333333333,1.661373923789059,0.7777777777777778,0.8666666666666667,0.5436522175935224,4,0.5436522175935224,4,0.5436522175935224,1
mcd,2851_IriunWebcam_before,0.9333333333333333,4.540513683840296,0.3333333333333333,0.42857142857142855,0.44435121297019986,5,0.4711995045723849,5,0.4711995045723849,1
mcd,2851_USBVideo_after,0.9333333333333333,1.7056198202080073,0.7222222222222222,0.8,0.5154703485419664,-12,-0.5857377651849032,1,0.5154703485419664,1
mcd,2851_USBVideo_before,0.9333333333333333,4.528214279553341,0.6111111111111112,0.7857142857142857,0.42122190041087115,0,0.42122190041087115,0,0.42122190041087115,1
mcd,2852_FullHDwebcam_after,0.9777777777777777,4.838809884329805,0.8888888888888888,0.8823529411764706,-0.5856481924082938,-5,-0.5907348026773219,7,0.5170842748405962,1
mcd,2852_FullHDwebcam_before,0.9777777777777777,5.733726117731992,1.0,1.0,-0.7355445361198398,-4,-0.7355445361198398,9,0.6572467455487884,1
mcd,2857_FullHDwebcam_after,0.9777777777777777,7.782550662094781,0.9444444444444444,0.9444444444444444,-0.5947110565029285,-3,-0.5947110565029285,-14,0.5633631579687766,1
mcd,2857_FullHDwebcam_before,0.9777777777777777,6.980284261763302,1.0,1.0,-0.6035210874969891,-18,0.6529415444790742,-18,0.6529415444790742,1
mcd,2857_IriunWebcam_after,0.9777777777777777,7.883059043045117,0.16666666666666666,0.16666666666666666,0.26550834911036153,-18,0.3004685721224016,-18,0.3004685721224016,1
mcd,2857_IriunWebcam_before,0.9777777777777777,7.182566401201848,0.4444444444444444,0.47058823529411764,0.3429672292037951,4,0.3429672292037951,4,0.3429672292037951,1
mcd,2874_FullHDwebcam_after,0.9777777777777777,9.268400161772227,0.8888888888888888,0.8888888888888888,-0.5392643873725744,-2,-0.5392643873725744,8,0.5224260281778261,1
mcd,2874_FullHDwebcam_before,0.9777777777777777,7.233131956903488,0.8333333333333334,0.8333333333333334,-0.6093835011809039,-2,-0.6093835011809039,8,0.510753904048608,1
mcd,2874_IriunWebcam_after,0.9777777777777777,9.008570688176189,0.6666666666666666,0.6666666666666666,0.3940242402517734,17,-0.43086961016004444,4,0.3940242402517734,1
mcd,2874_IriunWebcam_before,0.9777777777777777,7.214088007787398,0.6111111111111112,0.6111111111111112,0.39438060286657034,4,0.39438060286657034,4,0.39438060286657034,1
mcd,2874_USBVideo_after,0.9777777777777777,9.42194277978071,0.16666666666666666,0.16666666666666666,0.28928887290789695,-3,0.28928887290789695,-3,0.28928887290789695,1
mcd,2874_USBVideo_before,0.9777777777777777,7.1166345866732375,0.16666666666666666,0.16666666666666666,0.23327834367860958,-1,0.23327834367860958,-1,0.23327834367860958,1
mcd,2875_FullHDwebcam_after,0.9777777777777777,7.270585344199863,0.1111111111111111,0.1111111111111111,-0.14123757068791445,6,0.1692557359868302,6,0.1692557359868302,1
mcd,2875_FullHDwebcam_before,0.9777777777777777,3.8009135899503868,0.0,0.0,-0.10005139576832929,-1,-0.10005139576832929,7,0.07359138442452598,1
mcd,2875_IriunWebcam_after,0.9777777777777777,7.088993419953076,0.2222222222222222,0.2222222222222222,0.19404705503532516,3,0.19404705503532516,3,0.19404705503532516,1
mcd,2875_IriunWebcam_before,0.9777777777777777,3.4555308342105544,0.05555555555555555,0.058823529411764705,-0.05669631886441868,30,-0.06795680340022218,5,0.06453358114020542,1
mcd,2895_FullHDwebcam_after,0.9777777777777777,4.56707187649349,0.2222222222222222,0.23529411764705882,-0.2866759181389638,-2,-0.2866759181389638,-14,0.25221421208134354,1
mcd,2895_FullHDwebcam_before,0.9777777777777777,4.599467100767479,0.6666666666666666,0.7058823529411765,-0.4229141645687009,21,-0.4367177405395704,10,0.37567666006537515,1
mcd,2895_IriunWebcam_after,0.9777777777777777,4.453375353669459,0.16666666666666666,0.17647058823529413,-0.2697965623205908,-6,-0.3183354383578367,5,0.26314267442373873,1
mcd,2895_IriunWebcam_before,0.9777777777777777,4.447583416858463,0.1111111111111111,0.11764705882352941,0.2441532768010643,4,0.2441532768010643,4,0.2441532768010643,1
mcd,2895_USBVideo_after,0.9777777777777777,4.515151164039667,0.3333333333333333,0.29411764705882354,0.2801478562357558,-1,0.2801478562357558,-1,0.2801478562357558,1
mcd,2895_USBVideo_before,0.9777777777777777,4.454244901020822,0.05555555555555555,0.0625,0.198557107662713,27,0.2172795625330578,27,0.2172795625330578,1
mcd,2907_FullHDwebcam_after,0.9777777777777777,9.843888864467054,1.0,1.0,-0.7415190071440795,-1,-0.7415190071440795,9,0.6349023848040218,1
mcd,2907_FullHDwebcam_before,0.9777777777777777,9.170038458868468,1.0,1.0,-0.7592858725613265,-1,-0.7592858725613265,9,0.723791665273562,1
mcd,2907_IriunWebcam_after,0.9777777777777777,9.94236145782276,0.4444444444444444,0.4444444444444444,0.4041167758410813,-6,-0.4381873496926094,-17,0.4202720141000071,1
mcd,2907_IriunWebcam_before,0.9777777777777777,9.386725500608643,0.8888888888888888,0.8888888888888888,0.5659890913037688,-8,-0.5835764705732068,4,0.5659890913037688,1
mcd,2907_USBVideo_after,0.9777777777777777,9.810494061617682,0.3888888888888889,0.3888888888888889,0.3904662873464709,0,0.3904662873464709,0,0.3904662873464709,1
mcd,2907_USBVideo_before,0.9777777777777777,9.289781664883712,0.6666666666666666,0.6666666666666666,0.35005573513127947,0,0.35005573513127947,0,0.35005573513127947,1
mcd,2916_FullHDwebcam_before,0.9777777777777777,5.246002853109902,0.05555555555555555,0.058823529411764705,0.2058773529670298,6,0.2733213365600983,6,0.2733213365600983,1
mcd,2916_IriunWebcam_after,0.8888888888888888,5.984555049188913,0.05555555555555555,0.0,0.023697786193057815,23,0.12306857600452334,23,0.12306857600452334,1
mcd,2916_IriunWebcam_before,0.9777777777777777,5.163187663593911,0.2222222222222222,0.23529411764705882,0.0926867354663536,-9,-0.13758016696042052,-17,0.12856383695320187,1
mcd,2928_FullHDwebcam_after,0.9777777777777777,6.8152571337062975,0.8888888888888888,0.8888888888888888,-0.644806308687922,-3,-0.644806308687922,6,0.6337629580059276,1
mcd,2928_FullHDwebcam_before,0.8444444444444444,5.538357334091596,0.8333333333333334,0.8666666666666667,-0.6292645864511919,-3,-0.6292645864511919,-16,0.5900730514880695,1
mcd,2928_IriunWebcam_after,0.9777777777777777,6.767859499661084,0.5,0.5294117647058824,0.46312861116255905,3,0.46312861116255905,3,0.46312861116255905,1
mcd,2928_IriunWebcam_before,0.8444444444444444,5.531607140532429,0.5,0.5333333333333333,-0.42487261150107253,-5,-0.44553785870140555,6,0.44434744944728805,1
mcd,2928_USBVideo_after,0.9777777777777777,6.853680624035587,0.16666666666666666,0.16666666666666666,0.1479114492993757,-26,0.15518565591276842,-26,0.15518565591276842,1
mcd,2928_USBVideo_before,0.8444444444444444,5.4220588056961425,0.6666666666666666,0.7333333333333333,0.5048790283784836,1,0.5048790283784836,1,0.5048790283784836,1
mcd,2948_FullHDwebcam_after,0.9777777777777777,7.120960665215291,0.6111111111111112,0.6111111111111112,-0.4582012440677151,5,0.475030573263696,5,0.475030573263696,1
mcd,2948_FullHDwebcam_before,0.9333333333333333,6.9483543894747495,0.8888888888888888,0.8823529411764706,0.4353318700090192,4,0.4353318700090192,4,0.4353318700090192,1
mcd,2948_IriunWebcam_after,0.9777777777777777,7.393669896068937,0.05555555555555555,0.05555555555555555,0.20183587953705528,2,0.20183587953705528,2,0.20183587953705528,1
mcd,2948_IriunWebcam_before,0.9333333333333333,6.81580440034632,0.0,0.0,0.036684055559170814,30,-0.057380938161149836,-1,0.036684055559170814,1
mcd,2962_FullHDwebcam_after,0.9777777777777777,6.1186681989158185,0.6666666666666666,0.7058823529411765,-0.360044125441891,0,-0.360044125441891,7,0.34923276218236116,1
mcd,2962_FullHDwebcam_before,0.9777777777777777,6.738662157988675,0.7777777777777778,0.7777777777777778,-0.3568155520310818,-14,0.40534271948586686,-14,0.40534271948586686,1
mcd,2962_IriunWebcam_after,0.9777777777777777,6.188779658943902,0.1111111111111111,0.11764705882352941,0.0621330814948165,-17,0.11972328524506617,-17,0.11972328524506617,1
mcd,2962_IriunWebcam_before,0.9777777777777777,7.0477578694167065,0.3888888888888889,0.3888888888888889,0.31012892891672655,-19,0.3112344675123956,-19,0.3112344675123956,1
mcd,2962_USBVideo_after,0.9777777777777777,6.015188348378549,0.1111111111111111,0.11764705882352941,0.1746407721642951,14,-0.18959983334827313,1,0.1746407721642951,1
mcd,2962_USBVideo_before,0.9777777777777777,6.999300640298625,0.0,0.0,0.18644902233163416,-25,0.2252094738591743,-25,0.2252094738591743,1
mcd,2964_FullHDwebcam_after,0.9333333333333333,6.013792430534773,0.9444444444444444,1.0,-0.703280762032203,-3,-0.703280762032203,8,0.577884323426553,1
mcd,2964_FullHDwebcam_before,0.9777777777777777,6.633068924266958,0.8333333333333334,0.8333333333333334,-0.5874925118993144,-5,-0.5934411018565047,8,0.5796316927193254,1
mcd,2964_IriunWebcam_after,0.9333333333333333,5.915043008428844,0.6111111111111112,0.6470588235294118,0.4446981942403277,-26,0.4504014064249455,-26,0.4504014064249455,1
mcd,2964_IriunWebcam_before,0.9777777777777777,6.81679825575968,0.6111111111111112,0.6111111111111112,0.4992348339601122,2,0.4992348339601122,2,0.4992348339601122,1
mcd,2964_USBVideo_after,0.9333333333333333,5.768130642791672,0.5555555555555556,0.5882352941176471,0.3333248802820732,15,-0.3579905092932285,-1,0.3333248802820732,1
mcd,2964_USBVideo_before,0.9777777777777777,6.7293537086091995,0.4444444444444444,0.4444444444444444,0.2971887566560289,-16,-0.30068785667124737,1,0.2971887566560289,1
mcd,2967_FullHDwebcam_after,0.9777777777777777,6.66357879852798,0.8333333333333334,0.8333333333333334,-0.5102144240468003,-4,-0.5102144240468003,8,0.4740109762667712,1
mcd,2967_FullHDwebcam_before,0.9777777777777777,7.723488294978182,0.9444444444444444,0.9444444444444444,-0.6409675787533223,-4,-0.6409675787533223,-18,0.55370183805298,1
mcd,2967_IriunWebcam_after,0.9777777777777777,6.674668987764701,0.4444444444444444,0.4444444444444444,0.3431390297614427,3,0.3431390297614427,3,0.3431390297614427,1
mcd,2967_IriunWebcam_before,0.9777777777777777,7.660172264658897,0.3888888888888889,0.3888888888888889,0.3076566864904582,30,0.33987403813779227,30,0.33987403813779227,1
mcd,2967_USBVideo_after,0.9777777777777777,6.584426491461473,0.5555555555555556,0.5555555555555556,0.3478443861390177,-2,0.3478443861390177,-2,0.3478443861390177,1
mcd,2967_USBVideo_before,0.9777777777777777,7.592172006259323,0.2222222222222222,0.2222222222222222,0.2328154211056326,-2,0.2328154211056326,-2,0.2328154211056326,1
mcd,2968_FullHDwebcam_after,0.9777777777777777,9.925186943318074,0.0,0.0,0.18320731833264617,-17,0.19973231003668224,-17,0.19973231003668224,1
mcd,2968_FullHDwebcam_before,0.9777777777777777,9.570773451132492,0.4444444444444444,0.4444444444444444,0.2903797519299673,25,0.3247579202346922,25,0.3247579202346922,1
mcd,2968_IriunWebcam_after,0.9777777777777777,9.931620447512564,0.05555555555555555,0.05555555555555555,-0.11790958730033656,16,-0.13403038301221865,24,0.12292930470300528,1
mcd,2968_IriunWebcam_before,0.9777777777777777,9.412593543325428,0.2777777777777778,0.2777777777777778,0.11285149950401904,30,-0.12674601100325797,3,0.11285149950401904,1
mcd,2968_USBVideo_after,0.9777777777777777,9.841770729853344,0.2222222222222222,0.2222222222222222,0.36440233420490353,3,0.36440233420490353,3,0.36440233420490353,1
mcd,2968_USBVideo_before,0.9777777777777777,9.654944711379766,0.5,0.5,0.3594388019880808,1,0.3594388019880808,1,0.3594388019880808,1
mcd,3000_FullHDwebcam_after,0.8444444444444444,4.729694972885609,0.9444444444444444,1.0,-0.5978489435093082,-2,-0.5978489435093082,7,0.5533290872513553,1
mcd,3000_FullHDwebcam_before,0.7555555555555555,1.4779484913355767,0.7777777777777778,0.8461538461538461,-0.3347010460978184,-25,-0.3661279048023522,-15,0.35262649247362066,1
mcd,3000_IriunWebcam_after,0.8444444444444444,4.874604037862186,0.1111111111111111,0.13333333333333333,-0.12154486454068333,-4,-0.12154486454068333,-13,0.10936441786540084,1
mcd,3000_IriunWebcam_before,0.7555555555555555,1.5244457498620805,0.3333333333333333,0.38461538461538464,0.25970292246385285,15,-0.2837635432422103,3,0.25970292246385285,1
mcd,3006_FullHDwebcam_after,0.9777777777777777,4.408702072833152,0.16666666666666666,0.1875,0.35431317187101197,4,0.35431317187101197,4,0.35431317187101197,1
mcd,3006_FullHDwebcam_before,0.9777777777777777,5.560522968119605,1.0,1.0,0.468691401465594,21,-0.5441978163238016,6,0.5147288218515551,1
mcd,3006_IriunWebcam_after,0.9777777777777777,4.459795195830276,0.3333333333333333,0.3125,0.1920727999312074,13,-0.2608628026675136,1,0.1920727999312074,1
mcd,3006_IriunWebcam_before,0.9777777777777777,5.4515071599543194,0.3888888888888889,0.3888888888888889,0.11692867692913667,-24,0.13014697503302078,-24,0.13014697503302078,1
mcd,3006_USBVideo_after,0.9777777777777777,4.242651964716604,0.5555555555555556,0.5625,0.4081618444957684,12,-0.4304546384035611,-1,0.4081618444957684,1
mcd,3006_USBVideo_before,0.9777777777777777,5.507794583830552,0.8888888888888888,0.8888888888888888,0.43121730873526865,14,-0.46178512763469154,-27,0.4325551737859175,1
mcd,3016_FullHDwebcam_after,0.9777777777777777,8.059194679045355,0.9444444444444444,0.9444444444444444,-0.6699654217246791,-3,-0.6699654217246791,6,0.6578920643374362,1
mcd,3016_FullHDwebcam_before,0.9777777777777777,6.015959644037095,1.0,1.0,-0.7142646331136212,-3,-0.7142646331136212,6,0.6699838317809326,1
mcd,3016_IriunWebcam_after,0.9777777777777777,7.950773576086886,0.05555555555555555,0.05555555555555555,0.1275412338085876,18,0.15085514717106532,18,0.15085514717106532,1
mcd,3016_IriunWebcam_before,0.9777777777777777,6.341153963478785,0.05555555555555555,0.05555555555555555,0.1582136793239396,1,0.1582136793239396,1,0.1582136793239396,1
mcd,3059_FullHDwebcam_after,0.9777777777777777,3.188464227714414,0.6111111111111112,0.6428571428571429,-0.45489202324960526,6,0.4623916607273446,6,0.4623916607273446,1
mcd,3059_FullHDwebcam_before,0.5777777777777777,3.468853574824409,0.3888888888888889,0.6363636363636364,-0.39881711804653464,-4,-0.39881711804653464,7,0.37715985575935024,1
mcd,3059_IriunWebcam_after,0.9777777777777777,3.0426582572676826,0.6111111111111112,0.6428571428571429,0.47239690320881905,1,0.47239690320881905,1,0.47239690320881905,1
mcd,3059_IriunWebcam_before,0.5777777777777777,3.607279078473537,0.5,0.45454545454545453,0.3890361633377918,3,0.3890361633377918,3,0.3890361633377918,1
mcd,3059_USBVideo_after,0.9777777777777777,2.955059087025082,0.2777777777777778,0.21428571428571427,0.33213028170783676,-2,0.33213028170783676,-2,0.33213028170783676,1
mcd,3059_USBVideo_before,0.5777777777777777,3.413960189754254,0.6666666666666666,1.0,0.32807778709676777,0,0.32807778709676777,0,0.32807778709676777,1
mcd,3066_FullHDwebcam_after,0.9777777777777777,6.813541088839348,0.5,0.5,-0.4899234608850614,-3,-0.4899234608850614,7,0.43988313525657025,1
mcd,3066_FullHDwebcam_before,0.9777777777777777,5.4194344509461505,0.7777777777777778,0.7777777777777778,-0.6279474656825019,-3,-0.6279474656825019,8,0.6099354674341045,1
mcd,3066_IriunWebcam_after,0.9777777777777777,6.661304635492428,0.3333333333333333,0.3333333333333333,-0.3774638999357198,-26,-0.4181909481257233,-15,0.33201362650948424,1
mcd,3066_IriunWebcam_before,0.9777777777777777,5.384499354222902,0.1111111111111111,0.1111111111111111,-0.030755335882304505,-22,0.0897776422044467,-22,0.0897776422044467,1
mcd,3077_FullHDwebcam_after,0.9777777777777777,6.845083411109989,0.7222222222222222,0.7222222222222222,-0.35295885876385297,6,0.3730061479279674,6,0.3730061479279674,1
mcd,3077_FullHDwebcam_before,0.4,-1.458279310981556,0.4444444444444444,0.8333333333333334,-0.36353930492290026,-9,0.3840699709420361,-9,0.3840699709420361,0
mcd,3077_IriunWebcam_after,0.9777777777777777,6.8175384827041,0.05555555555555555,0.05555555555555555,0.24846151435513592,3,0.24846151435513592,3,0.24846151435513592,1
mcd,3077_IriunWebcam_before,0.4,-1.0851343504494717,0.2777777777777778,0.5,0.1763247418175591,-26,-0.2438977591698379,6,0.2078774174879475,0
mcd,3096_FullHDwebcam_after,0.9777777777777777,7.916415363363806,0.5,0.5,-0.35603080353509214,-2,-0.35603080353509214,26,0.3366464873771347,1
mcd,3096_FullHDwebcam_before,0.9777777777777777,11.210005803780177,0.6666666666666666,0.6666666666666666,-0.40222919345885877,-3,-0.40222919345885877,-14,0.31437558612207184,1
mcd,3096_IriunWebcam_after,0.9777777777777777,7.565513280749112,0.0,0.0,0.08308731141894027,-27,-0.1303371616369591,-19,0.0866043816043214,1
mcd,3096_IriunWebcam_before,0.9777777777777777,11.352811680689245,0.2222222222222222,0.2222222222222222,0.2926752618481172,3,0.2926752618481172,3,0.2926752618481172,1
mcd,3133_FullHDwebcam_after,0.9333333333333333,1.9327846443077967,0.9444444444444444,1.0,-0.8179456957445943,-2,-0.8179456957445943,9,0.6335217366725058,1
mcd,3133_FullHDwebcam_before,0.6222222222222222,1.9369700073532226,0.7222222222222222,0.8461538461538461,-0.6689079532596084,-1,-0.6689079532596084,10,0.49847523613053735,1
mcd,3133_IriunWebcam_after,0.9333333333333333,1.8540848521683335,0.6666666666666666,0.6666666666666666,0.4879581134780492,-7,-0.5069856547943558,4,0.4879581134780492,1
mcd,3133_IriunWebcam_before,0.6222222222222222,1.8834389729115517,0.7777777777777778,0.8461538461538461,-0.5180436222097545,-6,-0.6289059144963404,5,0.5051644643291504,1
mcd,3133_USBVideo_after,0.9333333333333333,1.8493028654099928,0.7222222222222222,0.7333333333333333,0.4122194845961523,-12,-0.4738139246417088,1,0.4122194845961523,1
mcd,3133_USBVideo_before,0.6222222222222222,1.876633337050589,0.6666666666666666,0.8461538461538461,0.41028039142778505,-10,-0.4386914452678561,2,0.41028039142778505,1
mcd,3142_FullHDwebcam_after,0.9777777777777777,9.24607917254267,0.6111111111111112,0.6111111111111112,-0.32208386653587107,-14,0.33910150129654304,-14,0.33910150129654304,1
mcd,3142_FullHDwebcam_before,0.9777777777777777,9.684735843109959,0.2222222222222222,0.2222222222222222,-0.27173794852163385,-3,-0.27173794852163385,5,0.2447363709585518,1
mcd,3142_IriunWebcam_after,0.9777777777777777,9.125097992796636,0.2222222222222222,0.2222222222222222,0.26259107788715685,3,0.26259107788715685,3,0.26259107788715685,1
mcd,3142_IriunWebcam_before,0.9777777777777777,9.679057212554367,0.0,0.0,0.11979369792714344,1,0.11979369792714344,1,0.11979369792714344,1
mcd,3142_USBVideo_after,0.9777777777777777,9.196089552424517,0.05555555555555555,0.05555555555555555,0.19143180930044418,28,-0.23215832149342,19,0.213892406095928,1
mcd,3142_USBVideo_before,0.9777777777777777,9.598248728073058,0.0,0.0,0.20959489020092295,20,0.2180885402670688,20,0.2180885402670688,1
mcd,3150_FullHDwebcam_after,0.9777777777777777,7.76758945819077,0.16666666666666666,0.16666666666666666,-0.33444805603229244,-1,-0.33444805603229244,6,0.3029141627367709,1
mcd,3150_FullHDwebcam_before,0.9777777777777777,9.051861191929753,0.6111111111111112,0.6111111111111112,-0.3766058186611354,-1,-0.3766058186611354,6,0.3552176378013879,1
mcd,3150_IriunWebcam_after,0.9777777777777777,7.652430506815628,0.0,0.0,0.17427630808614708,2,0.17427630808614708,2,0.17427630808614708,1
mcd,3150_IriunWebcam_before,0.9777777777777777,9.164285495327654,0.0,0.0,0.17955464860901008,21,0.19230699023744904,21,0.19230699023744904,1
mcd,3150_USBVideo_after,0.9777777777777777,7.730643357739228,0.0,0.0,-0.08258582749577072,3,-0.08258582749577072,12,0.07959302674338199,1
mcd,3150_USBVideo_before,0.9777777777777777,8.963347955166165,0.0,0.0,0.13747327445428167,30,0.15241865193860718,30,0.15241865193860718,1
mcd,3153_FullHDwebcam_after,0.9777777777777777,11.286679796584393,0.05555555555555555,0.05555555555555555,-0.12387412480007244,-8,0.1390723123740202,-8,0.1390723123740202,1
mcd,3153_FullHDwebcam_before,0.9777777777777777,10.595618174525152,0.0,0.0,-0.1619289081559665,29,0.18850381279773334,29,0.18850381279773334,1
mcd,3153_IriunWebcam_after,0.9777777777777777,11.21714958297168,0.0,0.0,-0.0608921103583759,10,0.07596791959785522,10,0.07596791959785522,1
mcd,3153_IriunWebcam_before,0.9777777777777777,10.590484191358389,0.05555555555555555,0.05555555555555555,0.028685047809653388,-7,-0.03162618027076297,-1,0.028685047809653388,1
mcd,3153_USBVideo_after,0.9777777777777777,11.264859540840241,0.1111111111111111,0.1111111111111111,0.15139655466702093,-2,0.15139655466702093,-2,0.15139655466702093,1
mcd,3153_USBVideo_before,0.9777777777777777,10.649342021317313,0.05555555555555555,0.05555555555555555,0.19863837320773406,0,0.19863837320773406,0,0.19863837320773406,1
mcd,3155_FullHDwebcam_after,0.9777777777777777,8.081208396547868,0.9444444444444444,0.9444444444444444,-0.4922983600975501,-3,-0.4922983600975501,8,0.48958917546448916,1
mcd,3155_FullHDwebcam_before,0.9777777777777777,8.791624292073198,0.6666666666666666,0.6666666666666666,-0.4958248496567726,-4,-0.4958248496567726,-19,0.45954936536625524,1
mcd,3155_IriunWebcam_after,0.9777777777777777,7.548050254992333,0.3333333333333333,0.3333333333333333,0.3277002678861636,2,0.3277002678861636,2,0.3277002678861636,1
mcd,3155_IriunWebcam_before,0.9777777777777777,8.745102464640413,0.16666666666666666,0.16666666666666666,0.17709653011028245,-22,0.24707132492036352,-22,0.24707132492036352,1
mcd,3155_USBVideo_after,0.9777777777777777,7.880706272731896,0.3888888888888889,0.3888888888888889,0.28967088505623534,-27,0.3249490318399748,-27,0.3249490318399748,1
mcd,3155_USBVideo_before,0.9777777777777777,8.724756000676136,0.3888888888888889,0.3888888888888889,0.30250329759554717,0,0.30250329759554717,0,0.30250329759554717,1
mcd,3180_FullHDwebcam_after,0.9777777777777777,6.982226100641295,0.7222222222222222,0.7222222222222222,-0.4679790872337324,-14,0.4916996034318357,-14,0.4916996034318357,1
mcd,3180_FullHDwebcam_before,0.4444444444444444,-0.08195470439656999,0.6666666666666666,0.7777777777777778,-0.5470791872295279,-2,-0.5470791872295279,-14,0.40726468499585855,0
mcd,3180_IriunWebcam_after,0.9777777777777777,6.918841241145024,0.4444444444444444,0.4444444444444444,0.43487916655927317,-17,0.43565332763481557,-17,0.43565332763481557,1
mcd,3180_IriunWebcam_before,0.4444444444444444,0.02267129353904096,0.16666666666666666,0.1111111111111111,-0.19638647586751873,-5,-0.21643415976280395,5,0.17426257390901922,0
mcd,3180_USBVideo_after,0.9777777777777777,6.872087793259045,0.1111111111111111,0.1111111111111111,0.2502692964667457,-23,0.28281946924768414,-23,0.28281946924768414,1
mcd,3180_USBVideo_before,0.4444444444444444,-0.17360199938451584,0.3888888888888889,0.3333333333333333,0.24881356547628702,-2,0.24881356547628702,-2,0.24881356547628702,0
mcd,3192_FullHDwebcam_after,0.5777777777777777,-0.41621690984439474,0.4444444444444444,0.5,-0.41989903394493955,12,0.4253627036578647,12,0.4253627036578647,1
mcd,3192_FullHDwebcam_before,0.9777777777777777,0.9296922140278636,0.6111111111111112,0.5625,-0.4347952864036109,-1,-0.4347952864036109,-13,0.41199099373207004,1
mcd,3192_IriunWebcam_after,0.5777777777777777,-0.44252994958961367,0.2777777777777778,0.25,-0.3419416222501346,10,0.3907416363470795,10,0.3907416363470795,1
mcd,3192_IriunWebcam_before,0.9777777777777777,0.8698782871923807,0.0,0.0,-0.19337189318306242,-4,-0.19337189318306242,-18,0.14465747761195874,1
mcd,3192_USBVideo_after,0.5777777777777777,-0.2972226771846961,0.16666666666666666,0.25,0.12258084509070666,-8,-0.15599463663648805,5,0.1292627988715136,1
mcd,3192_USBVideo_before,0.9777777777777777,0.9844097968450294,0.0,0.0,0.23230873302341434,-14,-0.2912326039063124,-26,0.2702910242069849,1
mcd,3194_FullHDwebcam_after,0.9777777777777777,6.922127197788672,1.0,1.0,-0.6005146623980784,-1,-0.6005146623980784,8,0.5489627056049059,1
mcd,3194_FullHDwebcam_before,0.8888888888888888,6.02389389594889,0.8888888888888888,0.875,-0.524787573446244,-3,-0.524787573446244,6,0.5086017322523909,1
mcd,3194_IriunWebcam_after,0.9777777777777777,7.032838756246475,0.0,0.0,0.11551331263355087,-7,-0.158507953973988,1,0.11551331263355087,1
mcd,3194_IriunWebcam_before,0.8888888888888888,6.057306523468231,0.1111111111111111,0.125,0.1611448619819916,2,0.1611448619819916,2,0.1611448619819916,1
mcd,3194_USBVideo_after,0.9777777777777777,6.983788756373945,0.0,0.0,0.17717466877505242,9,-0.1854236697971234,0,0.17717466877505242,1
mcd,3194_USBVideo_before,0.8888888888888888,5.95145657110805,0.0,0.0,0.11590449197740595,-21,0.15112477148950185,-21,0.15112477148950185,1
mcd,3196_FullHDwebcam_after,0.9777777777777777,9.597794859340386,0.8888888888888888,0.8888888888888888,-0.7586980500520376,-2,-0.7586980500520376,8,0.5692140887060945,1
mcd,3196_FullHDwebcam_before,0.9777777777777777,9.796095308454012,1.0,1.0,-0.77117730927689,-1,-0.77117730927689,11,0.6983237021605876,1
mcd,3196_IriunWebcam_after,0.9777777777777777,9.507346800306088,0.3888888888888889,0.3888888888888889,0.3487755430491451,4,0.3487755430491451,4,0.3487755430491451,1
mcd,3196_IriunWebcam_before,0.9777777777777777,9.777914973111471,0.7222222222222222,0.7222222222222222,0.4541420267218085,-7,-0.4662879420244513,-19,0.45865725509170424,1
mcd,3196_USBVideo_after,0.9777777777777777,9.473022265021022,0.4444444444444444,0.4444444444444444,0.3394745003221443,-11,-0.3512761464874768,-2,0.3394745003221443,1
mcd,3196_USBVideo_before,0.9777777777777777,9.867080911150133,0.8888888888888888,0.8888888888888888,0.5270968787227086,-22,0.5458442224574142,-22,0.5458442224574142,1
mcd,3220_FullHDwebcam_after,0.8,6.019312666615225,0.4444444444444444,0.5,-0.39702831775530595,-4,-0.39702831775530595,5,0.39044928091606373,1
mcd,3220_FullHDwebcam_before,0.9777777777777777,6.035858418287685,0.6111111111111112,0.6111111111111112,-0.4667723661878288,6,0.5127999718205968,6,0.5127999718205968,1
mcd,3220_IriunWebcam_after,0.8444444444444444,5.783008280519303,0.3333333333333333,0.4,0.06130912389650873,-27,0.08816841213719191,-27,0.08816841213719191,1
mcd,3232_FullHDwebcam_after,0.9777777777777777,3.0721708838450272,0.9444444444444444,1.0,-0.8142738927649051,-2,-0.8142738927649051,10,0.6554896405891752,1
mcd,3232_FullHDwebcam_before,0.9777777777777777,4.437289600348926,0.9444444444444444,1.0,-0.7124356026656463,-3,-0.7124356026656463,10,0.6052736578990721,1
mcd,3232_IriunWebcam_after,0.9777777777777777,3.123187845748248,0.6111111111111112,0.625,0.42470528596042134,-8,-0.4698166837261964,5,0.4343972659415304,1
mcd,3232_IriunWebcam_before,0.9777777777777777,4.435649337011368,0.7222222222222222,0.7647058823529411,0.39893596838653694,5,0.40936755343738945,5,0.40936755343738945,1
mcd,3232_USBVideo_after,0.9777777777777777,3.2378986290889884,0.3333333333333333,0.375,0.3099697079903304,-12,-0.42524769737628054,-25,0.31695624541318845,1
mcd,3232_USBVideo_before,0.9777777777777777,4.404014277581096,0.8333333333333334,0.8823529411764706,0.45773153880974465,-1,0.45773153880974465,-1,0.45773153880974465,1
mcd,3235_FullHDwebcam_after,0.9777777777777777,7.2494275986456325,0.2222222222222222,0.2222222222222222,0.19562714664494799,15,-0.22439522884133783,-16,0.2204334734904595,1
mcd,3235_FullHDwebcam_before,0.9777777777777777,7.1253351288076825,0.8888888888888888,0.8888888888888888,-0.5319169044295473,-4,-0.5319169044295473,5,0.460226889888889,1
mcd,3235_IriunWebcam_after,0.9777777777777777,6.9214605338640265,0.2222222222222222,0.2222222222222222,0.1375221152528078,-20,0.19750001033648223,-20,0.19750001033648223,1
mcd,3235_IriunWebcam_before,0.9777777777777777,7.39183042898949,0.16666666666666666,0.16666666666666666,0.18440832522640485,21,0.23189180633223727,21,0.23189180633223727,1
mcd,3235_USBVideo_after,0.9777777777777777,7.338788274328216,0.1111111111111111,0.1111111111111111,0.2567567808841553,-2,0.2567567808841553,-2,0.2567567808841553,1
mcd,3235_USBVideo_before,0.9777777777777777,7.282479160217311,0.16666666666666666,0.16666666666666666,0.19573348196464568,-1,0.19573348196464568,-1,0.19573348196464568,1
mcd,3245_FullHDwebcam_after,0.9777777777777777,6.275964280054808,0.6666666666666666,0.7058823529411765,-0.5722815631596005,-4,-0.5722815631596005,10,0.5051832782915312,1
mcd,3245_FullHDwebcam_before,0.9777777777777777,6.277676845485077,1.0,1.0,-0.7079264953176707,-2,-0.7079264953176707,11,0.5265268715163394,1
mcd,3245_IriunWebcam_after,0.9777777777777777,6.332149979075174,0.4444444444444444,0.47058823529411764,0.3437665296825893,-9,-0.38219035761916426,5,0.3506766629192627,1
mcd,3245_IriunWebcam_before,0.9777777777777777,6.396424104710315,0.8888888888888888,0.8888888888888888,0.55455166705861,-8,-0.5823257937701518,5,0.5600957516919346,1
mcd,3245_USBVideo_after,0.9777777777777777,6.291413971605163,0.4444444444444444,0.4117647058823529,0.278385686140127,-15,-0.32953840507880633,-1,0.278385686140127,1
mcd,3245_USBVideo_before,0.9777777777777777,6.316840575777243,0.6666666666666666,0.6666666666666666,0.5087627449433207,-13,-0.5126362395430388,1,0.5087627449433207,1
mcd,3254_FullHDwebcam_after,0.9777777777777777,8.777992419286868,0.7222222222222222,0.7222222222222222,-0.4662537589506646,6,0.4779918868376506,6,0.4779918868376506,1
mcd,3254_FullHDwebcam_before,0.9777777777777777,8.4108101138108,0.5555555555555556,0.5555555555555556,-0.4497814342514382,-3,-0.4497814342514382,7,0.425614361615098,1
mcd,3254_IriunWebcam_after,0.9777777777777777,8.935122673508172,0.3333333333333333,0.3333333333333333,0.2626125987683914,4,0.2626125987683914,4,0.2626125987683914,1
mcd,3254_IriunWebcam_before,0.9777777777777777,8.564010243136355,0.05555555555555555,0.05555555555555555,0.19964063859934236,2,0.19964063859934236,2,0.19964063859934236,1
mcd,3315_FullHDwebcam_after,0.9777777777777777,6.629408248496304,0.7777777777777778,0.7777777777777778,-0.5301805983258115,-3,-0.5301805983258115,6,0.5154731279713791,1
mcd,3315_FullHDwebcam_before,0.9777777777777777,6.720383769678964,0.6666666666666666,0.6666666666666666,-0.4786081518436424,6,0.5023755117026278,6,0.5023755117026278,1
mcd,3315_IriunWebcam_after,0.9777777777777777,6.702818752366455,0.5,0.5,0.1895618982320207,29,0.22713167514362553,29,0.22713167514362553,1
mcd,3315_IriunWebcam_before,0.9777777777777777,6.6574254990107855,0.2777777777777778,0.2777777777777778,0.33827943656996906,2,0.33827943656996906,2,0.33827943656996906,1
mcd,3326_FullHDwebcam_after,0.9777777777777777,8.576358224990265,0.6666666666666666,0.6666666666666666,-0.5078117051310694,-26,-0.512860271706507,-14,0.4644984060944389,1
mcd,3326_FullHDwebcam_before,0.9777777777777777,7.0350809679201145,0.8333333333333334,0.8125,-0.5444159808605226,-2,-0.5444159808605226,-14,0.4924841046914175,1
mcd,3326_IriunWebcam_after,0.9777777777777777,8.590250086907565,0.2777777777777778,0.2777777777777778,-0.28747786138313625,-28,-0.3450322919793661,-16,0.33407440777287134,1
mcd,3326_IriunWebcam_before,0.9777777777777777,6.959633382953368,0.2222222222222222,0.25,0.22912322691700268,5,0.2503053142857836,5,0.2503053142857836,1
mcd,3326_USBVideo_after,0.9777777777777777,8.656074816264262,0.6666666666666666,0.6666666666666666,0.375907687062212,0,0.375907687062212,0,0.375907687062212,1
mcd,3326_USBVideo_before,0.9777777777777777,7.017651564511761,0.16666666666666666,0.1875,0.18940250998641175,-25,0.23471305517121735,-25,0.23471305517121735,1
mcd,3342_FullHDwebcam_after,0.9777777777777777,7.6338317067944725,0.7222222222222222,0.7222222222222222,-0.4945942890671131,7,0.5083345883861331,7,0.5083345883861331,1
mcd,3342_FullHDwebcam_before,0.8,2.1076420524840405,0.5,0.6666666666666666,-0.34046586725014155,-3,-0.34046586725014155,-13,0.29782177970709184,1
mcd,3342_IriunWebcam_after,0.9777777777777777,7.1938357590977535,0.05555555555555555,0.05555555555555555,0.21042600469517797,-20,0.24689005149386034,-20,0.24689005149386034,1
mcd,3342_IriunWebcam_before,0.8888888888888888,2.1827887171218197,0.0,0.0,0.17866136888753723,2,0.17866136888753723,2,0.17866136888753723,1
mcd,3342_USBVideo_after,0.9777777777777777,7.465784770509455,0.16666666666666666,0.16666666666666666,0.1981477406585372,-2,0.1981477406585372,-2,0.1981477406585372,1
mcd,3342_USBVideo_before,0.6666666666666666,2.194222665990337,0.05555555555555555,0.0,0.16425746223612667,-13,-0.17740768331711168,1,0.16425746223612667,1
mcd,3345_FullHDwebcam_after,0.9777777777777777,7.25121707310366,0.3333333333333333,0.3333333333333333,0.30772057255194896,4,0.30772057255194896,4,0.30772057255194896,1
mcd,3345_FullHDwebcam_before,0.9777777777777777,4.5495097571251595,0.7777777777777778,0.7777777777777778,0.5315949992278614,5,0.5566876997108464,5,0.5566876997108464,1
mcd,3345_IriunWebcam_after,0.9777777777777777,7.330567262757068,0.0,0.0,0.07961639030002414,-12,0.08300061836095593,-12,0.08300061836095593,1
mcd,3345_IriunWebcam_before,0.9777777777777777,4.7053579830024175,0.16666666666666666,0.16666666666666666,0.16124553328433236,-12,-0.18602756102120835,-1,0.16124553328433236,1
mcd,3348_FullHDwebcam_after,0.9333333333333333,9.172670530745588,0.7777777777777778,0.8235294117647058,-0.4881011749130439,-1,-0.4881011749130439,7,0.4533956603503304,1
mcd,3348_FullHDwebcam_before,0.9777777777777777,8.104681602290379,0.7777777777777778,0.7777777777777778,-0.5475220601322894,-1,-0.5475220601322894,7,0.5085690538787933,1
mcd,3348_IriunWebcam_after,0.9333333333333333,9.070127640104271,0.05555555555555555,0.058823529411764705,0.15429819176404858,19,0.2480818120958137,19,0.2480818120958137,1
mcd,3348_IriunWebcam_before,0.9777777777777777,8.063975067349466,0.1111111111111111,0.1111111111111111,0.1406878049131571,-14,0.1479008550109739,-14,0.1479008550109739,1
mcd,3351_FullHDwebcam_after,0.9777777777777777,6.378513602974015,0.8888888888888888,1.0,-0.5830848458337632,20,-0.5997703878641211,7,0.5123801040795957,1
mcd,3351_FullHDwebcam_before,0.8,0.9110300665915584,0.8888888888888888,0.8461538461538461,-0.7564976242919462,-2,-0.7564976242919462,10,0.6394211969391852,1
mcd,3351_IriunWebcam_after,0.9333333333333333,6.609014377191055,0.2222222222222222,0.26666666666666666,0.2822607494891817,14,-0.3054130008713405,3,0.2822607494891817,1
mcd,3351_IriunWebcam_before,0.6666666666666666,0.8995376316240404,0.5,0.5454545454545454,0.5097741818907675,6,0.5594611645527207,6,0.5594611645527207,1
mcd,3351_USBVideo_after,0.9777777777777777,6.6683816419574455,0.16666666666666666,0.1875,0.2935389476977543,11,-0.31653417213906854,-1,0.2935389476977543,1
mcd,3351_USBVideo_before,0.7111111111111111,0.8528873375271588,0.5555555555555556,0.7272727272727273,0.47061815874476853,2,0.47061815874476853,2,0.47061815874476853,1
mcd,3363_FullHDwebcam_after,0.9777777777777777,7.158204387077531,1.0,1.0,-0.8182359700320032,-3,-0.8182359700320032,10,0.7361464034810185,1
mcd,3363_FullHDwebcam_before,0.9777777777777777,6.100485489251688,1.0,1.0,-0.7299129022171352,-4,-0.7299129022171352,9,0.6926767923701809,1
mcd,3363_IriunWebcam_after,0.9777777777777777,7.250346605085049,0.4444444444444444,0.47058823529411764,0.053592787833341246,29,0.07865339139507918,29,0.07865339139507918,1
mcd,3363_IriunWebcam_before,0.9777777777777777,6.143606740860767,0.7222222222222222,0.7647058823529411,0.5659367845237914,5,0.589749987025727,5,0.589749987025727,1
mcd,3364_FullHDwebcam_after,0.9777777777777777,7.892686270639386,0.8888888888888888,0.8888888888888888,-0.547399885337209,-2,-0.547399885337209,6,0.5102082411345534,1
mcd,3364_FullHDwebcam_before,0.9777777777777777,5.184804956106632,0.7777777777777778,0.8666666666666667,-0.5554742564445435,-3,-0.5554742564445435,-15,0.5050227210427972,1
mcd,3364_IriunWebcam_after,0.9777777777777777,8.044234189531538,0.4444444444444444,0.4444444444444444,0.2761267123731268,16,-0.28065354434225476,3,0.2761267123731268,1
mcd,3364_IriunWebcam_before,0.9777777777777777,5.296135344894103,0.3333333333333333,0.4,0.40435963880097664,3,0.40435963880097664,3,0.40435963880097664,1
mcd,3375_FullHDwebcam_after,0.9777777777777777,7.902759342421028,0.2777777777777778,0.2777777777777778,0.2681324820508328,5,0.28229576373563203,5,0.28229576373563203,1
mcd,3375_FullHDwebcam_before,0.9777777777777777,8.502690588042647,0.5555555555555556,0.5555555555555556,-0.3736927169303734,-3,-0.3736927169303734,7,0.3151715023388253,1
mcd,3375_IriunWebcam_after,0.9777777777777777,8.07097913485783,0.16666666666666666,0.16666666666666666,0.22595351893098392,3,0.22595351893098392,3,0.22595351893098392,1
mcd,3375_IriunWebcam_before,0.9777777777777777,8.605494381215022,0.16666666666666666,0.16666666666666666,0.21480341296507877,14,-0.23680485531652107,3,0.21480341296507877,1
mcd,3375_USBVideo_after,0.9777777777777777,8.014368862769132,0.0,0.0,0.1056804529534035,-13,-0.11936886833616825,-2,0.1056804529534035,1
mcd,3375_USBVideo_before,0.9777777777777777,8.47868641097249,0.2222222222222222,0.2222222222222222,0.2090877993729593,-24,0.2264566598169216,-24,0.2264566598169216,1
mcd,3385_FullHDwebcam_after,0.9333333333333333,4.795094557216764,0.7222222222222222,0.7058823529411765,-0.5333123422198494,-3,-0.5333123422198494,7,0.5326765079481249,1
mcd,3385_FullHDwebcam_before,0.9777777777777777,5.855351707343696,0.8888888888888888,0.8888888888888888,-0.5179013533878415,6,0.5473766611697213,6,0.5473766611697213,1
mcd,3385_IriunWebcam_after,0.9333333333333333,4.764088072286977,0.2222222222222222,0.17647058823529413,0.16531693507418968,11,-0.18821669334494623,2,0.16531693507418968,1
mcd,3385_IriunWebcam_before,0.9777777777777777,5.625304597778399,0.3888888888888889,0.3888888888888889,-0.26104292530399653,-6,-0.3274710792794478,-20,0.23338332977343784,1
mcd,3394_FullHDwebcam_after,0.9777777777777777,9.08314129386628,0.5,0.5,-0.4411455259328385,-3,-0.4411455259328385,7,0.4108365674142788,1
mcd,3394_FullHDwebcam_before,0.9777777777777777,5.811016455386907,0.5555555555555556,0.5294117647058824,-0.49967250019516957,-3,-0.49967250019516957,7,0.47165937497913935,1
mcd,3394_IriunWebcam_after,0.9777777777777777,8.957749194140147,0.0,0.0,0.18778938022592237,12,-0.19591908676643477,22,0.18883344187861464,1
mcd,3394_IriunWebcam_before,0.9777777777777777,5.6000574346889085,0.4444444444444444,0.47058823529411764,-0.054474272362655035,-13,0.08342898966904536,-13,0.08342898966904536,1
mcd,3401_FullHDwebcam_after,0.9777777777777777,7.525765423978264,0.2777777777777778,0.2777777777777778,-0.25345151930375565,13,-0.26205219189409956,4,0.2437195895971347,1
mcd,3401_FullHDwebcam_before,0.8444444444444444,2.8024422413345222,0.16666666666666666,0.125,0.2329215902426009,-26,-0.24757894415104345,2,0.2329215902426009,1
mcd,3401_IriunWebcam_after,0.9777777777777777,7.513371547414431,0.0,0.0,-0.028294096790179354,21,0.09688281077608489,21,0.09688281077608489,1
mcd,3401_IriunWebcam_before,0.8444444444444444,3.0198163684925294,0.0,0.0,0.04123262737132835,7,0.06671507838999265,7,0.06671507838999265,1
mcd,3401_USBVideo_after,0.9777777777777777,7.450394072897129,0.0,0.0,0.15799966762544476,8,-0.16603679966296225,-2,0.15799966762544476,1
mcd,3401_USBVideo_before,0.8444444444444444,2.602994394248833,0.1111111111111111,0.125,0.09898307458358106,28,-0.2144934566013712,-20,0.137022731540915,1
mcd,3406_FullHDwebcam_after,0.9777777777777777,8.977940724746453,0.05555555555555555,0.05555555555555555,-0.22694079671684222,-3,-0.22694079671684222,5,0.2189546715266738,1
mcd,3406_FullHDwebcam_before,0.9777777777777777,11.052381061576844,0.3888888888888889,0.3888888888888889,0.36730715474149356,-17,0.38905765817009325,-17,0.38905765817009325,1
mcd,3406_IriunWebcam_after,0.9777777777777777,9.082069305279209,0.0,0.0,0.0632708821245758,-1,0.0632708821245758,-1,0.0632708821245758,1
mcd,3406_IriunWebcam_before,0.9777777777777777,11.10247141018148,0.2222222222222222,0.2222222222222222,0.08696050343880775,-13,-0.10660585493429445,-22,0.1018188610724364,1
mcd,3406_USBVideo_after,0.9777777777777777,9.102578740371445,0.05555555555555555,0.05555555555555555,0.11669948823541547,16,0.18592651320295134,16,0.18592651320295134,1
mcd,3406_USBVideo_before,0.9777777777777777,11.126763534548758,0.5555555555555556,0.5555555555555556,0.4371072946900597,21,0.4589848668169986,21,0.4589848668169986,1
mcd,3418_FullHDwebcam_after,0.9777777777777777,7.272224802121547,0.8333333333333334,0.8333333333333334,-0.5792198081798504,-3,-0.5792198081798504,-14,0.5482928182259852,1
mcd,3418_FullHDwebcam_before,0.9777777777777777,9.5629143293431,0.8333333333333334,0.8823529411764706,-0.6999006166607914,-3,-0.6999006166607914,8,0.6986038565244073,1
mcd,3418_IriunWebcam_after,0.9777777777777777,7.3921562513165835,0.8888888888888888,0.8888888888888888,0.4739441982644874,-20,0.4950671492622462,-20,0.4950671492622462,1
mcd,3418_IriunWebcam_before,0.9777777777777777,9.732268481289484,0.7777777777777778,0.8235294117647058,0.5552822752657119,2,0.5552822752657119,2,0.5552822752657119,1
mcd,3418_USBVideo_after,0.9777777777777777,7.275789763842484,0.5,0.5,0.41571220123689284,-25,0.4422824545093591,-25,0.4422824545093591,1
mcd,3418_USBVideo_before,0.9777777777777777,9.576364515784741,0.7222222222222222,0.7647058823529411,0.5209104743421185,-15,-0.5443394616917644,-3,0.5209104743421185,1
mcd,3420_FullHDwebcam_after,0.9777777777777777,8.665201048098112,0.9444444444444444,0.9444444444444444,-0.6307364467097303,-1,-0.6307364467097303,7,0.5871250411919992,1
mcd,3420_FullHDwebcam_before,0.9777777777777777,6.997460141797125,0.9444444444444444,0.9444444444444444,-0.5489587882412633,-2,-0.5489587882412633,7,0.5283493292550361,1
mcd,3420_IriunWebcam_after,0.9777777777777777,8.563218787979167,0.05555555555555555,0.05555555555555555,0.13203629753778107,-26,-0.18643689024694918,-18,0.15314237275304896,1
mcd,3420_IriunWebcam_before,0.9777777777777777,6.6397703359378255,0.2222222222222222,0.2222222222222222,0.25653402041980056,-27,-0.286475276362432,-17,0.2792760599207131,1
mcd,3420_USBVideo_after,0.9777777777777777,8.694666610094005,0.05555555555555555,0.05555555555555555,0.12874448841873234,20,0.15738866520917663,20,0.15738866520917663,1
mcd,3420_USBVideo_before,0.9777777777777777,6.958830880445081,0.2222222222222222,0.2222222222222222,0.17234000853064702,-21,0.1784476638136376,-21,0.1784476638136376,1
mcd,3448_FullHDwebcam_after,0.9777777777777777,4.729055241387023,0.3888888888888889,0.4117647058823529,-0.27222253173300087,18,-0.3273225715127054,28,0.29946617630291394,1
mcd,3448_FullHDwebcam_before,0.7555555555555555,3.469660714118117,0.2222222222222222,0.3076923076923077,0.13824839584836857,6,0.20317076582250113,6,0.20317076582250113,1
mcd,3448_IriunWebcam_after,0.9777777777777777,4.879139476436004,0.2222222222222222,0.23529411764705882,0.10936775067412183,12,-0.12459980248245023,24,0.12426457624876698,1
mcd,3448_IriunWebcam_before,0.7555555555555555,3.6860155918945186,0.16666666666666666,0.15384615384615385,-0.1547898189629609,-16,0.17155079416903513,-16,0.17155079416903513,1
mcd,3448_USBVideo_before,0.8888888888888888,3.4713382648722604,0.16666666666666666,0.21428571428571427,0.1212310228670664,-22,0.14175478129591806,-22,0.14175478129591806,1
mcd,3465_FullHDwebcam_after,0.9777777777777777,4.605971993999695,0.6111111111111112,0.6470588235294118,-0.46119969027450125,-3,-0.46119969027450125,6,0.4139455790865761,1
mcd,3465_FullHDwebcam_before,0.9777777777777777,4.921627413949063,0.5555555555555556,0.5555555555555556,-0.5270850173081091,-2,-0.5270850173081091,10,0.40246142197877344,1
mcd,3465_IriunWebcam_after,0.9777777777777777,4.55153278392517,0.2777777777777778,0.29411764705882354,0.367783130039179,-7,-0.3912887188933342,-16,0.37294768791837485,1
mcd,3465_IriunWebcam_before,0.9777777777777777,4.836874058065103,0.6111111111111112,0.6111111111111112,0.39881133499921123,-7,-0.48240010311453074,-20,0.42347972380574367,1
mcd,3465_USBVideo_after,0.9777777777777777,4.549616100977209,0.16666666666666666,0.17647058823529413,0.25630884992598557,-14,-0.2850999725211946,-3,0.25630884992598557,1
mcd,3465_USBVideo_before,0.9333333333333333,4.8531326385237215,0.3333333333333333,0.35294117647058826,0.4096349462181573,-1,0.4096349462181573,-1,0.4096349462181573,1
mcd,3494_FullHDwebcam_after,0.9777777777777777,5.710274694938518,0.6666666666666666,0.6875,-0.47044579390423913,-3,-0.47044579390423913,7,0.4295974423179225,1
mcd,3494_FullHDwebcam_before,0.9777777777777777,8.052019036225218,0.5555555555555556,0.5555555555555556,-0.4008944963513298,7,0.41373435033334177,7,0.41373435033334177,1
mcd,3494_IriunWebcam_after,0.9777777777777777,5.761023351550765,0.1111111111111111,0.0625,-0.04335079775365407,-16,0.1369367100923434,-16,0.1369367100923434,1
mcd,3494_IriunWebcam_before,0.9777777777777777,7.9817116992065,0.05555555555555555,0.05555555555555555,0.10826291028402187,27,0.1581248065643401,27,0.1581248065643401,1
mcd,3508_FullHDwebcam_after,0.9777777777777777,3.5670593282316347,0.5,0.5625,-0.4296424191364695,6,0.4593009493469436,6,0.4593009493469436,1
mcd,3508_FullHDwebcam_before,0.9777777777777777,5.324526790945258,0.8888888888888888,0.9411764705882353,-0.7625177691658176,-1,-0.7625177691658176,8,0.6268734811343518,1
mcd,3508_IriunWebcam_after,0.9777777777777777,3.253303633699059,0.05555555555555555,0.0625,0.14245658988221632,2,0.14245658988221632,2,0.14245658988221632,1
mcd,3508_IriunWebcam_before,0.9777777777777777,5.2254033474730806,0.05555555555555555,0.058823529411764705,0.14365925945753674,4,0.14365925945753674,4,0.14365925945753674,1
mcd,3508_USBVideo_after,0.9777777777777777,3.558039890825876,0.3333333333333333,0.375,0.28927872208760536,-9,-0.2995328913653955,-1,0.28927872208760536,1
mcd,3520_FullHDwebcam_after,0.9777777777777777,7.4689466827477595,0.7222222222222222,0.7222222222222222,-0.4344267100026938,6,0.47588040799533093,6,0.47588040799533093,1
mcd,3520_FullHDwebcam_before,0.9777777777777777,5.041585058181475,0.8888888888888888,0.8888888888888888,-0.6445309903156056,-3,-0.6445309903156056,8,0.5958270152378232,1
mcd,3520_IriunWebcam_after,0.9777777777777777,7.277617498746803,0.2222222222222222,0.2222222222222222,-0.2388407912543916,16,-0.2670751999630788,4,0.15192438633630503,1
mcd,3520_IriunWebcam_before,0.9777777777777777,5.185185919767492,0.5,0.5,0.22144261013476146,5,0.2354148422825112,5,0.2354148422825112,1
mcd,3520_USBVideo_after,0.9777777777777777,7.519770729461938,0.0,0.0,0.13121674069828715,-1,0.13121674069828715,-1,0.13121674069828715,1
mcd,3520_USBVideo_before,0.9777777777777777,4.989492605839132,0.3888888888888889,0.3888888888888889,0.22016353410334674,-13,-0.24752115490996746,27,0.22645466714316378,1
mcd,3523_FullHDwebcam_after,0.9777777777777777,7.384133495670046,0.9444444444444444,1.0,-0.5345444401029215,-18,0.5633968535150161,-18,0.5633968535150161,1
mcd,3523_FullHDwebcam_before,0.9777777777777777,8.13972773984004,1.0,1.0,-0.6820751280701516,-4,-0.6820751280701516,7,0.633509761111499,1
mcd,3523_IriunWebcam_after,0.9777777777777777,7.355224327822884,0.5555555555555556,0.5625,-0.3807376986929815,6,0.45236349923210595,6,0.45236349923210595,1
mcd,3523_IriunWebcam_before,0.9777777777777777,8.114846476199212,0.1111111111111111,0.1111111111111111,0.16438502683896616,3,0.16438502683896616,3,0.16438502683896616,1
mcd,3524_FullHDwebcam_after,0.9777777777777777,5.5159510817260164,0.4444444444444444,0.5,-0.35736263047030387,-4,-0.35736263047030387,-16,0.3457367704414043,1
mcd,3524_FullHDwebcam_before,0.9777777777777777,7.853810615921344,0.8333333333333334,0.8333333333333334,-0.42678876408996236,6,0.5203989679478636,6,0.5203989679478636,1
mcd,3524_IriunWebcam_after,0.9777777777777777,5.405912399244899,0.5,0.5625,0.27923091365766334,1,0.27923091365766334,1,0.27923091365766334,1
mcd,3524_IriunWebcam_before,0.9777777777777777,7.6988854716883885,0.4444444444444444,0.4444444444444444,0.3188919590189371,3,0.3188919590189371,3,0.3188919590189371,1
mcd,3526_FullHDwebcam_after,0.9777777777777777,7.2463265677575786,0.8333333333333334,0.8823529411764706,-0.48129642212306495,6,0.5040200351654044,6,0.5040200351654044,1
mcd,3526_FullHDwebcam_before,0.9777777777777777,7.339578052823734,0.7777777777777778,0.7777777777777778,-0.48671043895032823,-2,-0.48671043895032823,7,0.4513441294024936,1
mcd,3526_IriunWebcam_after,0.9777777777777777,7.2653908205558,0.2222222222222222,0.23529411764705882,-0.20802143694117062,-6,-0.24111880619790965,-16,0.2174149923638481,1
mcd,3526_IriunWebcam_before,0.9777777777777777,7.36866957449981,0.4444444444444444,0.4444444444444444,-0.2183889822990358,-19,0.27682607756258754,-19,0.27682607756258754,1
mcd,3529_FullHDwebcam_after,0.9777777777777777,10.630261311977282,1.0,1.0,-0.6596581053684795,-2,-0.6596581053684795,10,0.5934096673114981,1
mcd,3529_FullHDwebcam_before,0.9777777777777777,10.835555531820784,1.0,1.0,-0.807082999863501,-1,-0.807082999863501,11,0.6917758154851613,1
mcd,3529_IriunWebcam_after,0.9777777777777777,10.699817161001778,0.6666666666666666,0.6666666666666666,0.49495079151230115,-23,0.5019116720192432,-23,0.5019116720192432,1
mcd,3529_IriunWebcam_before,0.9777777777777777,10.827704895862958,0.9444444444444444,0.9444444444444444,0.6003339677229934,5,0.6347333192257266,5,0.6347333192257266,1
mcd,3529_USBVideo_after,0.9777777777777777,10.623653603340605,0.2777777777777778,0.2777777777777778,0.20580051725753568,-13,-0.2537642193314364,0,0.20580051725753568,1
mcd,3529_USBVideo_before,0.9777777777777777,10.82137726869825,0.6111111111111112,0.6111111111111112,0.5001899648588528,2,0.5001899648588528,2,0.5001899648588528,1
mcd,3533_FullHDwebcam_after,0.9777777777777777,10.866923867079528,0.8888888888888888,0.8888888888888888,-0.5660242293095099,8,0.5681060627650987,8,0.5681060627650987,1
mcd,3533_FullHDwebcam_before,0.9777777777777777,11.167652695959932,0.9444444444444444,0.9444444444444444,-0.6523184211267038,23,-0.6532699476227571,-18,0.5609716735157281,1
mcd,3533_IriunWebcam_after,0.9777777777777777,10.898476925242871,0.5555555555555556,0.5555555555555556,0.44663922297458436,-25,0.45206443830234333,-25,0.45206443830234333,1
mcd,3533_IriunWebcam_before,0.9777777777777777,11.181036280181623,0.7777777777777778,0.7777777777777778,0.41827645817937736,29,0.4408461067748033,29,0.4408461067748033,1
mcd,3533_USBVideo_after,0.9777777777777777,10.899970462707271,0.5555555555555556,0.5555555555555556,0.3874195443585784,12,-0.44119388668720616,26,0.42844176796359446,1
mcd,3533_USBVideo_before,0.9777777777777777,11.198275326671194,0.8333333333333334,0.8333333333333334,0.520678020232471,24,0.5295307031967419,24,0.5295307031967419,1
mcd,3554_FullHDwebcam_after,0.9777777777777777,10.057861664606994,0.4444444444444444,0.4444444444444444,-0.3425243522412005,14,-0.3676650066817727,23,0.3495540906969855,1
mcd,3554_FullHDwebcam_before,0.9777777777777777,9.64862065219565,0.5555555555555556,0.5555555555555556,-0.4063045717986414,6,0.41007598458014677,6,0.41007598458014677,1
mcd,3554_IriunWebcam_after,0.9777777777777777,9.759137401207585,0.05555555555555555,0.05555555555555555,0.05850233558490372,-22,-0.11502824221621827,-15,0.10089100453337274,1
mcd,3554_IriunWebcam_before,0.9777777777777777,9.526575509682683,0.0,0.0,0.1830165829018688,3,0.1830165829018688,3,0.1830165829018688,1
mcd,3554_USBVideo_after,0.9777777777777777,10.053892541736692,0.05555555555555555,0.05555555555555555,0.1308826110894167,-29,-0.16276221214083808,-19,0.15945310027837897,1
mcd,3554_USBVideo_before,0.9777777777777777,9.817810878397106,0.0,0.0,0.10809427758711457,24,-0.12142615569408655,15,0.11276418940665282,1
mcd,3557_FullHDwebcam_after,0.9333333333333333,3.546509524874363,0.3888888888888889,0.35294117647058826,-0.33896633626210126,-5,-0.3686171634961769,4,0.3239931839440564,1
mcd,3557_FullHDwebcam_before,0.9333333333333333,3.784882902992626,0.2777777777777778,0.29411764705882354,-0.25255052988725923,-5,-0.25921049541955987,7,0.2240189667178951,1
mcd,3557_IriunWebcam_after,0.9333333333333333,3.7070097901015884,0.1111111111111111,0.11764705882352941,0.14110640260143398,-8,-0.203587984324016,6,0.15387097710871486,1
mcd,3557_IriunWebcam_before,0.8444444444444444,3.4697783753972935,0.2777777777777778,0.25,-0.054563835055096835,8,0.07921403738645298,8,0.07921403738645298,1
mcd,3571_FullHDwebcam_after,0.9777777777777777,7.461413207979623,0.4444444444444444,0.4444444444444444,0.3809340039602329,3,0.3809340039602329,3,0.3809340039602329,1
mcd,3571_FullHDwebcam_before,0.9777777777777777,6.227497540638297,0.3888888888888889,0.3888888888888889,0.4242942585471745,5,0.443524693622272,5,0.443524693622272,1
mcd,3581_FullHDwebcam_after,0.9777777777777777,10.756840798926792,0.7222222222222222,0.7222222222222222,-0.38062866222980296,-3,-0.38062866222980296,-18,0.36792751741324053,1
mcd,3581_FullHDwebcam_before,0.9777777777777777,10.819435841119187,0.6666666666666666,0.6666666666666666,-0.41774674687180074,-18,0.44901376907683216,-18,0.44901376907683216,1
mcd,3581_IriunWebcam_after,0.9777777777777777,10.737927091119868,0.2222222222222222,0.2222222222222222,0.07444939222332253,20,-0.09960464960614963,4,0.07444939222332253,1
mcd,3581_IriunWebcam_before,0.9777777777777777,10.75472670922262,0.7777777777777778,0.7777777777777778,0.4174944609688934,1,0.4174944609688934,1,0.4174944609688934,1
mcd,3581_USBVideo_after,0.9777777777777777,10.761270294106442,0.4444444444444444,0.4444444444444444,0.2756898659193861,-13,-0.36333258941420826,-27,0.27876088215850026,1
mcd,3581_USBVideo_before,0.9777777777777777,10.757490711733272,0.5,0.5,0.2853915335173895,-2,0.2853915335173895,-2,0.2853915335173895,1
mcd,3593_FullHDwebcam_after,0.9777777777777777,6.559953557899627,0.8888888888888888,0.8888888888888888,-0.5872883751847211,-3,-0.5872883751847211,7,0.5570543173413315,1
mcd,3593_FullHDwebcam_before,0.4888888888888889,0.27107581796943403,0.3333333333333333,0.5,-0.3648259988162589,6,0.43299557811087463,6,0.43299557811087463,0
mcd,3593_IriunWebcam_after,0.9777777777777777,6.751337530470607,0.5,0.5,0.3691969784067419,0,0.3691969784067419,0,0.3691969784067419,1
mcd,3593_IriunWebcam_before,0.4888888888888889,0.2691836621045947,0.3888888888888889,0.1,0.24130564287007938,-20,0.28606269264268275,-20,0.28606269264268275,0
mcd,3600_FullHDwebcam_after,0.9777777777777777,8.933375119476933,0.5,0.5,-0.47908838406366944,-2,-0.47908838406366944,7,0.33420893266253204,1
mcd,3600_FullHDwebcam_before,0.9777777777777777,7.776592398419327,0.8888888888888888,0.8888888888888888,-0.5853747800139317,9,0.587144618830202,9,0.587144618830202,1
mcd,3600_IriunWebcam_after,0.9777777777777777,9.08712114688408,0.7222222222222222,0.7222222222222222,0.45215211708467934,3,0.45215211708467934,3,0.45215211708467934,1
mcd,3600_IriunWebcam_before,0.9777777777777777,7.815007199935458,0.3333333333333333,0.3333333333333333,0.2640146222222932,18,-0.3338130969143921,6,0.3117571213511804,1
mcd,3600_USBVideo_after,0.9777777777777777,9.055605460015911,0.4444444444444444,0.4444444444444444,0.3925605377369586,-15,-0.3975820265160536,-3,0.3925605377369586,1
mcd,3600_USBVideo_before,0.9777777777777777,7.775249695778735,0.2222222222222222,0.2222222222222222,0.25836650580225845,15,-0.28706626801235846,28,0.2811960512488666,1
mcd,3625_FullHDwebcam_after,0.9777777777777777,6.7670128852110745,0.6111111111111112,0.6111111111111112,-0.41543622994003027,-4,-0.41543622994003027,5,0.4094245550920169,1
mcd,3625_FullHDwebcam_before,0.9777777777777777,5.774818583968298,0.5,0.5,0.3944879314880376,16,-0.42817024137445825,5,0.4072712646799359,1
mcd,3625_IriunWebcam_after,0.9777777777777777,6.930046082433994,0.2222222222222222,0.2222222222222222,-0.22812575853264572,-14,0.25420540971841676,-14,0.25420540971841676,1
mcd,3625_IriunWebcam_before,0.9777777777777777,5.574687187362697,0.0,0.0,0.06738556520419119,19,0.09497602185316566,19,0.09497602185316566,1
mcd,3625_USBVideo_after,0.9777777777777777,6.864244136478797,0.05555555555555555,0.05555555555555555,0.2602024813479361,-10,-0.27430714779593307,-1,0.2602024813479361,1
mcd,3636_FullHDwebcam_after,0.9777777777777777,6.6342940314823515,0.5555555555555556,0.5555555555555556,-0.4207404390192956,-2,-0.4207404390192956,6,0.41241756717464234,1
mcd,3636_FullHDwebcam_before,0.9777777777777777,6.5972302976069095,0.8333333333333334,0.8333333333333334,-0.523966436373343,-1,-0.523966436373343,7,0.49595093952149094,1
mcd,3636_IriunWebcam_after,0.9777777777777777,6.2583876035187505,0.1111111111111111,0.1111111111111111,0.18739911249256772,10,-0.19121447329519375,2,0.18739911249256772,1
mcd,3636_IriunWebcam_before,0.9777777777777777,6.802823294965652,0.1111111111111111,0.1111111111111111,0.19015979920260878,29,-0.19997219608463804,1,0.19015979920260878,1
mcd,3636_USBVideo_after,0.9777777777777777,6.336712707991709,0.05555555555555555,0.05555555555555555,-0.14532035197644713,-5,0.150802523454934,-5,0.150802523454934,1
mcd,3636_USBVideo_before,0.9777777777777777,7.0180123118697475,0.05555555555555555,0.05555555555555555,0.21633125094010763,16,0.24117005296236052,16,0.24117005296236052,1
mcd,3656_FullHDwebcam_after,0.9777777777777777,2.7981090127974166,0.3888888888888889,0.4375,-0.314250566866237,17,-0.37962767732664804,8,0.37535019844472645,1
mcd,3656_FullHDwebcam_before,0.9777777777777777,5.714795979473881,0.3888888888888889,0.3888888888888889,-0.08696185821171443,-13,0.14121836781426458,-13,0.14121836781426458,1
mcd,3656_IriunWebcam_after,0.9777777777777777,2.737517166045866,0.05555555555555555,0.0625,-0.19505341786406669,-4,-0.19505341786406669,5,0.17079185489032395,1
mcd,3656_IriunWebcam_before,0.9777777777777777,5.548485768528515,0.16666666666666666,0.16666666666666666,0.15258992727725434,-18,0.19718829128943743,-18,0.19718829128943743,1
mcd,3656_USBVideo_after,0.9777777777777777,2.7596997487274377,0.0,0.0,0.028488011314611917,22,0.061399911004592765,22,0.061399911004592765,1
mcd,3656_USBVideo_before,0.9777777777777777,5.727717876538378,0.3888888888888889,0.3888888888888889,0.22299969001957576,-24,0.2761495456811882,-24,0.2761495456811882,1
mcd,3658_FullHDwebcam_after,0.9777777777777777,6.642622214345879,0.3888888888888889,0.3888888888888889,0.4011450453652735,5,0.4205117447122745,5,0.4205117447122745,1
mcd,3658_FullHDwebcam_before,0.9763313609467456,7.8866715861702,0.1111111111111111,0.1111111111111111,-0.21576084702027223,-5,-0.22007563726694754,-16,0.1600687317866736,1
mcd,3658_IriunWebcam_after,0.9777777777777777,6.547043167039259,0.2777777777777778,0.2777777777777778,0.06553445273421714,28,-0.09933782473028653,0,0.06553445273421714,1
mcd,3658_IriunWebcam_before,0.975609756097561,7.81217011975743,0.16666666666666666,0.16666666666666666,0.11362334940207895,15,-0.14983003253770502,27,0.12560522246060965,1
mcd,3658_USBVideo_after,0.9777777777777777,6.437979257274708,0.3333333333333333,0.3333333333333333,0.21331370431664157,15,-0.27180930572973305,0,0.21331370431664157,1
mcd,3658_USBVideo_before,0.9763313609467456,7.747339432581289,0.2222222222222222,0.2222222222222222,0.20583451147039308,-21,0.23285140302623977,-21,0.23285140302623977,1
mcd,3682_FullHDwebcam_after,0.9763313609467456,3.0248813970592496,0.8333333333333334,0.8333333333333334,-0.5409513735999203,-4,-0.5409513735999203,9,0.49712008429140336,1
mcd,3682_FullHDwebcam_before,0.9763313609467456,5.845921290853526,0.5555555555555556,0.5294117647058824,-0.4467113532117299,-4,-0.4467113532117299,11,0.36808775631149715,1
mcd,3682_USBVideo_before,0.9763313609467456,5.834567035640869,0.7777777777777778,0.75,0.4571035248243529,-9,-0.519397182455468,4,0.4571035248243529,1
mcd,3683_FullHDwebcam_after,0.7100591715976331,4.198047543881921,0.6666666666666666,0.7142857142857143,-0.38231939871350196,-17,0.41857314653404193,-17,0.41857314653404193,1
mcd,3683_FullHDwebcam_before,0.9763313609467456,6.35117086568275,0.2222222222222222,0.2222222222222222,-0.31919892206787254,-4,-0.31919892206787254,5,0.3073993372320458,1
mcd,3683_IriunWebcam_after,0.9763313609467456,3.9026953629020387,0.3333333333333333,0.3125,0.20996629525977403,-21,0.2406633625062591,-21,0.2406633625062591,1
mcd,3683_IriunWebcam_before,0.9763313609467456,6.457107336655977,0.2222222222222222,0.2222222222222222,0.1345755668157389,-2,0.1345755668157389,-2,0.1345755668157389,1
mcd,3683_USBVideo_after,0.9763313609467456,4.2805874708768386,0.7222222222222222,0.6875,0.3925523931317693,-8,-0.4156770562218576,-23,0.4050320748532716,1
mcd,3683_USBVideo_before,0.9763313609467456,6.447897444440516,0.16666666666666666,0.16666666666666666,0.30952031340683567,0,0.30952031340683567,0,0.30952031340683567,1
mcd,3699_FullHDwebcam_after,0.9763313609467456,5.462762423243208,0.8333333333333334,0.8333333333333334,-0.6473127003183669,-2,-0.6473127003183669,8,0.5703642856364669,1
mcd,3699_FullHDwebcam_before,0.9763313609467456,7.034515300461887,1.0,1.0,-0.7394696868625135,-3,-0.7394696868625135,8,0.636775903639058,1
mcd,3699_IriunWebcam_after,0.975609756097561,5.4661588424015495,0.8333333333333334,0.8333333333333334,-0.3559147137616108,-6,-0.4014831922015939,28,0.378945792854283,1
mcd,3699_IriunWebcam_before,0.975609756097561,7.1930705412797815,0.5555555555555556,0.5555555555555556,0.2724492445836063,-6,-0.3155407083767324,5,0.27769943737615804,1
mcd,3700_FullHDwebcam_after,0.3994082840236686,-2.590297553712224,0.2222222222222222,0.2857142857142857,-0.49103262915910617,-3,-0.49103262915910617,-16,0.3595529824881376,0
mcd,3700_FullHDwebcam_before,0.9763313609467456,1.6048572480828909,0.5,0.5384615384615384,-0.6385684256961218,-3,-0.6385684256961218,8,0.5498807466746192,1
mcd,3700_IriunWebcam_after,0.3994082840236686,-2.46261108321102,0.2222222222222222,0.42857142857142855,0.32463692784361814,3,0.32463692784361814,3,0.32463692784361814,0
mcd,3700_IriunWebcam_before,0.9763313609467456,1.4388202272432757,0.3888888888888889,0.46153846153846156,0.47653169159782277,3,0.47653169159782277,3,0.47653169159782277,1
mcd,3700_USBVideo_after,0.3994082840236686,-2.522935356486564,0.2222222222222222,0.42857142857142855,0.42760118218241966,-2,0.42760118218241966,-2,0.42760118218241966,0
mcd,3700_USBVideo_before,0.9763313609467456,1.580143366257741,0.5555555555555556,0.6153846153846154,0.341939602654094,-14,-0.4022247453392498,-3,0.341939602654094,1
mcd,3701_FullHDwebcam_after,0.9319526627218935,8.106798730931128,0.6111111111111112,0.6470588235294118,-0.5831236353591208,-3,-0.5831236353591208,7,0.5627214568539061,1
mcd,3701_FullHDwebcam_before,0.9763313609467456,7.959481731941682,1.0,1.0,-0.643162030163884,-4,-0.643162030163884,-17,0.5897369003795905,1
mcd,3701_IriunWebcam_after,0.9312638580931264,8.12557545263603,0.1111111111111111,0.11764705882352941,0.16726348221687837,14,-0.2016137556084195,26,0.17723984785205332,1
mcd,3701_IriunWebcam_before,0.975609756097561,8.278971397623437,0.05555555555555555,0.05555555555555555,0.05421611158865526,21,-0.06352077373029465,28,0.05506607568394264,1
mcd,3701_USBVideo_after,0.9312638580931264,8.089931247024875,0.9444444444444444,1.0,0.5010112019742423,-10,-0.5360447253384993,-21,0.5075680825266813,1
mcd,3701_USBVideo_before,0.975609756097561,8.113696468844179,0.7777777777777778,0.7777777777777778,0.5851885222041122,-21,0.5859449487349333,-21,0.5859449487349333,1
mcd,3732_FullHDwebcam_after,0.9763313609467456,7.162212860600241,1.0,1.0,-0.8474083504944632,-3,-0.8474083504944632,10,0.6840337161112438,1
mcd,3732_FullHDwebcam_before,0.9319526627218935,5.170071406220491,1.0,1.0,-0.729426236268205,-4,-0.729426236268205,-20,0.6077842364215764,1
mcd,3732_IriunWebcam_after,0.975609756097561,7.242880729733894,0.4444444444444444,0.4444444444444444,0.23773640257474063,-30,0.2560869989960351,-30,0.2560869989960351,1
mcd,3732_IriunWebcam_before,0.9319526627218935,5.215102496973381,0.1111111111111111,0.11764705882352941,0.2892718081732465,4,0.2892718081732465,4,0.2892718081732465,1
mcd,3732_USBVideo_after,0.975609756097561,7.056562115762487,1.0,1.0,0.5268892202340355,-10,-0.579615322171208,4,0.5268892202340355,1
mcd,3732_USBVideo_before,0.9319526627218935,5.069903128344624,0.6666666666666666,0.7058823529411765,0.35007340772695755,-29,0.40641020496979596,-29,0.40641020496979596,1
mcd,3735_FullHDwebcam_after,0.9763313609467456,8.638324895249141,1.0,1.0,-0.5759487751617859,19,-0.5836539474734395,8,0.5716580502281031,1
mcd,3735_FullHDwebcam_before,0.9763313609467456,8.941728275453581,0.16666666666666666,0.16666666666666666,0.3354464216311991,4,0.3354464216311991,4,0.3354464216311991,1
mcd,3735_IriunWebcam_after,0.975609756097561,8.70939646563437,0.3888888888888889,0.3888888888888889,0.2954348254356246,3,0.2954348254356246,3,0.2954348254356246,1
mcd,3735_IriunWebcam_before,0.975609756097561,8.99961397711249,0.05555555555555555,0.05555555555555555,0.2244937899847074,2,0.2244937899847074,2,0.2244937899847074,1
mcd,3738_FullHDwebcam_after,0.9763313609467456,6.299320236066928,0.8888888888888888,0.9411764705882353,-0.6765695548214997,-3,-0.6765695548214997,-16,0.6018965922710678,1
mcd,3738_FullHDwebcam_before,0.9319526627218935,7.044541442282415,0.9444444444444444,0.9411764705882353,-0.6744212654980686,-3,-0.6744212654980686,-17,0.6113394698304279,1
mcd,3738_IriunWebcam_after,0.975609756097561,6.360820373386639,0.6666666666666666,0.7058823529411765,0.4648820020609373,3,0.4648820020609373,3,0.4648820020609373,1
mcd,3738_IriunWebcam_before,0.9319526627218935,7.162049044843421,0.6666666666666666,0.7058823529411765,0.46268178755233613,3,0.46268178755233613,3,0.46268178755233613,1
mcd,3738_USBVideo_after,0.975609756097561,6.193747872391257,0.3333333333333333,0.35294117647058826,0.34293831807232494,0,0.34293831807232494,0,0.34293831807232494,1
mcd,3738_USBVideo_before,0.9319526627218935,7.0796872915476845,0.3333333333333333,0.35294117647058826,0.3445497462741999,13,-0.3748915557040577,25,0.3554265489452759,1
mcd,3754_FullHDwebcam_after,0.9763313609467456,7.166683614643379,0.8888888888888888,0.875,-0.6238836039652761,-1,-0.6238836039652761,7,0.5617236455348062,1
mcd,3754_FullHDwebcam_before,0.9763313609467456,3.0515373649251494,0.7777777777777778,0.9285714285714286,-0.575661613088724,-2,-0.575661613088724,-14,0.5181268422175851,1
mcd,3754_IriunWebcam_after,0.975609756097561,7.009614620729448,0.6111111111111112,0.625,0.5094017432167126,4,0.5094017432167126,4,0.5094017432167126,1
mcd,3754_IriunWebcam_before,0.975609756097561,2.938787044615453,0.4444444444444444,0.4666666666666667,0.3559750663995683,3,0.3559750663995683,3,0.3559750663995683,1
mcd,3754_USBVideo_after,0.9763313609467456,6.978929079711511,0.2222222222222222,0.1875,0.26170851842931514,-2,0.26170851842931514,-2,0.26170851842931514,1
mcd,3754_USBVideo_before,0.9763313609467456,2.950405840776099,0.2777777777777778,0.26666666666666666,0.23036211682737692,21,0.24902433905448798,21,0.24902433905448798,1
mcd,3763_FullHDwebcam_after,0.8431952662721893,8.540772909694777,0.3888888888888889,0.4666666666666667,-0.41450248348511404,-2,-0.41450248348511404,-13,0.3744342934776649,1
mcd,3763_FullHDwebcam_before,0.8875739644970414,4.680969359666353,0.6666666666666666,0.7333333333333333,-0.519241083513842,6,0.546584662056931,6,0.546584662056931,1
mcd,3763_IriunWebcam_after,0.8431952662721893,8.43434169583779,0.1111111111111111,0.13333333333333333,0.10208306608279055,-26,-0.12732812131348206,6,0.12491090517324585,1
mcd,3763_IriunWebcam_before,0.8875739644970414,4.6504468857408074,0.3888888888888889,0.3333333333333333,-0.20102488026103113,30,0.24922351299227313,30,0.24922351299227313,1
mcd,3763_USBVideo_before,0.8875739644970414,4.467988054954569,0.2777777777777778,0.3333333333333333,-0.0718899003764573,30,0.1302376208639548,30,0.1302376208639548,1
mcd,3778_FullHDwebcam_after,0.9763313609467456,11.362751034331321,0.8333333333333334,0.8333333333333334,-0.4919018017380393,-22,-0.5082053814894987,-12,0.50394823549156,1
mcd,3778_FullHDwebcam_before,0.9763313609467456,11.264882994816578,0.9444444444444444,0.9444444444444444,-0.511288258364136,20,-0.5264882533326971,30,0.49561723067252544,1
mcd,3778_IriunWebcam_after,0.9763313609467456,11.26681954840415,0.7777777777777778,0.7777777777777778,-0.38308979708922036,16,-0.4012950607799395,26,0.3918589473585457,1
mcd,3778_IriunWebcam_before,0.975609756097561,11.157714718625073,0.9444444444444444,0.9444444444444444,0.4856393155811293,4,0.4856393155811293,4,0.4856393155811293,1
mcd,3778_USBVideo_after,0.9763313609467456,11.304949923166543,0.16666666666666666,0.16666666666666666,0.22834748602686222,-10,-0.25671730534296283,22,0.24694416145945594,1
mcd,3778_USBVideo_before,0.9763313609467456,11.181652403078843,0.2222222222222222,0.2222222222222222,0.26811849011059935,22,0.2714028278072397,22,0.2714028278072397,1
mcd,3780_FullHDwebcam_after,0.9763313609467456,7.988692280529511,0.2777777777777778,0.2777777777777778,-0.28188318230443354,6,0.3182540034806623,6,0.3182540034806623,1
mcd,3780_FullHDwebcam_before,0.9763313609467456,5.992428970494309,0.4444444444444444,0.4444444444444444,-0.4224132611592426,7,0.4231697694339355,7,0.4231697694339355,1
mcd,3780_IriunWebcam_after,0.9763313609467456,8.108532928022925,0.16666666666666666,0.16666666666666666,-0.17168534995900644,-18,-0.223748365179934,13,0.17934269687558357,1
mcd,3780_IriunWebcam_before,0.975609756097561,5.934033880274839,0.05555555555555555,0.05555555555555555,0.022126287654135424,8,-0.07896547950369558,16,0.06208849183942287,1
mcd,3780_USBVideo_after,0.9763313609467456,7.989203456903045,0.6111111111111112,0.6111111111111112,0.4386576568971588,-23,0.4669825731750671,-23,0.4669825731750671,1
mcd,3780_USBVideo_before,0.9763313609467456,5.904012037966909,0.6111111111111112,0.6111111111111112,0.5261871462135358,0,0.5261871462135358,0,0.5261871462135358,1
mcd,3783_FullHDwebcam_after,0.9763313609467456,7.80542706306165,1.0,1.0,-0.6966317367055272,-3,-0.6966317367055272,-15,0.6131107399015471,1
mcd,3783_FullHDwebcam_before,0.9763313609467456,4.601427241240353,0.6111111111111112,0.6111111111111112,-0.4983913355368981,-14,0.514728257386912,-14,0.514728257386912,1
mcd,3783_IriunWebcam_after,0.975609756097561,7.628383530513753,0.6111111111111112,0.6111111111111112,-0.36791008354092086,-5,-0.3819749822648059,-17,0.37768292821638555,1
mcd,3783_IriunWebcam_before,0.975609756097561,4.645570861332626,0.05555555555555555,0.05555555555555555,0.2784563695417051,4,0.2784563695417051,4,0.2784563695417051,1
mcd,3784_FullHDwebcam_after,0.9763313609467456,7.7133855214174005,0.7222222222222222,0.7222222222222222,-0.5701754260735066,-2,-0.5701754260735066,8,0.5218876913755377,1
mcd,3784_FullHDwebcam_before,0.9763313609467456,7.0759774752015305,1.0,1.0,-0.689280478665502,-3,-0.689280478665502,-15,0.6595003381067613,1
mcd,3784_IriunWebcam_after,0.975609756097561,7.614667602870675,0.3333333333333333,0.3333333333333333,-0.1843155179648569,16,-0.24518794509474232,6,0.22773489331630248,1
mcd,3784_IriunWebcam_before,0.975609756097561,7.435276582257137,0.6111111111111112,0.6111111111111112,0.3820689652519325,3,0.3820689652519325,3,0.3820689652519325,1
mcd,3784_USBVideo_after,0.9763313609467456,7.502053214848402,0.4444444444444444,0.4444444444444444,0.4375216543327226,1,0.4375216543327226,1,0.4375216543327226,1
mcd,3797_FullHDwebcam_after,0.8431952662721893,2.96175407680105,0.8333333333333334,0.9375,-0.645118124529434,7,0.6460857098083783,7,0.6460857098083783,1
mcd,3797_FullHDwebcam_before,0.9763313609467456,5.745875554280303,0.9444444444444444,1.0,-0.7722556050668995,-4,-0.7722556050668995,9,0.665982128876193,1
mcd,3797_IriunWebcam_after,0.8431952662721893,3.057712692719573,0.05555555555555555,0.0625,0.22860444487068557,4,0.22860444487068557,4,0.22860444487068557,1
mcd,3797_IriunWebcam_before,0.9763313609467456,5.778469831998964,0.8888888888888888,0.9411764705882353,0.6085519395239114,5,0.6375163267655696,5,0.6375163267655696,1
mcd,3797_USBVideo_after,0.8431952662721893,3.1852418055803993,0.1111111111111111,0.125,0.2021051158471475,-27,-0.2122382303033961,-1,0.2021051158471475,1
mcd,3797_USBVideo_before,0.9763313609467456,5.625301998117835,0.8888888888888888,0.9411764705882353,0.6084893032469798,1,0.6084893032469798,1,0.6084893032469798,1
mcd,3833_FullHDwebcam_after,0.9763313609467456,3.365355603028406,0.7777777777777778,0.875,-0.5485987624144834,-2,-0.5485987624144834,8,0.480916125920477,1
mcd,3833_FullHDwebcam_before,0.9763313609467456,8.135627659914029,1.0,1.0,-0.7208974293501766,-2,-0.7208974293501766,10,0.633625232350266,1
mcd,3833_IriunWebcam_after,0.9763313609467456,3.403773175164848,0.16666666666666666,0.17647058823529413,0.24119982744092508,4,0.24119982744092508,4,0.24119982744092508,1
mcd,3833_IriunWebcam_before,0.9763313609467456,8.15834135085552,0.5,0.5,0.4647680006483784,4,0.4647680006483784,4,0.4647680006483784,1
mcd,3833_USBVideo_after,0.7988165680473372,3.342451666754802,0.2222222222222222,0.26666666666666666,0.2798463364374508,-11,-0.2834649636246758,21,0.28006996233056414,1
mcd,3833_USBVideo_before,0.975609756097561,8.260995866929541,0.6111111111111112,0.6111111111111112,0.43120161976588106,-1,0.43120161976588106,-1,0.43120161976588106,1
mcd,3889_FullHDwebcam_after,0.9763313609467456,5.18533270564944,0.6666666666666666,0.7058823529411765,-0.42362544729871665,14,-0.43101406033457434,23,0.42882148992707514,1
mcd,3889_FullHDwebcam_before,0.9763313609467456,4.735496322505385,0.7222222222222222,0.7058823529411765,-0.5331271863779823,-2,-0.5331271863779823,7,0.4736684846039553,1
mcd,3889_IriunWebcam_after,0.975609756097561,5.256271934110872,0.16666666666666666,0.17647058823529413,0.20140082398163892,2,0.20140082398163892,2,0.20140082398163892,1
mcd,3889_IriunWebcam_before,0.975609756097561,4.721818827537431,0.05555555555555555,0.058823529411764705,0.12136030091768303,1,0.12136030091768303,1,0.12136030091768303,1
mcd,3906_FullHDwebcam_after,0.9763313609467456,6.929961462994765,0.7777777777777778,0.7777777777777778,-0.44991241421727257,-2,-0.44991241421727257,5,0.4252120749171642,1
mcd,3906_FullHDwebcam_before,0.04437869822485207,0.39812988158189777,0.05555555555555555,0.0,0.10788239885240797,-16,-0.1886026283917138,17,0.18586132334945277,0
mcd,3906_IriunWebcam_after,0.975609756097561,7.024956680299619,0.0,0.0,0.09103535252658444,11,-0.11473990916595384,19,0.10339759385438031,1
mcd,3906_IriunWebcam_before,0.04437869822485207,0.16101647193625235,0.0,0.0,0.22644138924234347,11,-0.23266925161504035,3,0.22644138924234347,0
mcd,3930_FullHDwebcam_after,0.9763313609467456,11.363567801860068,1.0,1.0,-0.7893020162857904,-2,-0.7893020162857904,-15,0.7460828041753537,1
mcd,3930_FullHDwebcam_before,0.9763313609467456,11.317892629820173,1.0,1.0,-0.8057061982743866,-24,-0.8101452446762525,-14,0.7431079527629371,1
mcd,3930_IriunWebcam_after,0.975609756097561,11.347222454391865,0.8333333333333334,0.8333333333333334,0.4759232602543155,26,0.4810289286677724,26,0.4810289286677724,1
mcd,3930_IriunWebcam_before,0.9763313609467456,11.327478453427585,0.8333333333333334,0.8333333333333334,0.5307457579017074,3,0.5307457579017074,3,0.5307457579017074,1
mcd,3930_USBVideo_after,0.9763313609467456,11.369886698992353,0.6111111111111112,0.6111111111111112,0.4067269344816152,-2,0.4067269344816152,-2,0.4067269344816152,1
mcd,3930_USBVideo_before,0.9763313609467456,11.295023966499254,0.5,0.5,0.49201544690140414,-24,0.4969432248237105,-24,0.4969432248237105,1
mcd,3957_FullHDwebcam_after,0.9763313609467456,8.500531999633086,1.0,1.0,-0.7576356206106877,-1,-0.7576356206106877,7,0.6552159982184373,1
mcd,3957_FullHDwebcam_before,0.9763313609467456,8.407774874892876,1.0,1.0,-0.609237917591018,-2,-0.609237917591018,-16,0.5971805972792062,1
mcd,3957_IriunWebcam_after,0.975609756097561,8.51447948080985,0.6111111111111112,0.6111111111111112,0.34946621115375864,4,0.34946621115375864,4,0.34946621115375864,1
mcd,3957_IriunWebcam_before,0.9763313609467456,8.395163448051544,0.3333333333333333,0.3333333333333333,0.31639159261045735,16,-0.32535209630963635,4,0.31639159261045735,1
mcd,3957_USBVideo_after,0.9763313609467456,8.728589611979656,0.05555555555555555,0.05555555555555555,0.2513024037917534,-1,0.2513024037917534,-1,0.2513024037917534,1
mcd,3957_USBVideo_before,0.9763313609467456,8.400020161066413,0.5,0.5,0.3172939720724177,-14,-0.3674486235531361,-26,0.31977366784578043,1
mcd,3962_FullHDwebcam_after,0.9763313609467456,8.86675115463022,0.9444444444444444,0.9444444444444444,-0.550668104779877,17,-0.5604599826336638,7,0.5286797629322266,1
mcd,3962_FullHDwebcam_before,0.9763313609467456,5.48022621836483,0.8888888888888888,0.8888888888888888,-0.584342695087201,-2,-0.584342695087201,-14,0.572129475928991,1
mcd,3962_IriunWebcam_after,0.975609756097561,9.130632300351454,0.1111111111111111,0.1111111111111111,0.2567769082565548,3,0.2567769082565548,3,0.2567769082565548,1
mcd,3962_IriunWebcam_before,0.9763313609467456,5.440245884805934,0.3888888888888889,0.3888888888888889,0.36308413671972356,3,0.36308413671972356,3,0.36308413671972356,1
mcd,3962_USBVideo_after,0.9763313609467456,9.029814459920122,0.2222222222222222,0.2222222222222222,0.27268225291839215,7,-0.2875095693517897,15,0.2749050848306761,1
mcd,3962_USBVideo_before,0.9763313609467456,5.317438955458867,0.16666666666666666,0.16666666666666666,0.34163132205466273,-2,0.34163132205466273,-2,0.34163132205466273,1
mcd,4016_FullHDwebcam_after,0.9763313609467456,9.516163749979931,0.7222222222222222,0.7222222222222222,-0.5707977967618667,-3,-0.5707977967618667,7,0.5402124666373169,1
mcd,4016_FullHDwebcam_before,0.9763313609467456,10.732200265227636,0.7777777777777778,0.7777777777777778,-0.5553308277614111,-4,-0.5553308277614111,8,0.47684821424228085,1
mcd,4016_IriunWebcam_after,0.975609756097561,9.485857653653145,0.16666666666666666,0.16666666666666666,-0.22150259378214515,-6,-0.27215158855044524,-20,0.23213283593939132,1
mcd,4016_IriunWebcam_before,0.975609756097561,10.731898639118254,0.5,0.5,0.31889803969567004,18,-0.36334523742569724,30,0.3275407048517746,1
mcd,4016_USBVideo_after,0.9763313609467456,9.54589069188128,0.3333333333333333,0.3333333333333333,0.36235794033325236,-1,0.36235794033325236,-1,0.36235794033325236,1
mcd,4016_USBVideo_before,0.9763313609467456,10.776236948397177,0.3333333333333333,0.3333333333333333,0.15780443504880104,24,0.22237666737008205,24,0.22237666737008205,1
mcd,4055_FullHDwebcam_after,0.9763313609467456,2.9161967295588034,0.3888888888888889,0.375,-0.31151793075261186,12,-0.344152535957617,5,0.34109786178873236,1
mcd,4055_FullHDwebcam_before,0.9763313609467456,9.088003299232879,0.7777777777777778,0.7777777777777778,-0.46746264545366983,6,0.4718411625002358,6,0.4718411625002358,1
mcd,4055_IriunWebcam_after,0.9763313609467456,2.6363156764282722,0.2222222222222222,0.23529411764705882,0.10480213502495236,11,-0.23284736910065626,18,0.1747817756996153,1
mcd,4055_IriunWebcam_before,0.9763313609467456,9.107022380091808,0.0,0.0,-0.08359200205435448,17,-0.1350872420601028,23,0.11465622821036464,1
mcd,4055_USBVideo_after,0.9763313609467456,2.7875904197306145,0.05555555555555555,0.06666666666666667,0.13032398128195105,-14,0.19066025155196967,-14,0.19066025155196967,1
mcd,4055_USBVideo_before,0.9763313609467456,9.127716784172605,0.5,0.5,0.2917582635775653,1,0.2917582635775653,1,0.2917582635775653,1
mcd,4073_FullHDwebcam_after,0.9763313609467456,8.132268439335792,1.0,1.0,-0.7103805516645446,-2,-0.7103805516645446,11,0.6012293273083971,1
mcd,4073_FullHDwebcam_before,0.9763313609467456,8.158529333273783,0.6666666666666666,0.6666666666666666,-0.4933718747508514,8,0.5039504334568585,8,0.5039504334568585,1
mcd,4073_IriunWebcam_after,0.9763313609467456,8.09798469750365,0.4444444444444444,0.4444444444444444,0.260166086253899,28,0.2852049718714043,28,0.2852049718714043,1
mcd,4073_IriunWebcam_before,0.9763313609467456,7.910297822582979,0.3888888888888889,0.3888888888888889,0.33572137319797357,5,0.3551777740436498,5,0.3551777740436498,1
mcd,4074_FullHDwebcam_after,0.9763313609467456,6.730669549072591,1.0,1.0,-0.6798802903969472,-4,-0.6798802903969472,9,0.6259949535468683,1
mcd,4074_FullHDwebcam_before,0.9763313609467456,6.842169417013432,1.0,1.0,-0.7128883404813159,-6,-0.7717940553225728,9,0.7245950244701055,1
mcd,4074_IriunWebcam_after,0.975609756097561,6.710979012540724,0.4444444444444444,0.47058823529411764,0.2931116112491465,-8,-0.36142775127686444,5,0.29487918279140524,1
mcd,4074_IriunWebcam_before,0.975609756097561,6.890638743523924,0.3333333333333333,0.29411764705882354,0.24635312093467213,5,0.2532406332805505,5,0.2532406332805505,1
mcd,4087_FullHDwebcam_after,0.9763313609467456,10.519296400224174,1.0,1.0,-0.8088081024428405,-4,-0.8088081024428405,-19,0.7471315199264047,1
mcd,4087_FullHDwebcam_before,0.9763313609467456,10.273046217565135,1.0,1.0,-0.8016219087466123,-3,-0.8016219087466123,-18,0.749790309678582,1
mcd,4087_IriunWebcam_after,0.975609756097561,10.492103202206657,0.7777777777777778,0.7777777777777778,0.4648244979583057,21,-0.5170672816432208,4,0.4648244979583057,1
mcd,4087_IriunWebcam_before,0.975609756097561,10.257174392659497,0.6666666666666666,0.6666666666666666,0.4036150708695636,-23,0.44027993151225214,-23,0.44027993151225214,1
mcd,4087_USBVideo_after,0.975609756097561,10.509564439384171,0.8333333333333334,0.8333333333333334,0.48614621928161683,26,0.4990775854855202,26,0.4990775854855202,1
mcd,4087_USBVideo_before,0.9763313609467456,10.211259175937492,1.0,1.0,0.5686023223569671,-26,0.5724472660697165,-26,0.5724472660697165,1
mcd,4119_FullHDwebcam_after,0.9763313609467456,9.40190973799125,1.0,1.0,-0.6505326229577085,-3,-0.6505326229577085,5,0.5964164207729282,1
mcd,4119_FullHDwebcam_before,0.9763313609467456,7.349219613305269,0.8333333333333334,0.8333333333333334,-0.5074106488332529,-6,-0.5568926151455611,-19,0.46907926732509747,1
mcd,4119_IriunWebcam_after,0.9763313609467456,9.061049947521422,0.05555555555555555,0.05555555555555555,0.1935343809344941,-6,-0.21579618551752822,3,0.1935343809344941,1
mcd,4119_IriunWebcam_before,0.9763313609467456,7.535960077264255,0.1111111111111111,0.1111111111111111,0.3536759675945447,3,0.3536759675945447,3,0.3536759675945447,1
mcd,4172_FullHDwebcam_after,0.9763313609467456,6.479833520402855,0.2777777777777778,0.2777777777777778,0.16092356011427356,17,-0.196281328195498,5,0.17848207102457267,1
mcd,4172_FullHDwebcam_before,0.9763313609467456,6.96209608926449,0.2222222222222222,0.2222222222222222,-0.35108718759430346,-5,-0.3556721227511754,-16,0.3440856348866542,1
mcd,4172_IriunWebcam_after,0.975609756097561,6.067144519053808,0.1111111111111111,0.1111111111111111,0.13642671214950183,13,-0.1620901894009495,21,0.14390192784416725,1
mcd,4172_IriunWebcam_before,0.975609756097561,6.889341759435461,0.05555555555555555,0.05555555555555555,0.08083958161779524,0,0.08083958161779524,0,0.08083958161779524,1
mcd,4172_USBVideo_after,0.9763313609467456,6.298377552417719,0.3888888888888889,0.3888888888888889,0.20617978926546793,-21,0.23353897045475608,-21,0.23353897045475608,1
mcd,4172_USBVideo_before,0.9763313609467456,6.708930745067947,0.0,0.0,0.20208290451698996,7,-0.20813538622048133,-4,0.20208290451698996,1
mcd,4173_FullHDwebcam_after,0.9763313609467456,8.243915695805551,0.16666666666666666,0.16666666666666666,-0.34203560754056445,-11,0.345482948209496,-11,0.345482948209496,1
mcd,4173_FullHDwebcam_before,0.621301775147929,0.9064228753121606,0.16666666666666666,0.1,-0.27149319995532306,-4,-0.27149319995532306,-16,0.22142766875999242,1
mcd,4173_IriunWebcam_after,0.9763313609467456,8.148097153153575,0.16666666666666666,0.16666666666666666,-0.2835790633620942,-12,0.28992081433530953,-12,0.28992081433530953,1
mcd,4173_IriunWebcam_before,0.621301775147929,0.8541259480778112,0.05555555555555555,0.0,0.13847510397032922,-25,-0.2610236885693393,-17,0.25015311051443234,1
mcd,4173_USBVideo_before,0.4437869822485207,0.8885915681811094,0.1111111111111111,0.0,0.16605406405450532,-21,0.1749519337014525,-21,0.1749519337014525,0
mcd,4179_FullHDwebcam_after,0.9319526627218935,1.82141636215571,0.2222222222222222,0.1875,-0.3443238769724291,7,0.35612073004446687,7,0.35612073004446687,1
mcd,4179_FullHDwebcam_before,0.9763313609467456,6.817281822538372,0.9444444444444444,0.9411764705882353,-0.5791126860061945,-2,-0.5791126860061945,8,0.5651250279823478,1
mcd,4179_IriunWebcam_after,0.9312638580931264,1.9647704258517007,0.0,0.0,-0.22692240465621377,-13,0.24090936226651447,-13,0.24090936226651447,1
mcd,4179_IriunWebcam_before,0.9763313609467456,7.0104045481329855,0.2777777777777778,0.29411764705882354,0.22392732686386915,-18,0.24089969161762662,-18,0.24089969161762662,1
mcd,4182_FullHDwebcam_after,0.9763313609467456,7.221754012593744,1.0,1.0,-0.6893012540945487,-3,-0.6893012540945487,-15,0.6161835064965597,1
mcd,4182_FullHDwebcam_before,0.9763313609467456,6.32320318636123,1.0,1.0,-0.6716806080361317,-3,-0.6716806080361317,7,0.6503104411410058,1
mcd,4182_IriunWebcam_after,0.975609756097561,7.1194177438148,0.05555555555555555,0.05555555555555555,0.1665825006808311,-11,-0.18260438807536045,0,0.1665825006808311,1
mcd,4182_IriunWebcam_before,0.9763313609467456,6.354246679379513,0.0,0.0,0.2194180885564733,-7,-0.26683274472165386,-19,0.2659675932223512,1
mcd,4182_USBVideo_after,0.975609756097561,7.369312390212132,0.3888888888888889,0.3888888888888889,0.25484584973164814,-4,0.25484584973164814,-4,0.25484584973164814,1
mcd,4182_USBVideo_before,0.9763313609467456,6.081953657575813,0.4444444444444444,0.4444444444444444,0.29132628354713813,-2,0.29132628354713813,-2,0.29132628354713813,1
mcd,4187_FullHDwebcam_after,0.9763313609467456,8.660566183065502,0.4444444444444444,0.4444444444444444,-0.44470231512073327,-4,-0.44470231512073327,-17,0.3828859137504215,1
mcd,4187_FullHDwebcam_before,0.9763313609467456,9.302165415475322,0.8333333333333334,0.8333333333333334,-0.47212479699404375,-6,-0.5476718732846468,7,0.47667537719344183,1
mcd,4187_IriunWebcam_after,0.975609756097561,8.615522184859406,0.3888888888888889,0.3888888888888889,0.3410798762993499,-19,0.35804111825319207,-19,0.35804111825319207,1
mcd,4187_IriunWebcam_before,0.9763313609467456,9.339283849613166,0.7222222222222222,0.7222222222222222,0.4655752340207555,4,0.4655752340207555,4,0.4655752340207555,1
mcd,4187_USBVideo_after,0.975609756097561,8.689956304529169,0.7222222222222222,0.7222222222222222,0.4058101095054967,0,0.4058101095054967,0,0.4058101095054967,1
mcd,4187_USBVideo_before,0.9763313609467456,9.25701486770642,0.8333333333333334,0.8333333333333334,0.39031284200153454,-12,-0.4499187011647122,-26,0.41697868919338316,1
mcd,4211_FullHDwebcam_after,0.9763313609467456,7.900512167074235,0.1111111111111111,0.1111111111111111,-0.17952721301792157,-19,-0.1871569805134659,5,0.14755851028927025,1
mcd,4211_FullHDwebcam_before,0.9763313609467456,6.743428878910191,0.7222222222222222,0.7222222222222222,-0.391836467104362,-3,-0.391836467104362,7,0.31401835385694654,1
mcd,4211_IriunWebcam_after,0.9763313609467456,7.952121397520983,0.1111111111111111,0.1111111111111111,0.17792605998095692,-25,-0.2155812199535409,-17,0.20320339067441923,1
mcd,4211_IriunWebcam_before,0.975609756097561,7.009256513053877,0.2777777777777778,0.2777777777777778,0.2215029450570016,-8,-0.3260996559449837,2,0.2215029450570016,1
mcd,4211_USBVideo_after,0.9763313609467456,7.827813380296622,0.0,0.0,0.1782853358974281,-30,-0.1999483432986813,-4,0.1782853358974281,1
mcd,4211_USBVideo_before,0.975609756097561,7.0637980396714095,0.2222222222222222,0.2222222222222222,0.2325284842600862,23,0.26682539636335706,23,0.26682539636335706,1
mcd,4225_FullHDwebcam_after,0.9763313609467456,7.052892869075416,0.8333333333333334,0.8333333333333334,-0.5235397714356543,-2,-0.5235397714356543,-11,0.4683575656235921,1
mcd,4225_FullHDwebcam_before,0.9763313609467456,9.265531941849085,0.6666666666666666,0.6666666666666666,-0.43142788782171254,-22,-0.44828175110885193,-13,0.38649208869875706,1
mcd,4225_IriunWebcam_after,0.975609756097561,7.318150184329718,0.5,0.5,0.41915190099784644,-7,-0.4202543384076332,2,0.41915190099784644,1
mcd,4225_IriunWebcam_before,0.9763313609467456,9.001846740871045,0.2222222222222222,0.2222222222222222,0.2723533952308518,-15,0.2795818759103785,-15,0.2795818759103785,1
mcd,4225_USBVideo_after,0.9763313609467456,7.2535236876218985,0.0,0.0,0.17212074835291474,15,0.1824337255378616,15,0.1824337255378616,1
mcd,4225_USBVideo_before,0.9763313609467456,9.049164168059008,0.3333333333333333,0.3333333333333333,0.2466508410903241,-21,0.28305796182476695,-21,0.28305796182476695,1
mcd,4249_FullHDwebcam_after,0.9763313609467456,4.00508648871981,0.8333333333333334,0.8333333333333334,-0.5409583216492646,-4,-0.5409583216492646,-17,0.45907276993126656,1
mcd,4249_FullHDwebcam_before,0.9763313609467456,7.377010866077976,0.9444444444444444,0.9444444444444444,-0.5736147181430489,-6,-0.6367477882271554,7,0.583509905529781,1
mcd,4249_IriunWebcam_after,0.975609756097561,4.062343909462523,0.3888888888888889,0.3888888888888889,0.32259177475611384,5,0.32411992419825475,5,0.32411992419825475,1
mcd,4249_IriunWebcam_before,0.9763313609467456,7.4162268968108505,0.4444444444444444,0.4444444444444444,0.33934798574702413,21,-0.42757620183407785,6,0.35783652934220933,1
mcd,4249_USBVideo_after,0.9763313609467456,3.773228276952537,0.3888888888888889,0.3888888888888889,0.45629591298860744,1,0.45629591298860744,1,0.45629591298860744,1
mcd,4249_USBVideo_before,0.9763313609467456,7.415295575976053,0.8888888888888888,0.8888888888888888,0.5286989390994452,-11,-0.6001728798730106,3,0.5286989390994452,1
mcd,4256_FullHDwebcam_after,0.9763313609467456,9.770274369716958,1.0,1.0,-0.7646584463195657,-2,-0.7646584463195657,-16,0.7532318137845373,1
mcd,4256_FullHDwebcam_before,0.9763313609467456,8.589324722698013,0.7777777777777778,0.7777777777777778,-0.6134889070701336,-2,-0.6134889070701336,-15,0.46166586751923505,1
mcd,4256_IriunWebcam_after,0.9770540340488527,9.737677793158813,0.2222222222222222,0.2222222222222222,0.10472676739783256,27,0.14374731878370334,27,0.14374731878370334,1
mcd,4256_IriunWebcam_before,0.9763313609467456,8.491462555797057,0.2222222222222222,0.2222222222222222,0.14869992827348988,-18,0.1910600778887365,-18,0.1910600778887365,1
mcd,4264_FullHDwebcam_after,0.9763313609467456,10.973908224763614,0.7222222222222222,0.7222222222222222,0.4677277591627318,5,0.477961625214186,5,0.477961625214186,1
mcd,4264_FullHDwebcam_before,0.9763313609467456,6.922806376938881,0.3888888888888889,0.3888888888888889,0.3084708719543224,5,0.3419412305892758,5,0.3419412305892758,1
mcd,4264_IriunWebcam_after,0.975609756097561,11.158735971380896,0.05555555555555555,0.05555555555555555,-0.07340913539348792,-23,-0.09634074373037378,-14,0.0865518929978757,1
mcd,4264_IriunWebcam_before,0.975609756097561,6.825185912154785,0.2777777777777778,0.2777777777777778,-0.029733634154261977,-24,-0.07199095462581451,30,0.0534523569287583,1
mcd,4264_USBVideo_after,0.9763313609467456,11.037690277427554,0.2777777777777778,0.2777777777777778,0.30132331643975385,-1,0.30132331643975385,-1,0.30132331643975385,1
mcd,4264_USBVideo_before,0.9763313609467456,6.970513111467696,0.1111111111111111,0.1111111111111111,0.38517910592774113,-20,0.40177673110638823,-20,0.40177673110638823,1
mcd,4295_FullHDwebcam_after,0.9763313609467456,10.685824586181457,0.5555555555555556,0.5555555555555556,-0.4020836457095415,6,0.4119569355439556,6,0.4119569355439556,1
mcd,4295_FullHDwebcam_before,0.9763313609467456,8.506822489292542,0.7777777777777778,0.7777777777777778,-0.5594607266499494,-3,-0.5594607266499494,7,0.48200065599223024,1
mcd,4295_IriunWebcam_before,0.9763313609467456,8.49796880352227,0.6111111111111112,0.6111111111111112,0.287207209886475,-21,0.2951583142124052,-21,0.2951583142124052,1
mcd,4307_FullHDwebcam_after,0.9763313609467456,6.7203254794286025,0.9444444444444444,0.9411764705882353,-0.6136730193797386,-3,-0.6136730193797386,6,0.6054202985428319,1
mcd,4307_FullHDwebcam_before,0.9763313609467456,5.850897548524891,0.6666666666666666,0.6666666666666666,-0.5881737789825514,-2,-0.5881737789825514,6,0.5377445261144026,1
mcd,4307_IriunWebcam_after,0.9763313609467456,6.866449545285642,0.0,0.0,0.06785632102458028,-27,-0.11651491083547383,-19,0.086569558028291,1
mcd,4307_IriunWebcam_before,0.975609756097561,5.952767244958128,0.16666666666666666,0.16666666666666666,0.30415847419633735,30,-0.33213352905034704,22,0.3299021365341857,1
mcd,4311_FullHDwebcam_after,0.9763313609467456,7.023053065449668,0.8888888888888888,0.8888888888888888,-0.5742081180203866,9,0.6162307786520561,9,0.6162307786520561,1
mcd,4311_FullHDwebcam_before,0.9763313609467456,8.516571316634693,0.7222222222222222,0.7222222222222222,-0.4795189945898774,9,0.5007888308577682,9,0.5007888308577682,1
mcd,4311_IriunWebcam_after,0.975609756097561,6.83467127477753,0.7777777777777778,0.7777777777777778,0.3853885653277668,-6,-0.4202155819835017,5,0.3960449150044591,1
mcd,4311_IriunWebcam_before,0.975609756097561,8.486541690286481,0.5,0.5,0.3505327514010006,-6,-0.390385543825039,5,0.363965665356458,1
mcd,4312_FullHDwebcam_after,0.9763313609467456,7.0112190322495795,0.8888888888888888,0.9411764705882353,-0.8100382331477886,-1,-0.8100382331477886,9,0.6619529328091988,1
mcd,4312_FullHDwebcam_before,0.9319526627218935,5.431277252054363,1.0,1.0,-0.8677353025788217,-1,-0.8677353025788217,10,0.7141566774260495,1
mcd,4312_IriunWebcam_after,0.9763313609467456,7.103417032424831,0.6666666666666666,0.7058823529411765,0.5605344983683306,4,0.5605344983683306,4,0.5605344983683306,1
mcd,4312_IriunWebcam_before,0.9312638580931264,5.389705768611553,0.16666666666666666,0.1875,-0.430981376113417,-5,-0.46454712525266817,5,0.3921250788336863,1
mcd,4312_USBVideo_after,0.975609756097561,7.033072718162668,0.16666666666666666,0.17647058823529413,0.3321051277420573,1,0.3321051277420573,1,0.3321051277420573,1
mcd,4312_USBVideo_before,0.9319526627218935,5.302905379805697,0.4444444444444444,0.5,0.3591257361211132,-24,0.4002345883006472,-24,0.4002345883006472,1
mcd,4321_FullHDwebcam_after,0.9763313609467456,9.245244134852024,0.9444444444444444,0.9444444444444444,-0.6214348006206564,-4,-0.6214348006206564,-16,0.5767266388449712,1
mcd,4321_FullHDwebcam_before,0.9763313609467456,8.223165023036898,1.0,1.0,-0.5657834503206851,-20,0.6421602677843786,-20,0.6421602677843786,1
mcd,4321_IriunWebcam_after,0.9763313609467456,9.10921359324051,0.16666666666666666,0.16666666666666666,0.20344364468836956,28,0.22661116441853857,28,0.22661116441853857,1
mcd,4321_IriunWebcam_before,0.975609756097561,8.158386911270664,0.6111111111111112,0.6111111111111112,0.3932893958914113,3,0.3932893958914113,3,0.3932893958914113,1
mcd,4322_FullHDwebcam_after,0.8431952662721893,6.118216428354586,0.9444444444444444,1.0,-0.7380590756311599,-3,-0.7380590756311599,9,0.6113517466495646,1
mcd,4322_FullHDwebcam_before,0.9763313609467456,5.459780181542595,1.0,1.0,-0.6116136158026461,-4,-0.6116136158026461,-17,0.6024362997391615,1
mcd,4322_IriunWebcam_after,0.8431952662721893,6.358053267510868,0.16666666666666666,0.1875,-0.19849523249516274,-1,-0.19849523249516274,11,0.1954256986577825,1
mcd,4322_IriunWebcam_before,0.9763313609467456,5.532775910794506,0.1111111111111111,0.1111111111111111,-0.20234269589091727,-30,-0.23085010011060603,-19,0.15070338746727752,1
mcd,4322_USBVideo_before,0.9763313609467456,5.443014917497527,0.5555555555555556,0.5555555555555556,0.36307450500627936,-13,-0.38208685973583795,-24,0.37135410205002933,1
mcd,4332_FullHDwebcam_after,0.9763313609467456,5.258512480019444,0.5555555555555556,0.5882352941176471,-0.4495830327517237,-5,-0.4531385023829003,5,0.43634366285307175,1
mcd,4332_FullHDwebcam_before,0.9763313609467456,6.591323484367793,0.9444444444444444,0.9444444444444444,-0.6452124408478122,-4,-0.6452124408478122,5,0.5768067571278402,1
mcd,4332_IriunWebcam_after,0.9763313609467456,5.205918965247372,0.2777777777777778,0.29411764705882354,0.24976132071635027,2,0.24976132071635027,2,0.24976132071635027,1
mcd,4332_IriunWebcam_before,0.975609756097561,6.582167638425789,0.4444444444444444,0.4444444444444444,0.3698843895686615,12,-0.4048354721431692,1,0.3698843895686615,1
mcd,4354_FullHDwebcam_after,0.9763313609467456,6.8067361380169915,0.8888888888888888,0.8888888888888888,-0.6298444766148552,-2,-0.6298444766148552,8,0.48452254999878575,1
mcd,4354_FullHDwebcam_before,0.9763313609467456,3.339840391029557,0.8333333333333334,0.8125,-0.5020107650345802,-4,-0.5020107650345802,7,0.48666001478296533,1
mcd,4354_IriunWebcam_after,0.9763313609467456,6.886826094730554,0.16666666666666666,0.16666666666666666,-0.09724944177778966,-27,-0.1913266254020854,-14,0.12765151685588347,1
mcd,4354_IriunWebcam_before,0.8425720620842572,3.221605922966279,0.16666666666666666,0.2,0.24444711423677368,3,0.24444711423677368,3,0.24444711423677368,1
mcd,4356_FullHDwebcam_after,0.9763313609467456,9.4073238688898,1.0,1.0,-0.5747361440726638,8,0.5855426547188199,8,0.5855426547188199,1
mcd,4356_FullHDwebcam_before,0.9763313609467456,5.684356752274106,0.9444444444444444,0.9444444444444444,-0.6370793337963497,-2,-0.6370793337963497,7,0.5763833779656545,1
mcd,4356_IriunWebcam_after,0.9763313609467456,9.221499637953464,0.1111111111111111,0.1111111111111111,0.10844195021609895,28,-0.15861535432448723,17,0.1389199088869536,1
mcd,4356_IriunWebcam_before,0.9763313609467456,5.7707932086709794,0.2222222222222222,0.2222222222222222,0.24180600738615593,2,0.24180600738615593,2,0.24180600738615593,1
mcd,4397_FullHDwebcam_after,0.9763313609467456,9.935035904283263,1.0,1.0,-0.5323568025908029,24,0.5792229212085849,24,0.5792229212085849,1
mcd,4397_FullHDwebcam_before,0.9763313609467456,8.88156511857478,0.7222222222222222,0.7222222222222222,-0.48652792777872494,18,-0.5035867976170579,7,0.49482473576924774,1
mcd,4397_IriunWebcam_after,0.9763313609467456,9.783447366856095,0.0,0.0,0.10914178725368849,1,0.10914178725368849,1,0.10914178725368849,1
mcd,4397_IriunWebcam_before,0.975609756097561,8.782829850153632,0.1111111111111111,0.1111111111111111,0.19596316609609524,2,0.19596316609609524,2,0.19596316609609524,1
mcd,4397_USBVideo_after,0.9763313609467456,9.996935526415133,0.2222222222222222,0.2222222222222222,0.23714276113153943,16,0.28022799867468245,16,0.28022799867468245,1
mcd,4397_USBVideo_before,0.9763313609467456,8.784229712676844,0.16666666666666666,0.16666666666666666,0.14588138997037806,19,0.163158593664022,19,0.163158593664022,1
mcd,4404_FullHDwebcam_after,0.9763313609467456,8.04977869476518,0.8888888888888888,0.8888888888888888,-0.5750692364373111,7,0.5880211579642066,7,0.5880211579642066,1
mcd,4404_FullHDwebcam_before,0.9763313609467456,4.322358223836133,0.5555555555555556,0.5882352941176471,0.402016861225185,19,-0.4416311675712375,-20,0.42465992861566404,1
mcd,4404_IriunWebcam_after,0.975609756097561,8.071552862892492,0.16666666666666666,0.16666666666666666,0.21613473016791687,-20,0.24449054439102608,-20,0.24449054439102608,1
mcd,4404_IriunWebcam_before,0.9763313609467456,4.498467290827868,0.2222222222222222,0.23529411764705882,0.22284458256357262,4,0.22284458256357262,4,0.22284458256357262,1
mcd,4430_FullHDwebcam_after,0.8875739644970414,5.209568879817899,0.3888888888888889,0.3125,-0.3136087111784073,-16,0.3231099839263998,-16,0.3231099839263998,1
mcd,4430_FullHDwebcam_before,0.9763313609467456,6.57073951647377,0.7222222222222222,0.7647058823529411,-0.4990021023072539,-4,-0.4990021023072539,7,0.424936997044375,1
mcd,4430_IriunWebcam_after,0.8869179600886918,5.472431979032832,0.5,0.5,0.2613810295006833,21,0.31490469678449035,21,0.31490469678449035,1
mcd,4430_IriunWebcam_before,0.975609756097561,6.593047964160843,0.1111111111111111,0.058823529411764705,0.12619867730105055,10,-0.13032447203981556,0,0.12619867730105055,1
mcd,4430_USBVideo_after,0.9312638580931264,5.464848000894402,0.5,0.47058823529411764,0.2765318976176262,14,-0.37828673514539396,3,0.2765318976176262,1
mcd,4430_USBVideo_before,0.9763313609467456,6.587822329259796,0.2222222222222222,0.17647058823529413,0.13684666681715252,-8,-0.1815034068828133,-20,0.16933193810208605,1
mcd,4434_FullHDwebcam_after,0.9763313609467456,5.42090954415639,0.5555555555555556,0.5555555555555556,-0.44715602363014456,6,0.4725184386468574,6,0.4725184386468574,1
mcd,4434_FullHDwebcam_before,0.9763313609467456,7.902622878880573,0.1111111111111111,0.1111111111111111,0.3053644564327812,5,0.332810315445498,5,0.332810315445498,1
mcd,4434_IriunWebcam_after,0.9763313609467456,5.378112322708852,0.1111111111111111,0.1111111111111111,0.020639697456424067,27,-0.05942951520531353,16,0.049524728582169865,1
mcd,4434_IriunWebcam_before,0.975609756097561,7.89555168727291,0.16666666666666666,0.16666666666666666,0.03508954621246532,-23,0.08313886818292003,-23,0.08313886818292003,1
mcd,4434_USBVideo_after,0.9763313609467456,5.473037019132603,0.4444444444444444,0.4444444444444444,0.3317740953067902,18,0.3494035571828116,18,0.3494035571828116,1
mcd,4434_USBVideo_before,0.9763313609467456,7.8594283780412475,0.4444444444444444,0.4444444444444444,0.2979345041855275,-11,-0.3046148060746936,-20,0.3035059200610773,1
mcd,4440_FullHDwebcam_after,0.9763313609467456,9.34666231152151,0.3888888888888889,0.3888888888888889,-0.3648730609426474,-1,-0.3648730609426474,-10,0.29883948029091406,1
mcd,4440_FullHDwebcam_before,0.9763313609467456,9.356406514762472,0.8333333333333334,0.8333333333333334,-0.5237620742862247,-3,-0.5237620742862247,8,0.4022930840644006,1
mcd,4440_IriunWebcam_after,0.9763313609467456,9.53293987049809,0.0,0.0,-0.14167053774693922,-5,-0.14505239644603288,21,0.1448655086598495,1
mcd,4440_IriunWebcam_before,0.9763313609467456,9.607777232635556,0.7777777777777778,0.7777777777777778,0.4166568546150585,2,0.4166568546150585,2,0.4166568546150585,1
mcd,4440_USBVideo_after,0.975609756097561,9.405574814885249,0.1111111111111111,0.1111111111111111,0.1315538308928701,6,-0.1538847847742889,16,0.15077389432483715,1
mcd,4440_USBVideo_before,0.9763313609467456,9.367948952702479,0.4444444444444444,0.4444444444444444,0.11310388119182499,-14,-0.1826399723344781,-24,0.11710846301374198,1
mcd,4448_FullHDwebcam_after,0.9763313609467456,7.132929506555481,1.0,1.0,-0.7702609661452448,-3,-0.7702609661452448,-19,0.6763052237674488,1
mcd,4448_FullHDwebcam_before,0.9763313609467456,7.2435496115119875,1.0,1.0,-0.8071958815805595,-3,-0.8071958815805595,-18,0.7022264932307157,1
mcd,4448_IriunWebcam_after,0.975609756097561,7.250724278584059,0.4444444444444444,0.4444444444444444,0.2180502953661218,-8,-0.3023869320679048,-23,0.26375477660100705,1
mcd,4448_IriunWebcam_before,0.975609756097561,7.317720816929409,0.6111111111111112,0.6111111111111112,0.1938648121409348,-11,-0.26111577240990547,-27,0.23328057799961022,1
mcd,4479_FullHDwebcam_after,0.9763313609467456,5.931176795398657,0.6111111111111112,0.6111111111111112,0.46114483643349075,5,0.4643622602974394,5,0.4643622602974394,1
mcd,4479_FullHDwebcam_before,0.9763313609467456,7.727172349936069,0.4444444444444444,0.4444444444444444,-0.2673330114263515,6,0.28949183264397715,6,0.28949183264397715,1
mcd,4479_IriunWebcam_after,0.975609756097561,5.922037171576671,0.2222222222222222,0.2222222222222222,0.2048326870113527,-23,0.23724107642090722,-23,0.23724107642090722,1
mcd,4479_IriunWebcam_before,0.9763313609467456,7.766719926628241,0.16666666666666666,0.16666666666666666,0.12591933936234023,-11,-0.20484310403397385,-22,0.1459163946102569,1
mcd,4479_USBVideo_after,0.9763313609467456,5.912682423880114,0.5,0.5,0.45307491602788863,0,0.45307491602788863,0,0.45307491602788863,1
mcd,4479_USBVideo_before,0.9763313609467456,7.796828975263191,0.6111111111111112,0.6111111111111112,0.36173019396571915,-10,-0.38583503080734327,-23,0.37776299451797557,1
mcd,4482_FullHDwebcam_after,0.9763313609467456,6.830595884531028,0.8888888888888888,0.8888888888888888,-0.6164882651045118,20,-0.6324698249318642,7,0.5563595846316164,1
mcd,4482_FullHDwebcam_before,0.9763313609467456,7.1011841925336,1.0,1.0,-0.5816656227798193,-4,-0.5816656227798193,-18,0.5195735599420388,1
mcd,4482_IriunWebcam_after,0.9763313609467456,6.670914724722513,0.1111111111111111,0.1111111111111111,0.16977422761439528,-14,-0.171759856984469,1,0.16977422761439528,1
mcd,4482_IriunWebcam_before,0.975609756097561,7.222579265805722,0.3333333333333333,0.3333333333333333,-0.26300449074211724,-5,-0.28619101245017126,5,0.2563370586157448,1
mcd,4482_USBVideo_before,0.9763313609467456,7.158512044497799,0.4444444444444444,0.4444444444444444,0.3184487191597989,-13,-0.3446348511430618,1,0.3184487191597989,1
mcd,4488_FullHDwebcam_after,0.9763313609467456,9.823629456874006,0.9444444444444444,0.9444444444444444,-0.5139760271057368,-2,-0.5139760271057368,7,0.4407242138804513,1
mcd,4488_FullHDwebcam_before,0.9763313609467456,7.68148375364458,0.5555555555555556,0.5555555555555556,-0.38369598143167727,19,-0.4215074832527518,6,0.3562687732731339,1
mcd,4488_IriunWebcam_after,0.975609756097561,9.82016826815941,0.0,0.0,0.23446832232661874,4,0.23446832232661874,4,0.23446832232661874,1
mcd,4488_IriunWebcam_before,0.9770540340488527,7.297077226292938,0.16666666666666666,0.16666666666666666,-0.17321976597169245,-4,-0.17321976597169245,3,0.12864806886556557,1
mcd,4488_USBVideo_after,0.9763313609467456,9.560684604870499,0.1111111111111111,0.1111111111111111,0.22639413812805897,-23,0.2724905159080546,-23,0.2724905159080546,1
mcd,4488_USBVideo_before,0.9763313609467456,7.482791910200893,0.05555555555555555,0.05555555555555555,0.14308720848305864,-9,-0.15555428638526742,-1,0.14308720848305864,1
mcd,4493_FullHDwebcam_after,0.9763313609467456,5.850102990260707,0.2777777777777778,0.2777777777777778,-0.2692688403909075,22,-0.26975204658702245,13,0.23368824648057007,1
mcd,4493_FullHDwebcam_before,0.9763313609467456,5.51748165462723,0.3333333333333333,0.35294117647058826,-0.26168229594499065,21,-0.27919082541285106,9,0.23854059133097263,1
mcd,4493_IriunWebcam_after,0.9763313609467456,5.581585647428479,0.16666666666666666,0.16666666666666666,-0.21044385092537737,-5,-0.2140441769185121,5,0.19857035636628845,1
mcd,4493_IriunWebcam_before,0.9763313609467456,5.761543751483565,0.16666666666666666,0.17647058823529413,0.16841185027677857,2,0.16841185027677857,2,0.16841185027677857,1
mcd,4493_USBVideo_after,0.9763313609467456,5.514922950183316,0.16666666666666666,0.16666666666666666,0.15442901796827463,11,-0.19520821274744365,0,0.15442901796827463,1
mcd,4493_USBVideo_before,0.9763313609467456,5.772409622108213,0.2222222222222222,0.23529411764705882,0.30798853117638186,-8,-0.3178511950308809,3,0.30798853117638186,1
mcd,4504_FullHDwebcam_after,0.9763313609467456,6.139804625997039,0.9444444444444444,0.9444444444444444,-0.5451448888618227,-4,-0.5451448888618227,5,0.541082462390478,1
mcd,4504_FullHDwebcam_before,0.9763313609467456,3.074795772871033,0.8333333333333334,0.8823529411764706,-0.7112853872004695,-4,-0.7112853872004695,6,0.6715492393683942,1
mcd,4504_IriunWebcam_after,0.975609756097561,6.119114013073167,0.0,0.0,0.0758078287441757,26,-0.15077199291231447,17,0.09208338539690804,1
mcd,4504_IriunWebcam_before,0.975609756097561,2.900942566912269,0.2222222222222222,0.23529411764705882,-0.04571007090481077,-19,0.10490315221853178,-19,0.10490315221853178,1
mcd,4519_FullHDwebcam_after,0.9763313609467456,9.210166939734833,0.6111111111111112,0.6111111111111112,-0.36916121561156534,19,-0.379920927382578,6,0.34084228998323995,1
mcd,4519_FullHDwebcam_before,0.9763313609467456,7.608679559221898,0.8333333333333334,0.8333333333333334,-0.47955531349601366,-2,-0.47955531349601366,9,0.3907008276475714,1
mcd,4519_IriunWebcam_after,0.975609756097561,9.449286641999405,0.2777777777777778,0.2777777777777778,0.3131238785757641,-7,-0.33192393308909723,2,0.3131238785757641,1
mcd,4519_IriunWebcam_before,0.9763313609467456,7.870988261058602,0.4444444444444444,0.4444444444444444,0.26056192105955917,-21,0.2828361290096156,-21,0.2828361290096156,1
mcd,4519_USBVideo_after,0.9763313609467456,9.565070117161632,0.0,0.0,0.18848611902780024,6,-0.23443153252058502,-24,0.19569143612487022,1
mcd,4519_USBVideo_before,0.975609756097561,7.617672898317379,0.7222222222222222,0.7222222222222222,0.29181832440966526,12,-0.3526879009616157,-1,0.29181832440966526,1
mcd,4532_FullHDwebcam_after,0.9763313609467456,8.404673481376335,0.6666666666666666,0.6666666666666666,-0.46961501736223243,-5,-0.48683610916422126,-18,0.4189356794540983,1
mcd,4532_FullHDwebcam_before,0.9763313609467456,7.885961972264532,0.7222222222222222,0.7222222222222222,-0.4408453816959131,7,0.4532863211119273,7,0.4532863211119273,1
mcd,4532_IriunWebcam_after,0.9770540340488527,8.267411871488417,0.4444444444444444,0.4444444444444444,0.2930409570710919,-23,0.30495855491002405,-23,0.30495855491002405,1
mcd,4532_IriunWebcam_before,0.9763313609467456,7.9968636078796775,0.6111111111111112,0.6111111111111112,0.31278058545253945,17,-0.33454486266238653,4,0.31278058545253945,1
mcd,4532_USBVideo_after,0.975609756097561,8.31714821685512,0.7222222222222222,0.7222222222222222,0.4551177056365114,-4,0.4551177056365114,-4,0.4551177056365114,1
mcd,4532_USBVideo_before,0.9763313609467456,8.079301132271471,0.3888888888888889,0.3888888888888889,0.17563407133599515,8,-0.24552582605831655,20,0.20820955021072973,1
mcd,4546_FullHDwebcam_after,0.9763313609467456,8.401612403878843,1.0,1.0,-0.686209990590874,-2,-0.686209990590874,6,0.6689839481105453,1
mcd,4546_FullHDwebcam_before,0.9763313609467456,3.70210112961074,0.9444444444444444,1.0,-0.7120817676870401,-3,-0.7120817676870401,8,0.5956080339105501,1
mcd,4546_IriunWebcam_after,0.975609756097561,8.448138803928579,0.05555555555555555,0.05555555555555555,0.11836821551392017,30,-0.15145655955269785,21,0.14773190418384322,1
mcd,4546_IriunWebcam_before,0.975609756097561,3.7160722077287875,0.3888888888888889,0.42857142857142855,0.20069732842726554,-28,0.2222042876788458,-28,0.2222042876788458,1
mcd,4551_FullHDwebcam_after,0.8431952662721893,3.2986808958753757,0.6111111111111112,0.5714285714285714,-0.5359510595348743,-5,-0.569309670093209,5,0.537137772641454,1
mcd,4551_FullHDwebcam_before,0.9763313609467456,9.219191015957128,1.0,1.0,-0.6190773900711127,-5,-0.6375536410996393,6,0.584744836622096,1
mcd,4551_IriunWebcam_after,0.9763313609467456,3.2738017844091427,0.2222222222222222,0.2,0.3079340572097406,15,-0.3114004637922254,1,0.3079340572097406,1
mcd,4551_IriunWebcam_before,0.975609756097561,9.154800712690808,0.05555555555555555,0.05555555555555555,-0.09364577100065007,-7,-0.15728591477796164,-21,0.11078883313648608,1
mcd,4551_USBVideo_after,0.8431952662721893,3.1389548280615074,0.3888888888888889,0.42857142857142855,0.3545750218542913,-2,0.3545750218542913,-2,0.3545750218542913,1
mcd,4557_FullHDwebcam_after,0.9763313609467456,9.324015827416945,0.1111111111111111,0.1111111111111111,-0.36148799337649967,-1,-0.36148799337649967,9,0.30973935108038636,1
mcd,4557_FullHDwebcam_before,0.9763313609467456,8.778404812765835,0.5555555555555556,0.5555555555555556,-0.2655901347874102,28,0.2880435253411296,28,0.2880435253411296,1
mcd,4557_IriunWebcam_after,0.975609756097561,9.423548652252824,0.2222222222222222,0.2222222222222222,-0.1519712394087332,-18,-0.16710011825360224,-9,0.13399989684759225,1
mcd,4557_IriunWebcam_before,0.975609756097561,8.629416911063647,0.4444444444444444,0.4444444444444444,0.22895656508373716,27,0.2422118985125009,27,0.2422118985125009,1
mcd,4571_FullHDwebcam_after,0.9763313609467456,6.88670466774038,1.0,1.0,-0.5662482293271641,8,0.582865427647364,8,0.582865427647364,1
mcd,4571_FullHDwebcam_before,0.8431952662721893,3.449851682563086,0.3333333333333333,0.4,-0.3565744032511592,-3,-0.3565744032511592,-15,0.2701084821420398,1
mcd,4571_IriunWebcam_after,0.9763313609467456,6.787020254848359,0.2222222222222222,0.2222222222222222,0.15664569168460352,4,0.15664569168460352,4,0.15664569168460352,1
mcd,4571_IriunWebcam_before,0.8425720620842572,3.5048304209968304,0.4444444444444444,0.5333333333333333,0.3068523774101115,4,0.3068523774101115,4,0.3068523774101115,1
mcd,4577_FullHDwebcam_after,0.9763313609467456,8.552522531283024,0.2777777777777778,0.2777777777777778,0.24178513278060088,6,0.29873223725238834,6,0.29873223725238834,1
mcd,4577_FullHDwebcam_before,0.9763313609467456,10.109567659493113,0.3888888888888889,0.3888888888888889,-0.39113815210489333,-16,0.39465659050068747,-16,0.39465659050068747,1
mcd,4577_IriunWebcam_after,0.9763313609467456,8.471244770426834,0.0,0.0,0.09261391764977973,-7,-0.12527526460840888,-19,0.11105405672600686,1
mcd,4577_IriunWebcam_before,0.975609756097561,9.890916501383252,0.3333333333333333,0.3333333333333333,0.27628075595425816,2,0.27628075595425816,2,0.27628075595425816,1
mcd,4577_USBVideo_after,0.9763313609467456,8.603603190409078,0.2777777777777778,0.2777777777777778,0.2188555534563455,29,-0.23346657887337097,-4,0.2188555534563455,1
mcd,4577_USBVideo_before,0.9763313609467456,10.117290790982363,0.16666666666666666,0.16666666666666666,0.21373444235214806,8,-0.24951656915936138,-5,0.2157551724443108,1
mcd,4610_FullHDwebcam_after,0.9763313609467456,9.590374466949115,1.0,1.0,-0.6042335728601977,-2,-0.6042335728601977,-11,0.5816201916112331,1
mcd,4610_FullHDwebcam_before,0.8431952662721893,1.0502260473712144,0.6666666666666666,0.7857142857142857,-0.49364616876934475,-2,-0.49364616876934475,-11,0.4227121220004935,1
mcd,4610_IriunWebcam_after,0.975609756097561,9.441079764108778,0.16666666666666666,0.16666666666666666,0.29409592067246243,3,0.29409592067246243,3,0.29409592067246243,1
mcd,4610_IriunWebcam_before,0.8425720620842572,1.0913713726106538,0.2222222222222222,0.21428571428571427,-0.16483092291274537,-15,0.2289204643777033,-15,0.2289204643777033,1
mcd,4610_USBVideo_after,0.9763313609467456,9.495985754321765,0.16666666666666666,0.16666666666666666,0.20479979787020336,15,0.23227878613913797,15,0.23227878613913797,1
mcd,4610_USBVideo_before,0.8431952662721893,1.105825244644251,0.05555555555555555,0.07142857142857142,0.10559648566111238,27,-0.2628199565013853,19,0.20086261973608688,1
mcd,4617_FullHDwebcam_after,0.9763313609467456,5.653074997882213,0.6111111111111112,0.6111111111111112,-0.4220744101465933,-2,-0.4220744101465933,6,0.4088830976777166,1
mcd,4617_FullHDwebcam_before,0.9763313609467456,7.952682715801934,0.7777777777777778,0.7777777777777778,-0.4333492395282833,6,0.43972166688294023,6,0.43972166688294023,1
mcd,4617_IriunWebcam_after,0.9763313609467456,5.550825859409256,0.3333333333333333,0.3333333333333333,0.3361175628269406,12,-0.3381397469862554,3,0.3361175628269406,1
mcd,4617_IriunWebcam_before,0.975609756097561,7.990892370317944,0.4444444444444444,0.4444444444444444,0.39919129324625047,1,0.39919129324625047,1,0.39919129324625047,1
mcd,4617_USBVideo_after,0.9763313609467456,5.836209631565659,0.0,0.0,0.1568465482976994,-22,0.19199482339669238,-22,0.19199482339669238,1
mcd,4617_USBVideo_before,0.9763313609467456,8.058387687548176,0.1111111111111111,0.1111111111111111,0.2752553385236366,-4,0.2752553385236366,-4,0.2752553385236366,1
mcd,4639_FullHDwebcam_after,0.9319526627218935,6.5204958950177225,0.7222222222222222,0.7058823529411765,-0.4451478733392454,-2,-0.4451478733392454,6,0.4283518559370448,1
mcd,4639_FullHDwebcam_before,0.9763313609467456,7.504130715018137,0.5,0.5,-0.40055290807672755,-2,-0.40055290807672755,28,0.3514825976237281,1
mcd,4639_IriunWebcam_after,0.9319526627218935,6.500680913678711,0.0,0.0,0.009839056089264664,-30,-0.05026952280076851,-18,0.050140525850337035,1
mcd,4639_IriunWebcam_before,0.9763313609467456,7.351382749807582,0.3888888888888889,0.3888888888888889,-0.34468227179470634,-3,-0.34468227179470634,-13,0.31762586109146523,1
mcd,4646_FullHDwebcam_after,0.9763313609467456,3.862406011585049,0.6111111111111112,0.7333333333333333,-0.6035806424954101,-2,-0.6035806424954101,-13,0.48990069265262104,1
mcd,4646_FullHDwebcam_before,0.9763313609467456,3.6515997670854077,0.8888888888888888,0.9375,-0.5728091828136431,0,-0.5728091828136431,12,0.4764060294799229,1
mcd,4646_IriunWebcam_after,0.975609756097561,3.7058467478886357,0.4444444444444444,0.5333333333333333,0.309649453124735,1,0.309649453124735,1,0.309649453124735,1
mcd,4646_IriunWebcam_before,0.9763313609467456,3.6303969877799678,0.4444444444444444,0.47058823529411764,0.4691363277479444,6,0.517202354690432,6,0.517202354690432,1
mcd,4646_USBVideo_after,0.9763313609467456,4.00437225048346,0.4444444444444444,0.5333333333333333,0.34281586163360656,-2,0.34281586163360656,-2,0.34281586163360656,1
mcd,4646_USBVideo_before,0.9763313609467456,3.548520484831851,0.5555555555555556,0.5882352941176471,0.36666790875213207,-10,-0.44894416826734596,-24,0.4262090747866704,1
mcd,4685_FullHDwebcam_after,0.8875739644970414,5.081833794485922,0.7222222222222222,0.7333333333333333,-0.6089643545575449,-5,-0.6107952130264478,6,0.5450814517429766,1
mcd,4685_FullHDwebcam_before,0.9763313609467456,5.793670266475272,0.2222222222222222,0.2222222222222222,0.34893189071129765,5,0.362069452319383,5,0.362069452319383,1
mcd,4685_IriunWebcam_after,0.8875739644970414,5.113779906347052,0.3333333333333333,0.35714285714285715,0.15205354935024426,29,0.1862205162460968,29,0.1862205162460968,1
mcd,4685_IriunWebcam_before,0.9763313609467456,5.610209499750489,0.4444444444444444,0.47058823529411764,0.14196130247466004,24,0.19669613567012126,24,0.19669613567012126,1
mcd,4691_FullHDwebcam_after,0.9763313609467456,8.947175933795307,0.7222222222222222,0.7222222222222222,-0.4183397107621092,-3,-0.4183397107621092,5,0.41059873883643216,1
mcd,4691_FullHDwebcam_before,0.9763313609467456,9.313267320433432,0.3333333333333333,0.3333333333333333,0.12906904829163887,29,-0.16176267659241694,21,0.14540177121713704,1
mcd,4691_IriunWebcam_after,0.9770540340488527,9.041951236539706,0.05555555555555555,0.05555555555555555,0.1929165667680085,-24,-0.22815495900633553,-15,0.22492008139853908,1
mcd,4691_IriunWebcam_before,0.975609756097561,9.064094317452907,0.0,0.0,0.12489374510138697,-30,0.16924710938590348,-30,0.16924710938590348,1
mcd,4691_USBVideo_after,0.975609756097561,8.901122625791384,0.0,0.0,0.1458306733759381,-9,-0.17394554412270863,0,0.1458306733759381,1
mcd,4698_FullHDwebcam_after,0.9763313609467456,5.843377604676296,0.9444444444444444,0.9444444444444444,-0.7655457334009842,-3,-0.7655457334009842,7,0.6702541420761329,1
mcd,4698_FullHDwebcam_before,0.9763313609467456,1.53904181951393,0.9444444444444444,1.0,-0.5623570544325684,-4,-0.5623570544325684,7,0.5325888880730459,1
mcd,4698_IriunWebcam_after,0.975609756097561,5.797262508173082,0.4444444444444444,0.4444444444444444,0.1442730958661949,22,0.20391223423052043,22,0.20391223423052043,1
mcd,4698_IriunWebcam_before,0.975609756097561,1.5146707347781478,0.3333333333333333,0.375,0.18164579687650279,18,-0.2453441630482594,-21,0.2266492454416022,1
mcd,4704_FullHDwebcam_after,0.9763313609467456,10.26232595338427,1.0,1.0,-0.720816532134986,-4,-0.720816532134986,7,0.6809571293780879,1
mcd,4704_FullHDwebcam_before,0.9763313609467456,9.813685166372565,1.0,1.0,-0.7644947210654145,-4,-0.7644947210654145,6,0.6655557840465242,1
mcd,4704_IriunWebcam_after,0.9763313609467456,10.300926736455267,0.2777777777777778,0.2777777777777778,0.2394586188512819,15,-0.2584384919397001,1,0.2394586188512819,1
mcd,4704_IriunWebcam_before,0.975609756097561,9.809364303823177,0.4444444444444444,0.4444444444444444,0.26643459504647454,22,0.292638379178805,22,0.292638379178805,1
mcd,4718_FullHDwebcam_after,0.9763313609467456,9.707295118919241,1.0,1.0,-0.673977373291283,-2,-0.673977373291283,7,0.6620103213122611,1
mcd,4718_FullHDwebcam_before,0.9763313609467456,8.132936180860511,0.7222222222222222,0.7222222222222222,-0.4569709261773491,-2,-0.4569709261773491,6,0.45408716207321587,1
mcd,4718_IriunWebcam_after,0.975609756097561,9.549852947546725,0.16666666666666666,0.16666666666666666,0.2535764613464868,1,0.2535764613464868,1,0.2535764613464868,1
mcd,4718_IriunWebcam_before,0.975609756097561,8.146965701708897,0.0,0.0,0.28027837130733535,3,0.28027837130733535,3,0.28027837130733535,1
mcd,4718_USBVideo_after,0.9763313609467456,9.475560376906781,0.05555555555555555,0.05555555555555555,0.3096251055469524,-23,0.3402538379309927,-23,0.3402538379309927,1
mcd,4718_USBVideo_before,0.9763313609467456,8.490301714221918,0.2777777777777778,0.2777777777777778,0.20755704232847189,-19,0.23437645220310857,-19,0.23437645220310857,1
mcd,4724_FullHDwebcam_after,0.9763313609467456,6.96082711657877,0.7222222222222222,0.7222222222222222,-0.554871299110656,-14,0.5591141736438049,-14,0.5591141736438049,1
mcd,4724_FullHDwebcam_before,0.9763313609467456,6.549559992911897,0.5555555555555556,0.5882352941176471,-0.41019316825343455,6,0.4341853879401128,6,0.4341853879401128,1
mcd,4724_IriunWebcam_after,0.9763313609467456,7.0052372344877645,0.1111111111111111,0.1111111111111111,0.2381013399577498,-17,0.2806430982241906,-17,0.2806430982241906,1
mcd,4724_IriunWebcam_before,0.9763313609467456,6.497528373805011,0.05555555555555555,0.058823529411764705,0.1815648519303903,-17,0.21558800371205059,-17,0.21558800371205059,1
mcd,4724_USBVideo_before,0.9763313609467456,6.445149388054075,0.05555555555555555,0.058823529411764705,0.2184948061520779,0,0.2184948061520779,0,0.2184948061520779,1
mcd,4731_FullHDwebcam_after,0.9763313609467456,7.158599776424815,1.0,1.0,-0.6109068140812061,-3,-0.6109068140812061,-19,0.5933704358689702,1
mcd,4731_FullHDwebcam_before,0.9763313609467456,6.5921688917527685,1.0,1.0,-0.6849985688940611,-5,-0.6930476789887916,8,0.6889436631250947,1
mcd,4731_IriunWebcam_after,0.9770540340488527,7.180407057166688,0.5555555555555556,0.5555555555555556,0.262309862889129,-9,-0.2865232342038306,5,0.26496456347576564,1
mcd,4731_IriunWebcam_before,0.975609756097561,6.636592041978285,0.16666666666666666,0.16666666666666666,0.17393621966235337,14,-0.19942215807434563,0,0.17393621966235337,1
mcd,4754_FullHDwebcam_after,0.9763313609467456,6.583360391015822,0.6666666666666666,0.6666666666666666,-0.4097265651457629,-16,0.4277237334073019,-16,0.4277237334073019,1
mcd,4754_FullHDwebcam_before,0.9763313609467456,7.848787687259191,0.3888888888888889,0.3888888888888889,-0.34464933304511663,18,-0.3582042936640541,7,0.31192925012496375,1
mcd,4754_IriunWebcam_after,0.975609756097561,6.693342580112695,0.2777777777777778,0.2777777777777778,0.20540309450266045,27,0.23628295967591115,27,0.23628295967591115,1
mcd,4754_IriunWebcam_before,0.975609756097561,8.089682047701361,0.1111111111111111,0.1111111111111111,0.19236888726717788,-1,0.19236888726717788,-1,0.19236888726717788,1
mcd,4784_FullHDwebcam_after,0.9763313609467456,9.07079263933879,0.5555555555555556,0.5555555555555556,-0.3861953693016401,-14,0.402837623292145,-14,0.402837623292145,1
mcd,4784_FullHDwebcam_before,0.9763313609467456,7.421507560015057,0.4444444444444444,0.4444444444444444,0.26205238374153195,6,0.3366600620841099,6,0.3366600620841099,1
mcd,4784_IriunWebcam_after,0.975609756097561,9.144226910557379,0.2222222222222222,0.2222222222222222,0.17820322113847611,22,0.20920263478715978,22,0.20920263478715978,1
mcd,4784_IriunWebcam_before,0.975609756097561,7.379790985427542,0.0,0.0,0.10047547185217509,25,0.16353032111350777,25,0.16353032111350777,1
mcd,4784_USBVideo_after,0.9763313609467456,9.021258890946243,0.2222222222222222,0.2222222222222222,0.3083337948689096,1,0.3083337948689096,1,0.3083337948689096,1
mcd,4784_USBVideo_before,0.9763313609467456,7.478637887842033,0.2222222222222222,0.2222222222222222,0.34541837577032036,-1,0.34541837577032036,-1,0.34541837577032036,1
mcd,4815_FullHDwebcam_after,0.9763313609467456,7.798854707193405,0.3888888888888889,0.3888888888888889,-0.32273014462037114,6,0.3662032108104977,6,0.3662032108104977,1
mcd,4815_FullHDwebcam_before,0.9763313609467456,6.534881432400592,0.3888888888888889,0.4117647058823529,-0.5347566345932793,-1,-0.5347566345932793,6,0.4481295987288675,1
mcd,4815_IriunWebcam_after,0.975609756097561,7.672931855524786,0.16666666666666666,0.16666666666666666,-0.23741684177875047,-5,-0.26201005784778275,-15,0.22446828571495311,1
mcd,4815_IriunWebcam_before,0.975609756097561,6.660679905168195,0.6111111111111112,0.6470588235294118,0.42134197051552513,-7,-0.4791719798788809,4,0.42134197051552513,1
mcd,4815_USBVideo_after,0.9763313609467456,7.676207846118649,0.0,0.0,-0.061483655666067276,-24,0.17547623032788098,-24,0.17547623032788098,1
mcd,4815_USBVideo_before,0.9763313609467456,6.678256535995503,0.4444444444444444,0.47058823529411764,0.33140550422307313,1,0.33140550422307313,1,0.33140550422307313,1
mcd,4822_FullHDwebcam_after,0.9763313609467456,6.2063927667696905,0.6111111111111112,0.6111111111111112,-0.4853874538103299,-1,-0.4853874538103299,-12,0.2957431522501079,1
mcd,4822_FullHDwebcam_before,0.26627218934911245,-1.105338586679919,0.5555555555555556,1.0,-0.32283573946402866,1,-0.32283573946402866,-11,0.306692265863359,0
mcd,4822_IriunWebcam_after,0.9763313609467456,5.960019304744753,0.3888888888888889,0.3888888888888889,0.283886557276629,2,0.283886557276629,2,0.283886557276629,1
mcd,4822_IriunWebcam_before,0.2660753880266075,-1.1096483176134058,0.2777777777777778,0.0,-0.1697364066552031,5,0.17595679129188765,5,0.17595679129188765,0
mcd,4822_USBVideo_after,0.9763313609467456,6.146829890266269,0.2777777777777778,0.2777777777777778,0.33714648266616376,-3,0.33714648266616376,-3,0.33714648266616376,1
mcd,4822_USBVideo_before,0.26627218934911245,-1.2688928488512146,0.1111111111111111,0.0,0.2653266630061145,21,0.33430771577334717,21,0.33430771577334717,0
mcd,4844_FullHDwebcam_after,0.9763313609467456,6.684228031714833,0.9444444444444444,0.9444444444444444,-0.59652201446633,-4,-0.59652201446633,5,0.5884015847190023,1
mcd,4844_FullHDwebcam_before,0.9319526627218935,0.561936891665765,0.7222222222222222,0.8571428571428571,-0.7270102618740812,-4,-0.7270102618740812,8,0.6773207956966734,1
mcd,4844_IriunWebcam_after,0.9763313609467456,6.54821600147482,0.0,0.0,0.1544581398312126,11,-0.18495233418041962,-19,0.16288362822355323,1
mcd,4844_IriunWebcam_before,0.9312638580931264,0.7206924959571805,0.2222222222222222,0.2857142857142857,0.29237475420819303,17,-0.3062459134260973,4,0.29237475420819303,1
mcd,4874_FullHDwebcam_after,0.9763313609467456,5.503492543812576,0.5555555555555556,0.5555555555555556,-0.4516945697765984,-14,0.4683653240843883,-14,0.4683653240843883,1
mcd,4874_FullHDwebcam_before,0.9763313609467456,4.753240362922282,0.2222222222222222,0.2222222222222222,-0.32219782592122637,-1,-0.32219782592122637,8,0.2875836025085343,1
mcd,4874_IriunWebcam_after,0.9763313609467456,5.391905839462682,0.05555555555555555,0.05555555555555555,-0.21247156697258715,-5,-0.23846272041788735,-16,0.23370435300115008,1
mcd,4874_IriunWebcam_before,0.975609756097561,4.627251952827606,0.2777777777777778,0.2777777777777778,0.08966777068924814,17,0.1240783035447845,17,0.1240783035447845,1
mcd,4892_FullHDwebcam_after,0.9763313609467456,8.134706017544165,0.3333333333333333,0.3333333333333333,-0.34792850644019413,-3,-0.34792850644019413,7,0.2982422733678799,1
mcd,4892_FullHDwebcam_before,0.9763313609467456,7.298043192445126,0.16666666666666666,0.16666666666666666,0.275471388964176,5,0.29809340182448846,5,0.29809340182448846,1
mcd,4892_IriunWebcam_after,0.975609756097561,8.400635303047762,0.2222222222222222,0.2222222222222222,0.215373065499299,4,0.215373065499299,4,0.215373065499299,1
mcd,4892_IriunWebcam_before,0.975609756097561,7.397965710833668,0.3333333333333333,0.3333333333333333,0.2577144236013193,4,0.2577144236013193,4,0.2577144236013193,1
mcd,4892_USBVideo_before,0.975609756097561,7.5336664435982925,0.05555555555555555,0.05555555555555555,0.07849550889278585,14,-0.1339568833991582,23,0.09286447747796567,1
mcd,4902_FullHDwebcam_after,0.9763313609467456,7.79147827739203,0.5555555555555556,0.5555555555555556,-0.35886589646317146,-4,-0.35886589646317146,6,0.3026643977192351,1
mcd,4902_FullHDwebcam_before,0.9763313609467456,9.449949888038262,0.8333333333333334,0.8333333333333334,-0.4477767343092108,-15,0.4888895315371304,-15,0.4888895315371304,1
mcd,4902_IriunWebcam_after,0.975609756097561,7.842200575660504,0.2222222222222222,0.2222222222222222,0.11439862492252689,-6,0.1438299172341884,-6,0.1438299172341884,1
mcd,4902_IriunWebcam_before,0.975609756097561,9.476476202613032,0.05555555555555555,0.05555555555555555,-0.04812298205722079,-15,0.07125986448474717,-15,0.07125986448474717,1
mcd,4909_FullHDwebcam_after,0.9763313609467456,9.689368443245307,0.4444444444444444,0.4444444444444444,-0.32633873983407574,-2,-0.32633873983407574,-12,0.3149960340077567,1
mcd,4909_FullHDwebcam_before,0.9763313609467456,6.690606417625659,0.4444444444444444,0.47058823529411764,0.4051608781188698,5,0.4142161996202835,5,0.4142161996202835,1
mcd,4909_IriunWebcam_before,0.975609756097561,6.644730822027128,0.1111111111111111,0.11764705882352941,0.08279384687816216,25,-0.13209872079600818,17,0.118758702937115,1
mcd,4909_USBVideo_after,0.9763313609467456,9.54215597758543,0.3333333333333333,0.3333333333333333,0.18695318054458593,-18,0.18762365780582743,-18,0.18762365780582743,1
mcd,4929_FullHDwebcam_after,0.9763313609467456,7.863042670115285,1.0,1.0,-0.6313712023613682,-3,-0.6313712023613682,6,0.5698354957362941,1
mcd,4929_FullHDwebcam_before,0.9763313609467456,7.9446474385709065,1.0,1.0,-0.6763889149030861,-3,-0.6763889149030861,-16,0.606011636216438,1
mcd,4929_IriunWebcam_after,0.975609756097561,7.838699260527351,0.7222222222222222,0.7647058823529411,0.40112097397724683,3,0.40112097397724683,3,0.40112097397724683,1
mcd,4929_IriunWebcam_before,0.9770540340488527,7.805883123925122,0.6666666666666666,0.6666666666666666,0.37498949455030245,16,-0.41300103760855283,3,0.37498949455030245,1
mcd,4929_USBVideo_after,0.9763313609467456,7.9108338378754635,0.16666666666666666,0.17647058823529413,0.3433830206331418,-3,0.3433830206331418,-3,0.3433830206331418,1
mcd,4929_USBVideo_before,0.9763313609467456,7.947130133500058,0.3333333333333333,0.3333333333333333,0.25847716665854215,10,-0.32876706069149314,1,0.25847716665854215,1
mcd,4932_FullHDwebcam_after,0.9763313609467456,7.338081527756071,0.6666666666666666,0.6666666666666666,0.46795113294436513,3,0.46795113294436513,3,0.46795113294436513,1
mcd,4932_FullHDwebcam_before,0.9763313609467456,6.233185305530463,0.8888888888888888,0.8888888888888888,0.5411408577714866,4,0.5411408577714866,4,0.5411408577714866,1
mcd,4932_IriunWebcam_after,0.975609756097561,7.386331015465932,0.16666666666666666,0.16666666666666666,0.23573309133046358,-1,0.23573309133046358,-1,0.23573309133046358,1
mcd,4932_IriunWebcam_before,0.9763313609467456,6.140875521537257,0.16666666666666666,0.16666666666666666,0.195561845262076,-18,0.22719934440118725,-18,0.22719934440118725,1
mcd,4936_FullHDwebcam_after,0.9763313609467456,9.272038531910509,0.6666666666666666,0.6666666666666666,-0.5394496066390058,-3,-0.5394496066390058,-20,0.469076159268178,1
mcd,4936_FullHDwebcam_before,0.9763313609467456,9.731195599066158,1.0,1.0,-0.6360391034947218,-2,-0.6360391034947218,12,0.5137188214821968,1
mcd,4936_IriunWebcam_after,0.975609756097561,9.333119198314293,0.8888888888888888,0.8888888888888888,0.3709532797309329,-8,-0.5503439134376636,-24,0.46306577815764316,1
mcd,4936_IriunWebcam_before,0.975609756097561,9.755193529096308,0.9444444444444444,0.9444444444444444,0.47753241698163756,23,-0.5329288878534229,5,0.4901181625326201,1
mcd,4936_USBVideo_after,0.9763313609467456,9.243093964896374,0.6111111111111112,0.6111111111111112,0.29169836445815694,-13,-0.3031586812385369,3,0.29169836445815694,1
mcd,4936_USBVideo_before,0.9763313609467456,9.738963794212474,0.5,0.5,0.38042527540239823,18,-0.39786242559128604,4,0.38042527540239823,1
mcd,4937_FullHDwebcam_after,0.9763313609467456,11.055389269813642,1.0,1.0,-0.6196666324680429,-13,0.6399484682992279,-13,0.6399484682992279,1
mcd,4937_FullHDwebcam_before,0.9763313609467456,7.887004248625139,0.8333333333333334,0.8333333333333334,-0.5469768801885563,7,0.5536286238039342,7,0.5536286238039342,1
mcd,4937_IriunWebcam_after,0.975609756097561,10.879207846650186,0.1111111111111111,0.1111111111111111,0.04671645732308063,13,-0.09550089867930242,6,0.09059681510649241,1
mcd,4937_IriunWebcam_before,0.975609756097561,8.054749623504007,0.2222222222222222,0.2222222222222222,-0.10881983545776965,-30,-0.13927674401037327,-20,0.10957767605687153,1
mcd,4952_FullHDwebcam_after,0.9763313609467456,1.3925041243715848,0.0,0.0,-0.06641970882723039,-21,0.11159883170709665,-21,0.11159883170709665,1
mcd,4952_FullHDwebcam_before,0.665680473372781,1.4935035411223154,0.0,0.0,0.13771828519367896,-3,0.13771828519367896,-3,0.13771828519367896,1
mcd,4952_IriunWebcam_after,0.8425720620842572,1.6040306798717827,0.05555555555555555,0.07692307692307693,-0.07622154312748762,9,0.0766101825293292,9,0.0766101825293292,1
mcd,4952_IriunWebcam_before,0.6208425720620843,1.0279145344569294,0.05555555555555555,0.0,0.05797767737685955,25,-0.12022377696142045,8,0.09167758522572816,1
mcd,4952_USBVideo_before,0.6208425720620843,1.0279145344569294,0.16666666666666666,0.0,0.05617671608690014,30,0.07454092783731531,30,0.07454092783731531,1
mcd,4968_FullHDwebcam_after,0.9763313609467456,8.301308972358523,0.8333333333333334,0.8333333333333334,-0.5332301610011819,-4,-0.5332301610011819,6,0.5273946763785378,1
mcd,4968_FullHDwebcam_before,0.8431952662721893,5.223577021713879,0.5555555555555556,0.6666666666666666,-0.3683324303440453,16,-0.37547164628729557,6,0.35838156893086376,1
mcd,4968_IriunWebcam_after,0.975609756097561,8.332389684469033,0.2777777777777778,0.2777777777777778,0.11903470215423334,13,-0.15117712131934435,22,0.1379616723757724,1
mcd,4968_IriunWebcam_before,0.8431952662721893,5.210564205341498,0.3333333333333333,0.4,0.11813280877391706,-17,0.22419735648182143,-17,0.22419735648182143,1
mcd,5003_FullHDwebcam_after,0.9763313609467456,6.049173379416571,0.4444444444444444,0.4117647058823529,-0.37261887872307203,-3,-0.37261887872307203,9,0.3537060465391242,1
mcd,5003_FullHDwebcam_before,0.9763313609467456,4.631095639114443,0.3333333333333333,0.375,-0.3265758733278037,-3,-0.3265758733278037,-15,0.2876541021015652,1
mcd,5003_IriunWebcam_after,0.9763313609467456,5.9377371806513235,0.05555555555555555,0.058823529411764705,0.017044610650517843,-30,-0.08283862576441883,-19,0.07327868471657212,1
mcd,5003_IriunWebcam_before,0.975609756097561,4.597558719764804,0.2777777777777778,0.29411764705882354,0.2176959417166982,7,-0.2288997373698532,19,0.22045621843645619,1
mcd,5003_USBVideo_after,0.975609756097561,6.044260872717915,0.2222222222222222,0.23529411764705882,0.2732104246561365,1,0.2732104246561365,1,0.2732104246561365,1
mcd,5003_USBVideo_before,0.9763313609467456,4.807155846481301,0.2777777777777778,0.29411764705882354,0.3033037192185873,-30,-0.3206754847050087,-21,0.3085194820565969,1
mcd,5031_FullHDwebcam_after,0.9763313609467456,6.550495702412668,0.8888888888888888,0.8888888888888888,-0.6651097324993263,-3,-0.6651097324993263,6,0.6512349884061645,1
mcd,5031_FullHDwebcam_before,0.9763313609467456,7.47488679313838,0.8888888888888888,0.8888888888888888,-0.6339447231259595,-3,-0.6339447231259595,7,0.5554140125604264,1
mcd,5031_IriunWebcam_after,0.975609756097561,6.5916915441453625,0.2777777777777778,0.2777777777777778,0.14686827797073262,0,0.14686827797073262,0,0.14686827797073262,1
mcd,5031_IriunWebcam_before,0.9763313609467456,7.32260744209564,0.5,0.5,0.2835655943576686,-6,-0.3200449010151872,24,0.2897767166147037,1
mcd,5031_USBVideo_before,0.9763313609467456,7.371419602482147,0.3333333333333333,0.3333333333333333,0.43776266954598597,10,-0.444426832407845,-1,0.43776266954598597,1
mcd,5044_FullHDwebcam_after,0.9763313609467456,8.909803045235764,0.8888888888888888,0.8888888888888888,0.5562933033356846,5,0.6111082763742735,5,0.6111082763742735,1
mcd,5044_FullHDwebcam_before,0.9763313609467456,4.997758647029472,0.8888888888888888,0.8888888888888888,-0.5753754015377267,5,0.5982156878615751,5,0.5982156878615751,1
mcd,5044_IriunWebcam_after,0.9763313609467456,8.885130586428973,0.3333333333333333,0.3333333333333333,0.3284946958688336,-16,0.330042407539596,-16,0.330042407539596,1
mcd,5044_IriunWebcam_before,0.9763313609467456,4.621689492892214,0.3888888888888889,0.3888888888888889,0.2715341763575484,2,0.2715341763575484,2,0.2715341763575484,1
mcd,5074_FullHDwebcam_after,0.9763313609467456,8.58646234881161,0.8888888888888888,0.8888888888888888,-0.4935123421116261,-3,-0.4935123421116261,-16,0.4580925406580226,1
mcd,5074_FullHDwebcam_before,0.9763313609467456,3.380949074045841,0.2777777777777778,0.3125,-0.37252695586454054,-20,0.46772536658545094,-20,0.46772536658545094,1
mcd,5074_IriunWebcam_after,0.9763313609467456,8.635065419097208,0.16666666666666666,0.16666666666666666,0.035418659282412196,17,-0.06587231061479681,29,0.0594416962271246,1
mcd,5074_IriunWebcam_before,0.975609756097561,3.3878530472818404,0.16666666666666666,0.1875,0.27764015937494324,16,-0.31422265205844974,3,0.27764015937494324,1
mcd,5074_USBVideo_after,0.9763313609467456,8.593832474105216,0.5555555555555556,0.5555555555555556,0.3074106024931178,1,0.3074106024931178,1,0.3074106024931178,1
mcd,5074_USBVideo_before,0.9763313609467456,3.294753759397624,0.3333333333333333,0.3125,0.2522691346637101,3,0.2522691346637101,3,0.2522691346637101,1
mcd,5078_FullHDwebcam_after,0.9763313609467456,11.10626464898349,0.8888888888888888,0.8888888888888888,-0.5597894348138576,19,-0.574616945587151,29,0.5042932573364137,1
mcd,5078_FullHDwebcam_before,0.9763313609467456,11.38054497496662,0.5555555555555556,0.5555555555555556,-0.5747271303651132,-1,-0.5747271303651132,8,0.4590005574150884,1
mcd,5078_IriunWebcam_after,0.975609756097561,11.072133967918685,0.5555555555555556,0.5555555555555556,0.3504218385818847,23,0.3513726000968202,23,0.3513726000968202,1
mcd,5078_IriunWebcam_before,0.975609756097561,11.323171069640619,0.3333333333333333,0.3333333333333333,0.23756844863453375,14,-0.2623848763339543,24,0.25146628528300075,1
mcd,5078_USBVideo_after,0.9763313609467456,11.228150364493388,0.2222222222222222,0.2222222222222222,0.14825327946924396,10,-0.17281217464754522,20,0.161508465335958,1
mcd,5078_USBVideo_before,0.9763313609467456,11.432026358680382,0.0,0.0,0.22414157948789576,30,-0.269706846306717,-1,0.22414157948789576,1
mcd,5096_FullHDwebcam_after,0.9763313609467456,9.108385193120203,0.3888888888888889,0.3888888888888889,-0.38812070317722536,6,0.3883833076275428,6,0.3883833076275428,1
mcd,5096_FullHDwebcam_before,0.4881656804733728,0.4267531808836031,0.5555555555555556,0.7777777777777778,-0.377296778200954,6,0.3862707518140827,6,0.3862707518140827,0
mcd,5096_IriunWebcam_after,0.9763313609467456,8.985091470873343,0.16666666666666666,0.16666666666666666,0.1380497442524913,17,0.1764531666037329,17,0.1764531666037329,1
mcd,5096_IriunWebcam_before,0.4878048780487805,1.0863545748362355,0.05555555555555555,0.1111111111111111,0.21370983085614056,3,0.21370983085614056,3,0.21370983085614056,0
mcd,5096_USBVideo_before,0.4878048780487805,0.6763927937214186,0.16666666666666666,0.1111111111111111,0.1950196529654521,-9,-0.2922117294470713,22,0.2579785742585115,0
mcd,5123_FullHDwebcam_after,0.9763313609467456,6.567202250196885,0.6111111111111112,0.625,-0.4967303745575867,-1,-0.4967303745575867,7,0.31835454536587704,1
mcd,5123_FullHDwebcam_before,0.9763313609467456,9.412214215270136,1.0,1.0,-0.5633976209102883,-3,-0.5633976209102883,9,0.44851824613825375,1
mcd,5123_IriunWebcam_after,0.975609756097561,6.724063221184406,0.2777777777777778,0.3125,0.09572338569609468,-30,-0.1628141506990966,-22,0.13616456257073392,1
mcd,5123_IriunWebcam_before,0.9763313609467456,9.525970049796005,0.2777777777777778,0.2777777777777778,0.21618344840434003,3,0.21618344840434003,3,0.21618344840434003,1
mcd,5125_FullHDwebcam_after,0.9763313609467456,8.2350811636429,0.9444444444444444,0.9444444444444444,-0.733602636229032,-1,-0.733602636229032,8,0.5694174354369068,1
mcd,5125_FullHDwebcam_before,0.9763313609467456,8.301278401667062,0.9444444444444444,0.9444444444444444,-0.673640245923897,-2,-0.673640245923897,7,0.6157229245928125,1
mcd,5125_IriunWebcam_after,0.9763313609467456,8.093570384153399,0.16666666666666666,0.16666666666666666,-0.36308471817960625,-5,-0.3689244494437276,-15,0.3528158650170868,1
mcd,5125_IriunWebcam_before,0.975609756097561,8.160474785894172,0.2777777777777778,0.2777777777777778,0.2905870672948177,-7,-0.31859695893824763,-19,0.31189486296729285,1
mcd,5125_USBVideo_after,0.975609756097561,8.00560047245501,0.0,0.0,0.17508948225074195,-30,-0.24073043124853713,-21,0.2298498783316108,1
mcd,5125_USBVideo_before,0.975609756097561,8.241325374553524,0.4444444444444444,0.4444444444444444,0.31447725580224234,-12,-0.34084808319443133,-24,0.3160982619317872,1
mcd,5130_FullHDwebcam_after,0.9763313609467456,11.105160963178736,1.0,1.0,-0.7877416610171089,23,-0.7905877746400971,11,0.6564031862179385,1
mcd,5130_FullHDwebcam_before,0.9763313609467456,11.358206061150154,0.9444444444444444,0.9444444444444444,-0.7512541021506303,-1,-0.7512541021506303,9,0.5849766652195932,1
mcd,5130_IriunWebcam_after,0.975609756097561,11.089638426887479,0.7777777777777778,0.7777777777777778,0.5706104486826261,4,0.5706104486826261,4,0.5706104486826261,1
mcd,5130_IriunWebcam_before,0.9763313609467456,11.17498732882957,0.7222222222222222,0.7222222222222222,0.5012118348653127,-7,-0.5184645205734004,3,0.5012118348653127,1
mcd,5130_USBVideo_after,0.975609756097561,11.0810704543301,0.8888888888888888,0.8888888888888888,0.5645196202542372,15,-0.5916126472662842,3,0.5645196202542372,1
mcd,5130_USBVideo_before,0.9763313609467456,11.257024827967383,0.5555555555555556,0.5555555555555556,0.5070000233124488,-1,0.5070000233124488,-1,0.5070000233124488,1
mcd,5138_FullHDwebcam_after,0.9763313609467456,8.527364222714938,0.6111111111111112,0.6111111111111112,-0.5240644034688842,-1,-0.5240644034688842,7,0.46735854396738774,1
mcd,5138_FullHDwebcam_before,0.9763313609467456,6.906969185916258,0.7222222222222222,0.7222222222222222,-0.4296323232328179,21,-0.44867560850621385,8,0.383270073230833,1
mcd,5138_IriunWebcam_after,0.9763313609467456,8.642846831872127,0.1111111111111111,0.1111111111111111,0.2965255175502057,13,-0.310801371644997,4,0.2965255175502057,1
mcd,5138_IriunWebcam_before,0.975609756097561,6.949347836657168,0.16666666666666666,0.16666666666666666,0.16971009920731206,-8,-0.21462391005423648,6,0.18778682350544537,1
mcd,5138_USBVideo_after,0.9763313609467456,8.423398823889329,0.16666666666666666,0.16666666666666666,0.3423501887020009,-1,0.3423501887020009,-1,0.3423501887020009,1
mcd,5138_USBVideo_before,0.9763313609467456,6.948112692579046,0.16666666666666666,0.16666666666666666,0.1334619923230123,-13,-0.17251570251152146,23,0.14987972833768087,1
mcd,5148_FullHDwebcam_after,0.9763313609467456,7.977147079984379,0.3888888888888889,0.3888888888888889,0.34728259230618097,4,0.34728259230618097,4,0.34728259230618097,1
mcd,5148_FullHDwebcam_before,0.9763313609467456,6.714138297402608,0.3333333333333333,0.29411764705882354,0.3316890658857346,-16,0.3385878579562644,-16,0.3385878579562644,1
mcd,5148_IriunWebcam_after,0.975609756097561,7.871077532099074,0.1111111111111111,0.1111111111111111,0.15596577363134778,-19,0.21276925033086308,-19,0.21276925033086308,1
mcd,5148_IriunWebcam_before,0.975609756097561,6.631347508159927,0.2222222222222222,0.23529411764705882,0.13635241683478408,20,0.1713348379742423,20,0.1713348379742423,1
mcd,5148_USBVideo_after,0.9763313609467456,8.106058806552937,0.05555555555555555,0.05555555555555555,0.3502100614595099,-1,0.3502100614595099,-1,0.3502100614595099,1
mcd,5148_USBVideo_before,0.975609756097561,6.6521459854888505,0.2222222222222222,0.23529411764705882,0.4083137693724161,0,0.4083137693724161,0,0.4083137693724161,1
mcd,5156_FullHDwebcam_after,0.9763313609467456,8.839370436621115,0.9444444444444444,0.9444444444444444,-0.5941747567863036,-3,-0.5941747567863036,7,0.5158913134443532,1
mcd,5156_FullHDwebcam_before,0.9763313609467456,6.860484633332487,0.8888888888888888,0.8888888888888888,-0.6265826601858304,20,-0.6778545176924462,6,0.6431520979617273,1
mcd,5156_IriunWebcam_after,0.975609756097561,8.954890840223385,0.2777777777777778,0.2777777777777778,0.13303383176030154,-12,-0.18068122734652461,-27,0.16358660171950298,1
mcd,5156_IriunWebcam_before,0.9770540340488527,7.060293251025265,0.2222222222222222,0.2222222222222222,0.17047257528671433,-10,-0.18852929036450827,1,0.17047257528671433,1
mcd,5156_USBVideo_after,0.9763313609467456,8.872561650258348,0.7222222222222222,0.7222222222222222,0.5783412614154365,1,0.5783412614154365,1,0.5783412614154365,1
mcd,5156_USBVideo_before,0.9763313609467456,6.874664368179611,0.9444444444444444,0.9444444444444444,0.5051063989204063,-10,-0.5311343031702395,1,0.5051063989204063,1
mcd,5174_FullHDwebcam_after,0.9763313609467456,10.929367808340903,0.7222222222222222,0.7222222222222222,-0.5399716727081109,-2,-0.5399716727081109,6,0.5359088982578186,1
mcd,5174_FullHDwebcam_before,0.9763313609467456,7.377274306100217,1.0,1.0,-0.5846715367899876,-2,-0.5846715367899876,7,0.581645759420317,1
mcd,5174_IriunWebcam_after,0.9763313609467456,10.79376245428855,0.3333333333333333,0.3333333333333333,0.2775048912844923,22,0.28948382085285684,22,0.28948382085285684,1
mcd,5174_IriunWebcam_before,0.9763313609467456,7.532879139926125,0.2222222222222222,0.2222222222222222,0.25875529432221145,-24,-0.26349093927713885,4,0.25875529432221145,1
mcd,5174_USBVideo_after,0.975609756097561,10.99366658930598,0.2222222222222222,0.2222222222222222,0.2413179197119346,8,-0.2590898373355722,-1,0.2413179197119346,1
mcd,5174_USBVideo_before,0.9763313609467456,7.424089548833706,0.0,0.0,0.25268922852726783,-20,0.2635858501969695,-20,0.2635858501969695,1
mcd,5207_FullHDwebcam_after,0.9319526627218935,2.9833253597428078,0.3888888888888889,0.4375,-0.17407877769154936,6,0.2244702153752986,6,0.2244702153752986,1
mcd,5207_FullHDwebcam_before,0.9763313609467456,6.693262368805201,0.5,0.5,0.37227658623217463,6,0.4230285045688801,6,0.4230285045688801,1
mcd,5207_IriunWebcam_after,0.9319526627218935,2.935387303004889,0.2222222222222222,0.25,-0.1551828391615593,5,-0.16138595929120503,-3,0.0778880190029809,1
mcd,5207_IriunWebcam_before,0.975609756097561,6.799521821099129,0.05555555555555555,0.05555555555555555,-0.08120808332318286,-22,0.10005586574053953,-22,0.10005586574053953,1
mcd,5207_USBVideo_after,0.9319526627218935,3.1034834239060363,0.3333333333333333,0.3125,0.253096251489663,-25,0.2554593935008466,-25,0.2554593935008466,1
mcd,5207_USBVideo_before,0.9763313609467456,6.500735384793002,0.16666666666666666,0.16666666666666666,0.34912947276935064,-9,-0.38626064092580603,-25,0.3842785905734076,1
mcd,5214_FullHDwebcam_after,0.9319526627218935,7.266849422771266,0.6666666666666666,0.7058823529411765,-0.4702937110731922,-2,-0.4702937110731922,7,0.31522116171735526,1
mcd,5214_FullHDwebcam_before,0.9319526627218935,6.4746362502293575,0.8333333333333334,0.9375,-0.5709248862434979,-3,-0.5709248862434979,-16,0.45105283090750514,1
mcd,5214_IriunWebcam_after,0.9319526627218935,7.127047533866782,0.3888888888888889,0.35294117647058826,0.31401612493064346,-6,-0.33044099721717807,3,0.31401612493064346,1
mcd,5214_IriunWebcam_before,0.9312638580931264,6.850892732664924,0.3333333333333333,0.375,0.3958112881331047,-7,-0.4462763908119006,4,0.3958112881331047,1
mcd,5214_USBVideo_after,0.9319526627218935,7.269316159149691,0.4444444444444444,0.47058823529411764,0.3781464296840608,9,-0.3784286143312903,-2,0.3781464296840608,1
mcd,5214_USBVideo_before,0.9319526627218935,6.871744945206516,0.5,0.5,0.5139560427946298,-3,0.5139560427946298,-3,0.5139560427946298,1
mcd,5215_FullHDwebcam_after,0.9763313609467456,6.857676934293972,0.2777777777777778,0.2777777777777778,-0.3338696691149596,24,0.35221899407532287,24,0.35221899407532287,1
mcd,5215_FullHDwebcam_before,0.9763313609467456,6.033316010942325,0.3888888888888889,0.3888888888888889,-0.3768439595721523,-14,0.3886755419706,-14,0.3886755419706,1
mcd,5215_IriunWebcam_after,0.9763313609467456,6.643023213459854,0.05555555555555555,0.05555555555555555,0.13884981717998054,1,0.13884981717998054,1,0.13884981717998054,1
mcd,5215_IriunWebcam_before,0.975609756097561,5.797333800358402,0.0,0.0,0.024847639235247593,15,-0.09377105958933724,27,0.07025695624638068,1
mcd,5217_FullHDwebcam_after,0.9763313609467456,7.231905843608491,0.8888888888888888,0.8823529411764706,-0.6561179564082203,-2,-0.6561179564082203,7,0.5688045403077076,1
mcd,5217_FullHDwebcam_before,0.9763313609467456,5.769625003208626,0.8333333333333334,0.8333333333333334,-0.6972531711256197,-2,-0.6972531711256197,-14,0.5230937392880801,1
mcd,5217_IriunWebcam_after,0.975609756097561,7.2398794472130295,0.5555555555555556,0.5882352941176471,0.478682355316768,3,0.478682355316768,3,0.478682355316768,1
mcd,5217_IriunWebcam_before,0.9763313609467456,5.894966480104933,0.5,0.5,-0.41933855902707523,-6,-0.47985876203918726,5,0.34649834045452665,1
mcd,5217_USBVideo_after,0.9763313609467456,7.27983249469399,0.16666666666666666,0.17647058823529413,0.2977956986245164,-1,0.2977956986245164,-1,0.2977956986245164,1
mcd,5217_USBVideo_before,0.9763313609467456,5.6397746324662625,0.1111111111111111,0.1111111111111111,0.2470843827789305,13,-0.285457030924558,3,0.2470843827789305,1
mcd,5223_FullHDwebcam_after,0.9763313609467456,4.3273746873398355,0.8888888888888888,0.8888888888888888,-0.6300296576897232,-2,-0.6300296576897232,6,0.5458300030791101,1
mcd,5223_FullHDwebcam_before,0.9312638580931264,3.6985707070675637,0.5555555555555556,0.6666666666666666,-0.42650918929032317,-5,-0.43014927135611275,-16,0.4243330828565712,1
mcd,5223_IriunWebcam_after,0.9763313609467456,4.402176259883008,0.16666666666666666,0.11764705882352941,0.23159831034310976,1,0.23159831034310976,1,0.23159831034310976,1
mcd,5223_IriunWebcam_before,0.9312638580931264,3.6616245635069,0.3888888888888889,0.4,0.3048448323874244,-6,-0.35291873763977794,4,0.3048448323874244,1
mcd,5228_FullHDwebcam_after,0.9763313609467456,7.811766283016,0.9444444444444444,0.9444444444444444,-0.4747248522292305,6,0.5662347457188006,6,0.5662347457188006,1
mcd,5228_FullHDwebcam_before,0.9319526627218935,6.14640328363332,0.6111111111111112,0.6470588235294118,-0.536426282825394,-5,-0.5583440726522632,8,0.5320226481482047,1
mcd,5228_IriunWebcam_after,0.975609756097561,7.899136076063652,0.2222222222222222,0.2222222222222222,0.3048572122015769,24,0.3414482903009993,24,0.3414482903009993,1
mcd,5228_IriunWebcam_before,0.9312638580931264,6.126208633509229,0.1111111111111111,0.11764705882352941,-0.05734585926691031,4,-0.05734585926691031,-15,0.03946688201470155,1
mcd,5228_USBVideo_after,0.9763313609467456,7.791738126629687,0.2777777777777778,0.2777777777777778,-0.031835975707154844,-14,0.07539455088141807,-14,0.07539455088141807,1
mcd,5237_FullHDwebcam_after,0.9763313609467456,7.357918481179105,0.9444444444444444,0.9444444444444444,-0.7211770964567251,-1,-0.7211770964567251,-12,0.6263795096066775,1
mcd,5237_FullHDwebcam_before,0.9763313609467456,7.98418181655606,1.0,1.0,-0.7162411464207351,-2,-0.7162411464207351,8,0.6262690095740833,1
mcd,5237_IriunWebcam_after,0.9770540340488527,7.1806754261260535,0.2777777777777778,0.2777777777777778,0.28042181893189494,-6,-0.3345721255543783,3,0.28042181893189494,1
mcd,5237_IriunWebcam_before,0.9763313609467456,7.86025201624593,0.3888888888888889,0.3888888888888889,0.3433537243363614,-21,0.34403234731340393,-21,0.34403234731340393,1
mcd,5237_USBVideo_after,0.9763313609467456,7.507474437603983,0.0,0.0,0.25703087201723346,-22,0.2809337414597759,-22,0.2809337414597759,1
mcd,5237_USBVideo_before,0.9763313609467456,7.696501271201603,0.5555555555555556,0.5555555555555556,0.33219227819852915,20,0.3548615611347168,20,0.3548615611347168,1
mcd,5243_FullHDwebcam_after,0.9763313609467456,8.942327991661113,1.0,1.0,-0.6391562251747938,-4,-0.6391562251747938,-16,0.5695540610408182,1
mcd,5243_FullHDwebcam_before,0.9763313609467456,6.679310075621418,0.8888888888888888,0.9411764705882353,-0.6852540373254848,-2,-0.6852540373254848,8,0.5918725198513873,1
mcd,5243_IriunWebcam_after,0.9763313609467456,8.818972264283651,0.2777777777777778,0.2777777777777778,0.22514969984562944,-7,-0.29634376137278035,-19,0.23095447934356952,1
mcd,5243_IriunWebcam_before,0.9763313609467456,6.848181421792819,0.05555555555555555,0.058823529411764705,0.10022317150239393,-19,0.10933176372025026,-19,0.10933176372025026,1
mcd,5243_USBVideo_after,0.9763313609467456,8.924002240438039,0.6111111111111112,0.6111111111111112,0.40351370247825386,-24,0.40724988268351364,-24,0.40724988268351364,1
mcd,5250_FullHDwebcam_after,0.9763313609467456,4.963614804798842,0.7777777777777778,0.875,-0.6358200348348233,-4,-0.6358200348348233,6,0.6031454102819737,1
mcd,5250_FullHDwebcam_before,0.9763313609467456,4.298258762644357,0.8888888888888888,0.8823529411764706,-0.6078491806281765,-5,-0.617899362424503,9,0.5847206462591958,1
mcd,5250_IriunWebcam_after,0.975609756097561,5.121790609956912,0.1111111111111111,0.0625,-0.15629833045499242,-5,-0.17102897967800512,7,0.165827038688774,1
mcd,5250_IriunWebcam_before,0.9770540340488527,4.328265767388146,0.16666666666666666,0.1875,0.32701492068532995,-2,0.32701492068532995,-2,0.32701492068532995,1
mcd,5287_FullHDwebcam_after,0.9763313609467456,9.039643687771644,1.0,1.0,-0.6517999492473581,-4,-0.6517999492473581,5,0.6119986685285012,1
mcd,5287_FullHDwebcam_before,0.9763313609467456,8.655544788509253,1.0,1.0,-0.6257814540614128,-5,-0.6588543537854139,5,0.647824134852376,1
mcd,5287_IriunWebcam_after,0.9763313609467456,9.077488870839092,0.05555555555555555,0.05555555555555555,0.09520274842586642,1,0.09520274842586642,1,0.09520274842586642,1
mcd,5287_IriunWebcam_before,0.975609756097561,8.605775867281519,0.2222222222222222,0.2222222222222222,0.24937627087944786,24,0.3208171326368474,24,0.3208171326368474,1
mcd,5288_FullHDwebcam_after,0.9763313609467456,8.169102866148176,0.6111111111111112,0.6111111111111112,-0.4667663510836102,-2,-0.4667663510836102,-16,0.37597935270059324,1
mcd,5288_FullHDwebcam_before,0.7544378698224852,5.074877263147892,0.4444444444444444,0.4666666666666667,-0.40878262020007566,-3,-0.40878262020007566,10,0.3564523745173786,1
mcd,5288_IriunWebcam_after,0.9763313609467456,8.051866034583231,0.2777777777777778,0.2777777777777778,0.17036408278400364,16,-0.2812981840352286,26,0.21720879400679102,1
mcd,5288_IriunWebcam_before,0.753880266075388,4.757266525555051,0.16666666666666666,0.2,-0.22582611875957936,-18,0.2510331659397219,-18,0.2510331659397219,1
mcd,5288_USBVideo_after,0.9763313609467456,7.967181785239579,0.2222222222222222,0.2222222222222222,0.24046346796630697,-13,-0.30974637232533325,-25,0.2694175167108929,1
mcd,5288_USBVideo_before,0.7544378698224852,5.018068119575303,0.1111111111111111,0.13333333333333333,0.15364255483621012,-14,-0.20874011757715666,-3,0.15364255483621012,1
mcd,5292_FullHDwebcam_after,0.9319526627218935,7.457181707973496,0.8888888888888888,0.8823529411764706,-0.6180287981393735,-1,-0.6180287981393735,7,0.5306574924755477,1
mcd,5292_FullHDwebcam_before,0.9763313609467456,7.409244607418781,0.9444444444444444,0.9444444444444444,-0.6206158959308418,-1,-0.6206158959308418,-12,0.49149082387057086,1
mcd,5292_IriunWebcam_after,0.9312638580931264,7.454506185935836,0.2777777777777778,0.29411764705882354,0.35369943102616364,2,0.35369943102616364,2,0.35369943102616364,1
mcd,5292_IriunWebcam_before,0.975609756097561,7.199368109242734,0.2777777777777778,0.2777777777777778,0.4342578429091997,3,0.4342578429091997,3,0.4342578429091997,1
mcd,5292_USBVideo_after,0.9319526627218935,7.239802064013823,0.2222222222222222,0.17647058823529413,0.2944617657492723,-3,0.2944617657492723,-3,0.2944617657492723,1
mcd,5292_USBVideo_before,0.9763313609467456,7.242581851837938,0.3333333333333333,0.3333333333333333,0.30316919211975335,-2,0.30316919211975335,-2,0.30316919211975335,1
mcd,5307_FullHDwebcam_after,0.9763313609467456,9.819957626117962,0.8333333333333334,0.8333333333333334,-0.5800898088451577,-1,-0.5800898088451577,-16,0.5557612388644871,1
mcd,5307_FullHDwebcam_before,0.9763313609467456,9.713273427206106,1.0,1.0,-0.6046558833352975,-1,-0.6046558833352975,-16,0.539717604306064,1
mcd,5307_IriunWebcam_after,0.975609756097561,9.83505259764134,0.5,0.5,0.28402442361766705,28,0.3084367367129599,28,0.3084367367129599,1
mcd,5307_IriunWebcam_before,0.975609756097561,9.772598655482257,0.6111111111111112,0.6111111111111112,0.4831097941711002,-24,0.5044004922035837,-24,0.5044004922035837,1
mcd,5307_USBVideo_before,0.9763313609467456,9.687473492423766,0.5555555555555556,0.5555555555555556,0.37411732102656164,2,0.37411732102656164,2,0.37411732102656164,1
mcd,5308_FullHDwebcam_after,0.8875739644970414,3.60095311444882,0.5,0.46153846153846156,-0.45422922253576753,6,0.45845644293653,6,0.45845644293653,1
mcd,5308_FullHDwebcam_before,0.9319526627218935,3.5120613708627086,1.0,1.0,-0.6754239795138636,-2,-0.6754239795138636,6,0.5079455371883698,1
mcd,5308_IriunWebcam_after,0.975609756097561,3.5200650733103194,0.2222222222222222,0.21428571428571427,0.3564391045901689,2,0.3564391045901689,2,0.3564391045901689,1
mcd,5332_FullHDwebcam_after,0.9763313609467456,5.398941218318818,0.8333333333333334,0.9375,-0.6730864459570798,-3,-0.6730864459570798,7,0.6488438289529402,1
mcd,5332_FullHDwebcam_before,0.9763313609467456,7.257599622608858,0.8333333333333334,0.8333333333333334,-0.6555189645619103,-4,-0.6555189645619103,6,0.633449252453543,1
mcd,5347_FullHDwebcam_after,0.9763313609467456,6.763698804792994,0.2222222222222222,0.2222222222222222,-0.21942729707391903,-30,-0.23436292761566493,-16,0.18657164386696215,1
mcd,5347_FullHDwebcam_before,0.9763313609467456,6.990787379267413,0.1111111111111111,0.1111111111111111,-0.14437517180058446,7,0.19835514347973346,7,0.19835514347973346,1
mcd,5347_IriunWebcam_after,0.9763313609467456,6.727742895674579,0.2222222222222222,0.2222222222222222,0.2273281659737091,27,0.24310471050109192,27,0.24310471050109192,1
mcd,5347_IriunWebcam_before,0.975609756097561,6.8868029668141615,0.1111111111111111,0.1111111111111111,0.12049334896640507,-8,-0.15809476463834132,4,0.12049334896640507,1
mcd,5347_USBVideo_after,0.9763313609467456,6.836000369328126,0.1111111111111111,0.1111111111111111,0.08083448608745984,25,0.08467504620799945,25,0.08467504620799945,1
mcd,5347_USBVideo_before,0.9763313609467456,7.030121185752256,0.6111111111111112,0.6111111111111112,0.30126924691586593,-17,-0.34402269939713487,-3,0.30126924691586593,1
mcd,5353_FullHDwebcam_after,0.9763313609467456,8.163014217707332,0.8888888888888888,0.8888888888888888,-0.5526046477804841,-3,-0.5526046477804841,6,0.4943482198448333,1
mcd,5353_FullHDwebcam_before,0.9763313609467456,6.971960788075473,0.7222222222222222,0.7222222222222222,-0.49649700808609465,-4,-0.49649700808609465,6,0.4731135474166316,1
mcd,5353_IriunWebcam_after,0.975609756097561,7.692032776454859,0.1111111111111111,0.1111111111111111,-0.21190709518789505,-6,-0.2600641322909197,-17,0.18615775130261272,1
mcd,5353_IriunWebcam_before,0.9763313609467456,6.949984392192462,0.2222222222222222,0.2222222222222222,-0.17394393215807083,16,-0.21971616438206115,27,0.2072406249822131,1
mcd,5356_FullHDwebcam_after,0.9763313609467456,7.458102101573244,1.0,1.0,-0.7197224317354755,-1,-0.7197224317354755,7,0.5871662167252045,1
mcd,5356_FullHDwebcam_before,0.9763313609467456,8.471047777669726,0.7777777777777778,0.7777777777777778,-0.492150328995283,-2,-0.492150328995283,7,0.45012545865578674,1
mcd,5356_IriunWebcam_after,0.975609756097561,7.4453320903470885,0.0,0.0,0.06040629092434094,30,-0.08420494558384713,17,0.0789261032744679,1
mcd,5356_IriunWebcam_before,0.975609756097561,8.574225359967823,0.1111111111111111,0.1111111111111111,0.259014893417487,-24,-0.2798731707598676,4,0.259014893417487,1
mcd,5356_USBVideo_before,0.9763313609467456,8.76335673988861,0.0,0.0,0.2008956097971171,-11,-0.22380097625273462,-22,0.22062635969546107,1
mcd,5394_FullHDwebcam_after,0.9319526627218935,4.073450057878857,0.8333333333333334,0.8823529411764706,-0.48582693451156017,-5,-0.4891984835369555,5,0.4555711417645364,1
mcd,5394_FullHDwebcam_before,0.7988165680473372,4.608290038962478,0.8888888888888888,1.0,-0.637864722587925,-4,-0.637864722587925,11,0.5704649375082532,1
mcd,5394_IriunWebcam_after,0.9312638580931264,4.107645732736596,0.1111111111111111,0.11764705882352941,0.1663843004272804,-30,-0.27826475241942267,-19,0.22100185413478649,1
mcd,5394_IriunWebcam_before,0.7982261640798226,4.638338884797306,0.5555555555555556,0.6666666666666666,0.36996337200316226,-9,-0.489770956398936,-23,0.3968982743941424,1
mcd,5394_USBVideo_after,0.9319526627218935,3.7347483318174373,0.16666666666666666,0.17647058823529413,0.22370692820239887,-3,0.22370692820239887,-3,0.22370692820239887,1
mcd,5394_USBVideo_before,0.7988165680473372,4.524352815280874,0.6666666666666666,0.7333333333333333,0.4896752106521272,-13,-0.5505878591527859,3,0.4896752106521272,1
mcd,5395_FullHDwebcam_after,0.9763313609467456,4.539031102773195,0.8888888888888888,0.9411764705882353,-0.7450151286197133,-1,-0.7450151286197133,9,0.5584371964133836,1
mcd,5395_FullHDwebcam_before,0.9763313609467456,5.628007418788768,1.0,1.0,-0.8244180024702584,-1,-0.8244180024702584,10,0.6755782365702412,1
mcd,5395_IriunWebcam_after,0.975609756097561,4.553406706478187,0.4444444444444444,0.47058823529411764,0.39572426182454395,-6,-0.4275022346168131,-20,0.410585317777894,1
mcd,5395_IriunWebcam_before,0.975609756097561,5.569098607214475,0.8333333333333334,0.8333333333333334,0.4572570371731925,2,0.4572570371731925,2,0.4572570371731925,1
mcd,5395_USBVideo_after,0.9763313609467456,4.579544471394547,0.4444444444444444,0.47058823529411764,0.4849895490608992,-1,0.4849895490608992,-1,0.4849895490608992,1
mcd,5395_USBVideo_before,0.9763313609467456,5.58904660290938,0.6666666666666666,0.6666666666666666,0.43584869386656544,-13,-0.511542753835891,2,0.43584869386656544,1
mcd,5441_FullHDwebcam_after,0.8431952662721893,4.055427685553134,1.0,1.0,-0.642545516170767,-4,-0.642545516170767,-17,0.6174267365685095,1
mcd,5441_FullHDwebcam_before,0.9319526627218935,3.997240991025398,0.6666666666666666,0.7058823529411765,-0.3293323350944387,-23,0.3893651118584076,-23,0.3893651118584076,1
mcd,5441_IriunWebcam_after,0.8425720620842572,4.1262042331549,0.16666666666666666,0.13333333333333333,0.12223678611744822,13,-0.13776360324553097,1,0.12223678611744822,1
mcd,5441_IriunWebcam_before,0.9312638580931264,4.200250629563423,0.0,0.0,0.24225832446470638,17,-0.24306550707693525,4,0.24225832446470638,1
mcd,5483_FullHDwebcam_after,0.9763313609467456,7.469263971397718,0.6666666666666666,0.6666666666666666,-0.3867017655225521,-17,0.4498062962639795,-17,0.4498062962639795,1
mcd,5483_FullHDwebcam_before,0.9763313609467456,7.012771826712771,0.7222222222222222,0.7222222222222222,-0.4697051386125704,20,-0.48792317475285635,7,0.47133932152021063,1
mcd,5483_IriunWebcam_after,0.975609756097561,7.272717582267303,0.2222222222222222,0.2222222222222222,-0.20941830864629835,16,0.22088926274359366,16,0.22088926274359366,1
mcd,5483_IriunWebcam_before,0.9763313609467456,6.968386855343968,0.16666666666666666,0.16666666666666666,0.07631753651126509,-11,-0.1522907025042502,-20,0.11748189818025952,1
mcd,5486_FullHDwebcam_after,0.9763313609467456,5.880074284064879,0.5,0.5,-0.3754137715106977,-2,-0.3754137715106977,-13,0.34800343463906164,1
mcd,5486_FullHDwebcam_before,0.9763313609467456,7.3465511371296,0.1111111111111111,0.11764705882352941,0.1949408533848166,5,0.20212142514438225,5,0.20212142514438225,1
mcd,5486_IriunWebcam_after,0.975609756097561,5.666911078891184,0.3888888888888889,0.3888888888888889,-0.09489562979111914,-26,-0.1502308565134203,23,0.11825790587577434,1
mcd,5500_FullHDwebcam_after,0.9763313609467456,7.322956328506111,0.3888888888888889,0.3888888888888889,-0.2520843757820403,-2,-0.2520843757820403,30,0.22491023478431682,1
mcd,5500_FullHDwebcam_before,0.9763313609467456,9.192989733800252,0.8333333333333334,0.8333333333333334,-0.4946551592763941,-3,-0.4946551592763941,8,0.4870663413233929,1
mcd,5500_IriunWebcam_after,0.975609756097561,7.041495051140431,0.3333333333333333,0.3333333333333333,0.3637186392174949,15,-0.4109436140252795,2,0.3637186392174949,1
mcd,5500_IriunWebcam_before,0.9763313609467456,9.290526846529199,0.5,0.5,0.4183491555849546,2,0.4183491555849546,2,0.4183491555849546,1
mcd,5500_USBVideo_after,0.9763313609467456,7.1547158507522965,0.0,0.0,0.1342557746472678,-2,0.1342557746472678,-2,0.1342557746472678,1
mcd,5500_USBVideo_before,0.9763313609467456,9.319145276365582,0.2777777777777778,0.2777777777777778,0.2600571934684169,18,0.2960719629524828,18,0.2960719629524828,1
mcd,5507_FullHDwebcam_after,0.9763313609467456,4.609311147804238,0.6666666666666666,0.6470588235294118,-0.43279809473781544,-20,0.45434239304107327,-20,0.45434239304107327,1
mcd,5507_FullHDwebcam_before,0.9763313609467456,5.678728426236479,0.6666666666666666,0.6666666666666666,-0.3847418572070683,-2,-0.3847418572070683,-18,0.3826613887001974,1
mcd,5507_IriunWebcam_after,0.975609756097561,4.7170620388302975,0.2777777777777778,0.3125,-0.11918176114536119,-23,0.18995943989033362,-23,0.18995943989033362,1
mcd,5507_IriunWebcam_before,0.975609756097561,5.51083164005645,0.2777777777777778,0.2777777777777778,0.1416603051946529,-7,-0.20343402809168754,-21,0.17090036983187062,1
mcd,5524_FullHDwebcam_after,0.8431952662721893,4.066131773951353,0.6111111111111112,0.7857142857142857,-0.47116093085569455,8,0.4715984700246546,8,0.4715984700246546,1
mcd,5524_FullHDwebcam_before,0.9763313609467456,4.935731714003946,1.0,1.0,-0.5838969289646587,-3,-0.5838969289646587,9,0.5559087117912398,1
mcd,5524_IriunWebcam_after,0.8431952662721893,4.073518528988728,0.2777777777777778,0.21428571428571427,0.3041314214327682,3,0.3041314214327682,3,0.3041314214327682,1
mcd,5524_IriunWebcam_before,0.9763313609467456,5.0752134163034395,0.8888888888888888,0.8888888888888888,0.5065589643322169,-8,-0.5291930587049647,4,0.5065589643322169,1
mcd,5524_USBVideo_after,0.8431952662721893,4.15532129435179,0.5,0.6428571428571429,0.2895923290846393,12,-0.32205915839063814,-2,0.2895923290846393,1
mcd,5524_USBVideo_before,0.9763313609467456,4.976210866067422,0.6111111111111112,0.6111111111111112,0.3845413585246698,-12,-0.4149968582398331,2,0.3845413585246698,1
mcd,5526_FullHDwebcam_after,0.9763313609467456,11.157809765453715,1.0,1.0,-0.6549246138368039,-16,0.694943203092433,-16,0.694943203092433,1
mcd,5526_FullHDwebcam_before,0.9763313609467456,10.90574623816511,1.0,1.0,-0.7852580095133093,-2,-0.7852580095133093,9,0.6600431110542597,1
mcd,5526_IriunWebcam_after,0.975609756097561,11.086479004714576,0.3333333333333333,0.3333333333333333,0.2429970784087664,3,0.2429970784087664,3,0.2429970784087664,1
mcd,5526_IriunWebcam_before,0.975609756097561,10.886222797587344,0.16666666666666666,0.16666666666666666,0.2707873811720549,27,0.29685412089997465,27,0.29685412089997465,1
mcd,5526_USBVideo_after,0.975609756097561,11.084627158287525,0.2222222222222222,0.2222222222222222,0.16393805888269214,-9,-0.18802156266366032,-22,0.1677551831125641,1
mcd,5526_USBVideo_before,0.9763313609467456,10.927255974904456,0.6666666666666666,0.6666666666666666,0.45015562741886794,12,-0.461359548383794,-1,0.45015562741886794,1
mcd,5533_FullHDwebcam_after,0.9763313609467456,7.3270842575556685,0.8333333333333334,0.8333333333333334,-0.6140159108310782,-3,-0.6140159108310782,6,0.5885202180717406,1
mcd,5533_FullHDwebcam_before,0.9319526627218935,3.5186008792296146,0.7222222222222222,0.7333333333333333,-0.6651182133522888,5,0.6714636846982386,5,0.6714636846982386,1
mcd,5533_IriunWebcam_after,0.975609756097561,7.209938317715675,0.16666666666666666,0.16666666666666666,0.3200588316777325,3,0.3200588316777325,3,0.3200588316777325,1
mcd,5533_IriunWebcam_before,0.9312638580931264,3.4347464303617206,0.2222222222222222,0.2,0.19875143212286359,-18,0.23120968774488782,-18,0.23120968774488782,1
mcd,5535_FullHDwebcam_after,0.9763313609467456,9.35587867636529,0.5555555555555556,0.5555555555555556,-0.3972481339975355,-3,-0.3972481339975355,4,0.3951913269711313,1
mcd,5535_FullHDwebcam_before,0.621301775147929,2.567593041323078,0.6666666666666666,0.8333333333333334,-0.5752706480946718,-3,-0.5752706480946718,6,0.5272628198788424,1
mcd,5535_IriunWebcam_after,0.9763313609467456,9.421926809694318,0.05555555555555555,0.05555555555555555,0.16036272780366556,8,-0.16507076319494196,16,0.16322637244217375,1
mcd,5535_IriunWebcam_before,0.621301775147929,2.7490018609448406,0.1111111111111111,0.08333333333333333,0.17983276224400074,23,0.18408400926315724,23,0.18408400926315724,1
mcd,5535_USBVideo_after,0.975609756097561,9.34892569997439,0.16666666666666666,0.16666666666666666,0.2227450794541871,-17,0.22642150039702516,-17,0.22642150039702516,1
mcd,5535_USBVideo_before,0.621301775147929,2.817518870858118,0.5555555555555556,0.8333333333333334,0.49677701803675794,1,0.49677701803675794,1,0.49677701803675794,1
mcd,5536_FullHDwebcam_after,0.9763313609467456,6.008884069440999,0.8333333333333334,0.8333333333333334,-0.45115779283898966,-3,-0.45115779283898966,-17,0.4374634636847175,1
mcd,5536_FullHDwebcam_before,0.9763313609467456,5.248056156447625,0.7222222222222222,0.7222222222222222,-0.5248158163138519,-3,-0.5248158163138519,9,0.5163145365989547,1
mcd,5536_IriunWebcam_after,0.975609756097561,6.15688171026687,0.16666666666666666,0.16666666666666666,0.07593884398448567,15,-0.1522767382333755,-18,0.13525470816045607,1
mcd,5536_IriunWebcam_before,0.975609756097561,5.393644076160914,0.2777777777777778,0.2777777777777778,0.2161150491243874,4,0.2161150491243874,4,0.2161150491243874,1
mcd,5536_USBVideo_before,0.975609756097561,5.267644991350894,0.3888888888888889,0.3888888888888889,0.3738472508697402,-9,-0.40061834096692406,1,0.3738472508697402,1
mcd,5543_FullHDwebcam_after,0.9763313609467456,5.89500154944826,0.8888888888888888,0.8888888888888888,-0.6212428329349508,-3,-0.6212428329349508,-20,0.5670467055149521,1
mcd,5543_FullHDwebcam_before,0.9763313609467456,6.554414406933418,0.6666666666666666,0.6666666666666666,-0.2541081581638418,-30,-0.2779921410059563,-18,0.2735766247303879,1
mcd,5543_IriunWebcam_after,0.9763313609467456,5.79877973811166,0.4444444444444444,0.4444444444444444,0.22986070626001034,18,-0.2850504758518521,3,0.22986070626001034,1
mcd,5543_IriunWebcam_before,0.9763313609467456,6.464069327987853,0.2222222222222222,0.23529411764705882,-0.05139386948059396,-30,-0.1734142250506683,-19,0.11163673595096489,1
mcd,5550_FullHDwebcam_after,0.8431952662721893,5.285682334554972,0.2222222222222222,0.26666666666666666,-0.15301770856593902,-29,-0.18882828705667062,8,0.17428484487464682,1
mcd,5550_FullHDwebcam_before,0.9763313609467456,10.327659322365804,0.3888888888888889,0.3888888888888889,-0.28081950633997355,-3,-0.28081950633997355,-16,0.2520414926841264,1
mcd,5550_IriunWebcam_after,0.975609756097561,5.123866041171903,0.1111111111111111,0.125,0.20283785109821248,15,-0.2622561405259926,3,0.20283785109821248,1
mcd,5550_IriunWebcam_before,0.9763313609467456,10.2101874652523,0.4444444444444444,0.4444444444444444,0.25544681084404347,-8,-0.25781560350389937,0,0.25544681084404347,1
mcd,5550_USBVideo_after,0.8431952662721893,5.306767801296146,0.2777777777777778,0.2,0.26140968670227427,-2,0.26140968670227427,-2,0.26140968670227427,1
mcd,5550_USBVideo_before,0.9763313609467456,10.231824803628992,0.1111111111111111,0.1111111111111111,0.14890358328128028,-27,0.19489734529684358,-27,0.19489734529684358,1
mcd,5562_FullHDwebcam_after,0.621301775147929,3.0042142734904114,0.05555555555555555,0.0,-0.23401360637054194,28,-0.2378797658401793,5,0.20281318668872342,1
mcd,5562_FullHDwebcam_before,0.9763313609467456,7.0596235319030285,0.5555555555555556,0.5555555555555556,0.4048033962111305,4,0.4048033962111305,4,0.4048033962111305,1
mcd,5562_IriunWebcam_after,0.621301775147929,2.956495154597768,0.1111111111111111,0.16666666666666666,-0.14235734212217496,18,0.22450448260180283,18,0.22450448260180283,1
mcd,5562_IriunWebcam_before,0.975609756097561,6.769919787291165,0.05555555555555555,0.05555555555555555,-0.03194908729219042,29,0.0986413980183297,29,0.0986413980183297,1
mcd,5563_FullHDwebcam_after,0.9763313609467456,8.559163437672872,1.0,1.0,-0.8283161053871286,-1,-0.8283161053871286,-17,0.5965878500638231,1
mcd,5563_FullHDwebcam_before,0.9763313609467456,9.32805195545657,1.0,1.0,-0.7665886992878875,-1,-0.7665886992878875,14,0.5371550854036727,1
mcd,5563_IriunWebcam_after,0.975609756097561,8.636882032417061,1.0,1.0,-0.7931134127513318,-5,-0.81217215776101,11,0.6113637914153844,1
mcd,5563_IriunWebcam_before,0.975609756097561,9.388996248366723,1.0,1.0,0.6350278487150288,-7,-0.8095493572492629,6,0.7147198655941362,1
mcd,5563_USBVideo_after,0.9763313609467456,8.620238304473713,1.0,1.0,0.5366700703365319,-9,-0.7006136954255445,-26,0.6029068282045243,1
mcd,5563_USBVideo_before,0.9763313609467456,9.353801667517285,1.0,1.0,0.6326655092357825,-12,-0.6994570759744096,4,0.6326655092357825,1
mcd,5564_FullHDwebcam_after,0.9763313609467456,9.733298954559064,0.05555555555555555,0.05555555555555555,0.1752192226087562,-7,-0.18530494071112327,24,0.17595713426731335,1
mcd,5564_FullHDwebcam_before,0.9763313609467456,7.9633870327734115,0.3333333333333333,0.3333333333333333,-0.3360733427776264,-27,-0.35815552523387545,7,0.35430762807265415,1
mcd,5564_IriunWebcam_after,0.9763313609467456,9.563722239724608,0.1111111111111111,0.1111111111111111,0.20736241856879625,1,0.20736241856879625,1,0.20736241856879625,1
mcd,5564_IriunWebcam_before,0.9763313609467456,7.886316809024059,0.2777777777777778,0.2777777777777778,0.20413509565254476,-9,-0.23118880037521145,-21,0.22173089321541956,1
mcd,5564_USBVideo_after,0.9763313609467456,9.859291805709397,0.4444444444444444,0.4444444444444444,0.3183551046186824,-1,0.3183551046186824,-1,0.3183551046186824,1
mcd,5564_USBVideo_before,0.9763313609467456,7.978312271159535,0.1111111111111111,0.1111111111111111,0.16088225299617973,-12,-0.20187177254930994,-22,0.19016809180497446,1
mcd,5587_FullHDwebcam_after,0.9763313609467456,8.803378219277448,0.5,0.5,-0.4869819442808148,-1,-0.4869819442808148,7,0.41014353086979516,1
mcd,5587_FullHDwebcam_before,0.9763313609467456,10.165948106047825,0.7222222222222222,0.7222222222222222,-0.493983513326479,-2,-0.493983513326479,6,0.4369604310598746,1
mcd,5587_IriunWebcam_after,0.9770540340488527,8.710693116313115,0.2777777777777778,0.2777777777777778,-0.20982035829003237,-4,-0.20982035829003237,5,0.18267973508769902,1
mcd,5587_IriunWebcam_before,0.9763313609467456,10.065471705029971,0.5,0.5,0.40748211345831126,3,0.40748211345831126,3,0.40748211345831126,1
mcd,5587_USBVideo_after,0.9763313609467456,8.781732296825531,0.0,0.0,0.23536737032248126,2,0.23536737032248126,2,0.23536737032248126,1
mcd,5587_USBVideo_before,0.9763313609467456,9.9834267079206,0.05555555555555555,0.05555555555555555,0.16363509660978554,20,0.1696190410128118,20,0.1696190410128118,1
mcd,5626_FullHDwebcam_after,0.9763313609467456,9.636850025805494,0.5,0.5,-0.35811745399152684,-3,-0.35811745399152684,7,0.29249845232760224,1
mcd,5626_FullHDwebcam_before,0.9763313609467456,11.04814804610924,0.7777777777777778,0.7777777777777778,-0.5489935090423779,-17,0.5871513548353636,-17,0.5871513548353636,1
mcd,5626_IriunWebcam_after,0.975609756097561,9.666108613373272,0.16666666666666666,0.16666666666666666,0.19540964114159734,16,-0.24130431560424473,-21,0.2164699276612135,1
mcd,5626_IriunWebcam_before,0.975609756097561,10.887947975001001,0.5,0.5,0.4129936831804659,3,0.4129936831804659,3,0.4129936831804659,1
mcd,5626_USBVideo_after,0.975609756097561,9.54425757785599,0.3888888888888889,0.3888888888888889,0.3194436226592855,1,0.3194436226592855,1,0.3194436226592855,1
mcd,5626_USBVideo_before,0.9763313609467456,10.97169773329141,0.1111111111111111,0.1111111111111111,0.3110107878044151,10,-0.403043298380795,-1,0.3110107878044151,1
mcd,5637_FullHDwebcam_after,0.9763313609467456,9.185356271307656,0.3888888888888889,0.3888888888888889,-0.42001051178396087,-1,-0.42001051178396087,7,0.39532921414878797,1
mcd,5637_FullHDwebcam_before,0.9763313609467456,8.161821638118207,0.3333333333333333,0.3333333333333333,-0.3354961567475376,-2,-0.3354961567475376,5,0.28182810892179333,1
mcd,5637_IriunWebcam_after,0.975609756097561,8.950375590276241,0.2222222222222222,0.2222222222222222,0.23173819773410395,-6,-0.262550256571953,-30,0.23643233934872787,1
mcd,5637_IriunWebcam_before,0.975609756097561,7.853096945428558,0.0,0.0,0.1495202118203187,-17,0.151405026702831,-17,0.151405026702831,1
mcd,5637_USBVideo_after,0.9763313609467456,9.182502278903005,0.0,0.0,0.03697839642548699,30,0.08454495416707446,30,0.08454495416707446,1
mcd,5637_USBVideo_before,0.9763313609467456,8.08189622992455,0.0,0.0,0.15431876643803435,-22,0.16832215608751727,-22,0.16832215608751727,1
mcd,5644_FullHDwebcam_after,0.9763313609467456,6.754674277188264,1.0,1.0,-0.6741960124051835,-1,-0.6741960124051835,-12,0.6084505239080785,1
mcd,5644_FullHDwebcam_before,0.9763313609467456,7.105150888035664,1.0,1.0,-0.8232218023729121,-2,-0.8232218023729121,13,0.6596557557623262,1
mcd,5644_IriunWebcam_after,0.9763313609467456,6.952445377298018,0.6111111111111112,0.6111111111111112,0.4928030669542515,3,0.4928030669542515,3,0.4928030669542515,1
mcd,5644_IriunWebcam_before,0.975609756097561,7.144664348708714,1.0,1.0,0.6166611590756126,-7,-0.7130123483235057,6,0.6665388621955343,1
mcd,5644_USBVideo_after,0.975609756097561,6.6195288782976895,0.4444444444444444,0.4444444444444444,0.3447037180028155,-12,-0.4157858877603371,-22,0.36925506735897506,1
mcd,5644_USBVideo_before,0.975609756097561,7.0171197192875265,1.0,1.0,0.5486485447969313,-13,-0.6429681103171492,1,0.5486485447969313,1
mcd,5646_FullHDwebcam_after,0.5769230769230769,4.144023587084716,0.2222222222222222,0.2727272727272727,-0.46990071352389434,-1,-0.46990071352389434,6,0.4529708820594007,1
mcd,5646_FullHDwebcam_before,0.9763313609467456,3.8714871210277755,0.3333333333333333,0.375,-0.42427826950410086,-1,-0.42427826950410086,7,0.39942341003512094,1
mcd,5646_IriunWebcam_after,0.5764966740576497,4.244117355398305,0.0,0.0,-0.16746619751152497,-11,0.18575357354816824,-11,0.18575357354816824,1
mcd,5646_IriunWebcam_before,0.9763313609467456,3.992751845052768,0.1111111111111111,0.125,0.3133937706832204,3,0.3133937706832204,3,0.3133937706832204,1
mcd,5646_USBVideo_after,0.5769230769230769,4.030395389323537,0.1111111111111111,0.18181818181818182,0.1421682328029366,-4,0.1421682328029366,-4,0.1421682328029366,1
mcd,5646_USBVideo_before,0.9763313609467456,3.869808368831961,0.0,0.0,0.08359947140093785,23,-0.09998233628200677,-2,0.08359947140093785,1
mcd,5676_FullHDwebcam_after,0.9763313609467456,10.757855378777109,0.2222222222222222,0.2222222222222222,-0.38238895381968535,5,0.3902074950614644,5,0.3902074950614644,1
mcd,5676_FullHDwebcam_before,0.9763313609467456,10.291642808394025,0.2222222222222222,0.2222222222222222,-0.21409651356719828,20,0.2232780872027289,20,0.2232780872027289,1
mcd,5676_IriunWebcam_after,0.9763313609467456,10.634789534250935,0.0,0.0,-0.11996510510071175,4,-0.11996510510071175,12,0.1180124045279935,1
mcd,5676_IriunWebcam_before,0.975609756097561,10.251856019306665,0.0,0.0,0.04048777412102477,-16,0.06208202771735241,-16,0.06208202771735241,1
mcd,5676_USBVideo_after,0.9763313609467456,10.741627810264028,0.0,0.0,0.08893136675135296,-1,0.08893136675135296,-1,0.08893136675135296,1
mcd,5676_USBVideo_before,0.975609756097561,10.300178163880204,0.0,0.0,0.03972732003244958,21,0.05137107702581511,21,0.05137107702581511,1
mcd,5719_FullHDwebcam_after,0.9763313609467456,7.761389175066855,0.7777777777777778,0.7647058823529411,-0.5555070620993825,-1,-0.5555070620993825,8,0.5534777204223934,1
mcd,5719_FullHDwebcam_before,0.9319526627218935,7.017962302786714,1.0,1.0,-0.7290691615790259,-1,-0.7290691615790259,8,0.6038642620322499,1
mcd,5719_IriunWebcam_after,0.9763313609467456,7.6985502269818085,0.2222222222222222,0.17647058823529413,0.36211965002631424,3,0.36211965002631424,3,0.36211965002631424,1
mcd,5719_IriunWebcam_before,0.9312638580931264,6.908096684354462,0.7777777777777778,0.8235294117647058,0.4758835117451369,-6,-0.544230700698916,3,0.4758835117451369,1
mcd,5719_USBVideo_after,0.9763313609467456,7.525827178920181,0.5,0.5294117647058824,0.44723227911390334,0,0.44723227911390334,0,0.44723227911390334,1
mcd,5719_USBVideo_before,0.9319526627218935,6.766464413697656,0.3333333333333333,0.35294117647058826,0.2443794259265557,-21,0.27669064886657174,-21,0.27669064886657174,1
mcd,5721_FullHDwebcam_after,0.9763313609467456,4.7479071819526935,0.9444444444444444,0.9444444444444444,-0.6731740992308664,-4,-0.6731740992308664,7,0.662412184932633,1
mcd,5721_FullHDwebcam_before,0.9763313609467456,6.581261482101935,0.9444444444444444,0.9444444444444444,-0.5227530421491868,-5,-0.5350593600316476,-17,0.5038384792350336,1
mcd,5721_IriunWebcam_after,0.9763313609467456,4.746378515209477,0.05555555555555555,0.05555555555555555,0.22070782126813296,2,0.22070782126813296,2,0.22070782126813296,1
mcd,5721_IriunWebcam_before,0.9763313609467456,6.676628181957615,0.16666666666666666,0.16666666666666666,0.14874277871829716,-8,-0.2178945517845591,4,0.14874277871829716,1
mcd,5721_USBVideo_after,0.975609756097561,4.775847582290789,0.8888888888888888,0.8888888888888888,0.5582764210124916,-9,-0.5691651764766259,2,0.5582764210124916,1
mcd,5721_USBVideo_before,0.9763313609467456,6.926451832634206,0.4444444444444444,0.4444444444444444,0.44071274074135575,-11,-0.4642146245326211,-22,0.456550899905558,1
mcd,5733_FullHDwebcam_after,0.9319526627218935,2.9006336938926314,0.6111111111111112,0.6666666666666666,-0.4541563036965797,-4,-0.4541563036965797,7,0.4118010258999052,1
mcd,5733_FullHDwebcam_before,0.621301775147929,2.1183460900117046,0.3333333333333333,0.4,-0.34121393280759826,-14,0.3664796375123709,-14,0.3664796375123709,1
mcd,5733_IriunWebcam_after,0.9319526627218935,3.2188383891151258,0.2222222222222222,0.25,0.2709296247228084,-6,-0.30851121673325954,-18,0.28828038791759936,1
mcd,5733_IriunWebcam_before,0.6208425720620843,2.014009871954192,0.2777777777777778,0.2,0.23362140239767065,1,0.23362140239767065,1,0.23362140239767065,1
mcd,5734_FullHDwebcam_after,0.9763313609467456,5.04292961206245,0.6111111111111112,0.6111111111111112,-0.4925644774482388,-5,-0.5080125504301973,7,0.4127471277531567,1
mcd,5734_FullHDwebcam_before,0.9763313609467456,5.249964429465425,0.6111111111111112,0.6111111111111112,0.33139548423105863,-8,-0.39451656939137364,6,0.3902550166481919,1
mcd,5734_IriunWebcam_after,0.975609756097561,5.155112618260614,0.3333333333333333,0.3333333333333333,-0.04396797202322477,-20,0.1164343461535407,-20,0.1164343461535407,1
mcd,5734_IriunWebcam_before,0.9763313609467456,5.433159192049306,0.5555555555555556,0.5555555555555556,0.2708576315825027,3,0.2708576315825027,3,0.2708576315825027,1
mcd,5734_USBVideo_after,0.9763313609467456,5.033953329574903,1.0,1.0,0.5875945570495521,-29,0.6129136200722888,-29,0.6129136200722888,1
mcd,5734_USBVideo_before,0.9763313609467456,5.2818106317415765,1.0,1.0,0.5661779077054746,-12,-0.6245253206653987,-28,0.6012102669732725,1
mcd,5785_FullHDwebcam_after,0.9763313609467456,9.248943879625044,0.8333333333333334,0.8333333333333334,0.5648464371055143,4,0.5648464371055143,4,0.5648464371055143,1
mcd,5785_FullHDwebcam_before,0.9763313609467456,7.896481195095577,0.5555555555555556,0.5555555555555556,-0.3819779835667268,20,-0.3858367462345845,9,0.3458967632013842,1
mcd,5785_IriunWebcam_after,0.975609756097561,9.345482227433077,0.3888888888888889,0.3888888888888889,0.0951236504770195,-8,-0.18759287405420005,-1,0.0951236504770195,1
mcd,5785_IriunWebcam_before,0.9763313609467456,8.200676046753262,0.2777777777777778,0.2777777777777778,0.22896381259012985,28,0.2344641894664309,28,0.2344641894664309,1
mcd,5785_USBVideo_before,0.9763313609467456,7.999605879746289,0.3888888888888889,0.3888888888888889,0.3596194643665103,-1,0.3596194643665103,-1,0.3596194643665103,1
mcd,5790_FullHDwebcam_after,0.9763313609467456,7.683099829097414,1.0,1.0,-0.5489747068786677,6,0.5511979924166084,6,0.5511979924166084,1
mcd,5790_FullHDwebcam_before,0.9763313609467456,7.2108415844517975,0.8333333333333334,0.8333333333333334,-0.49437122747456314,-1,-0.49437122747456314,7,0.4848168057319299,1
mcd,5790_IriunWebcam_after,0.975609756097561,7.426114523326886,0.05555555555555555,0.05555555555555555,0.181552991108973,-25,-0.21619033521608155,-16,0.1876284235448348,1
mcd,5790_IriunWebcam_before,0.9763313609467456,7.090715169086083,0.0,0.0,-0.10979346799643765,26,0.12454838912597099,26,0.12454838912597099,1
mcd,5796_FullHDwebcam_after,0.9763313609467456,8.1129063076414,1.0,1.0,-0.6849977546178027,-2,-0.6849977546178027,7,0.623896072074146,1
mcd,5796_FullHDwebcam_before,0.9763313609467456,7.4551907903959975,1.0,1.0,-0.7031421333115195,-1,-0.7031421333115195,-14,0.6001395830662427,1
mcd,5796_IriunWebcam_after,0.9763313609467456,8.324107976928353,0.3333333333333333,0.3333333333333333,0.40097289033888167,2,0.40097289033888167,2,0.40097289033888167,1
mcd,5796_IriunWebcam_before,0.9763313609467456,7.572508472040159,0.6111111111111112,0.6111111111111112,0.48667070128431966,17,-0.5165377140600815,5,0.5120186941973822,1
mcd,5796_USBVideo_after,0.975609756097561,8.340973991641878,0.2222222222222222,0.2222222222222222,0.2740396351547934,9,-0.29212082652294163,-2,0.2740396351547934,1
mcd,5796_USBVideo_before,0.9763313609467456,7.343356662066311,0.6111111111111112,0.6111111111111112,0.45505392883523105,0,0.45505392883523105,0,0.45505392883523105,1
mcd,5800_FullHDwebcam_after,0.9763313609467456,5.310360535849112,0.9444444444444444,0.9444444444444444,-0.6500236591172708,-3,-0.6500236591172708,6,0.602482580265241,1
mcd,5800_FullHDwebcam_before,0.9763313609467456,7.918181283164849,0.6666666666666666,0.6666666666666666,-0.5114707407470547,-5,-0.5269769432881563,6,0.525789305969779,1
mcd,5800_IriunWebcam_after,0.9763313609467456,5.5101769297015,0.3333333333333333,0.3333333333333333,0.2485653458725097,12,-0.27222447379684206,21,0.25797386131365246,1
mcd,5800_IriunWebcam_before,0.975609756097561,8.043138688953558,0.5,0.5,0.3715526887905028,-20,0.40713822335834443,-20,0.40713822335834443,1
mcd,5800_USBVideo_after,0.9763313609467456,5.911810940364756,0.05555555555555555,0.05555555555555555,0.23154568895747407,-1,0.23154568895747407,-1,0.23154568895747407,1
mcd,5800_USBVideo_before,0.9763313609467456,7.890085093827295,0.5,0.5,0.42541366860708485,-1,0.42541366860708485,-1,0.42541366860708485,1
mcd,5811_FullHDwebcam_after,0.9319526627218935,4.0659947713163245,0.8888888888888888,0.9333333333333333,-0.6363993718875518,-2,-0.6363993718875518,8,0.532767039965083,1
mcd,5811_FullHDwebcam_before,0.9763313609467456,6.611026666273623,0.8888888888888888,0.8888888888888888,-0.6189269102174312,-2,-0.6189269102174312,9,0.5332838968025748,1
mcd,5811_IriunWebcam_after,0.7982261640798226,4.099791767938914,0.7222222222222222,0.7142857142857143,0.42964379679953185,-6,-0.4588580356201159,4,0.42964379679953185,1
mcd,5811_IriunWebcam_before,0.9763313609467456,6.371273479080967,0.7777777777777778,0.7777777777777778,-0.457827666878413,-6,-0.5198770816381523,-18,0.47143614862632904,1
mcd,5811_USBVideo_after,0.9319526627218935,3.8335453565098687,0.5,0.6,0.4373336671139592,-1,0.4373336671139592,-1,0.4373336671139592,1
mcd,5811_USBVideo_before,0.9763313609467456,6.657761251757993,0.3888888888888889,0.3888888888888889,0.3738615174016159,1,0.3738615174016159,1,0.3738615174016159,1
mcd,5822_FullHDwebcam_after,0.9763313609467456,9.007230340852978,0.8888888888888888,0.8888888888888888,-0.6417402311508753,-1,-0.6417402311508753,6,0.6004466997904617,1
mcd,5822_FullHDwebcam_before,0.9763313609467456,7.797356737494647,1.0,1.0,-0.7680863191262665,-1,-0.7680863191262665,-13,0.5986312818076941,1
mcd,5822_IriunWebcam_after,0.975609756097561,8.96739724278651,0.2222222222222222,0.2222222222222222,0.23650403523245944,-24,-0.26332639690178594,2,0.23650403523245944,1
mcd,5822_IriunWebcam_before,0.9763313609467456,7.953637710486921,0.6111111111111112,0.6111111111111112,0.33698125919631944,14,-0.3673419118278704,22,0.3559066124136961,1
mcd,5822_USBVideo_after,0.9763313609467456,8.911846252205534,0.05555555555555555,0.05555555555555555,0.12115144698994576,-21,0.12360086548211503,-21,0.12360086548211503,1
mcd,5822_USBVideo_before,0.9763313609467456,8.04008957909145,0.05555555555555555,0.05555555555555555,0.2959833019420096,17,0.31293324881106194,17,0.31293324881106194,1
mcd,5833_FullHDwebcam_after,0.9763313609467456,6.449405767854442,0.4444444444444444,0.4444444444444444,0.24648147758416844,-16,0.2766933322442415,-16,0.2766933322442415,1
mcd,5833_FullHDwebcam_before,0.9763313609467456,6.615611683539715,0.3888888888888889,0.3888888888888889,0.3662457995138107,4,0.3662457995138107,4,0.3662457995138107,1
mcd,5833_IriunWebcam_after,0.9763313609467456,7.005818410730555,0.0,0.0,-0.08384518546671718,23,0.12551616700969348,23,0.12551616700969348,1
mcd,5833_IriunWebcam_before,0.975609756097561,6.588187914510693,0.05555555555555555,0.05555555555555555,-0.11912791645715398,-19,-0.15025647289003163,-10,0.1430432306688215,1
mcd,5860_FullHDwebcam_after,0.9763313609467456,5.827168994426369,0.5555555555555556,0.5555555555555556,-0.37159455811696973,16,-0.37252115802418156,8,0.3430679989840429,1
mcd,5860_FullHDwebcam_before,0.9763313609467456,5.214529479486027,0.1111111111111111,0.1111111111111111,-0.33055621802409424,15,-0.36814157965414823,6,0.355340043357483,1
mcd,5860_IriunWebcam_after,0.9763313609467456,5.527361046064318,0.1111111111111111,0.1111111111111111,-0.19902591924889923,-5,-0.20964341637050402,-14,0.19760741832433454,1
mcd,5860_IriunWebcam_before,0.975609756097561,5.278390787710105,0.1111111111111111,0.1111111111111111,-0.1589421079567401,-5,-0.17086348227474374,-13,0.16850757921803716,1
mcd,5904_FullHDwebcam_after,0.7544378698224852,4.714105077476843,0.1111111111111111,0.14285714285714285,-0.24850839867467014,-2,-0.24850839867467014,6,0.2276338801145589,1
mcd,5904_FullHDwebcam_before,0.7544378698224852,8.454452361221863,0.2222222222222222,0.2,-0.30435179068217727,-2,-0.30435179068217727,-11,0.2768067258170055,1
mcd,5904_IriunWebcam_after,0.753880266075388,4.724080799257006,0.0,0.0,0.272249622391806,3,0.272249622391806,3,0.272249622391806,1
mcd,5904_IriunWebcam_before,0.7544378698224852,8.271408298488812,0.0,0.0,0.15296657639720587,3,0.15296657639720587,3,0.15296657639720587,1
mcd,5904_USBVideo_after,0.7544378698224852,4.621884662267205,0.05555555555555555,0.07692307692307693,0.14655778072178907,-1,0.14655778072178907,-1,0.14655778072178907,1
mcd,5904_USBVideo_before,0.7544378698224852,8.572200983727878,0.05555555555555555,0.0,0.09057146524599963,10,-0.11900902232035837,19,0.092323194125537,1
mcd,5909_FullHDwebcam_after,0.9763313609467456,10.111076643025656,1.0,1.0,-0.7212641062191325,-2,-0.7212641062191325,7,0.6355097458898465,1
mcd,5909_FullHDwebcam_before,0.9763313609467456,8.287602743835809,1.0,1.0,-0.7424737504684141,-3,-0.7424737504684141,9,0.6342268314299565,1
mcd,5909_IriunWebcam_after,0.9763313609467456,10.079579310697344,0.1111111111111111,0.1111111111111111,0.06815605919155625,-28,-0.10283718253868829,-20,0.08238310300076192,1
mcd,5909_IriunWebcam_before,0.9763313609467456,7.951736324314309,0.1111111111111111,0.1111111111111111,0.11808714302295867,-24,0.1828346493742656,-24,0.1828346493742656,1
mcd,5921_FullHDwebcam_after,0.9763313609467456,9.493807313355742,0.8333333333333334,0.8333333333333334,-0.5117380834608302,5,0.5411726956366762,5,0.5411726956366762,1
mcd,5921_FullHDwebcam_before,0.9763313609467456,4.989051172110788,0.5555555555555556,0.5555555555555556,0.5334673980619047,5,0.5373636194616727,5,0.5373636194616727,1
mcd,5921_IriunWebcam_after,0.9763313609467456,9.516562995609478,0.2222222222222222,0.2222222222222222,0.12127451054167715,29,-0.16274407284433676,-19,0.14243538632252295,1
mcd,5921_IriunWebcam_before,0.975609756097561,5.12080711757552,0.2222222222222222,0.2222222222222222,0.14557728488354799,-21,0.15474933091641085,-21,0.15474933091641085,1
mcd,5921_USBVideo_after,0.9763313609467456,9.48233011195338,0.05555555555555555,0.05555555555555555,0.19822904991884116,-6,-0.2062961775216534,2,0.19822904991884116,1
mcd,5921_USBVideo_before,0.9763313609467456,5.07272385422011,0.3333333333333333,0.3333333333333333,0.26302302492570323,-20,0.2767210641859316,-20,0.2767210641859316,1
mcd,5928_FullHDwebcam_after,0.9763313609467456,5.213505882101061,0.8333333333333334,0.8333333333333334,-0.552682255860771,7,0.5950305960652693,7,0.5950305960652693,1
mcd,5928_FullHDwebcam_before,0.9763313609467456,5.492531971436858,0.9444444444444444,0.9444444444444444,-0.6365744136893041,8,0.6434116360320327,8,0.6434116360320327,1
mcd,5928_IriunWebcam_after,0.975609756097561,5.373874420655559,0.16666666666666666,0.16666666666666666,0.23664700939936148,-7,-0.2911279583810856,-19,0.27396441130243604,1
mcd,5928_IriunWebcam_before,0.975609756097561,5.634532490575565,0.2222222222222222,0.2222222222222222,-0.23304360218534292,-18,0.24973542369270096,-18,0.24973542369270096,1
mcd,5938_FullHDwebcam_after,0.9763313609467456,9.146350037979058,0.5555555555555556,0.5555555555555556,0.44442558634979007,4,0.44442558634979007,4,0.44442558634979007,1
mcd,5938_FullHDwebcam_before,0.9763313609467456,8.538056988187353,0.8888888888888888,0.8888888888888888,-0.5560110337853906,-4,-0.5560110337853906,5,0.5457292879878414,1
mcd,5938_IriunWebcam_after,0.975609756097561,9.240902310144154,0.6111111111111112,0.6111111111111112,0.2663815827474528,12,-0.30252612579638105,22,0.2948037430046118,1
mcd,5938_IriunWebcam_before,0.975609756097561,8.39711338269425,0.1111111111111111,0.1111111111111111,-0.1326655699551942,-30,0.21717747229811607,-30,0.21717747229811607,1
mcd,5938_USBVideo_before,0.975609756097561,8.527011264159366,0.2777777777777778,0.2777777777777778,-0.1537433518211848,-14,0.21946898237300905,-14,0.21946898237300905,1
mcd,5948_FullHDwebcam_after,0.9763313609467456,6.473703113687759,0.7777777777777778,0.7777777777777778,-0.5737734763108988,-2,-0.5737734763108988,6,0.5575670975260758,1
mcd,5948_FullHDwebcam_before,0.9763313609467456,8.57314316528449,0.9444444444444444,0.9444444444444444,-0.509142285451396,6,0.5107003090041665,6,0.5107003090041665,1
mcd,5948_IriunWebcam_after,0.9763313609467456,6.717130257673822,0.05555555555555555,0.05555555555555555,0.20094794332651844,25,-0.2135854652275153,2,0.20094794332651844,1
mcd,5948_IriunWebcam_before,0.9763313609467456,8.533566911637841,0.6666666666666666,0.6666666666666666,0.38865686094308904,-6,-0.4353677019209349,4,0.38865686094308904,1
mcd,5974_FullHDwebcam_after,0.9763313609467456,9.544892559001049,0.16666666666666666,0.16666666666666666,-0.1731776577685744,-15,0.17524997724098595,-15,0.17524997724098595,1
mcd,5974_FullHDwebcam_before,0.9763313609467456,5.90149478898018,0.7222222222222222,0.7222222222222222,-0.45792712391230606,5,0.49312134415100717,5,0.49312134415100717,1
mcd,5974_IriunWebcam_after,0.9763313609467456,9.495436904298378,0.1111111111111111,0.1111111111111111,0.059669515957126426,23,0.08526910142438549,23,0.08526910142438549,1
mcd,5974_IriunWebcam_before,0.9763313609467456,6.18152042523179,0.05555555555555555,0.05555555555555555,0.08344327698499744,10,-0.10112429269868077,-29,0.09111803161199741,1
mcd,5980_FullHDwebcam_after,0.9763313609467456,5.768996956848075,0.8888888888888888,0.8888888888888888,-0.65427737008319,-4,-0.65427737008319,9,0.6141195826775764,1
mcd,5980_FullHDwebcam_before,0.9763313609467456,6.058092190680647,0.7222222222222222,0.7222222222222222,-0.5313435051796949,-4,-0.5313435051796949,6,0.4950910273324824,1
mcd,5980_IriunWebcam_after,0.975609756097561,5.875807068511801,0.4444444444444444,0.4444444444444444,-0.21247160953396205,23,-0.3665900077852081,10,0.23694493634735947,1
mcd,5980_IriunWebcam_before,0.975609756097561,6.1312670853896005,0.1111111111111111,0.1111111111111111,-0.11058219693440276,-7,-0.16568072535686348,-16,0.16195535460963434,1
mcd,5989_FullHDwebcam_after,0.621301775147929,2.643511666963917,0.3333333333333333,0.38461538461538464,-0.5344067347127913,-2,-0.5344067347127913,7,0.4333873331094809,1
mcd,5989_FullHDwebcam_before,0.9763313609467456,3.9504052630625015,0.8333333333333334,0.8235294117647058,-0.6100582419892348,-2,-0.6100582419892348,9,0.46338901949701905,1
mcd,5989_IriunWebcam_after,0.6208425720620843,2.600282121683432,0.3333333333333333,0.46153846153846156,-0.23028369550265507,-6,-0.2955628017538236,-15,0.23323970355128265,1
mcd,5989_IriunWebcam_before,0.975609756097561,4.126603445934829,0.5,0.5294117647058824,0.39147434437199846,4,0.39147434437199846,4,0.39147434437199846,1
mcd,5989_USBVideo_after,0.621301775147929,2.7043947541097175,0.2222222222222222,0.3076923076923077,0.09714624752046266,-22,0.14050701583262581,-22,0.14050701583262581,1
mcd,5989_USBVideo_before,0.9763313609467456,4.326993061043101,0.2777777777777778,0.23529411764705882,0.3133522675037588,0,0.3133522675037588,0,0.3133522675037588,1
mcd,6008_FullHDwebcam_after,0.9763313609467456,6.29247566985453,0.8888888888888888,0.8888888888888888,-0.6735286228968826,-1,-0.6735286228968826,10,0.5829146464404958,1
mcd,6008_FullHDwebcam_before,0.8431952662721893,4.213835623410975,0.8333333333333334,0.875,-0.6542135347256138,-2,-0.6542135347256138,8,0.5558853612009733,1
mcd,6008_IriunWebcam_after,0.975609756097561,6.252679681922917,0.4444444444444444,0.4444444444444444,0.46644240022112265,5,0.4752305749531977,5,0.4752305749531977,1
mcd,6008_IriunWebcam_before,0.8425720620842572,4.3291562979316875,0.3888888888888889,0.375,0.3392413656824908,4,0.3392413656824908,4,0.3392413656824908,1
mcd,6008_USBVideo_after,0.9763313609467456,6.292858259311876,0.1111111111111111,0.1111111111111111,0.2898579057799062,0,0.2898579057799062,0,0.2898579057799062,1
mcd,6008_USBVideo_before,0.8431952662721893,4.141796835314297,0.3333333333333333,0.375,0.21693548396028825,14,-0.2264533141384957,0,0.21693548396028825,1
mcd,6028_FullHDwebcam_after,0.9763313609467456,7.537973547094483,0.3333333333333333,0.3333333333333333,-0.35519781461584665,-2,-0.35519781461584665,-10,0.3507108574574871,1
mcd,6028_FullHDwebcam_before,0.9763313609467456,6.611137531911632,0.1111111111111111,0.1111111111111111,0.23312026481775563,-14,0.24746057138229693,-14,0.24746057138229693,1
mcd,6028_IriunWebcam_after,0.9763313609467456,7.46951732507924,0.05555555555555555,0.05555555555555555,-0.2136645792199751,14,-0.22411766561036295,-11,0.21689280371638617,1
mcd,6028_IriunWebcam_before,0.9763313609467456,6.416337897670995,0.2777777777777778,0.2777777777777778,0.17347899128238484,17,0.201674364845096,17,0.201674364845096,1
mcd,6031_FullHDwebcam_after,0.9763313609467456,7.234722202876494,0.8888888888888888,0.8888888888888888,-0.6887337051757677,-5,-0.6895488492248725,-22,0.571010647292556,1
mcd,6031_FullHDwebcam_before,0.9763313609467456,7.6488141021839215,0.8888888888888888,0.8888888888888888,0.49528365173599764,-8,-0.5591039657316319,5,0.5195156315419488,1
mcd,6031_IriunWebcam_after,0.975609756097561,7.228148313118037,0.6666666666666666,0.6666666666666666,0.33934168365795214,8,0.4755980466996883,8,0.4755980466996883,1
mcd,6031_IriunWebcam_before,0.9763313609467456,7.755294833213221,0.5,0.5,0.34926028124335384,-28,0.34987334555809235,-28,0.34987334555809235,1
mcd,6042_FullHDwebcam_after,0.9763313609467456,8.140252866186888,0.9444444444444444,0.9444444444444444,-0.5696905131211398,5,0.5996324473481398,5,0.5996324473481398,1
mcd,6042_FullHDwebcam_before,0.9763313609467456,7.320612147510681,0.9444444444444444,0.9444444444444444,-0.5988032921192287,5,0.6056926186606548,5,0.6056926186606548,1
mcd,6042_IriunWebcam_after,0.9763313609467456,8.107468893276998,0.0,0.0,0.08895002137521675,0,0.08895002137521675,0,0.08895002137521675,1
mcd,6042_IriunWebcam_before,0.975609756097561,7.357102404222923,0.2222222222222222,0.2222222222222222,0.08979205106736846,30,0.15612928524481232,30,0.15612928524481232,1
mcd,6066_FullHDwebcam_after,0.9763313609467456,5.253704588637586,0.0,0.0,-0.3008023209474657,-2,-0.3008023209474657,5,0.2689019059405818,1
mcd,6066_FullHDwebcam_before,0.9319526627218935,2.1120108525615944,0.5555555555555556,0.625,-0.35569977976383804,6,0.4006497083877957,6,0.4006497083877957,1
mcd,6066_IriunWebcam_after,0.9763313609467456,5.114892727048424,0.16666666666666666,0.16666666666666666,0.1299256887351029,-18,0.16510444792452542,-18,0.16510444792452542,1
mcd,6066_IriunWebcam_before,0.9319526627218935,1.9003124595790861,0.2222222222222222,0.1875,-0.22884348136032515,-16,0.2728429472222841,-16,0.2728429472222841,1
mcd,6066_USBVideo_before,0.9319526627218935,2.0705118124921187,0.16666666666666666,0.1875,0.2922595572358561,30,-0.3194464840397411,1,0.2922595572358561,1
mcd,6082_FullHDwebcam_after,0.9763313609467456,9.877396481456696,0.6666666666666666,0.6666666666666666,-0.35402630662915385,6,0.4058838333924993,6,0.4058838333924993,1
mcd,6082_FullHDwebcam_before,0.9763313609467456,7.908392399266582,0.8333333333333334,0.8333333333333334,-0.6428967423416564,-5,-0.6625458693419054,7,0.5838991742986873,1
mcd,6082_IriunWebcam_after,0.9763313609467456,9.707427468305063,0.2222222222222222,0.2222222222222222,0.1875508207934985,21,0.1970352706900367,21,0.1970352706900367,1
mcd,6082_IriunWebcam_before,0.975609756097561,7.815946093214748,0.16666666666666666,0.16666666666666666,0.05260437885180297,-30,0.11939526219997663,-30,0.11939526219997663,1
mcd,6082_USBVideo_after,0.9763313609467456,9.849677414002056,0.4444444444444444,0.4444444444444444,0.43399425887110465,0,0.43399425887110465,0,0.43399425887110465,1
mcd,6082_USBVideo_before,0.9763313609467456,7.723071430302466,0.6666666666666666,0.6666666666666666,0.5658009559123538,-24,0.593599937484472,-24,0.593599937484472,1
mcd,6091_FullHDwebcam_after,0.9763313609467456,8.222178895918994,0.7222222222222222,0.7222222222222222,-0.49438506338698984,20,-0.5331090640257029,6,0.5019865787756804,1
mcd,6091_FullHDwebcam_before,0.9763313609467456,6.617205655008185,0.7222222222222222,0.7222222222222222,-0.3244365723596383,-7,-0.38054296825979905,6,0.3616426310164077,1
mcd,6091_IriunWebcam_after,0.9763313609467456,8.197332019029197,0.7222222222222222,0.7222222222222222,0.17350910899620048,15,-0.23277674202930676,3,0.17350910899620048,1
mcd,6091_IriunWebcam_before,0.9763313609467456,6.644271115659958,0.4444444444444444,0.4444444444444444,0.1509293143823321,28,0.18223002485860193,28,0.18223002485860193,1
mcd,6091_USBVideo_after,0.9763313609467456,8.199166487834395,0.5,0.5,0.3098606919860366,-9,-0.33733709449444593,-24,0.3189716172740527,1
mcd,6091_USBVideo_before,0.9763313609467456,6.58563526213068,0.3333333333333333,0.3333333333333333,0.3099111541644021,-11,-0.34708809170115595,-28,0.3422478671454399,1
mcd,6097_FullHDwebcam_after,0.9763313609467456,8.263010866283823,0.7777777777777778,0.7777777777777778,-0.47855429190142784,5,0.5193773719741687,5,0.5193773719741687,1
mcd,6097_FullHDwebcam_before,0.9763313609467456,5.669834975629986,0.9444444444444444,0.9444444444444444,-0.7254308291261602,-1,-0.7254308291261602,-12,0.6127574797201206,1
mcd,6097_IriunWebcam_after,0.9763313609467456,8.352560730709548,0.16666666666666666,0.16666666666666666,0.24693565058111913,3,0.24693565058111913,3,0.24693565058111913,1
mcd,6097_IriunWebcam_before,0.9763313609467456,5.492077055383271,0.2222222222222222,0.2222222222222222,0.1627881492214343,0,0.1627881492214343,0,0.1627881492214343,1
mcd,6114_FullHDwebcam_after,0.9763313609467456,9.905494412114905,0.7777777777777778,0.7777777777777778,-0.4715433942670499,5,0.4958045516024022,5,0.4958045516024022,1
mcd,6114_FullHDwebcam_before,0.9763313609467456,9.572444637725898,1.0,1.0,0.6277335549921699,-5,-0.6751654065538332,5,0.6680397239641681,1
mcd,6114_IriunWebcam_after,0.975609756097561,9.932002937367958,0.2222222222222222,0.2222222222222222,0.03014010519643945,25,0.05505274533330504,25,0.05505274533330504,1
mcd,6114_IriunWebcam_before,0.9763313609467456,9.623190037731964,0.3888888888888889,0.3888888888888889,-0.13343471317663855,-6,-0.18182294607743762,7,0.15100011925924037,1
mcd,6114_USBVideo_after,0.9763313609467456,10.142281317665805,0.4444444444444444,0.4444444444444444,0.4447192029445187,12,-0.4630999292546055,0,0.4447192029445187,1
mcd,6114_USBVideo_before,0.9763313609467456,9.57617383653258,0.8888888888888888,0.8888888888888888,0.529986651004231,-11,-0.5420309295405046,1,0.529986651004231,1
mcd,6127_FullHDwebcam_after,0.9763313609467456,5.385338978211037,0.7777777777777778,0.875,-0.6438924899541149,-1,-0.6438924899541149,9,0.48457248827322297,1
mcd,6127_FullHDwebcam_before,0.9763313609467456,9.568277409563432,0.9444444444444444,0.9444444444444444,-0.5820647134309118,0,-0.5820647134309118,8,0.4288454497802433,1
mcd,6127_IriunWebcam_after,0.9763313609467456,5.223500408094576,0.3888888888888889,0.4375,-0.3323197284398397,-6,-0.3777943740045202,5,0.33856059787257337,1
mcd,6127_IriunWebcam_before,0.975609756097561,9.534647340858353,0.6666666666666666,0.6666666666666666,0.457871058192573,4,0.457871058192573,4,0.457871058192573,1
mcd,6127_USBVideo_after,0.9763313609467456,5.459706807334129,0.2222222222222222,0.25,0.2292957661901204,-12,-0.30939550843593644,0,0.2292957661901204,1
mcd,6127_USBVideo_before,0.9763313609467456,9.678703690785001,0.2222222222222222,0.2222222222222222,0.2280450418845554,-22,0.23044450005477207,-22,0.23044450005477207,1
mcd,6137_FullHDwebcam_after,0.9763313609467456,8.8555549648493,0.9444444444444444,0.9444444444444444,-0.6351347054896316,-2,-0.6351347054896316,11,0.5139925734383073,1
mcd,6137_FullHDwebcam_before,0.9763313609467456,9.469028650168447,0.8888888888888888,0.8888888888888888,-0.5919695213923909,25,-0.6017336390102231,9,0.55584231014943,1
mcd,6137_IriunWebcam_after,0.9770540340488527,8.796368040289073,0.6111111111111112,0.6111111111111112,0.38736904666434613,-8,-0.46274441073192923,-24,0.4386920892374406,1
mcd,6137_IriunWebcam_before,0.975609756097561,9.52718041159368,0.7222222222222222,0.7222222222222222,0.47294022344974457,-26,0.4976487558961913,-26,0.4976487558961913,1
mcd,6137_USBVideo_before,0.9763313609467456,9.318282691865114,0.8333333333333334,0.8333333333333334,0.5141540291696132,27,0.5174591762689291,27,0.5174591762689291,1
mcd,6145_FullHDwebcam_after,0.9763313609467456,7.4123159959602845,0.8333333333333334,0.8333333333333334,-0.480957225394944,5,0.4954622146772935,5,0.4954622146772935,1
mcd,6145_FullHDwebcam_before,0.9763313609467456,7.216262398867489,1.0,1.0,-0.7071528013833083,-3,-0.7071528013833083,-14,0.6474250866332691,1
mcd,6145_IriunWebcam_after,0.975609756097561,7.3290097533204435,0.0,0.0,-0.09594790887778708,6,0.12541167783297832,6,0.12541167783297832,1
mcd,6145_IriunWebcam_before,0.975609756097561,7.35109647322194,0.4444444444444444,0.4444444444444444,0.0465059010962142,-15,-0.0834544436364063,-27,0.0781498087021564,1
mcd,6176_FullHDwebcam_after,0.9763313609467456,6.204032406199174,0.8333333333333334,0.8823529411764706,-0.6006941739574004,-3,-0.6006941739574004,6,0.5592629223367024,1
mcd,6176_FullHDwebcam_before,0.9763313609467456,4.965984787829461,0.8333333333333334,0.8333333333333334,-0.6077747650346833,6,0.6199031836198122,6,0.6199031836198122,1
mcd,6176_IriunWebcam_after,0.975609756097561,6.18936021528644,0.05555555555555555,0.0,0.1131304103365365,-20,0.1132180157102568,-20,0.1132180157102568,1
mcd,6176_IriunWebcam_before,0.975609756097561,5.095370215689547,0.1111111111111111,0.1111111111111111,0.1552577915773299,24,0.17112017778568658,24,0.17112017778568658,1
mcd,6176_USBVideo_after,0.975609756097561,6.36019106869349,0.3333333333333333,0.35294117647058826,0.4766486718308694,2,0.4766486718308694,2,0.4766486718308694,1
mcd,6176_USBVideo_before,0.975609756097561,4.676046835324609,0.7222222222222222,0.7222222222222222,0.5005805867172723,-8,-0.5304384816274944,2,0.5005805867172723,1
mcd,6193_FullHDwebcam_after,0.04437869822485207,-1.486184426027057,0.6111111111111112,1.0,-0.743029850669649,-1,-0.743029850669649,-13,0.5555880348605529,0
mcd,6193_FullHDwebcam_before,0.9763313609467456,1.5057082454305408,0.7777777777777778,0.75,-0.6569576445475194,-2,-0.6569576445475194,-14,0.5279731884326342,1
mcd,6193_IriunWebcam_after,0.04434589800443459,-1.53359894246515,0.16666666666666666,0.0,0.4169814860788961,5,0.41986135400017033,5,0.41986135400017033,0
mcd,6193_IriunWebcam_before,0.9763313609467456,1.4340274785840013,0.4444444444444444,0.4666666666666667,0.3846648142880559,4,0.3846648142880559,4,0.3846648142880559,1
mcd,6193_USBVideo_after,0.04437869822485207,-1.4936611922117544,0.1111111111111111,0.0,0.2532503761240336,-12,-0.2932177153887323,-2,0.2532503761240336,0
mcd,6193_USBVideo_before,0.9763313609467456,1.3028591350672314,0.4444444444444444,0.5333333333333333,0.3761519066741152,1,0.3761519066741152,1,0.3761519066741152,1
mcd,6223_FullHDwebcam_after,0.9763313609467456,7.060064491418936,0.6111111111111112,0.6470588235294118,-0.48979919350104795,-3,-0.48979919350104795,6,0.42562056853149294,1
mcd,6223_FullHDwebcam_before,0.9763313609467456,9.731686995361626,0.8333333333333334,0.8333333333333334,-0.4496139416967379,-15,0.4587354748414438,-15,0.4587354748414438,1
mcd,6223_IriunWebcam_after,0.975609756097561,7.1749824159778175,0.0,0.0,0.15487366926188306,3,0.15487366926188306,3,0.15487366926188306,1
mcd,6223_IriunWebcam_before,0.9763313609467456,9.628373529878353,0.05555555555555555,0.05555555555555555,-0.11223884179163986,-16,0.11704203765571651,-16,0.11704203765571651,1
mcd,6223_USBVideo_after,0.9763313609467456,7.144849818864004,0.3888888888888889,0.4117647058823529,0.3931040630963094,0,0.3931040630963094,0,0.3931040630963094,1
mcd,6223_USBVideo_before,0.9763313609467456,9.778744248499958,0.5,0.5,0.27838412059521717,-7,-0.29756132896574056,21,0.2849566517631848,1
mcd,6245_FullHDwebcam_after,0.9763313609467456,8.9540817674592,0.6666666666666666,0.6666666666666666,0.3379758095577502,18,-0.36526295532808756,4,0.3379758095577502,1
mcd,6245_FullHDwebcam_before,0.9763313609467456,5.308037146355844,0.7222222222222222,0.7222222222222222,0.37136544577797204,5,0.3964775693803584,5,0.3964775693803584,1
mcd,6245_IriunWebcam_after,0.975609756097561,8.795868744632212,0.3888888888888889,0.3888888888888889,0.19126751205514825,5,0.19453600843762656,5,0.19453600843762656,1
mcd,6245_IriunWebcam_before,0.975609756097561,5.543020422118772,0.0,0.0,0.206838697238343,-6,-0.24171887639596434,3,0.206838697238343,1
mcd,6245_USBVideo_after,0.9763313609467456,8.995317744586757,0.0,0.0,0.11181677525751599,21,0.17179941496457818,21,0.17179941496457818,1
mcd,6245_USBVideo_before,0.9763313609467456,5.391128668549639,0.2222222222222222,0.2222222222222222,0.22477533680131312,-23,0.2298535663809229,-23,0.2298535663809229,1
mcd,6255_FullHDwebcam_after,0.9763313609467456,8.427403518518599,0.7222222222222222,0.7222222222222222,-0.38726045844566936,-20,-0.3918713530317783,6,0.3837059390836299,1
mcd,6255_FullHDwebcam_before,0.9763313609467456,8.946149025641013,0.5,0.5,-0.4397052386021477,0,-0.4397052386021477,-10,0.301754040542513,1
mcd,6255_IriunWebcam_after,0.9763313609467456,8.491860238595486,0.3333333333333333,0.3333333333333333,-0.2516459983157389,-5,-0.26351869984855897,-16,0.22734551952984025,1
mcd,6255_IriunWebcam_before,0.9763313609467456,8.90379762203914,0.3333333333333333,0.3333333333333333,-0.24789018873567203,-6,-0.28794503480328715,-19,0.24734857140830466,1
mcd,6255_USBVideo_after,0.975609756097561,8.494269676691012,0.2777777777777778,0.2777777777777778,0.30169639811628374,0,0.30169639811628374,0,0.30169639811628374,1
mcd,6255_USBVideo_before,0.9763313609467456,8.953573866307922,0.5,0.5,0.36002642529081874,0,0.36002642529081874,0,0.36002642529081874,1
mcd,6277_FullHDwebcam_after,0.9763313609467456,7.469536204859415,0.5,0.5,-0.46258790380010384,-3,-0.46258790380010384,7,0.4060356120022268,1
mcd,6277_FullHDwebcam_before,0.9763313609467456,6.543559484817953,0.8333333333333334,0.8333333333333334,-0.4150203095411961,23,-0.4471330981874619,8,0.39019221575626,1
mcd,6277_IriunWebcam_after,0.9770540340488527,7.464330432630403,0.7222222222222222,0.7222222222222222,0.3651369305295634,3,0.3651369305295634,3,0.3651369305295634,1
mcd,6277_IriunWebcam_before,0.975609756097561,6.389340372706814,0.4444444444444444,0.4444444444444444,0.20904412558513924,20,-0.24361269407097977,-25,0.23297554186533428,1
mcd,6277_USBVideo_after,0.975609756097561,7.3303345347471005,0.4444444444444444,0.4444444444444444,0.2954313342223197,-1,0.2954313342223197,-1,0.2954313342223197,1
mcd,6277_USBVideo_before,0.9763313609467456,6.57510739752551,0.3888888888888889,0.3888888888888889,0.3121247138896993,2,0.3121247138896993,2,0.3121247138896993,1
mcd,6281_FullHDwebcam_after,0.9763313609467456,7.008163497037678,0.7777777777777778,0.7777777777777778,-0.5915198801322821,-2,-0.5915198801322821,6,0.5591060229737551,1
mcd,6281_FullHDwebcam_before,0.9763313609467456,6.923001948577192,1.0,1.0,-0.6219713657091519,-2,-0.6219713657091519,7,0.47947469964685696,1
mcd,6281_IriunWebcam_after,0.9763313609467456,7.035557425279523,0.0,0.0,0.12880284436867862,18,0.1616802801151486,18,0.1616802801151486,1
mcd,6281_IriunWebcam_before,0.975609756097561,6.971213600559828,0.16666666666666666,0.16666666666666666,0.06330089893671004,-28,-0.13831915636426975,-17,0.10383866469715627,1
mcd,6281_USBVideo_after,0.9763313609467456,7.211030310118218,0.0,0.0,0.2208737579606754,-9,-0.23656971253060471,-18,0.22664687211022108,1
mcd,6289_FullHDwebcam_after,0.9763313609467456,5.86138779879007,0.7777777777777778,0.7777777777777778,-0.573161986572433,1,-0.573161986572433,10,0.47728870741262713,1
mcd,6289_FullHDwebcam_before,0.9763313609467456,10.271751528143053,1.0,1.0,-0.5896784535985108,-1,-0.5896784535985108,7,0.5801394490607951,1
mcd,6289_IriunWebcam_after,0.975609756097561,5.670779702328389,0.2222222222222222,0.2222222222222222,-0.14931456305274204,8,0.19323820446553086,8,0.19323820446553086,1
mcd,6289_IriunWebcam_before,0.9763313609467456,10.168572785430538,0.3888888888888889,0.3888888888888889,-0.3141967396540408,-5,-0.32155595436954365,4,0.2867322351288188,1
mcd,6289_USBVideo_after,0.9763313609467456,5.897951336711033,0.16666666666666666,0.16666666666666666,0.23879364255893915,11,-0.272358964804053,2,0.23879364255893915,1
mcd,6289_USBVideo_before,0.9763313609467456,10.318234927240777,0.05555555555555555,0.05555555555555555,0.24431068386315435,-2,0.24431068386315435,-2,0.24431068386315435,1
mcd,6304_FullHDwebcam_after,0.9763313609467456,4.48393227957788,0.5,0.5,-0.3895102604012961,-3,-0.3895102604012961,8,0.387547197789469,1
mcd,6304_FullHDwebcam_before,0.9763313609467456,9.730008036802602,0.6666666666666666,0.6666666666666666,-0.44400816848501135,21,-0.44734199356276755,8,0.34931669717116015,1
mcd,6304_IriunWebcam_after,0.975609756097561,4.408440885122646,0.5,0.5,0.32087600443110414,27,0.3276305874652621,27,0.3276305874652621,1
mcd,6304_IriunWebcam_before,0.9763313609467456,9.866405955242122,0.5555555555555556,0.5555555555555556,0.41271463905265643,-9,-0.4191961548705776,1,0.41271463905265643,1
mcd,6304_USBVideo_after,0.9763313609467456,4.45878376025194,0.3888888888888889,0.3888888888888889,0.25923331231455826,13,-0.3350510572822553,-3,0.25923331231455826,1
mcd,6304_USBVideo_before,0.9763313609467456,9.752466119348927,0.5555555555555556,0.5555555555555556,0.3939061213722385,-3,0.3939061213722385,-3,0.3939061213722385,1
mcd,6307_FullHDwebcam_after,0.9763313609467456,2.9274552321239176,0.9444444444444444,0.9444444444444444,-0.5802140473139339,-2,-0.5802140473139339,7,0.5503831939487689,1
mcd,6307_FullHDwebcam_before,0.9763313609467456,8.782936831332659,0.5555555555555556,0.5555555555555556,-0.4520732297108754,-4,-0.4520732297108754,7,0.4398893725053527,1
mcd,6307_IriunWebcam_after,0.9763313609467456,3.1616757490846465,0.16666666666666666,0.16666666666666666,-0.11865565350171531,-7,-0.17535414197876695,-18,0.16385433157717053,1
mcd,6329_FullHDwebcam_after,0.9763313609467456,7.292447828093158,0.6111111111111112,0.6111111111111112,0.4563554732188265,12,-0.47000617032340264,4,0.4563554732188265,1
mcd,6329_FullHDwebcam_before,0.9763313609467456,6.689609211288381,0.5,0.5,-0.5066042407370276,-2,-0.5066042407370276,6,0.4821843077639571,1
mcd,6329_IriunWebcam_after,0.975609756097561,7.170385749860878,0.16666666666666666,0.16666666666666666,0.20579668311749605,-30,0.23197955272416823,-30,0.23197955272416823,1
mcd,6329_IriunWebcam_before,0.975609756097561,6.643499054127777,0.0,0.0,0.10804312953085453,-25,-0.14287745644721395,-14,0.14048544744068867,1
mcd,6334_FullHDwebcam_after,0.9763313609467456,6.136331904499228,0.7222222222222222,0.7222222222222222,-0.46908283235545,-3,-0.46908283235545,-14,0.4126943106857162,1
mcd,6334_FullHDwebcam_before,0.9763313609467456,4.907407351404459,0.8333333333333334,0.8235294117647058,-0.6347385227861427,-4,-0.6347385227861427,-15,0.5411203939765674,1
mcd,6334_IriunWebcam_after,0.9763313609467456,5.90760997614762,0.3333333333333333,0.3333333333333333,-0.21401890223312267,-26,-0.2890230056838779,-16,0.24722817036263459,1
mcd,6334_IriunWebcam_before,0.975609756097561,5.367925983414698,0.1111111111111111,0.11764705882352941,0.15692354306802841,14,-0.1970295488395249,24,0.16226726159254473,1
mcd,6340_FullHDwebcam_after,0.9763313609467456,7.594470473236473,0.9444444444444444,0.9444444444444444,-0.5864612327396965,-4,-0.5864612327396965,6,0.5691528998847833,1
mcd,6340_FullHDwebcam_before,0.9763313609467456,7.2533417068852835,0.8888888888888888,0.8888888888888888,-0.4819142439782823,-4,-0.4819142439782823,-16,0.44112475917348404,1
mcd,6340_IriunWebcam_after,0.9763313609467456,7.5372809572328,0.16666666666666666,0.16666666666666666,0.16925638286604203,12,-0.23556140010844936,22,0.20883581179412594,1
mcd,6340_IriunWebcam_before,0.975609756097561,7.299932697514509,0.3333333333333333,0.35294117647058826,0.3241558128735133,-21,0.3314050431126381,-21,0.3314050431126381,1
mcd,6340_USBVideo_before,0.9763313609467456,7.330551036198527,0.3888888888888889,0.4117647058823529,0.3436413483075058,-11,-0.37646355807901793,0,0.3436413483075058,1
mcd,6354_FullHDwebcam_after,0.9319526627218935,9.755921772421669,0.8333333333333334,0.8823529411764706,-0.44129802665488854,-1,-0.44129802665488854,-12,0.39060089407557086,1
mcd,6354_FullHDwebcam_before,0.4437869822485207,-1.1098098352916168,0.3888888888888889,0.5714285714285714,-0.22429230765458788,-21,-0.260620927843857,-11,0.241120225922234,0
mcd,6354_IriunWebcam_after,0.9312638580931264,9.605779793102013,0.2222222222222222,0.23529411764705882,0.25529111846340824,16,-0.29762566995077777,25,0.28070446122346104,1
mcd,6354_IriunWebcam_before,0.4437869822485207,-0.8489701244389458,0.1111111111111111,0.0,-0.0472233940298551,-27,-0.1259981710222614,-15,0.11163917474394917,0
mcd,6354_USBVideo_after,0.9319526627218935,9.84665775838512,0.2222222222222222,0.23529411764705882,0.20718628838055062,-1,0.20718628838055062,-1,0.20718628838055062,1
mcd,6354_USBVideo_before,0.4437869822485207,-1.0334199139303981,0.3888888888888889,0.42857142857142855,0.1949677416794048,-8,-0.2402716050998605,2,0.1949677416794048,0
mcd,6361_FullHDwebcam_after,0.7544378698224852,4.429770695935732,0.4444444444444444,0.5,-0.3110513233971752,-15,0.3267268404722004,-15,0.3267268404722004,1
mcd,6361_FullHDwebcam_before,0.9763313609467456,7.049274081463473,0.5,0.5294117647058824,-0.4607510457968679,-3,-0.4607510457968679,8,0.4066033464020769,1
mcd,6361_IriunWebcam_after,0.7544378698224852,4.341345455456901,0.3888888888888889,0.4,-0.04083028877123592,-12,0.1356349730322247,-12,0.1356349730322247,1
mcd,6361_IriunWebcam_before,0.9763313609467456,7.035576685755696,0.2222222222222222,0.23529411764705882,0.1439897611253447,-2,0.1439897611253447,-2,0.1439897611253447,1
mcd,6361_USBVideo_after,0.7544378698224852,4.301275195355014,0.1111111111111111,0.13333333333333333,0.30208716005401154,-10,-0.32450292188430324,-1,0.30208716005401154,1
mcd,6361_USBVideo_before,0.9763313609467456,7.130620078985022,0.4444444444444444,0.47058823529411764,0.37399552895988947,-13,-0.3842486238302811,-1,0.37399552895988947,1
mcd,6368_FullHDwebcam_after,0.9763313609467456,8.941034231201101,0.8333333333333334,0.8333333333333334,-0.5024009359805551,-3,-0.5024009359805551,6,0.47090709480642384,1
mcd,6368_FullHDwebcam_before,0.9763313609467456,8.795015821663725,1.0,1.0,-0.7361586313657583,-3,-0.7361586313657583,7,0.7209755477854666,1
mcd,6368_IriunWebcam_after,0.9763313609467456,8.922561201244072,0.3333333333333333,0.3333333333333333,0.19144164875483924,-26,-0.23390341180655178,-17,0.20206922883748754,1
mcd,6368_IriunWebcam_before,0.975609756097561,8.86053799112686,0.2777777777777778,0.2777777777777778,0.13158433614645204,-21,0.13597372322191767,-21,0.13597372322191767,1
mcd,6397_FullHDwebcam_after,0.9763313609467456,9.494097367505159,1.0,1.0,-0.6655733464839209,-2,-0.6655733464839209,11,0.5856175503976089,1
mcd,6397_FullHDwebcam_before,0.9763313609467456,9.353199488447837,0.9444444444444444,0.9444444444444444,-0.63570548169175,-2,-0.63570548169175,12,0.47121121367865104,1
mcd,6397_IriunWebcam_after,0.975609756097561,9.529490414491054,0.8333333333333334,0.8333333333333334,0.5159288739320678,4,0.5159288739320678,4,0.5159288739320678,1
mcd,6397_IriunWebcam_before,0.975609756097561,9.37591888564394,0.7777777777777778,0.7777777777777778,0.49004769849474533,-9,-0.5280253288085442,-25,0.514398227127524,1
mcd,6397_USBVideo_after,0.9763313609467456,9.500936458426235,0.7777777777777778,0.7777777777777778,0.4768958924439021,3,0.4768958924439021,3,0.4768958924439021,1
mcd,6401_FullHDwebcam_after,0.9763313609467456,9.072287829439055,0.3888888888888889,0.3888888888888889,-0.3048641838270155,-23,-0.3178955175740583,6,0.30061442150639367,1
mcd,6401_FullHDwebcam_before,0.9763313609467456,9.655199578688546,0.7777777777777778,0.7777777777777778,-0.4601904195524194,21,-0.46366572122775424,9,0.4458870294502263,1
mcd,6401_IriunWebcam_after,0.9763313609467456,9.157791666280666,0.2777777777777778,0.2777777777777778,0.1470697528370455,-26,-0.19677744661272842,-17,0.16428103617340922,1
mcd,6401_IriunWebcam_before,0.9763313609467456,9.588404234704743,0.4444444444444444,0.4444444444444444,0.3163634325925997,4,0.3163634325925997,4,0.3163634325925997,1
mcd,6401_USBVideo_after,0.9763313609467456,8.944970479117979,0.0,0.0,0.0755405538975796,9,-0.08948686206498514,1,0.0755405538975796,1
mcd,6401_USBVideo_before,0.975609756097561,9.543600979427737,0.2777777777777778,0.2777777777777778,0.18020901945552478,-16,-0.18881075981719872,-1,0.18020901945552478,1
mcd,6411_FullHDwebcam_after,0.9763313609467456,9.793547880053136,0.5,0.5,-0.4267104076351708,17,-0.4340045288340131,-13,0.36571985427745796,1
mcd,6411_FullHDwebcam_before,0.9763313609467456,7.27852845815253,0.8888888888888888,0.8888888888888888,-0.5031854419178547,-21,-0.510465351293084,-12,0.4384478689404125,1
mcd,6411_IriunWebcam_after,0.975609756097561,9.732384245926477,0.16666666666666666,0.16666666666666666,0.1887885186495156,-7,-0.20196091412463646,2,0.1887885186495156,1
mcd,6411_IriunWebcam_before,0.975609756097561,7.0141714155437125,0.2222222222222222,0.2222222222222222,-0.25931308520806623,-15,0.26176795119252766,-15,0.26176795119252766,1
mcd,6411_USBVideo_after,0.9763313609467456,9.900516696331323,0.1111111111111111,0.1111111111111111,0.1440742457929948,-1,0.1440742457929948,-1,0.1440742457929948,1
mcd,6411_USBVideo_before,0.9763313609467456,7.195292288956196,0.3888888888888889,0.3888888888888889,0.31996584793849703,0,0.31996584793849703,0,0.31996584793849703,1
mcd,6420_FullHDwebcam_after,0.9319526627218935,5.404238960047509,0.16666666666666666,0.17647058823529413,-0.14015003584800154,-29,0.22268674983762476,-29,0.22268674983762476,1
mcd,6420_FullHDwebcam_before,0.9319526627218935,1.9880707856470967,0.3333333333333333,0.3125,-0.3979123922487704,-15,0.406755899056207,-15,0.406755899056207,1
mcd,6420_IriunWebcam_after,0.9319526627218935,5.521221648422708,0.1111111111111111,0.058823529411764705,-0.048398481194589865,-21,-0.10798577926537833,-30,0.10651672476489264,1
mcd,6420_IriunWebcam_before,0.9319526627218935,2.243602004242102,0.16666666666666666,0.1875,0.16731577805520523,-12,-0.2389114612135678,-21,0.21128876965697033,1
mcd,6422_FullHDwebcam_after,0.9763313609467456,7.766736483266397,0.9444444444444444,0.9444444444444444,-0.6157232258651038,-2,-0.6157232258651038,-13,0.46878249610252415,1
mcd,6422_FullHDwebcam_before,0.9763313609467456,7.052867285814922,0.7222222222222222,0.7222222222222222,-0.5798148002544881,-2,-0.5798148002544881,7,0.47525949690898306,1
mcd,6422_IriunWebcam_after,0.9763313609467456,7.838405699373801,0.3888888888888889,0.3888888888888889,0.25874272073319105,-7,-0.3979963013377735,-21,0.2831842125897036,1
mcd,6422_IriunWebcam_before,0.975609756097561,7.048524402564403,0.3888888888888889,0.3888888888888889,0.2727174948824329,-6,-0.3832106924241431,-19,0.2867257106240876,1
mcd,6422_USBVideo_after,0.975609756097561,7.8104530216760315,0.2777777777777778,0.2777777777777778,0.2018830603088063,-13,-0.2090772263962391,-23,0.20744833048473052,1
mcd,6422_USBVideo_before,0.9763313609467456,7.186008266308735,0.16666666666666666,0.16666666666666666,0.12145938362968141,-23,0.1670583024674459,-23,0.1670583024674459,1
mcd,6425_FullHDwebcam_after,0.9763313609467456,3.89062386262544,0.7222222222222222,0.7222222222222222,-0.5897630857301839,-1,-0.5897630857301839,13,0.46380353925402756,1
mcd,6425_FullHDwebcam_before,0.9763313609467456,7.507070055691271,1.0,1.0,-0.6995317020537618,-3,-0.6995317020537618,12,0.5587139730471642,1
mcd,6425_IriunWebcam_after,0.975609756097561,4.216684501105844,0.5,0.5,-0.3691110942436014,-6,-0.3961659851322459,9,0.3538711885845428,1
mcd,6425_IriunWebcam_before,0.975609756097561,7.765397314939829,0.5,0.5,0.23000636723915388,-25,0.332031778518781,-25,0.332031778518781,1
mcd,6425_USBVideo_after,0.9763313609467456,4.222815664960901,0.4444444444444444,0.4444444444444444,0.1958282735017027,-10,-0.2382755292893873,6,0.22638755782603312,1
mcd,6425_USBVideo_before,0.9763313609467456,7.59228453566292,0.6111111111111112,0.6111111111111112,0.34637402579969706,3,0.34637402579969706,3,0.34637402579969706,1
mcd,6427_FullHDwebcam_after,0.9763313609467456,6.429530149854552,0.1111111111111111,0.1111111111111111,0.334685447830397,5,0.3522945668506805,5,0.3522945668506805,1
mcd,6427_FullHDwebcam_before,0.9763313609467456,4.061206997112385,0.5555555555555556,0.5882352941176471,-0.4620662646511485,-4,-0.4620662646511485,5,0.43229375799979436,1
mcd,6427_IriunWebcam_after,0.9763313609467456,6.2543170680770395,0.1111111111111111,0.1111111111111111,0.19160831904581435,2,0.19160831904581435,2,0.19160831904581435,1
mcd,6427_IriunWebcam_before,0.9763313609467456,4.204844774876053,0.2222222222222222,0.23529411764705882,0.06683053396879621,16,0.11570697592061523,16,0.11570697592061523,1
mcd,6473_FullHDwebcam_after,0.9763313609467456,10.883814217066915,0.8888888888888888,0.8888888888888888,-0.45149955504953243,6,0.4702568035180373,6,0.4702568035180373,1
mcd,6473_FullHDwebcam_before,0.9763313609467456,9.841505865562358,0.8333333333333334,0.8333333333333334,-0.49427533485861735,-2,-0.49427533485861735,-13,0.4850482213600383,1
mcd,6473_IriunWebcam_after,0.9763313609467456,10.505523666084962,0.2222222222222222,0.2222222222222222,0.3159286023805072,2,0.3159286023805072,2,0.3159286023805072,1
mcd,6473_IriunWebcam_before,0.9763313609467456,9.971462560481747,0.2777777777777778,0.2777777777777778,0.28793489760771634,2,0.28793489760771634,2,0.28793489760771634,1
mcd,6473_USBVideo_after,0.9763313609467456,10.857900779857832,0.16666666666666666,0.16666666666666666,0.0564248657153887,29,-0.10693327085689792,-14,0.08688891973610195,1
mcd,6473_USBVideo_before,0.9763313609467456,10.022033653025419,0.0,0.0,-0.120409580627215,4,-0.120409580627215,15,0.08236877137975843,1
mcd,6477_FullHDwebcam_after,0.9763313609467456,3.2306877183676725,0.3333333333333333,0.35294117647058826,-0.35070953502673713,-11,0.3631658627420951,-11,0.3631658627420951,1
mcd,6477_FullHDwebcam_before,0.9763313609467456,5.545292181243022,0.6666666666666666,0.6470588235294118,-0.4833863102300322,-3,-0.4833863102300322,7,0.4336586342351244,1
mcd,6477_IriunWebcam_after,0.975609756097561,3.3672200470117497,0.2222222222222222,0.23529411764705882,-0.24012124175099395,-22,-0.25843931563182276,-30,0.25390463977909855,1
mcd,6477_IriunWebcam_before,0.975609756097561,5.543530282276957,0.16666666666666666,0.17647058823529413,0.25605907915669035,5,0.2742993838145238,5,0.2742993838145238,1
mcd,6495_FullHDwebcam_after,0.9763313609467456,3.155885513453736,0.8333333333333334,0.9375,-0.7516298599501888,-2,-0.7516298599501888,9,0.6739712964554974,1
mcd,6495_FullHDwebcam_before,0.8431952662721893,4.292131368503732,0.9444444444444444,1.0,-0.6889140786313455,-4,-0.6889140786313455,9,0.6251481699365745,1
mcd,6495_IriunWebcam_after,0.975609756097561,3.0700770579009085,0.4444444444444444,0.5,0.3729168038501136,-8,-0.41933410682553296,4,0.3729168038501136,1
mcd,6495_IriunWebcam_before,0.9319526627218935,4.358487629717201,0.8888888888888888,0.8823529411764706,0.6383307152338967,4,0.6383307152338967,4,0.6383307152338967,1
mcd,6503_FullHDwebcam_after,0.7988165680473372,4.8149748922112,0.5555555555555556,0.6428571428571429,-0.4846441374987483,-4,-0.4846441374987483,6,0.4345504454902057,1
mcd,6503_FullHDwebcam_before,0.9763313609467456,5.289257953504687,0.8333333333333334,0.8125,-0.6022756940999912,-3,-0.6022756940999912,-17,0.5798743390304409,1
mcd,6503_IriunWebcam_after,0.7982261640798226,4.638214913450891,0.3888888888888889,0.42857142857142855,0.3291465884099577,2,0.3291465884099577,2,0.3291465884099577,1
mcd,6503_IriunWebcam_before,0.975609756097561,5.344191561766182,0.2777777777777778,0.29411764705882354,0.17253298032242484,-1,0.17253298032242484,-1,0.17253298032242484,1
mcd,6503_USBVideo_after,0.8875739644970414,4.816969502010055,0.3333333333333333,0.26666666666666666,0.32601018960399947,-2,0.32601018960399947,-2,0.32601018960399947,1
mcd,6537_FullHDwebcam_after,0.9763313609467456,10.395046824591226,0.6111111111111112,0.6111111111111112,-0.49595441148546765,6,0.5010305822426504,6,0.5010305822426504,1
mcd,6537_FullHDwebcam_before,0.9763313609467456,7.867239298488777,1.0,1.0,-0.5269110671203916,-4,-0.5269110671203916,-15,0.5161447466651796,1
mcd,6537_IriunWebcam_after,0.975609756097561,10.46414349327195,0.0,0.0,0.08952353251505217,17,0.09421278140138825,17,0.09421278140138825,1
mcd,6537_IriunWebcam_before,0.975609756097561,7.781838073246231,0.1111111111111111,0.1111111111111111,0.27009060134112256,-5,-0.29266284006358523,-15,0.291522458980569,1
mcd,6599_FullHDwebcam_after,0.9763313609467456,9.847398398584685,0.4444444444444444,0.4444444444444444,0.3419425814104751,4,0.3419425814104751,4,0.3419425814104751,1
mcd,6599_FullHDwebcam_before,0.9763313609467456,6.509774357696012,0.6666666666666666,0.6666666666666666,-0.5046793275378358,-2,-0.5046793275378358,6,0.42511234547422705,1
mcd,6599_IriunWebcam_after,0.9763313609467456,9.718206745747551,0.0,0.0,0.057837209411488615,19,0.07512462776972166,19,0.07512462776972166,1
mcd,6599_IriunWebcam_before,0.975609756097561,6.484591749438552,0.0,0.0,-0.05287035564055504,-26,0.11440093605219813,-26,0.11440093605219813,1
mcd,6604_FullHDwebcam_after,0.9763313609467456,5.694899674714446,0.5555555555555556,0.5555555555555556,-0.40357568396279253,5,0.42130271039424116,5,0.42130271039424116,1
mcd,6604_FullHDwebcam_before,0.9763313609467456,5.892617966258832,0.16666666666666666,0.16666666666666666,0.2601186339062861,4,0.2601186339062861,4,0.2601186339062861,1
mcd,6604_IriunWebcam_after,0.9763313609467456,5.779346324333398,0.05555555555555555,0.05555555555555555,0.09237767880669535,-19,0.11727989991182708,-19,0.11727989991182708,1
mcd,6604_IriunWebcam_before,0.975609756097561,5.809252612088958,0.16666666666666666,0.16666666666666666,0.18535394931925198,-15,0.2175751272415457,-15,0.2175751272415457,1
mcd,6631_FullHDwebcam_after,0.9763313609467456,10.462993333130875,1.0,1.0,-0.6613637200612793,-2,-0.6613637200612793,6,0.6536861490426951,1
mcd,6631_FullHDwebcam_before,0.9763313609467456,8.155711094274814,0.6111111111111112,0.6111111111111112,-0.35569230196795976,5,0.384265641576892,5,0.384265641576892,1
mcd,6631_IriunWebcam_after,0.9763313609467456,10.450353991425656,0.8888888888888888,0.8888888888888888,0.45742398063790785,3,0.45742398063790785,3,0.45742398063790785,1
mcd,6631_IriunWebcam_before,0.975609756097561,7.939214515429386,0.4444444444444444,0.4444444444444444,0.3411240846042674,-17,0.3460436021467988,-17,0.3460436021467988,1
mcd,6667_FullHDwebcam_after,0.9763313609467456,4.385004376602817,0.9444444444444444,1.0,-0.6454996571469797,-2,-0.6454996571469797,-15,0.525093076336491,1
mcd,6667_FullHDwebcam_before,0.9763313609467456,3.3531471052151467,0.4444444444444444,0.5333333333333333,-0.3991790988572073,-4,-0.3991790988572073,7,0.30773916590101846,1
mcd,6667_IriunWebcam_after,0.9763313609467456,4.6108363513433215,0.1111111111111111,0.11764705882352941,0.05188097950083506,27,0.09498817630127676,27,0.09498817630127676,1
mcd,6667_IriunWebcam_before,0.8431952662721893,3.280191550803429,0.16666666666666666,0.07142857142857142,-0.1968054519411609,-3,-0.1968054519411609,7,0.1774145351225992,1
mcd,6678_FullHDwebcam_after,0.9763313609467456,6.542129016666268,1.0,1.0,-0.8286824209123378,-3,-0.8286824209123378,11,0.749103273841765,1
mcd,6678_FullHDwebcam_before,0.9763313609467456,7.397614519124696,1.0,1.0,-0.7964812036704343,-3,-0.7964812036704343,-19,0.689742683904056,1
mcd,6678_IriunWebcam_after,0.9763313609467456,6.521593980927369,0.4444444444444444,0.4444444444444444,0.12975038174116582,18,-0.19343561317193714,30,0.14886519313945137,1
mcd,6678_IriunWebcam_before,0.9763313609467456,7.48400187901666,0.2777777777777778,0.2777777777777778,0.057574370551177444,19,-0.13132420529008285,30,0.09480243127504248,1
mcd,6698_FullHDwebcam_after,0.9763313609467456,1.4127051380978182,0.6666666666666666,0.8571428571428571,-0.5321860590881744,6,0.5774607102526071,6,0.5774607102526071,1
mcd,6698_FullHDwebcam_before,0.5769230769230769,0.3144151578595962,0.5,0.8,-0.5994814065151084,-5,-0.6008304847922495,7,0.5038514906621893,1
mcd,6698_IriunWebcam_after,0.975609756097561,1.3039089484572677,0.3888888888888889,0.35714285714285715,0.2500705455134474,3,0.2500705455134474,3,0.2500705455134474,1
mcd,6698_IriunWebcam_before,0.5764966740576497,0.37804908676047067,0.16666666666666666,0.2,-0.2509772923804514,-5,-0.2673546336186967,6,0.24579324879718628,1
mcd,6698_USBVideo_before,0.5769230769230769,0.38320364844638066,0.2777777777777778,0.5,0.32151581089236947,-11,-0.39325984241660694,0,0.32151581089236947,1
mcd,6718_FullHDwebcam_after,0.9763313609467456,6.694625190236829,0.5,0.5,-0.38392595739911983,-25,-0.39355185105185264,-13,0.3048306313274757,1
mcd,6718_FullHDwebcam_before,0.9763313609467456,5.85413230517586,0.7777777777777778,0.7777777777777778,-0.34790154288661607,-2,-0.34790154288661607,-15,0.28028487913348354,1
mcd,6718_IriunWebcam_after,0.975609756097561,6.3171009294235105,0.0,0.0,0.17870183601588674,14,-0.1942575555494175,3,0.17870183601588674,1
mcd,6718_IriunWebcam_before,0.975609756097561,6.1657890425294095,0.6666666666666666,0.6666666666666666,0.3295228799273776,-20,0.3363309126136909,-20,0.3363309126136909,1
mcd,6718_USBVideo_after,0.975609756097561,6.648617804277923,0.4444444444444444,0.4444444444444444,0.34572933613564794,-24,0.3611225866866531,-24,0.3611225866866531,1
mcd,6718_USBVideo_before,0.9763313609467456,5.917490297539167,0.3333333333333333,0.3333333333333333,0.2847552803872999,-12,-0.4354360993135096,-26,0.30933585056485,1
mcd,6725_FullHDwebcam_after,0.9763313609467456,5.480753272774498,0.1111111111111111,0.1111111111111111,-0.24383078115680745,-3,-0.24383078115680745,5,0.23882450736215,1
mcd,6725_FullHDwebcam_before,0.9763313609467456,5.113190082471463,0.1111111111111111,0.1111111111111111,-0.22445697512128684,-3,-0.22445697512128684,5,0.22145030899837265,1
mcd,6725_IriunWebcam_after,0.975609756097561,5.49504377709142,0.0,0.0,-0.05309896949390228,25,0.09524673879852368,25,0.09524673879852368,1
mcd,6725_IriunWebcam_before,0.9763313609467456,4.886719590883688,0.16666666666666666,0.16666666666666666,0.08782478300467401,-25,-0.09072939156961962,-1,0.08782478300467401,1
mcd,6725_USBVideo_after,0.9763313609467456,5.295714148714259,0.05555555555555555,0.05555555555555555,0.17205823454440788,18,0.18015003090736023,18,0.18015003090736023,1
mcd,6725_USBVideo_before,0.9763313609467456,4.7947923987417225,0.1111111111111111,0.1111111111111111,0.1969529172172727,0,0.1969529172172727,0,0.1969529172172727,1
mcd,6731_FullHDwebcam_after,0.9763313609467456,3.0232093729938216,0.6666666666666666,0.6875,-0.33078447855993653,-2,-0.33078447855993653,-13,0.3258747402107383,1
mcd,6731_FullHDwebcam_before,0.9319526627218935,2.0286351672338188,0.5555555555555556,0.5625,-0.46010743448331065,-2,-0.46010743448331065,7,0.4182908911418775,1
mcd,6731_IriunWebcam_after,0.9763313609467456,3.001414959163741,0.2777777777777778,0.1875,0.16950863397805513,16,-0.2033218784659343,27,0.18355237124670454,1
mcd,6731_IriunWebcam_before,0.9312638580931264,2.043409835501529,0.1111111111111111,0.11764705882352941,0.2338839642526459,0,0.2338839642526459,0,0.2338839642526459,1
mcd,6731_USBVideo_after,0.9763313609467456,2.885991385690766,0.16666666666666666,0.1875,0.12807053187153622,-15,-0.1543194747926978,-5,0.13404322807787464,1
mcd,6731_USBVideo_before,0.9319526627218935,2.074801079303555,0.05555555555555555,0.0625,0.2235855146867372,-2,0.2235855146867372,-2,0.2235855146867372,1
mcd,6737_FullHDwebcam_after,0.9763313609467456,9.43607533658264,0.6666666666666666,0.6666666666666666,-0.4929968915328636,-3,-0.4929968915328636,5,0.49284662626866194,1
mcd,6737_FullHDwebcam_before,0.9763313609467456,2.810028376372232,1.0,1.0,-0.47032273721623324,5,0.4878492668229133,5,0.4878492668229133,1
mcd,6737_IriunWebcam_after,0.9763313609467456,9.443689270642547,0.3333333333333333,0.3333333333333333,0.29476615752956753,2,0.29476615752956753,2,0.29476615752956753,1
mcd,6737_IriunWebcam_before,0.9763313609467456,2.729845288465241,0.3333333333333333,0.3333333333333333,0.3441776778613581,-23,-0.3442904914382903,2,0.3441776778613581,1
mcd,6750_FullHDwebcam_after,0.9763313609467456,8.602512389266604,0.9444444444444444,0.9444444444444444,-0.5634196657631024,-1,-0.5634196657631024,7,0.4511967836991996,1
mcd,6750_FullHDwebcam_before,0.9763313609467456,5.461256816855574,1.0,1.0,-0.7305923809234353,-2,-0.7305923809234353,8,0.5917809024540193,1
mcd,6750_IriunWebcam_after,0.975609756097561,8.319975971937408,0.3888888888888889,0.3888888888888889,0.3239273858445141,-6,-0.34498712131139675,2,0.3239273858445141,1
mcd,6750_IriunWebcam_before,0.975609756097561,5.466692198341907,0.5,0.47058823529411764,0.39029146285706445,-7,-0.4132569676875205,5,0.4020345331769345,1
mcd,6750_USBVideo_after,0.9763313609467456,8.35531678254775,0.2777777777777778,0.2777777777777778,0.28248353496206796,-3,0.28248353496206796,-3,0.28248353496206796,1
mcd,6750_USBVideo_before,0.975609756097561,5.535962360050835,0.2777777777777778,0.29411764705882354,0.31576629622199226,-3,0.31576629622199226,-3,0.31576629622199226,1
mcd,6782_FullHDwebcam_after,0.9319526627218935,4.641279043145106,0.2222222222222222,0.23529411764705882,-0.18321845040169074,8,0.32224439976680935,8,0.32224439976680935,1
mcd,6782_FullHDwebcam_before,0.9763313609467456,5.174690688509667,0.16666666666666666,0.16666666666666666,-0.3328278351599344,-3,-0.3328278351599344,-18,0.2731776874181192,1
mcd,6782_IriunWebcam_after,0.9319526627218935,4.697235522665009,0.3888888888888889,0.4117647058823529,0.36843848858288847,2,0.36843848858288847,2,0.36843848858288847,1
mcd,6782_IriunWebcam_before,0.975609756097561,5.314804707615853,0.6111111111111112,0.6111111111111112,0.3688971802509307,1,0.3688971802509307,1,0.3688971802509307,1
mcd,6782_USBVideo_after,0.9319526627218935,4.724460340565084,0.05555555555555555,0.058823529411764705,0.14756171799427792,-15,-0.18751525025621218,-24,0.15696361456257335,1
mcd,6782_USBVideo_before,0.9763313609467456,5.23321600122963,0.16666666666666666,0.16666666666666666,0.25416932047231583,7,-0.29749339600842095,-5,0.26455529257793386,1
mcd,6803_FullHDwebcam_after,0.9763313609467456,8.276807392038815,0.16666666666666666,0.16666666666666666,-0.23563554649675134,-15,0.24277846011299511,-15,0.24277846011299511,1
mcd,6803_FullHDwebcam_before,0.9763313609467456,6.764439159299407,0.2777777777777778,0.2777777777777778,-0.3979131379001103,-5,-0.40242421807028383,5,0.3929245457897616,1
mcd,6803_IriunWebcam_after,0.975609756097561,8.380177645056662,0.1111111111111111,0.1111111111111111,-0.1958327902971312,-21,-0.21661451382215247,-12,0.17612265535955343,1
mcd,6803_IriunWebcam_before,0.975609756097561,6.6963734001956166,0.2777777777777778,0.2777777777777778,-0.2331451382977006,-22,-0.24297150278705032,-11,0.19211010169075518,1
mcd,6803_USBVideo_after,0.9763313609467456,8.43917543096678,0.2777777777777778,0.2777777777777778,0.2922549592470392,20,0.32607354018097934,20,0.32607354018097934,1
mcd,6803_USBVideo_before,0.9763313609467456,6.59350620821837,0.3888888888888889,0.3888888888888889,0.3570718822595652,1,0.3570718822595652,1,0.3570718822595652,1
mcd,6846_FullHDwebcam_after,0.9763313609467456,9.656245215149854,0.8888888888888888,0.8888888888888888,-0.49589825540970267,-4,-0.49589825540970267,-16,0.47918940795899845,1
mcd,6846_FullHDwebcam_before,0.9763313609467456,9.551285528360847,0.7222222222222222,0.7222222222222222,-0.4410877847475926,6,0.49979834204490897,6,0.49979834204490897,1
mcd,6846_IriunWebcam_after,0.975609756097561,9.767512082790027,0.2222222222222222,0.2222222222222222,-0.0342649407355918,15,0.06458135741138629,15,0.06458135741138629,1
mcd,6846_IriunWebcam_before,0.975609756097561,9.700163367876248,0.3888888888888889,0.3888888888888889,0.20980157343627565,-21,0.24965815038184405,-21,0.24965815038184405,1
mcd,6847_FullHDwebcam_after,0.9763313609467456,8.263482033852018,0.5,0.5,-0.29289572665507607,6,0.360761082227365,6,0.360761082227365,1
mcd,6847_FullHDwebcam_before,0.9763313609467456,7.345105124735131,0.7777777777777778,0.7777777777777778,-0.4544913271515581,-4,-0.4544913271515581,5,0.3950486400888675,1
mcd,6847_IriunWebcam_after,0.9763313609467456,8.192678919487527,0.2777777777777778,0.2777777777777778,0.2161930561952709,24,0.26299673767891635,24,0.26299673767891635,1
mcd,6847_IriunWebcam_before,0.9770540340488527,7.307222479471015,0.3333333333333333,0.3333333333333333,0.34051102088680085,4,0.34051102088680085,4,0.34051102088680085,1
mcd,6856_FullHDwebcam_after,0.9763313609467456,7.208640905479573,0.6111111111111112,0.6111111111111112,-0.33887620100773913,21,-0.37035353197692017,7,0.3265692096572953,1
mcd,6856_FullHDwebcam_before,0.9763313609467456,7.510925407472605,0.2222222222222222,0.2222222222222222,-0.34175979801159384,-3,-0.34175979801159384,-18,0.2694825464550148,1
mcd,6856_IriunWebcam_after,0.975609756097561,7.190237365884698,0.05555555555555555,0.05555555555555555,0.03147131796916867,17,0.07840883435113624,17,0.07840883435113624,1
mcd,6880_FullHDwebcam_after,0.9763313609467456,8.583697895450836,1.0,1.0,-0.6274680787671103,-3,-0.6274680787671103,8,0.5814329230059895,1
mcd,6880_FullHDwebcam_before,0.9763313609467456,9.465804228200692,0.8888888888888888,0.8888888888888888,-0.7170167935953987,-3,-0.7170167935953987,7,0.6530253403624431,1
mcd,6880_IriunWebcam_after,0.9763313609467456,8.723716531050522,0.05555555555555555,0.05555555555555555,0.38120740530991265,2,0.38120740530991265,2,0.38120740530991265,1
mcd,6880_IriunWebcam_before,0.975609756097561,9.688122145874726,0.8888888888888888,0.8888888888888888,0.5449814434569421,-21,0.5497805825981434,-21,0.5497805825981434,1
mcd,6880_USBVideo_after,0.9763313609467456,8.737764139494534,0.3888888888888889,0.3888888888888889,0.39725624758860534,-1,0.39725624758860534,-1,0.39725624758860534,1
mcd,6880_USBVideo_before,0.9763313609467456,9.487614123423818,0.7222222222222222,0.7222222222222222,0.42756669533454933,-2,0.42756669533454933,-2,0.42756669533454933,1
mcd,6916_FullHDwebcam_after,0.9763313609467456,4.196867345443604,0.3333333333333333,0.3333333333333333,0.2040251863861647,6,0.26916652105996797,6,0.26916652105996797,1
mcd,6916_FullHDwebcam_before,0.9319526627218935,6.568826936649572,0.6666666666666666,0.7058823529411765,0.27560813192726413,-21,0.36972613158574785,-21,0.36972613158574785,1
mcd,6916_IriunWebcam_after,0.975609756097561,4.137516287980457,0.3333333333333333,0.3333333333333333,0.07256581847155967,-22,0.10389973652298441,-22,0.10389973652298441,1
mcd,6916_IriunWebcam_before,0.9319526627218935,6.637218749764008,0.2222222222222222,0.23529411764705882,0.18765227152157676,19,-0.24348051304945528,-25,0.20017306720009956,1
mcd,6916_USBVideo_after,0.9763313609467456,4.101065385215431,0.7222222222222222,0.7222222222222222,0.41329901796481183,-13,-0.44923978278912624,1,0.41329901796481183,1
mcd,6916_USBVideo_before,0.9312638580931264,6.297359991311444,0.5,0.5294117647058824,0.3798296986617394,1,0.3798296986617394,1,0.3798296986617394,1
mcd,6923_FullHDwebcam_after,0.9319526627218935,6.153352959657832,1.0,1.0,-0.5722645214726687,-3,-0.5722645214726687,8,0.5452873781039489,1
mcd,6923_FullHDwebcam_before,0.9763313609467456,7.213099935182118,0.7777777777777778,0.7777777777777778,-0.5004036638974256,-4,-0.5004036638974256,-15,0.4511296080531808,1
mcd,6923_IriunWebcam_after,0.9319526627218935,6.273448834513255,0.7777777777777778,0.7647058823529411,0.4151791125982631,-6,-0.4358481987195221,5,0.41833626124691176,1
mcd,6923_IriunWebcam_before,0.9763313609467456,7.271200377124139,0.1111111111111111,0.1111111111111111,-0.13952087174947253,-16,0.15380083443898976,-16,0.15380083443898976,1
mcd,6968_FullHDwebcam_after,0.9763313609467456,6.896371658955243,1.0,1.0,-0.5959562504411997,-3,-0.5959562504411997,-13,0.5592939917258508,1
mcd,6968_FullHDwebcam_before,0.9763313609467456,5.727527954863452,0.7222222222222222,0.7222222222222222,-0.4849862770501093,-2,-0.4849862770501093,8,0.4300153164223527,1
mcd,6968_IriunWebcam_after,0.975609756097561,7.033746841222296,0.1111111111111111,0.1111111111111111,-0.14080677979357453,16,-0.17516909508005965,-18,0.12240295051114604,1
mcd,6968_IriunWebcam_before,0.9763313609467456,5.820995335241778,0.3333333333333333,0.3333333333333333,-0.3540863074135886,-5,-0.35928469707554433,5,0.2711442357332899,1
mcd,6974_FullHDwebcam_after,0.9763313609467456,7.70674737796063,0.9444444444444444,0.9444444444444444,0.5687553337427483,5,0.5927782076619305,5,0.5927782076619305,1
mcd,6974_FullHDwebcam_before,0.9763313609467456,8.917872805946523,1.0,1.0,-0.5387914167148533,-6,-0.6021907072028867,6,0.5405853954452068,1
mcd,6974_IriunWebcam_after,0.9763313609467456,7.7380665770426615,0.05555555555555555,0.05555555555555555,0.1465442482169304,1,0.1465442482169304,1,0.1465442482169304,1
mcd,6974_IriunWebcam_before,0.975609756097561,8.825528531655142,0.3888888888888889,0.3888888888888889,0.32340848578046394,-8,-0.3672925121202472,2,0.32340848578046394,1
mcd,6987_FullHDwebcam_after,0.8431952662721893,0.9819020086861117,0.3333333333333333,0.35714285714285715,-0.4089357488689769,-1,-0.4089357488689769,8,0.40453094495455005,1
mcd,6987_FullHDwebcam_before,0.9763313609467456,4.775302806151474,0.5555555555555556,0.5625,-0.4894369674156316,-3,-0.4894369674156316,8,0.4397773533427572,1
mcd,6987_IriunWebcam_after,0.7988165680473372,0.9698023380093425,0.2222222222222222,0.23076923076923078,-0.21029349124201285,-6,-0.2619601560077008,3,0.19113208681834484,1
mcd,6987_IriunWebcam_before,0.9763313609467456,4.704210652329689,0.3888888888888889,0.4375,-0.3080714485304126,-5,-0.3168929712649716,6,0.3053273552124997,1
mcd,6993_FullHDwebcam_after,0.9763313609467456,7.806675567169174,1.0,1.0,-0.7065456963086455,-3,-0.7065456963086455,-16,0.6697740082544491,1
mcd,6993_FullHDwebcam_before,0.9763313609467456,5.944591429234029,0.9444444444444444,0.9444444444444444,-0.6049587928217741,6,0.6434628535518901,6,0.6434628535518901,1
mcd,6993_IriunWebcam_after,0.9763313609467456,7.668630723711955,0.05555555555555555,0.05555555555555555,0.1277437808636174,0,0.1277437808636174,0,0.1277437808636174,1
mcd,6993_IriunWebcam_before,0.975609756097561,5.85748472577162,0.1111111111111111,0.1111111111111111,0.31485487341176915,3,0.31485487341176915,3,0.31485487341176915,1
mcd,7006_FullHDwebcam_after,0.9763313609467456,10.846066990042997,0.8888888888888888,0.8888888888888888,-0.5630350440025941,7,0.5921072451710724,7,0.5921072451710724,1
mcd,7006_FullHDwebcam_before,0.9763313609467456,8.28182219354446,0.6666666666666666,0.6666666666666666,-0.4705505138772061,21,-0.48438479436598497,7,0.39848041833509473,1
mcd,7006_IriunWebcam_after,0.9763313609467456,10.703534781733659,0.1111111111111111,0.1111111111111111,0.24899225084908638,-9,-0.33343653041411764,25,0.28949730324302114,1
mcd,7006_IriunWebcam_before,0.9763313609467456,8.116603011214131,0.2777777777777778,0.2777777777777778,0.23329458759954788,17,-0.23731256215494134,5,0.2370272742624997,1
mcd,7006_USBVideo_after,0.9763313609467456,10.752672014442892,0.2777777777777778,0.2777777777777778,0.33615896203047674,-15,-0.35120753047951286,-3,0.33615896203047674,1
mcd,7006_USBVideo_before,0.9763313609467456,8.190768712766424,0.6111111111111112,0.6111111111111112,0.46807046795325996,10,-0.4720972034361134,22,0.47136592705779656,1
mcd,7047_FullHDwebcam_after,0.9763313609467456,5.949359537838155,1.0,1.0,-0.5711009341805401,-3,-0.5711009341805401,10,0.5467041568460731,1
mcd,7047_FullHDwebcam_before,0.5769230769230769,1.6997937563453198,0.6111111111111112,0.9090909090909091,-0.23549960349432483,-7,-0.27454284755604086,9,0.25727251111160704,1
mcd,7047_IriunWebcam_after,0.9763313609467456,5.927112718983395,0.2777777777777778,0.2777777777777778,0.24115021979395918,-23,0.25752754395419064,-23,0.25752754395419064,1
mcd,7047_IriunWebcam_before,0.5764966740576497,1.5142137916008829,0.3888888888888889,0.36363636363636365,0.16643715997844946,5,0.17314429212267538,5,0.17314429212267538,1
mcd,7047_USBVideo_after,0.9763313609467456,6.040646783667356,0.4444444444444444,0.4444444444444444,0.3171306354478344,-28,0.35213956267741653,-28,0.35213956267741653,1
mcd,7047_USBVideo_before,0.5769230769230769,1.6255505845911578,0.5,0.7272727272727273,0.07767935560410179,-30,0.15603825123773304,-30,0.15603825123773304,1
mcd,7048_FullHDwebcam_after,0.9763313609467456,7.299598974299146,0.16666666666666666,0.16666666666666666,-0.16707289695104713,-28,0.20839638216141287,-28,0.20839638216141287,1
mcd,7048_FullHDwebcam_before,0.9763313609467456,6.35833801250592,0.4444444444444444,0.47058823529411764,-0.384909651138211,-20,-0.39806612458200397,-12,0.3789599953331201,1
mcd,7048_IriunWebcam_after,0.9763313609467456,7.354495519710845,0.0,0.0,-0.15118894162214505,-12,0.15630757030143805,-12,0.15630757030143805,1
mcd,7048_IriunWebcam_before,0.975609756097561,6.614999501713257,0.16666666666666666,0.17647058823529413,-0.16972805707329383,-5,-0.17335320631101533,5,0.14107934825373394,1
mcd,7048_USBVideo_after,0.9763313609467456,7.384238362370037,0.0,0.0,0.06895600047282971,19,-0.09497248719177888,-21,0.08225711488350963,1
mcd,7048_USBVideo_before,0.9763313609467456,6.700928847979996,0.05555555555555555,0.058823529411764705,0.09251150337296846,27,-0.1156586815286928,-21,0.09965150303597302,1
mcd,7050_FullHDwebcam_after,0.9763313609467456,3.7595469886767585,0.7777777777777778,0.7777777777777778,-0.4326539243820591,-4,-0.4326539243820591,7,0.41867891725683615,1
mcd,7050_FullHDwebcam_before,0.9763313609467456,4.71506873045101,0.3888888888888889,0.4375,-0.3195258476778885,-3,-0.3195258476778885,7,0.3131245072783553,1
mcd,7050_IriunWebcam_after,0.975609756097561,4.070982445025507,0.7777777777777778,0.7777777777777778,0.3936266700443227,3,0.3936266700443227,3,0.3936266700443227,1
mcd,7050_IriunWebcam_before,0.975609756097561,4.5964646050985,0.4444444444444444,0.5,-0.20743208545186048,-7,-0.2765425821984023,-21,0.2570949421620451,1
mcd,7050_USBVideo_after,0.975609756097561,3.858872745294066,0.3888888888888889,0.3888888888888889,0.30000052668571864,14,-0.3369903370143173,-29,0.33477427609414667,1
mcd,7050_USBVideo_before,0.9763313609467456,4.6686082802782405,0.4444444444444444,0.5,0.21928796373128426,-27,0.3037333398816373,-27,0.3037333398816373,1
mcd,7056_FullHDwebcam_after,0.9763313609467456,11.104834960616211,0.6666666666666666,0.6666666666666666,-0.4335677754164531,-13,0.45602051493245993,-13,0.45602051493245993,1
mcd,7056_FullHDwebcam_before,0.9763313609467456,11.33456391592621,0.6111111111111112,0.6111111111111112,-0.3632032929592596,19,-0.3646023713309338,8,0.28024343842549115,1
mcd,7056_IriunWebcam_after,0.975609756097561,11.130428096623625,0.0,0.0,0.23333763598674506,-17,0.2798011060580015,-17,0.2798011060580015,1
mcd,7056_IriunWebcam_before,0.975609756097561,11.329833131906543,0.16666666666666666,0.16666666666666666,0.21664519164988197,21,0.22635069140497993,21,0.22635069140497993,1
mcd,7056_USBVideo_after,0.9763313609467456,11.189145068381867,0.2777777777777778,0.2777777777777778,0.16795755876138482,-23,0.1766977096442566,-23,0.1766977096442566,1
mcd,7056_USBVideo_before,0.975609756097561,11.438406494164594,0.2222222222222222,0.2222222222222222,0.13135786428417587,-21,0.1375338302643302,-21,0.1375338302643302,1
mcd,7069_FullHDwebcam_after,0.9763313609467456,4.9509752571647825,0.5555555555555556,0.5555555555555556,-0.4222260503044844,-2,-0.4222260503044844,-12,0.41961213411291814,1
mcd,7069_FullHDwebcam_before,0.9763313609467456,8.17395913465338,0.6666666666666666,0.6666666666666666,-0.4270900705336415,6,0.4781587676914402,6,0.4781587676914402,1
mcd,7069_IriunWebcam_after,0.975609756097561,4.616245633421726,0.16666666666666666,0.16666666666666666,-0.2764193497831372,-4,-0.2764193497831372,4,0.2711299096951748,1
mcd,7069_IriunWebcam_before,0.9763313609467456,8.414207365625009,0.3888888888888889,0.3888888888888889,0.386434886537915,2,0.386434886537915,2,0.386434886537915,1
mcd,7069_USBVideo_before,0.9763313609467456,7.883349523296916,0.4444444444444444,0.4444444444444444,0.37230862173424245,-12,-0.3937584102927614,-23,0.389980569843598,1
mcd,7082_FullHDwebcam_after,0.9763313609467456,7.458193059056423,0.6111111111111112,0.6111111111111112,-0.5219681209046385,-5,-0.5355645226909714,-16,0.4978914995878253,1
mcd,7082_FullHDwebcam_before,0.9763313609467456,9.164797211296518,0.2777777777777778,0.2777777777777778,-0.24480609976540327,27,0.27411930018962305,27,0.27411930018962305,1
mcd,7082_IriunWebcam_after,0.9763313609467456,7.28040894887117,0.2777777777777778,0.2777777777777778,0.12565901544566838,-21,0.15690537161135903,-21,0.15690537161135903,1
mcd,7082_IriunWebcam_before,0.9763313609467456,9.100928493355791,0.2222222222222222,0.2222222222222222,0.07674646659823159,-30,-0.09015261373300407,-19,0.08691143443056844,1
mcd,7137_FullHDwebcam_after,0.9763313609467456,4.840914531193512,0.7222222222222222,0.7222222222222222,-0.5447336584046606,-2,-0.5447336584046606,9,0.5072908917296204,1
mcd,7137_FullHDwebcam_before,0.9763313609467456,4.973924917827079,0.7777777777777778,0.9333333333333333,-0.5559807723778263,-2,-0.5559807723778263,9,0.525917398403459,1
mcd,7137_IriunWebcam_after,0.9763313609467456,5.121627373753133,0.2222222222222222,0.23529411764705882,0.2878697144024809,3,0.2878697144024809,3,0.2878697144024809,1
mcd,7137_IriunWebcam_before,0.975609756097561,4.951617471117398,0.6666666666666666,0.8,0.41730510334517545,5,0.4219383783441242,5,0.4219383783441242,1
mcd,7137_USBVideo_after,0.9763313609467456,4.994561476885183,0.2777777777777778,0.2777777777777778,0.34805939346994813,0,0.34805939346994813,0,0.34805939346994813,1
mcd,7137_USBVideo_before,0.9763313609467456,4.885900107206595,0.6666666666666666,0.7333333333333333,0.30930870191086207,-15,-0.31983450715670314,-1,0.30930870191086207,1
mcd,7142_FullHDwebcam_after,0.9763313609467456,10.73103157604186,0.8888888888888888,0.8888888888888888,-0.5941624679987019,-3,-0.5941624679987019,6,0.5118826676078227,1
mcd,7142_FullHDwebcam_before,0.9763313609467456,6.349398314865735,0.8888888888888888,0.8888888888888888,-0.6073121542773233,-4,-0.6073121542773233,-16,0.5622174304388753,1
mcd,7142_IriunWebcam_after,0.975609756097561,10.88357997846331,0.2777777777777778,0.2777777777777778,-0.13779135755311153,-26,-0.1974897832642011,-16,0.16489088903068017,1
mcd,7142_IriunWebcam_before,0.9763313609467456,6.400502058281592,0.5,0.5,-0.32014750531557856,18,-0.3539580814639851,30,0.3303124330031572,1
mcd,7151_FullHDwebcam_after,0.9763313609467456,6.115939115403594,0.6666666666666666,0.6666666666666666,-0.5507595474037177,-1,-0.5507595474037177,-13,0.549363010440864,1
mcd,7151_FullHDwebcam_before,0.9763313609467456,6.47294115897539,0.7222222222222222,0.7222222222222222,-0.525653516334687,8,0.5501725102708416,8,0.5501725102708416,1
mcd,7151_IriunWebcam_after,0.9770540340488527,6.142700635197809,0.2222222222222222,0.2222222222222222,0.14624554715013513,20,0.20916500007698907,20,0.20916500007698907,1
mcd,7151_IriunWebcam_before,0.9763313609467456,6.420940747348715,0.2222222222222222,0.2222222222222222,0.19666718373295666,-7,-0.22557301193116533,-18,0.21065210328301442,1
mcd,7151_USBVideo_after,0.9763313609467456,6.169969037012689,0.2777777777777778,0.2777777777777778,0.382846504409169,-20,0.44382040919544236,-20,0.44382040919544236,1
mcd,7151_USBVideo_before,0.9763313609467456,6.335348257235102,0.3888888888888889,0.3888888888888889,0.3416651457559003,-7,-0.37109343491856,4,0.3416651457559003,1
mcd,7165_FullHDwebcam_after,0.9763313609467456,5.0264329032917505,0.6666666666666666,0.6666666666666666,-0.4316848505737595,6,0.4487238309138752,6,0.4487238309138752,1
mcd,7165_FullHDwebcam_before,0.9763313609467456,8.03805543743563,0.6111111111111112,0.6111111111111112,0.27633431681335224,4,0.27633431681335224,4,0.27633431681335224,1
mcd,7165_IriunWebcam_after,0.9763313609467456,5.20603109685303,0.0,0.0,-0.112654400271779,23,0.13114396307371778,23,0.13114396307371778,1
mcd,7165_IriunWebcam_before,0.9763313609467456,8.096296996325803,0.3333333333333333,0.3333333333333333,0.23481805439617304,9,-0.23614384834719146,-1,0.23481805439617304,1
mcd,7165_USBVideo_before,0.9763313609467456,7.971891076698545,0.0,0.0,0.21494805402829711,-21,0.2286576446777656,-21,0.2286576446777656,1
mcd,7176_FullHDwebcam_after,0.9763313609467456,10.173749294423938,1.0,1.0,-0.8954932907531051,-1,-0.8954932907531051,-17,0.6950615785532307,1
mcd,7176_FullHDwebcam_before,0.9763313609467456,9.841503559958156,1.0,1.0,-0.8573504231802047,-1,-0.8573504231802047,13,0.6862424116993651,1
mcd,7176_IriunWebcam_after,0.975609756097561,10.323279945076576,1.0,1.0,-0.665165062467905,-6,-0.7297220036825678,-22,0.6555528729606969,1
mcd,7176_IriunWebcam_before,0.975609756097561,9.887643352313198,1.0,1.0,-0.6764108873970897,-6,-0.764563953959241,7,0.6971939732148313,1
mcd,7185_FullHDwebcam_after,0.9763313609467456,7.899181776864095,0.6111111111111112,0.6111111111111112,-0.5130345869394468,-3,-0.5130345869394468,-14,0.4724345116631588,1
mcd,7185_FullHDwebcam_before,0.9763313609467456,6.060879161114802,0.9444444444444444,0.9444444444444444,-0.6201466048063682,7,0.6693466274096382,7,0.6693466274096382,1
mcd,7185_IriunWebcam_after,0.9763313609467456,8.120283809349711,0.0,0.0,0.17592025263676997,-6,-0.22024169404165575,-17,0.22001206765047363,1
mcd,7185_IriunWebcam_before,0.9763313609467456,5.842627675014615,0.7777777777777778,0.7777777777777778,0.4000399649514552,3,0.4000399649514552,3,0.4000399649514552,1
mcd,7186_FullHDwebcam_after,0.9763313609467456,8.097443945239164,0.9444444444444444,0.9444444444444444,-0.565077496620678,-4,-0.565077496620678,-22,0.5474452796326451,1
mcd,7186_FullHDwebcam_before,0.9763313609467456,8.595649116098745,0.8888888888888888,0.8888888888888888,-0.5960503347962709,-3,-0.5960503347962709,11,0.486821306058595,1
mcd,7186_IriunWebcam_after,0.975609756097561,8.097874867986704,0.16666666666666666,0.16666666666666666,0.1563537212850678,-8,-0.18555034560036282,4,0.1563537212850678,1
mcd,7186_IriunWebcam_before,0.9763313609467456,8.731239390500804,0.2777777777777778,0.2777777777777778,-0.20039882040165133,7,0.23717501816716174,7,0.23717501816716174,1
mcd,7186_USBVideo_after,0.9763313609467456,8.006818528520157,0.6666666666666666,0.6666666666666666,0.4831183191450103,-14,-0.489261515596124,0,0.4831183191450103,1
mcd,7186_USBVideo_before,0.975609756097561,8.59202957740126,0.8888888888888888,0.8888888888888888,0.52640744941784,-1,0.52640744941784,-1,0.52640744941784,1
mcd,7187_FullHDwebcam_after,0.8431952662721893,5.803910001065111,0.0,0.0,-0.26534520790724864,7,0.27886901125562924,7,0.27886901125562924,1
mcd,7187_FullHDwebcam_before,0.9763313609467456,7.943630555311767,0.6666666666666666,0.6666666666666666,-0.34542860931178243,-16,0.37809158154857103,-16,0.37809158154857103,1
mcd,7187_IriunWebcam_after,0.8431952662721893,5.756313279484879,0.16666666666666666,0.1875,0.0404218547037542,-24,-0.12210739032661173,-16,0.10006918607189998,1
mcd,7187_IriunWebcam_before,0.9763313609467456,7.788685158648519,0.3888888888888889,0.3888888888888889,0.31887176167058157,-21,0.33726367035284416,-21,0.33726367035284416,1
mcd,7187_USBVideo_after,0.8431952662721893,5.950146575575279,0.2777777777777778,0.3125,0.11521705114126227,-12,-0.14800728872716612,20,0.11747147915853491,1
mcd,7187_USBVideo_before,0.9763313609467456,7.840131923285479,0.2777777777777778,0.2777777777777778,0.16318064371993515,-21,0.18991597200534344,-21,0.18991597200534344,1
mcd,7211_FullHDwebcam_after,0.9763313609467456,4.480851814474823,1.0,1.0,-0.8172643967161123,-3,-0.8172643967161123,9,0.7518499108777996,1
mcd,7211_FullHDwebcam_before,0.9763313609467456,4.489010916071626,0.9444444444444444,0.9444444444444444,-0.8189106148482977,-2,-0.8189106148482977,10,0.6709138472846905,1
mcd,7211_IriunWebcam_after,0.975609756097561,4.600289126007555,0.8888888888888888,0.8888888888888888,0.5030757616474617,-6,-0.5677904192981864,5,0.5279653483896044,1
mcd,7211_IriunWebcam_before,0.975609756097561,4.4253031569,0.2777777777777778,0.2777777777777778,0.13469579745360685,-8,-0.21808856182396372,8,0.20675206774228658,1
mcd,7222_FullHDwebcam_after,0.9763313609467456,6.690983613679796,0.6666666666666666,0.6666666666666666,-0.48729042844726406,-2,-0.48729042844726406,7,0.40664212365192753,1
mcd,7222_FullHDwebcam_before,0.9763313609467456,8.797795683434273,0.7777777777777778,0.7777777777777778,-0.4533434448765293,-2,-0.4533434448765293,7,0.3887915298745479,1
mcd,7222_IriunWebcam_after,0.975609756097561,6.700426661507734,0.6111111111111112,0.6111111111111112,0.24040506255082655,1,0.24040506255082655,1,0.24040506255082655,1
mcd,7222_IriunWebcam_before,0.975609756097561,8.463294112081302,0.1111111111111111,0.1111111111111111,0.17975721176053505,-5,-0.1856730004407983,3,0.17975721176053505,1
mcd,7222_USBVideo_after,0.9763313609467456,6.6025235658469,0.0,0.0,0.12123402626004967,8,-0.13233024691682735,1,0.12123402626004967,1
mcd,7222_USBVideo_before,0.9763313609467456,8.558578944557325,0.05555555555555555,0.05555555555555555,0.142887611888917,-1,0.142887611888917,-1,0.142887611888917,1
mcd,7231_FullHDwebcam_after,0.9763313609467456,6.592992931583031,0.3888888888888889,0.3888888888888889,-0.3104616964398975,-1,-0.3104616964398975,-9,0.303650948430395,1
mcd,7231_FullHDwebcam_before,0.9763313609467456,5.525754889016709,0.4444444444444444,0.47058823529411764,-0.4171321661860535,-3,-0.4171321661860535,-12,0.41048957280170656,1
mcd,7231_IriunWebcam_after,0.975609756097561,6.512247118224626,0.0,0.0,0.09109364898286999,-23,-0.13174172925738298,-16,0.11692474100459405,1
mcd,7231_IriunWebcam_before,0.975609756097561,5.512435766304698,0.16666666666666666,0.17647058823529413,0.1900498141268756,3,0.1900498141268756,3,0.1900498141268756,1
mcd,7233_FullHDwebcam_after,0.9763313609467456,7.504975507755141,0.6666666666666666,0.6666666666666666,-0.41382382881605206,-2,-0.41382382881605206,7,0.3312249904143821,1
mcd,7233_FullHDwebcam_before,0.9763313609467456,8.968488115742165,0.8888888888888888,0.8888888888888888,-0.6532782997444256,-1,-0.6532782997444256,-13,0.5899365126342758,1
mcd,7233_IriunWebcam_after,0.9763313609467456,7.4110488809748665,0.3333333333333333,0.3333333333333333,-0.2755699409482517,-4,-0.2755699409482517,-15,0.22516370248177628,1
mcd,7233_IriunWebcam_before,0.9763313609467456,8.967355179013502,0.0,0.0,0.08087884842203165,-7,-0.10199363435682454,-16,0.08377094509899931,1
mcd,7233_USBVideo_after,0.9763313609467456,7.767954273962088,0.16666666666666666,0.16666666666666666,0.25199173306315376,18,0.25846962127097123,18,0.25846962127097123,1
mcd,7248_FullHDwebcam_after,0.9763313609467456,4.122587283234835,1.0,1.0,0.6826251135119754,5,0.6861401558620169,5,0.6861401558620169,1
mcd,7248_FullHDwebcam_before,0.621301775147929,2.0237452526816218,0.8333333333333334,1.0,-0.5929555407130243,-4,-0.5929555407130243,-17,0.538448692446034,1
mcd,7248_IriunWebcam_after,0.975609756097561,4.075222094743076,0.05555555555555555,0.05555555555555555,0.14927856579267437,-2,0.14927856579267437,-2,0.14927856579267437,1
mcd,7248_IriunWebcam_before,0.6208425720620843,2.128602464652923,0.3333333333333333,0.18181818181818182,0.34466835567086135,6,0.3837807096583454,6,0.3837807096583454,1
mcd,7279_FullHDwebcam_after,0.9763313609467456,10.996684867932498,0.9444444444444444,0.9444444444444444,-0.5816663665560042,-1,-0.5816663665560042,7,0.47460166645208585,1
mcd,7279_FullHDwebcam_before,0.9763313609467456,8.889506206733728,1.0,1.0,-0.5912193510938405,-1,-0.5912193510938405,7,0.4719538095878608,1
mcd,7279_IriunWebcam_after,0.9763313609467456,10.835992027150725,0.6111111111111112,0.6111111111111112,0.3869196510973159,-5,-0.40106323797799925,22,0.39962427262344585,1
mcd,7279_IriunWebcam_before,0.9763313609467456,8.960270538865197,0.3888888888888889,0.4375,0.3814540059146461,3,0.3814540059146461,3,0.3814540059146461,1
mcd,7279_USBVideo_after,0.9763313609467456,10.889165135025664,0.16666666666666666,0.16666666666666666,0.28714988884206677,7,-0.2884410466728198,-2,0.28714988884206677,1
mcd,7279_USBVideo_before,0.9763313609467456,8.928634901562182,0.05555555555555555,0.0625,0.3246683902691763,-3,0.3246683902691763,-3,0.3246683902691763,1
mcd,7280_FullHDwebcam_after,0.9763313609467456,9.82075684460326,0.9444444444444444,0.9444444444444444,-0.5913770639758691,-2,-0.5913770639758691,7,0.5600382362036075,1
mcd,7280_FullHDwebcam_before,0.9763313609467456,8.064588673979179,0.9444444444444444,0.9444444444444444,-0.6013471181424361,-2,-0.6013471181424361,-15,0.5341654278565957,1
mcd,7280_IriunWebcam_after,0.975609756097561,9.66767728073538,0.3333333333333333,0.3333333333333333,0.3656607164427015,2,0.3656607164427015,2,0.3656607164427015,1
mcd,7280_IriunWebcam_before,0.975609756097561,8.23781086705596,0.6666666666666666,0.6666666666666666,0.44085540880192364,-19,0.4480445479843748,-19,0.4480445479843748,1
mcd,7280_USBVideo_after,0.9763313609467456,9.697119970564781,0.3333333333333333,0.3333333333333333,0.38618176677774113,-14,-0.40329602739991427,-3,0.38618176677774113,1
mcd,7280_USBVideo_before,0.9763313609467456,8.183674079536281,0.6666666666666666,0.6666666666666666,0.3980562864775063,-2,0.3980562864775063,-2,0.3980562864775063,1
mcd,7362_FullHDwebcam_after,0.9763313609467456,7.583707799034917,1.0,1.0,-0.8144705052077718,-2,-0.8144705052077718,8,0.6824471026044621,1
mcd,7362_FullHDwebcam_before,0.9319526627218935,8.555915418076566,1.0,1.0,-0.7772306193573674,-1,-0.7772306193573674,9,0.6490896071529023,1
mcd,7362_IriunWebcam_after,0.975609756097561,7.255877751244276,0.7777777777777778,0.7777777777777778,0.38870640849099275,3,0.38870640849099275,3,0.38870640849099275,1
mcd,7362_IriunWebcam_before,0.9319526627218935,8.470044330618048,0.6111111111111112,0.6470588235294118,-0.44767312403534837,-5,-0.4620774780886279,-15,0.43675224830961257,1
mcd,7362_USBVideo_after,0.9763313609467456,7.81030884705777,0.05555555555555555,0.05555555555555555,0.2541409539040322,-22,0.33626374399009584,-22,0.33626374399009584,1
mcd,7362_USBVideo_before,0.9312638580931264,8.577341969862115,0.3333333333333333,0.35294117647058826,0.39943711556607525,-1,0.39943711556607525,-1,0.39943711556607525,1
mcd,7376_FullHDwebcam_after,0.9763313609467456,9.031988189422243,0.7777777777777778,0.7777777777777778,0.49622839378077704,4,0.49622839378077704,4,0.49622839378077704,1
mcd,7376_FullHDwebcam_before,0.9763313609467456,8.700245570837563,0.5,0.5,-0.4225406738904029,18,-0.44709811144859635,-17,0.4392363023496321,1
mcd,7376_IriunWebcam_after,0.9763313609467456,9.273227963344745,0.2777777777777778,0.2777777777777778,0.22304847300910927,13,-0.2463557679652348,22,0.2446939638778908,1
mcd,7376_IriunWebcam_before,0.9763313609467456,8.830948721335524,0.1111111111111111,0.1111111111111111,0.18025972644138885,0,0.18025972644138885,0,0.18025972644138885,1
mcd,7376_USBVideo_after,0.9763313609467456,9.202496244888552,0.2777777777777778,0.2777777777777778,0.42816796925199724,-1,0.42816796925199724,-1,0.42816796925199724,1
mcd,7376_USBVideo_before,0.9763313609467456,8.73768911984649,0.3333333333333333,0.3333333333333333,0.34436728253872373,12,-0.3718062351126203,-1,0.34436728253872373,1
mcd,7380_FullHDwebcam_after,0.9763313609467456,6.468183618393439,0.6666666666666666,0.6666666666666666,-0.45723817851472626,21,-0.524956400941159,9,0.42365305544303494,1
mcd,7380_FullHDwebcam_before,0.665680473372781,1.9173335697697922,0.7777777777777778,1.0,-0.5459607061139311,-2,-0.5459607061139311,-15,0.48788603274127207,1
mcd,7380_IriunWebcam_after,0.975609756097561,6.7000516235282825,0.1111111111111111,0.1111111111111111,-0.20953457308815135,-26,-0.23862360522229428,5,0.16893587592918352,1
mcd,7380_IriunWebcam_before,0.665680473372781,1.8708254032842273,0.0,0.0,-0.15473793625557825,-6,-0.17357203674772592,7,0.15959979891956705,1
mcd,7396_FullHDwebcam_after,0.9763313609467456,9.45842685078999,0.3888888888888889,0.3888888888888889,-0.39518669789016486,-1,-0.39518669789016486,6,0.3948469417966096,1
mcd,7396_FullHDwebcam_before,0.9763313609467456,6.322417608143578,0.6666666666666666,0.6666666666666666,-0.4689681903498288,-1,-0.4689681903498288,8,0.4204431716396246,1
mcd,7396_IriunWebcam_after,0.9763313609467456,9.296175866750922,0.0,0.0,0.21640468426187695,11,-0.2172082985131594,2,0.21640468426187695,1
mcd,7396_IriunWebcam_before,0.975609756097561,6.362113166518246,0.2222222222222222,0.2222222222222222,0.2008739076577846,-29,-0.26093432135723116,-17,0.22815834613371969,1
mcd,7396_USBVideo_after,0.9763313609467456,9.463225782791739,0.1111111111111111,0.1111111111111111,0.17675188546256018,-16,0.2001799250883929,-16,0.2001799250883929,1
mcd,7396_USBVideo_before,0.9763313609467456,6.207731928745629,0.05555555555555555,0.05555555555555555,0.23960987018394647,19,0.2433315378893083,19,0.2433315378893083,1
mcd,7412_FullHDwebcam_after,0.7544378698224852,1.3576322968851802,0.1111111111111111,0.09090909090909091,-0.05865442956551478,1,-0.05865442956551478,-12,0.050523573264770645,1
mcd,7412_FullHDwebcam_before,0.9763313609467456,8.209826354406879,0.5,0.5,-0.4680161965660836,-3,-0.4680161965660836,-13,0.4163500575572239,1
mcd,7412_IriunWebcam_after,0.7095343680709535,0.10007935278796772,0.0,0.0,-0.12388123972193003,8,0.1608374447661368,8,0.1608374447661368,1
mcd,7412_IriunWebcam_before,0.9763313609467456,8.098097025157578,0.1111111111111111,0.1111111111111111,0.19370885255167974,4,0.19370885255167974,4,0.19370885255167974,1
mcd,7437_FullHDwebcam_after,0.9763313609467456,8.845770906014447,0.4444444444444444,0.4444444444444444,-0.38201274568099475,6,0.39949803822300395,6,0.39949803822300395,1
mcd,7437_FullHDwebcam_before,0.9763313609467456,7.406472173048307,0.2222222222222222,0.2222222222222222,0.3024363815259906,6,0.3803965755719551,6,0.3803965755719551,1
mcd,7437_IriunWebcam_after,0.9763313609467456,8.868202010146707,0.2222222222222222,0.2222222222222222,0.05762261429988161,12,-0.058972994331057974,3,0.05762261429988161,1
mcd,7437_IriunWebcam_before,0.9763313609467456,7.0895129341627445,0.2222222222222222,0.2222222222222222,0.19326387077553858,29,-0.2127391632900762,-18,0.20029141997365776,1
mcd,7437_USBVideo_after,0.9763313609467456,8.617093625475867,0.5,0.5,0.39639959730183516,20,0.4051109601906744,20,0.4051109601906744,1
mcd,7437_USBVideo_before,0.9763313609467456,7.182478480396558,0.05555555555555555,0.05555555555555555,0.26952813867493297,19,0.2800997292274647,19,0.2800997292274647,1
mcd,7445_FullHDwebcam_after,0.9763313609467456,7.7862915585998556,0.2222222222222222,0.2222222222222222,-0.33630428418087027,-16,0.3837044976878864,-16,0.3837044976878864,1
mcd,7445_FullHDwebcam_before,0.9763313609467456,6.651539054225795,0.2777777777777778,0.2777777777777778,-0.31740854509323796,17,-0.3432957943814112,6,0.3264149786376234,1
mcd,7445_IriunWebcam_after,0.975609756097561,8.080280333342527,0.2222222222222222,0.2222222222222222,-0.07759509873095398,-25,-0.12567884807306698,22,0.11515490467785479,1
mcd,7445_IriunWebcam_before,0.9763313609467456,6.4433590640201075,0.3888888888888889,0.3888888888888889,0.2128226783173005,-10,-0.2472536506166944,2,0.2128226783173005,1
mcd,7445_USBVideo_after,0.9763313609467456,8.192948603944489,0.4444444444444444,0.4444444444444444,0.3349539252589057,-20,0.3583039554596352,-20,0.3583039554596352,1
mcd,7445_USBVideo_before,0.9763313609467456,6.27788551394946,0.3888888888888889,0.3888888888888889,0.37729053166778687,2,0.37729053166778687,2,0.37729053166778687,1
mcd,7456_FullHDwebcam_after,0.9763313609467456,4.336042954710062,0.8333333333333334,0.8333333333333334,-0.7188137764264579,-2,-0.7188137764264579,8,0.6316670027607707,1
mcd,7456_FullHDwebcam_before,0.9763313609467456,6.1209003608455514,0.7222222222222222,0.7222222222222222,-0.5461692062116618,-2,-0.5461692062116618,-13,0.4998551411802942,1
mcd,7456_IriunWebcam_after,0.975609756097561,4.2582477780459715,0.3888888888888889,0.3888888888888889,0.2858581899684187,16,-0.3192540294696369,26,0.2877490052227887,1
mcd,7456_IriunWebcam_before,0.975609756097561,6.051515514278285,0.2222222222222222,0.2222222222222222,-0.30379698880936784,18,-0.32125111877625967,7,0.3001741157777923,1
mcd,7473_FullHDwebcam_after,0.9763313609467456,8.429736880028731,0.9444444444444444,0.9444444444444444,-0.5441778959403301,-2,-0.5441778959403301,-15,0.5267711582896653,1
mcd,7473_FullHDwebcam_before,0.9763313609467456,9.384927153840014,0.5555555555555556,0.5555555555555556,-0.40969767379445104,-3,-0.40969767379445104,7,0.3478900437698447,1
mcd,7473_IriunWebcam_after,0.9763313609467456,8.338843285211661,0.7777777777777778,0.7777777777777778,0.5188037037795465,3,0.5188037037795465,3,0.5188037037795465,1
mcd,7473_IriunWebcam_before,0.975609756097561,9.549139260427966,0.5555555555555556,0.5555555555555556,0.2688713175253841,12,-0.2811000008242467,22,0.27984697949256865,1
mcd,7473_USBVideo_after,0.9763313609467456,8.325962406710126,0.4444444444444444,0.4444444444444444,0.217496864806494,21,0.237850241219267,21,0.237850241219267,1
mcd,7473_USBVideo_before,0.9763313609467456,9.561084905601614,0.3888888888888889,0.3888888888888889,0.28654417044561653,-2,0.28654417044561653,-2,0.28654417044561653,1
mcd,7509_FullHDwebcam_after,0.8431952662721893,2.517889613292196,0.8888888888888888,0.9230769230769231,-0.6384473683620158,-6,-0.6924025225146865,7,0.6342642410336286,1
mcd,7509_FullHDwebcam_before,0.8431952662721893,0.9068426064172924,0.8888888888888888,0.9230769230769231,-0.5968001706732041,-6,-0.6871686938080765,6,0.5906710795870048,1
mcd,7509_IriunWebcam_after,0.8431952662721893,2.5938955384587574,0.2222222222222222,0.23076923076923078,0.27166639091885997,-11,-0.2884901517022277,4,0.27166639091885997,1
mcd,7509_IriunWebcam_before,0.9312638580931264,0.9275811556572983,0.1111111111111111,0.14285714285714285,0.1999597241506805,-9,-0.2242143967698104,4,0.1999597241506805,1
mcd,7514_FullHDwebcam_after,0.9763313609467456,4.055118993245594,0.2222222222222222,0.23529411764705882,0.32975545870541023,5,0.3466281743131315,5,0.3466281743131315,1
mcd,7514_FullHDwebcam_before,0.9763313609467456,6.620129354468096,0.5555555555555556,0.5882352941176471,0.3746458965520213,4,0.3746458965520213,4,0.3746458965520213,1
mcd,7514_IriunWebcam_after,0.975609756097561,4.123470502431492,0.0,0.0,0.0718180803998019,28,-0.11808004525096387,-16,0.11669157562173393,1
mcd,7514_IriunWebcam_before,0.975609756097561,6.550687184230313,0.16666666666666666,0.17647058823529413,0.08450896311642106,20,0.11848731229911572,20,0.11848731229911572,1
mcd,7514_USBVideo_after,0.9763313609467456,4.217026762639698,0.1111111111111111,0.11764705882352941,0.22380360614022463,-2,0.22380360614022463,-2,0.22380360614022463,1
mcd,7514_USBVideo_before,0.9763313609467456,6.538115989029327,0.0,0.0,0.2216729069230367,-22,0.2735882686197442,-22,0.2735882686197442,1
mcd,7519_FullHDwebcam_after,0.9763313609467456,10.488401955138382,1.0,1.0,-0.629803193162454,-29,-0.6430259562178771,-16,0.534677217682584,1
mcd,7519_FullHDwebcam_before,0.9763313609467456,9.437215876840689,0.8888888888888888,0.8888888888888888,-0.6935780075226137,-3,-0.6935780075226137,8,0.5918515565001985,1
mcd,7519_IriunWebcam_after,0.9763313609467456,10.489486796956704,0.3333333333333333,0.3333333333333333,0.35665801988733814,15,-0.3796397414042955,27,0.36829084084240116,1
mcd,7519_IriunWebcam_before,0.9763313609467456,9.51468640056138,0.3333333333333333,0.3333333333333333,0.28075393113114666,3,0.28075393113114666,3,0.28075393113114666,1
mcd,7519_USBVideo_after,0.9763313609467456,10.40325584360664,0.7222222222222222,0.7222222222222222,0.40796587590490074,-1,0.40796587590490074,-1,0.40796587590490074,1
mcd,7519_USBVideo_before,0.9763313609467456,9.399159321696382,0.3888888888888889,0.3888888888888889,0.33057100954653373,-27,0.3630027517637712,-27,0.3630027517637712,1
mcd,7520_FullHDwebcam_after,0.9763313609467456,9.692646749242424,0.8888888888888888,0.8888888888888888,-0.636201923351169,-2,-0.636201923351169,9,0.5345849352158499,1
mcd,7520_FullHDwebcam_before,0.9763313609467456,8.422392507121675,0.8888888888888888,0.8888888888888888,-0.6003339046832964,-2,-0.6003339046832964,8,0.507532470221603,1
mcd,7520_IriunWebcam_after,0.9763313609467456,9.820352951908715,0.6666666666666666,0.6666666666666666,0.5144278039262693,-7,-0.52986982983161,4,0.5144278039262693,1
mcd,7520_IriunWebcam_before,0.9763313609467456,8.477857049242003,0.6666666666666666,0.6666666666666666,0.3480243325753868,-7,-0.36394957065416345,3,0.3480243325753868,1
mcd,7520_USBVideo_after,0.9763313609467456,9.701166609348636,0.6666666666666666,0.6666666666666666,0.4319373395410202,-12,-0.4647025834819937,-1,0.4319373395410202,1
mcd,7520_USBVideo_before,0.9763313609467456,8.454431263995799,0.16666666666666666,0.16666666666666666,0.40886895537895,-2,0.40886895537895,-2,0.40886895537895,1
mcd,7539_FullHDwebcam_after,0.9763313609467456,9.436746822868797,0.6111111111111112,0.6111111111111112,-0.5320604733956771,-2,-0.5320604733956771,-11,0.4433594282455789,1
mcd,7539_FullHDwebcam_before,0.9763313609467456,11.735533451821398,1.0,1.0,-0.6711087586216127,-2,-0.6711087586216127,-14,0.5786940371076215,1
mcd,7539_IriunWebcam_after,0.975609756097561,9.44420853160866,0.05555555555555555,0.05555555555555555,0.1492030057373893,-18,0.19315578511240122,-18,0.19315578511240122,1
mcd,7539_IriunWebcam_before,0.9763313609467456,11.690364917971088,0.16666666666666666,0.16666666666666666,0.31937380367478213,-29,-0.3665757098372123,-19,0.3417940538317227,1
mcd,7539_USBVideo_after,0.9763313609467456,9.574575741490571,0.3888888888888889,0.3888888888888889,0.19614548242580312,-30,-0.2735051014056958,-21,0.25294639949245806,1
mcd,7539_USBVideo_before,0.9763313609467456,11.698941051632934,0.2777777777777778,0.2777777777777778,0.31215201762402395,-24,0.32774328085534027,-24,0.32774328085534027,1
mcd,7542_FullHDwebcam_after,0.9763313609467456,8.990204457593334,0.6111111111111112,0.6111111111111112,-0.36695422258147115,-11,0.38736854920810493,-11,0.38736854920810493,1
mcd,7542_FullHDwebcam_before,0.9763313609467456,9.21283145404162,0.6111111111111112,0.6111111111111112,-0.4377139169834485,-2,-0.4377139169834485,7,0.4185588682493471,1
mcd,7542_IriunWebcam_after,0.975609756097561,9.31858425575718,0.1111111111111111,0.1111111111111111,0.1855116811616975,-15,0.20309789596603625,-15,0.20309789596603625,1
mcd,7542_IriunWebcam_before,0.975609756097561,9.230822634076798,0.3888888888888889,0.3888888888888889,0.3106058720474027,12,-0.31740536917922,22,0.3147709849921594,1
mcd,7542_USBVideo_after,0.9763313609467456,9.005302985503501,0.05555555555555555,0.05555555555555555,0.16708637015929326,10,-0.17924176988023025,1,0.16708637015929326,1
mcd,7542_USBVideo_before,0.9763313609467456,9.256628488653757,0.2777777777777778,0.2777777777777778,0.2188934748195628,-11,-0.2732863298935368,-21,0.23324868344016933,1
mcd,7557_FullHDwebcam_after,0.9763313609467456,8.610641356891453,0.8888888888888888,0.8888888888888888,-0.5538186023764189,7,0.579624355999668,7,0.579624355999668,1
mcd,7557_FullHDwebcam_before,0.9763313609467456,8.97742748563261,1.0,1.0,-0.7716185993326727,-2,-0.7716185993326727,-16,0.536083595641836,1
mcd,7557_IriunWebcam_after,0.9763313609467456,8.728807284111046,0.6111111111111112,0.6111111111111112,0.4684392302010724,4,0.4684392302010724,4,0.4684392302010724,1
mcd,7557_IriunWebcam_before,0.9763313609467456,9.059423302525676,0.1111111111111111,0.1111111111111111,0.15597406108515025,-12,-0.17869391428940798,3,0.15597406108515025,1
mcd,7557_USBVideo_after,0.9763313609467456,8.556708609664998,0.8333333333333334,0.8333333333333334,0.42568578055393236,15,-0.4337223495912526,2,0.42568578055393236,1
mcd,7568_FullHDwebcam_after,0.9763313609467456,10.38129981364536,0.8333333333333334,0.8333333333333334,-0.5951996798926327,-2,-0.5951996798926327,8,0.5210801479478536,1
mcd,7568_FullHDwebcam_before,0.9763313609467456,9.707712846774143,0.8333333333333334,0.8333333333333334,-0.4930967067877748,-16,0.5309850003314519,-16,0.5309850003314519,1
mcd,7568_IriunWebcam_after,0.975609756097561,10.434311276458708,0.3888888888888889,0.3888888888888889,0.23396630006463603,18,-0.2579655780110792,5,0.24217679561525612,1
mcd,7568_IriunWebcam_before,0.975609756097561,9.69161253867509,0.2222222222222222,0.2222222222222222,0.27103995404877845,27,0.28153474316895893,27,0.28153474316895893,1
mcd,7568_USBVideo_after,0.9763313609467456,10.328611940206937,0.3888888888888889,0.3888888888888889,0.3815431499083273,-24,0.42346297883401857,-24,0.42346297883401857,1
mcd,7568_USBVideo_before,0.9763313609467456,9.694526438629602,0.3333333333333333,0.3333333333333333,0.2994167195772262,-4,0.2994167195772262,-4,0.2994167195772262,1
mcd,7570_FullHDwebcam_after,0.9763313609467456,5.675011007764253,0.16666666666666666,0.16666666666666666,-0.29361984447815065,14,-0.31937445121180913,22,0.3088404155044579,1
mcd,7570_IriunWebcam_after,0.975609756097561,5.647744753393907,0.3888888888888889,0.3888888888888889,0.3009283763428761,12,-0.31951080181463765,3,0.3009283763428761,1
mcd,7570_IriunWebcam_before,0.975609756097561,7.600403097383143,0.16666666666666666,0.16666666666666666,0.2222387006359768,1,0.2222387006359768,1,0.2222387006359768,1
mcd,7576_FullHDwebcam_after,0.9763313609467456,9.171209713316536,1.0,1.0,-0.833299245412634,-3,-0.833299245412634,11,0.711846089238276,1
mcd,7576_FullHDwebcam_before,0.9763313609467456,9.11150700920669,1.0,1.0,-0.8661780717029937,-3,-0.8661780717029937,12,0.7406649667568246,1
mcd,7576_IriunWebcam_after,0.975609756097561,9.230948617236509,1.0,1.0,0.5447048395711047,3,0.5447048395711047,3,0.5447048395711047,1
mcd,7576_IriunWebcam_before,0.975609756097561,9.213110705056167,0.8888888888888888,0.8888888888888888,0.5057909690075787,-9,-0.5401108683742817,6,0.538476949403676,1
mcd,7576_USBVideo_after,0.975609756097561,9.128668023353452,0.9444444444444444,0.9444444444444444,0.4986374357096479,-30,0.5065879336030329,-30,0.5065879336030329,1
mcd,7576_USBVideo_before,0.9763313609467456,9.135948346804776,1.0,1.0,0.6137074872870297,3,0.6137074872870297,3,0.6137074872870297,1
mcd,7596_FullHDwebcam_after,0.9763313609467456,4.210427367337667,0.5,0.4666666666666667,-0.4668353176491381,18,-0.49334719756376877,8,0.4185052613909882,1
mcd,7596_FullHDwebcam_before,0.9763313609467456,6.152324151228976,0.3333333333333333,0.35294117647058826,-0.3655790357400313,-5,-0.37003687677110425,7,0.3637106164066906,1
mcd,7596_IriunWebcam_after,0.975609756097561,4.065760117173238,0.1111111111111111,0.125,0.2115069771920765,-6,-0.21966427189674523,4,0.2115069771920765,1
mcd,7596_IriunWebcam_before,0.975609756097561,6.358051323673364,0.2777777777777778,0.29411764705882354,0.2647610448964662,4,0.2647610448964662,4,0.2647610448964662,1
mcd,7598_FullHDwebcam_after,0.9763313609467456,10.05112544904836,0.2222222222222222,0.2222222222222222,0.24392334313338082,-27,0.25636519110659606,-27,0.25636519110659606,1
mcd,7598_FullHDwebcam_before,0.9763313609467456,4.4938724191995405,0.8333333333333334,0.8235294117647058,-0.6021314284256365,-4,-0.6021314284256365,5,0.5753727318262432,1
mcd,7598_IriunWebcam_after,0.975609756097561,10.087583622958373,0.3333333333333333,0.3333333333333333,0.23512258590336707,28,-0.26474845364002814,20,0.25789105277130603,1
mcd,7598_IriunWebcam_before,0.9763313609467456,4.77618871191392,0.05555555555555555,0.058823529411764705,0.14381673011386842,25,0.1669147484618821,25,0.1669147484618821,1
mcd,7601_FullHDwebcam_after,0.7988165680473372,4.095318574604363,0.7777777777777778,0.8666666666666667,-0.6165610307579069,-5,-0.6283404414765349,-18,0.6062969906520297,1
mcd,7601_FullHDwebcam_before,0.9763313609467456,4.864339480945064,0.9444444444444444,0.9411764705882353,-0.7487151768717765,-3,-0.7487151768717765,8,0.6973584397640179,1
mcd,7601_IriunWebcam_after,0.7982261640798226,3.9572441219282237,0.9444444444444444,1.0,0.5694445772880533,4,0.5694445772880533,4,0.5694445772880533,1
mcd,7601_IriunWebcam_before,0.975609756097561,4.865054733376606,0.16666666666666666,0.17647058823529413,0.19519151663108814,30,0.21791270134910062,30,0.21791270134910062,1
mcd,7604_FullHDwebcam_after,0.975609756097561,5.451784563488314,0.7222222222222222,0.7647058823529411,-0.510456712834077,-2,-0.510456712834077,8,0.4829214497195483,1
mcd,7604_FullHDwebcam_before,0.9319526627218935,4.219170085412682,0.6666666666666666,0.7058823529411765,-0.3515364306487238,-1,-0.3515364306487238,-13,0.34922360902743027,1
mcd,7604_IriunWebcam_after,0.9763313609467456,5.4804980256817455,0.05555555555555555,0.058823529411764705,-0.1815621437800109,-24,-0.18561575503379946,-16,0.15795245153142895,1
mcd,7604_IriunWebcam_before,0.9312638580931264,4.160578068052204,0.2222222222222222,0.23529411764705882,0.20572169996368375,16,-0.2318497335868578,4,0.20572169996368375,1
mcd,7604_USBVideo_after,0.9763313609467456,5.596982116901013,0.2222222222222222,0.23529411764705882,0.20192620553075058,10,-0.24468115229873078,0,0.20192620553075058,1
mcd,7604_USBVideo_before,0.9312638580931264,4.080271342907442,0.2777777777777778,0.29411764705882354,0.21205002466823122,-14,-0.28006021583676216,-3,0.21205002466823122,1
mcd,7626_FullHDwebcam_after,0.9763313609467456,8.577767525981159,0.9444444444444444,0.9444444444444444,-0.6361424176114714,19,-0.6455308821084236,-15,0.6183781030852733,1
mcd,7626_FullHDwebcam_before,0.9763313609467456,8.20118434756791,1.0,1.0,0.6010241101266728,6,0.6593597285844566,6,0.6593597285844566,1
mcd,7626_IriunWebcam_after,0.9763313609467456,8.617493090692324,0.05555555555555555,0.05555555555555555,0.17783837636436906,-23,0.17984967402348986,-23,0.17984967402348986,1
mcd,7626_IriunWebcam_before,0.975609756097561,8.286027103839203,0.7222222222222222,0.7222222222222222,0.44726029967547415,4,0.44726029967547415,4,0.44726029967547415,1
mcd,7628_FullHDwebcam_after,0.9763313609467456,7.873134496154696,0.3888888888888889,0.3888888888888889,-0.3146829645955584,-2,-0.3146829645955584,5,0.2712102348314079,1
mcd,7628_FullHDwebcam_before,0.9763313609467456,7.376575641175215,0.6111111111111112,0.6111111111111112,-0.5036514987574202,-3,-0.5036514987574202,6,0.4496190218489945,1
mcd,7628_IriunWebcam_after,0.9763313609467456,7.984432075597954,0.0,0.0,0.18729670054214673,3,0.18729670054214673,3,0.18729670054214673,1
mcd,7628_IriunWebcam_before,0.9763313609467456,7.525932050395813,0.16666666666666666,0.16666666666666666,-0.2183915800343226,-23,-0.23897039497321798,-15,0.21010543788533745,1
mcd,7637_FullHDwebcam_after,0.9319526627218935,6.65625364106695,0.9444444444444444,1.0,-0.7088942191452684,-2,-0.7088942191452684,9,0.5920654066708073,1
mcd,7637_FullHDwebcam_before,0.9763313609467456,6.058254638301382,0.8333333333333334,0.8823529411764706,-0.6571263906301609,-3,-0.6571263906301609,8,0.5472222531604526,1
mcd,7637_IriunWebcam_after,0.9319526627218935,6.608323547695589,0.4444444444444444,0.47058823529411764,0.34056256121299244,16,-0.37298392291735505,3,0.34056256121299244,1
mcd,7637_IriunWebcam_before,0.975609756097561,5.980350068497894,0.5555555555555556,0.5294117647058824,0.22441251451392183,-24,0.27292953086457017,-24,0.27292953086457017,1
mcd,7685_FullHDwebcam_after,0.9763313609467456,5.304394983495779,0.4444444444444444,0.4444444444444444,-0.4375462250881963,5,0.4832405913169405,5,0.4832405913169405,1
mcd,7685_FullHDwebcam_before,0.9763313609467456,8.048893023400575,1.0,1.0,-0.8463339172088304,-2,-0.8463339172088304,8,0.7539812885913042,1
mcd,7685_IriunWebcam_after,0.9763313609467456,5.496994525066736,0.5555555555555556,0.5555555555555556,0.32994497221383384,-6,-0.37317768949210955,3,0.32994497221383384,1
mcd,7685_IriunWebcam_before,0.9770540340488527,7.8796011715286856,0.0,0.0,0.14405281196204126,0,0.14405281196204126,0,0.14405281196204126,1
mcd,7695_FullHDwebcam_after,0.9763313609467456,9.33029541786426,0.7222222222222222,0.7222222222222222,-0.4359202049382609,5,0.45020921037638567,5,0.45020921037638567,1
mcd,7695_FullHDwebcam_before,0.9763313609467456,6.530360297956601,0.3888888888888889,0.3888888888888889,-0.3717298240107033,24,0.3964103992257823,24,0.3964103992257823,1
mcd,7695_IriunWebcam_after,0.975609756097561,9.135814206518038,0.1111111111111111,0.1111111111111111,-0.06886460176678794,-8,0.10163674703852245,-8,0.10163674703852245,1
mcd,7695_IriunWebcam_before,0.9763313609467456,6.5559184135433215,0.05555555555555555,0.05555555555555555,-0.07011086006308773,23,-0.13199324659307704,30,0.10093800751599717,1
mcd,7736_FullHDwebcam_after,0.9763313609467456,8.068146488464635,0.7222222222222222,0.7222222222222222,-0.40332282331681807,16,-0.41158503330092217,24,0.40000062495675703,1
mcd,7736_FullHDwebcam_before,0.9763313609467456,7.812415638829762,0.5,0.5,-0.4387154089848749,-4,-0.4387154089848749,-15,0.37468310066377,1
mcd,7736_IriunWebcam_after,0.9763313609467456,7.968920599450344,0.1111111111111111,0.1111111111111111,0.25706839240446794,3,0.25706839240446794,3,0.25706839240446794,1
mcd,7736_IriunWebcam_before,0.9763313609467456,7.572722037796446,0.0,0.0,0.15275413565172144,-8,-0.1861231984444351,2,0.15275413565172144,1
mcd,7748_FullHDwebcam_after,0.9763313609467456,8.314261621152573,0.9444444444444444,0.9444444444444444,-0.6526086804657469,-2,-0.6526086804657469,10,0.5605336323175273,1
mcd,7748_FullHDwebcam_before,0.9763313609467456,10.81886227633249,0.8888888888888888,0.8888888888888888,-0.6219600636162728,-3,-0.6219600636162728,8,0.5194945057162098,1
mcd,7748_IriunWebcam_after,0.975609756097561,8.257212405512131,0.7777777777777778,0.7647058823529411,0.5067559968409094,4,0.5067559968409094,4,0.5067559968409094,1
mcd,7748_IriunWebcam_before,0.9763313609467456,10.84897199834933,1.0,1.0,0.6034393581249952,-8,-0.6203834577210509,3,0.6034393581249952,1
mcd,7748_USBVideo_after,0.9763313609467456,8.2763628058608,0.6111111111111112,0.6111111111111112,0.37421305683011097,14,-0.46066920915402915,0,0.37421305683011097,1
mcd,7748_USBVideo_before,0.9763313609467456,10.763383978875234,0.7777777777777778,0.7777777777777778,0.46788417208944905,-2,0.46788417208944905,-2,0.46788417208944905,1
mcd,7759_FullHDwebcam_after,0.9763313609467456,8.502196596501392,1.0,1.0,-0.6504254225874512,-3,-0.6504254225874512,11,0.5499662175364366,1
mcd,7759_FullHDwebcam_before,0.9763313609467456,9.063379102371144,1.0,1.0,-0.684546468628188,-3,-0.684546468628188,-18,0.5894456607293549,1
mcd,7759_IriunWebcam_after,0.975609756097561,8.629108677337051,1.0,1.0,-0.5142186645398218,-8,-0.716596196271856,8,0.6357160725731863,1
mcd,7759_IriunWebcam_before,0.9763313609467456,8.982429182812105,0.6666666666666666,0.6666666666666666,0.2840387220140256,-7,-0.3601420512300738,-22,0.32906670198496507,1
mcd,7759_USBVideo_after,0.9763313609467456,8.518177669457899,0.7777777777777778,0.7777777777777778,0.4324159719252886,-13,-0.45589145362121025,-29,0.4499722461663105,1
mcd,7759_USBVideo_before,0.9763313609467456,8.942269036998223,0.8888888888888888,0.8888888888888888,0.5580751651169807,28,0.5718957739934527,28,0.5718957739934527,1
mcd,7769_FullHDwebcam_after,0.9763313609467456,9.193726441199448,0.2222222222222222,0.2222222222222222,-0.22483342418949534,-4,-0.22483342418949534,7,0.20136015340305527,1
mcd,7769_FullHDwebcam_before,0.9763313609467456,6.367321548755784,0.3888888888888889,0.3888888888888889,-0.38551361709805665,-15,0.4195470281138734,-15,0.4195470281138734,1
mcd,7769_IriunWebcam_after,0.9763313609467456,9.193170831049603,0.2222222222222222,0.2222222222222222,-0.03756299793186856,-26,-0.07273167178502705,24,0.07026641062151694,1
mcd,7769_IriunWebcam_before,0.9763313609467456,6.334109647415415,0.2777777777777778,0.2777777777777778,-0.1512536189777426,7,0.15900346194249154,7,0.15900346194249154,1
mcd,7769_USBVideo_after,0.9763313609467456,9.20211845422488,0.2222222222222222,0.2222222222222222,0.22042296945131826,-22,0.2220035347075003,-22,0.2220035347075003,1
mcd,7769_USBVideo_before,0.9763313609467456,6.4000343782973435,0.16666666666666666,0.16666666666666666,0.12174636538786643,-24,0.14070170652768924,-24,0.14070170652768924,1
mcd,7788_FullHDwebcam_after,0.9763313609467456,4.641303452316711,0.7777777777777778,0.7647058823529411,-0.4467774226806729,-2,-0.4467774226806729,-16,0.38637509617057725,1
mcd,7788_FullHDwebcam_before,0.9763313609467456,7.557980256386805,0.6111111111111112,0.5882352941176471,-0.4922378579089716,-3,-0.4922378579089716,7,0.43847857718556815,1
mcd,7788_IriunWebcam_after,0.975609756097561,4.326436561679345,0.5,0.5294117647058824,0.295137179304856,-8,-0.30159018727891607,3,0.295137179304856,1
mcd,7788_IriunWebcam_before,0.975609756097561,7.63080879166635,0.3333333333333333,0.35294117647058826,0.32323042370993055,3,0.32323042370993055,3,0.32323042370993055,1
mcd,7788_USBVideo_after,0.9763313609467456,4.374345203215854,0.3888888888888889,0.4117647058823529,0.4325792373092375,-14,-0.44260850764112325,-2,0.4325792373092375,1
mcd,7788_USBVideo_before,0.9763313609467456,7.525382865400001,0.3333333333333333,0.3125,0.3247069125210349,-14,-0.35984683682897206,2,0.3247069125210349,1
mcd,7793_FullHDwebcam_after,0.9319526627218935,5.038477745377011,0.5555555555555556,0.625,-0.35705321555376296,-3,-0.35705321555376296,5,0.3278218926831234,1
mcd,7793_FullHDwebcam_before,0.9763313609467456,7.978028003683581,0.16666666666666666,0.16666666666666666,0.28414822615179625,-14,0.3022338301266221,-14,0.3022338301266221,1
mcd,7793_IriunWebcam_after,0.9319526627218935,4.890925446493858,0.1111111111111111,0.125,0.11592138777085642,-29,-0.1665684627779184,25,0.1662330236684506,1
mcd,7793_IriunWebcam_before,0.9763313609467456,8.101408845605162,0.16666666666666666,0.16666666666666666,0.21961039906079174,-6,-0.25001760276423496,3,0.21961039906079174,1
mcd,7831_FullHDwebcam_after,0.9763313609467456,7.203159743610927,0.2777777777777778,0.2777777777777778,-0.39024478222623016,5,0.3945364315254829,5,0.3945364315254829,1
mcd,7831_FullHDwebcam_before,0.8431952662721893,4.103534715897162,0.7222222222222222,0.75,-0.5865870500685407,-3,-0.5865870500685407,6,0.5818008344844688,1
mcd,7831_IriunWebcam_after,0.975609756097561,7.120276700073367,0.0,0.0,0.06957514749853379,1,0.06957514749853379,1,0.06957514749853379,1
mcd,7831_IriunWebcam_before,0.8431952662721893,4.045305263583,0.05555555555555555,0.0625,0.07196500088280153,-8,-0.08628836463770918,21,0.07405729651323761,1
mcd,7831_USBVideo_after,0.975609756097561,7.203175458628553,0.1111111111111111,0.1111111111111111,-0.02848074856652183,26,0.07431761703419688,26,0.07431761703419688,1
mcd,7864_FullHDwebcam_after,0.9763313609467456,8.546125849688407,0.6666666666666666,0.6666666666666666,-0.4876230439302996,-3,-0.4876230439302996,5,0.481554483172076,1
mcd,7864_FullHDwebcam_before,0.7988165680473372,4.108464988542957,0.7777777777777778,0.8571428571428571,-0.6208341451816157,-3,-0.6208341451816157,5,0.5970126787241654,1
mcd,7864_IriunWebcam_after,0.975609756097561,8.623023917659081,0.1111111111111111,0.1111111111111111,0.0982938666705936,10,-0.11709225194126616,17,0.1152401086381381,1
mcd,7864_IriunWebcam_before,0.7988165680473372,4.0699502947536,0.0,0.0,0.15727230772004308,-1,0.15727230772004308,-1,0.15727230772004308,1
mcd,7864_USBVideo_after,0.9763313609467456,8.709656357353818,0.05555555555555555,0.05555555555555555,0.17021234414491138,15,0.1836126450194251,15,0.1836126450194251,1
mcd,7865_FullHDwebcam_after,0.9763313609467456,8.108794902643943,0.0,0.0,-0.22652829267287092,-3,-0.22652829267287092,-17,0.2203888644752804,1
mcd,7865_FullHDwebcam_before,0.9763313609467456,5.260520244416982,0.9444444444444444,1.0,-0.5560018577145104,8,0.5585897727969719,8,0.5585897727969719,1
mcd,7865_IriunWebcam_after,0.975609756097561,8.0451044192866,0.2777777777777778,0.2777777777777778,0.28378858998622447,1,0.28378858998622447,1,0.28378858998622447,1
mcd,7865_IriunWebcam_before,0.975609756097561,5.429846043829736,0.2777777777777778,0.23529411764705882,0.2172014485749011,-10,-0.23516111810285326,-21,0.22307094119999815,1
mcd,7878_FullHDwebcam_after,0.9319526627218935,7.724734096560367,0.9444444444444444,1.0,-0.6419255149411774,-2,-0.6419255149411774,5,0.595729900979402,1
mcd,7878_FullHDwebcam_before,0.9763313609467456,5.003265566456556,1.0,1.0,-0.8285568254207418,-1,-0.8285568254207418,8,0.6996264457132176,1
mcd,7878_IriunWebcam_after,0.9763313609467456,7.735815431982752,0.05555555555555555,0.05555555555555555,-0.08874819668637281,-5,-0.10052952330406763,-19,0.06927262107881438,1
mcd,7878_IriunWebcam_before,0.975609756097561,4.783168942201751,0.1111111111111111,0.1111111111111111,0.17708133824426628,2,0.17708133824426628,2,0.17708133824426628,1
mcd,7889_FullHDwebcam_after,0.9763313609467456,9.44354412971651,1.0,1.0,-0.6812361336130858,-1,-0.6812361336130858,7,0.6650826948934521,1
mcd,7889_FullHDwebcam_before,0.7988165680473372,5.127421237168711,0.8888888888888888,0.9333333333333333,-0.7078212897766103,-2,-0.7078212897766103,11,0.5659593519833563,1
mcd,7889_IriunWebcam_after,0.9763313609467456,9.210454748341501,0.16666666666666666,0.16666666666666666,-0.062459621472561115,-5,0.06266475983169488,-5,0.06266475983169488,1
mcd,7889_IriunWebcam_before,0.7982261640798226,5.210584196836951,0.3888888888888889,0.4,0.24262693912389763,3,0.24262693912389763,3,0.24262693912389763,1
mcd,7901_FullHDwebcam_after,0.9763313609467456,9.418298338411075,1.0,1.0,-0.7682686225597093,-2,-0.7682686225597093,9,0.6946624894223545,1
mcd,7901_FullHDwebcam_before,0.9763313609467456,6.675217036855438,0.9444444444444444,0.9444444444444444,-0.5805025892673857,-2,-0.5805025892673857,9,0.5447957392077593,1
mcd,7901_IriunWebcam_after,0.9763313609467456,9.481006127352348,0.2777777777777778,0.2777777777777778,-0.2647505516300322,-6,-0.3183203974113955,-20,0.2714639540137674,1
mcd,7901_IriunWebcam_before,0.975609756097561,6.492473927304983,0.16666666666666666,0.16666666666666666,-0.33913945768119663,-5,-0.3513556471993372,5,0.31638847659627567,1
mcd,7901_USBVideo_after,0.9763313609467456,9.489417187552192,0.5,0.5,0.34610986486986306,0,0.34610986486986306,0,0.34610986486986306,1
mcd,7901_USBVideo_before,0.9763313609467456,6.697908189044453,0.2777777777777778,0.2777777777777778,0.13588118588487774,24,0.21143548458346043,24,0.21143548458346043,1
mcd,7927_FullHDwebcam_after,0.9763313609467456,6.537904028149558,1.0,1.0,-0.6242725098354641,-1,-0.6242725098354641,7,0.5671206326308984,1
mcd,7927_FullHDwebcam_before,0.7988165680473372,3.337938510158292,0.6111111111111112,0.6153846153846154,-0.46569683207808915,-1,-0.46569683207808915,9,0.39568730443069083,1
mcd,7927_IriunWebcam_after,0.9770540340488527,6.385659400248592,0.16666666666666666,0.16666666666666666,0.2884149335871455,2,0.2884149335871455,2,0.2884149335871455,1
mcd,7927_IriunWebcam_before,0.7988165680473372,3.214987267964324,0.2222222222222222,0.14285714285714285,0.278133776374637,-7,-0.2916167043001018,3,0.278133776374637,1
mcd,7927_USBVideo_after,0.9763313609467456,6.59413365808906,0.1111111111111111,0.1111111111111111,0.26353938181007,-1,0.26353938181007,-1,0.26353938181007,1
mcd,7927_USBVideo_before,0.7988165680473372,3.34220216090774,0.0,0.0,0.1855534893887155,12,-0.21205517876959437,2,0.1855534893887155,1
mcd,7928_FullHDwebcam_after,0.9763313609467456,8.903860308575027,1.0,1.0,-0.6146055197845384,-20,0.6471039879378594,-20,0.6471039879378594,1
mcd,7928_FullHDwebcam_before,0.9763313609467456,7.9647865719964805,1.0,1.0,-0.6858231375328697,-5,-0.7010586578117148,8,0.6774074404266924,1
mcd,7928_IriunWebcam_after,0.9763313609467456,8.89985189660038,0.4444444444444444,0.4444444444444444,0.20440714135460128,19,-0.2585707529956489,6,0.22170930390189766,1
mcd,7928_IriunWebcam_before,0.975609756097561,8.03613238658495,0.3333333333333333,0.3333333333333333,0.2024760291412922,30,0.20800796976281863,30,0.20800796976281863,1
mcd,7928_USBVideo_after,0.9763313609467456,8.902448036805982,0.9444444444444444,0.9444444444444444,0.6326039527829099,-11,-0.6379503046758915,3,0.6326039527829099,1
mcd,7928_USBVideo_before,0.9763313609467456,8.004014783804587,0.8333333333333334,0.8333333333333334,0.5811638026424103,-26,0.5947331843093754,-26,0.5947331843093754,1
mcd,7942_FullHDwebcam_after,0.9763313609467456,10.404208223926071,0.5555555555555556,0.5555555555555556,-0.34888024597847145,30,0.36183560375354984,30,0.36183560375354984,1
mcd,7942_FullHDwebcam_before,0.9763313609467456,9.410053184708762,0.8333333333333334,0.8333333333333334,-0.5095762854584133,-2,-0.5095762854584133,8,0.46928844224068667,1
mcd,7942_IriunWebcam_after,0.9763313609467456,10.29573531795557,0.3888888888888889,0.3888888888888889,0.06534410519622999,-20,0.07601155495352192,-20,0.07601155495352192,1
mcd,7942_IriunWebcam_before,0.975609756097561,9.35432780853936,0.5,0.5,0.24989990400221684,-30,-0.2810575974705983,27,0.25894785281312327,1
mcd,7942_USBVideo_after,0.9763313609467456,10.497126240344366,0.16666666666666666,0.16666666666666666,0.12109426833458443,12,-0.20543728105581605,20,0.1392657285405958,1
mcd,7942_USBVideo_before,0.9763313609467456,9.320246359561231,0.1111111111111111,0.1111111111111111,0.20171237399518827,8,-0.2637424626460947,-24,0.21599730926205704,1
mcd,7957_FullHDwebcam_after,0.665680473372781,5.026499265696856,0.8333333333333334,1.0,-0.6140216135916455,-3,-0.6140216135916455,6,0.5715355136140919,1
mcd,7957_FullHDwebcam_before,0.7100591715976331,0.6110153104929545,0.8333333333333334,1.0,-0.7222786030913704,-1,-0.7222786030913704,-11,0.621958860435355,1
mcd,7957_IriunWebcam_after,0.7100591715976331,5.0381102093404015,0.05555555555555555,0.07142857142857142,0.2069214420455636,13,-0.23993713961512794,22,0.23324451931400172,1
mcd,7957_IriunWebcam_before,0.7100591715976331,0.3853314263149329,0.2222222222222222,0.18181818181818182,0.09556645798120814,14,-0.11641071145301661,24,0.10428965650693434,1
mcd,7959_FullHDwebcam_after,0.9763313609467456,8.577503416350506,0.4444444444444444,0.4444444444444444,-0.346056681396551,-16,0.3689995070973278,-16,0.3689995070973278,1
mcd,7959_FullHDwebcam_before,0.9763313609467456,6.586854692314554,0.8333333333333334,0.8333333333333334,-0.5218395039703349,-3,-0.5218395039703349,9,0.45971964024329753,1
mcd,7959_IriunWebcam_after,0.975609756097561,8.66235295818921,0.6666666666666666,0.6666666666666666,0.2965095999971664,4,0.2965095999971664,4,0.2965095999971664,1
mcd,7959_IriunWebcam_before,0.975609756097561,6.704143964706201,0.4444444444444444,0.4444444444444444,0.2962881886194385,21,-0.3967663100621643,5,0.30314738231790284,1
mcd,7959_USBVideo_after,0.9763313609467456,8.606060661183815,0.16666666666666666,0.16666666666666666,0.13411012520686436,-13,-0.19841044555085277,1,0.13411012520686436,1
mcd,7959_USBVideo_before,0.9763313609467456,6.489500540361217,0.1111111111111111,0.1111111111111111,0.35201973950719445,26,0.365481332824741,26,0.365481332824741,1
mcd,7969_FullHDwebcam_after,0.9763313609467456,4.264287530633776,0.9444444444444444,0.9411764705882353,-0.5852851079080253,-2,-0.5852851079080253,7,0.5538998895124858,1
mcd,7969_FullHDwebcam_before,0.9763313609467456,5.923874500117753,0.9444444444444444,0.9444444444444444,-0.7203720783779747,-2,-0.7203720783779747,9,0.7147183018479324,1
mcd,7969_IriunWebcam_after,0.975609756097561,4.305611546723964,0.1111111111111111,0.11764705882352941,0.128550509336888,-21,0.14740416883804572,-21,0.14740416883804572,1
mcd,7969_IriunWebcam_before,0.9763313609467456,5.837820791618968,0.0,0.0,0.15465539886462812,12,-0.16793743984542317,1,0.15465539886462812,1
mcd,7983_FullHDwebcam_after,0.9763313609467456,6.804682771766906,0.8888888888888888,0.8888888888888888,-0.538280605083882,-2,-0.538280605083882,-12,0.4999239882420524,1
mcd,7983_FullHDwebcam_before,0.9763313609467456,5.352028298910191,0.8333333333333334,0.8333333333333334,-0.5899641968222848,-2,-0.5899641968222848,7,0.549545006202581,1
mcd,7983_IriunWebcam_after,0.9770540340488527,6.615650792106674,0.1111111111111111,0.1111111111111111,0.14456485444338146,4,0.14456485444338146,4,0.14456485444338146,1
mcd,7983_IriunWebcam_before,0.9763313609467456,5.139750128663894,0.1111111111111111,0.1111111111111111,0.1407892248920799,-19,0.19542757948380632,-19,0.19542757948380632,1
mcd,7997_FullHDwebcam_after,0.9763313609467456,8.348775170810955,0.6111111111111112,0.6111111111111112,0.417250846249941,5,0.42316832093222917,5,0.42316832093222917,1
mcd,7997_FullHDwebcam_before,0.9763313609467456,8.633429799743146,0.7777777777777778,0.7777777777777778,0.4565830628341513,5,0.47628549059388686,5,0.47628549059388686,1
mcd,7997_IriunWebcam_after,0.975609756097561,8.41176345693625,0.4444444444444444,0.4444444444444444,0.2827261505612651,-20,0.3014710902160728,-20,0.3014710902160728,1
mcd,7997_IriunWebcam_before,0.975609756097561,8.703779592700151,0.2222222222222222,0.2222222222222222,0.3359166873241533,3,0.3359166873241533,3,0.3359166873241533,1
mcd,7997_USBVideo_after,0.9763313609467456,8.370461002778558,0.6111111111111112,0.6111111111111112,0.44920531601372427,-2,0.44920531601372427,-2,0.44920531601372427,1
mcd,7997_USBVideo_before,0.9763313609467456,8.779028863063825,0.16666666666666666,0.16666666666666666,0.30594746524395283,-24,0.34344133308689706,-24,0.34344133308689706,1
mcd,8001_FullHDwebcam_after,0.9763313609467456,8.534220961154457,0.7777777777777778,0.7777777777777778,-0.562305296675871,-2,-0.562305296675871,9,0.49886680798079874,1
mcd,8001_FullHDwebcam_before,0.9763313609467456,9.104789876702895,0.8888888888888888,0.8888888888888888,-0.6406931368174453,-2,-0.6406931368174453,9,0.5759294370554299,1
mcd,8001_IriunWebcam_before,0.9763313609467456,9.274364200329444,0.7222222222222222,0.7222222222222222,0.3791049565114044,-8,-0.4202664864797092,4,0.3791049565114044,1
mcd,8001_USBVideo_after,0.9763313609467456,8.562764428049764,0.2222222222222222,0.2222222222222222,0.2804811877598051,20,0.3018677340420494,20,0.3018677340420494,1
mcd,8001_USBVideo_before,0.9763313609467456,9.132724707332446,0.5,0.5,0.2369214492632236,-25,0.29606580810138017,-25,0.29606580810138017,1
mcd,8009_FullHDwebcam_after,0.9763313609467456,10.07764235810501,1.0,1.0,-0.7537448845323498,-2,-0.7537448845323498,-19,0.6425046791217864,1
mcd,8009_FullHDwebcam_before,0.9763313609467456,10.270039126235924,1.0,1.0,-0.7983507472299104,-2,-0.7983507472299104,10,0.6779132556727183,1
mcd,8009_IriunWebcam_after,0.975609756097561,10.090039364703719,0.8888888888888888,0.8888888888888888,0.4379801109832342,-24,0.44438591486097895,-24,0.44438591486097895,1
mcd,8009_IriunWebcam_before,0.9763313609467456,10.22721994691177,0.8888888888888888,0.8888888888888888,0.48502298824222007,19,-0.552113080182778,4,0.48502298824222007,1
mcd,8009_USBVideo_after,0.9763313609467456,10.040710370423218,0.7777777777777778,0.7777777777777778,0.3874723033061459,-11,-0.41778860237526777,4,0.3874723033061459,1
mcd,8009_USBVideo_before,0.975609756097561,10.29618471090544,0.7222222222222222,0.7222222222222222,0.4891509671448919,29,0.5225889883101802,29,0.5225889883101802,1
mcd,8021_FullHDwebcam_after,0.9763313609467456,6.00409126938831,0.3333333333333333,0.3333333333333333,-0.37931431056159637,-4,-0.37931431056159637,-14,0.3661660260587397,1
mcd,8021_FullHDwebcam_before,0.9319526627218935,4.215493715721908,0.3333333333333333,0.375,0.36436289354328194,4,0.36436289354328194,4,0.36436289354328194,1
mcd,8021_IriunWebcam_after,0.9763313609467456,5.98464970877261,0.05555555555555555,0.05555555555555555,0.16920576045329258,30,-0.17395657611820406,2,0.16920576045329258,1
mcd,8021_IriunWebcam_before,0.9319526627218935,3.869613792950372,0.1111111111111111,0.125,0.17688409247059353,1,0.17688409247059353,1,0.17688409247059353,1
mcd,8147_FullHDwebcam_after,0.9763313609467456,5.277731708784484,0.8888888888888888,0.875,0.4580565769581598,6,0.5427360968514395,6,0.5427360968514395,1
mcd,8147_FullHDwebcam_before,0.9763313609467456,6.939167306923608,0.7222222222222222,0.7222222222222222,-0.4760514500557189,21,-0.4926603606732799,-18,0.45568823606718994,1
mcd,8147_IriunWebcam_after,0.9763313609467456,5.197181430811301,0.2222222222222222,0.25,0.09283402620652854,-15,-0.11683847668213174,-30,0.10645708810824059,1
mcd,8147_IriunWebcam_before,0.9763313609467456,6.974917482139583,0.3333333333333333,0.3333333333333333,-0.18746067184795578,21,-0.19893695468438682,-21,0.1799697697022113,1
mcd,8147_USBVideo_after,0.9763313609467456,5.0967643028348855,0.6666666666666666,0.75,0.4725778333041038,0,0.4725778333041038,0,0.4725778333041038,1
mcd,8147_USBVideo_before,0.9763313609467456,7.001774621131302,0.8333333333333334,0.8333333333333334,0.552043737367725,2,0.552043737367725,2,0.552043737367725,1
mcd,8213_FullHDwebcam_after,0.9763313609467456,7.288048816821205,0.8888888888888888,0.8888888888888888,-0.5661158185227468,-1,-0.5661158185227468,7,0.5019540905506311,1
mcd,8213_FullHDwebcam_before,0.9763313609467456,8.108434038202295,0.5555555555555556,0.5555555555555556,-0.42233750117517993,-18,-0.42760638385358746,-10,0.4051187874146158,1
mcd,8213_IriunWebcam_after,0.9763313609467456,7.355373377787439,0.0,0.0,-0.030144732094513307,30,-0.06157809394082812,24,0.05694831386998717,1
mcd,8213_IriunWebcam_before,0.9763313609467456,7.805110850661588,0.0,0.0,0.05269680622663748,25,-0.07577228787885355,-2,0.05269680622663748,1
mcd,8262_FullHDwebcam_after,0.9763313609467456,8.126359600291726,0.7777777777777778,0.7777777777777778,-0.5477138326134872,-2,-0.5477138326134872,7,0.494483076937353,1
mcd,8262_FullHDwebcam_before,0.4437869822485207,0.9488125452021567,0.7777777777777778,1.0,-0.5579891691487526,-2,-0.5579891691487526,-14,0.3623516281656286,0
mcd,8262_IriunWebcam_after,0.9763313609467456,8.28737889435947,0.6111111111111112,0.6111111111111112,0.3649385121255058,-7,-0.39344497466694706,2,0.3649385121255058,1
mcd,8262_IriunWebcam_before,0.5764966740576497,2.543320651798675,0.4444444444444444,0.5454545454545454,0.20862380031585234,15,-0.30846792798060424,-22,0.2203760272409496,1
mcd,8262_USBVideo_after,0.9763313609467456,8.124547328636435,0.7222222222222222,0.7222222222222222,0.34139743557131697,21,0.4076468871044128,21,0.4076468871044128,1
mcd,8262_USBVideo_before,0.4437869822485207,0.7154522652215669,0.6111111111111112,0.7777777777777778,0.2874567366355701,21,0.3642502270402283,21,0.3642502270402283,0
mcd,8266_FullHDwebcam_after,0.8431952662721893,4.880539607748169,0.6666666666666666,0.7333333333333333,-0.4584684944893365,-3,-0.4584684944893365,7,0.42327193261978924,1
mcd,8266_FullHDwebcam_before,0.9763313609467456,6.2150939622280585,0.8333333333333334,0.8333333333333334,-0.5904890957112905,-2,-0.5904890957112905,7,0.5149307378041383,1
mcd,8266_IriunWebcam_after,0.8431952662721893,4.912105273008709,0.0,0.0,0.10007732919883869,4,0.10007732919883869,4,0.10007732919883869,1
mcd,8266_IriunWebcam_before,0.975609756097561,6.317675102796825,0.05555555555555555,0.05555555555555555,0.10952036173151994,16,-0.12753184999702805,-18,0.12185040236133894,1
mcd,8266_USBVideo_after,0.8431952662721893,4.715690865426551,0.16666666666666666,0.2,0.1073498614051282,-29,0.15089010336954298,-29,0.15089010336954298,1
mcd,8266_USBVideo_before,0.9763313609467456,6.509251141929851,0.2222222222222222,0.2222222222222222,0.1799741101910463,18,0.2087503619765876,18,0.2087503619765876,1
mcd,8290_FullHDwebcam_after,0.9763313609467456,4.9721232641737245,0.7777777777777778,0.875,-0.5552035036053905,-3,-0.5552035036053905,6,0.5320204651937982,1
mcd,8290_FullHDwebcam_before,0.9763313609467456,6.973498233799315,0.8888888888888888,0.8888888888888888,-0.6701997413741055,7,0.7123611789773152,7,0.7123611789773152,1
mcd,8290_IriunWebcam_after,0.975609756097561,4.8604915275369445,0.2222222222222222,0.25,0.269406706963913,4,0.269406706963913,4,0.269406706963913,1
mcd,8290_IriunWebcam_before,0.975609756097561,6.91631103227278,0.2222222222222222,0.2222222222222222,0.21250019978203352,-20,0.2625044000248591,-20,0.2625044000248591,1
mcd,8290_USBVideo_after,0.9763313609467456,4.961712072306999,0.6111111111111112,0.5625,0.3985241809916937,2,0.3985241809916937,2,0.3985241809916937,1
mcd,8331_FullHDwebcam_after,0.9763313609467456,7.125440637462546,0.5555555555555556,0.5555555555555556,-0.3946408853266391,17,-0.42113988060940377,7,0.40908114488364644,1
mcd,8331_FullHDwebcam_before,0.7544378698224852,1.7229007704625379,0.6111111111111112,0.6923076923076923,-0.28854233543027213,-14,0.32101482557777944,-14,0.32101482557777944,1
mcd,8331_IriunWebcam_after,0.9763313609467456,7.092663340047747,0.1111111111111111,0.1111111111111111,0.19538881061459654,10,-0.20289496953773317,1,0.19538881061459654,1
mcd,8331_IriunWebcam_before,0.753880266075388,1.6482486855848182,0.4444444444444444,0.38461538461538464,-0.13820175624428188,-6,-0.1780884961435597,-19,0.16442866982591417,1
mcd,8364_FullHDwebcam_after,0.35502958579881655,-1.3505522068540456,0.4444444444444444,0.8333333333333334,-0.28366703841558905,-29,0.3259540268257974,-29,0.3259540268257974,0
mcd,8364_FullHDwebcam_before,0.9763313609467456,6.1997735791265836,1.0,1.0,-0.6325424984614203,-1,-0.6325424984614203,8,0.6082370948863898,1
mcd,8364_IriunWebcam_after,0.35476718403547675,-1.2832771870585222,0.0,0.0,-0.1238404583545084,23,0.17541620571648944,23,0.17541620571648944,0
mcd,8364_IriunWebcam_before,0.975609756097561,5.881959655060793,0.2222222222222222,0.26666666666666666,-0.11562571567158375,-11,0.14425616599712,-11,0.14425616599712,1
mcd,8370_FullHDwebcam_after,0.9763313609467456,10.438067955067634,0.3888888888888889,0.3888888888888889,-0.3149518458374415,-13,0.36241732371832386,-13,0.36241732371832386,1
mcd,8370_FullHDwebcam_before,0.9763313609467456,11.097765725710286,1.0,1.0,-0.5326317419433145,16,-0.5448412350022623,6,0.4675894753460385,1
mcd,8370_IriunWebcam_after,0.975609756097561,10.355993841246365,0.3333333333333333,0.3333333333333333,0.1668787554883348,20,0.20457761608566355,20,0.20457761608566355,1
mcd,8377_FullHDwebcam_after,0.9763313609467456,10.588245417315324,1.0,1.0,-0.6090885288633352,-2,-0.6090885288633352,8,0.554015607685641,1
mcd,8377_FullHDwebcam_before,0.9763313609467456,8.805279323280864,0.8888888888888888,0.8888888888888888,-0.5281409967092213,-23,-0.5605608747334943,30,0.4696645551206953,1
mcd,8377_IriunWebcam_after,0.9763313609467456,10.554862696545186,0.3333333333333333,0.3333333333333333,0.3528073388351667,-6,-0.3832421800419849,5,0.35467033475359677,1
mcd,8377_IriunWebcam_before,0.9763313609467456,8.756796616196096,0.7777777777777778,0.7777777777777778,0.4698670283403481,-6,-0.5071494828224109,-19,0.48455999429692215,1
mcd,8377_USBVideo_after,0.9763313609467456,10.468379379688002,0.6111111111111112,0.6111111111111112,0.35997976730752684,-25,0.37596464051934075,-25,0.37596464051934075,1
mcd,8377_USBVideo_before,0.9763313609467456,8.68770862586435,0.4444444444444444,0.4444444444444444,0.36956330006880905,22,0.4076111282629176,22,0.4076111282629176,1
mcd,8380_FullHDwebcam_after,0.9763313609467456,9.216113106642275,0.6666666666666666,0.6666666666666666,-0.5175654449710394,-4,-0.5175654449710394,-17,0.4631770017606677,1
mcd,8380_FullHDwebcam_before,0.9763313609467456,9.107430761091198,1.0,1.0,-0.6315742874283063,7,0.6569947987631394,7,0.6569947987631394,1
mcd,8380_IriunWebcam_after,0.975609756097561,9.142004206957932,0.2222222222222222,0.2222222222222222,0.24996734972822343,-8,-0.30354376651616605,-21,0.2736695142127188,1
mcd,8380_IriunWebcam_before,0.975609756097561,9.1907970079167,0.3888888888888889,0.3888888888888889,0.19630055823512754,-7,-0.23278983990612484,5,0.20994444834226372,1
mcd,8381_FullHDwebcam_after,0.9763313609467456,7.482470151721133,1.0,1.0,-0.4988621082290651,6,0.5320905739411435,6,0.5320905739411435,1
mcd,8381_FullHDwebcam_before,0.9763313609467456,7.332739725430926,0.9444444444444444,1.0,-0.5880018065548734,7,0.6089827783873413,7,0.6089827783873413,1
mcd,8381_IriunWebcam_after,0.975609756097561,7.019079594662961,0.4444444444444444,0.4444444444444444,0.2934457664717308,-15,0.38729902286381734,-15,0.38729902286381734,1
mcd,8381_IriunWebcam_before,0.975609756097561,7.03350955176562,0.2222222222222222,0.23529411764705882,0.33035050955789563,-27,-0.3349788958498398,4,0.33035050955789563,1
mcd,8384_FullHDwebcam_after,0.9763313609467456,10.45940042826548,1.0,1.0,-0.5963231824056257,-3,-0.5963231824056257,6,0.5660302198420019,1
mcd,8384_FullHDwebcam_before,0.7100591715976331,8.606741384853594,0.8888888888888888,1.0,-0.5945036718584007,-3,-0.5945036718584007,-14,0.5616627810277406,1
mcd,8384_IriunWebcam_after,0.9763313609467456,10.424823096904536,0.05555555555555555,0.05555555555555555,0.12593763617974393,2,0.12593763617974393,2,0.12593763617974393,1
mcd,8384_IriunWebcam_before,0.7100591715976331,8.515360127214409,0.16666666666666666,0.07142857142857142,-0.03377537306730769,29,-0.07256348559542011,-13,0.053139046252927535,1
mcd,8384_USBVideo_after,0.975609756097561,10.492746920568269,0.8333333333333334,0.8333333333333334,0.5476924043367369,2,0.5476924043367369,2,0.5476924043367369,1
mcd,8384_USBVideo_before,0.7100591715976331,8.312676299056136,0.7222222222222222,0.9285714285714286,0.41909147319488615,-9,-0.5128978186265407,25,0.43394732715613277,1
mcd,8412_FullHDwebcam_after,0.9763313609467456,4.542183051122215,0.8333333333333334,0.8333333333333334,-0.5195155642419125,-6,-0.5947427518821469,7,0.5923362567919795,1
mcd,8412_FullHDwebcam_before,0.9763313609467456,2.2077819176856,0.6666666666666666,0.7333333333333333,-0.45535321373858595,-4,-0.45535321373858595,8,0.35248743295714785,1
mcd,8412_IriunWebcam_after,0.9763313609467456,4.437035588626054,0.3333333333333333,0.3333333333333333,0.22257534947747448,11,-0.2353945438396004,-1,0.22257534947747448,1
mcd,8412_IriunWebcam_before,0.975609756097561,2.321987491420465,0.16666666666666666,0.2,-0.20693046889837577,-6,-0.23812884998036132,7,0.21201999210524783,1
mcd,8412_USBVideo_after,0.9763313609467456,4.4001372360014255,0.7222222222222222,0.7058823529411765,0.511612986202608,1,0.511612986202608,1,0.511612986202608,1
mcd,8428_FullHDwebcam_after,0.9763313609467456,4.640169075894435,0.6111111111111112,0.6111111111111112,-0.4394294212255048,-2,-0.4394294212255048,-9,0.4371123001644189,1
mcd,8428_FullHDwebcam_before,0.9763313609467456,6.349020447779963,0.2777777777777778,0.2777777777777778,-0.4025949252995849,-1,-0.4025949252995849,8,0.37128370300058633,1
mcd,8428_IriunWebcam_after,0.975609756097561,4.509798866119113,0.05555555555555555,0.05555555555555555,-0.179771626555997,19,0.2069711702750227,19,0.2069711702750227,1
mcd,8428_IriunWebcam_before,0.9763313609467456,6.455430997102486,0.1111111111111111,0.1111111111111111,0.26102988981725994,14,-0.2732827381472624,5,0.26532338955221546,1
mcd,8428_USBVideo_after,0.9763313609467456,4.789594184916169,0.05555555555555555,0.05555555555555555,0.10313511618348724,30,0.13211615766701526,30,0.13211615766701526,1
mcd,8428_USBVideo_before,0.9763313609467456,6.386882067052264,0.05555555555555555,0.05555555555555555,0.03370211989524953,-22,0.09408131370780944,-22,0.09408131370780944,1
mcd,8430_FullHDwebcam_after,0.3994082840236686,0.5685178731361309,0.6111111111111112,0.875,-0.629761311564581,-2,-0.629761311564581,7,0.5863432844794705,0
mcd,8430_FullHDwebcam_before,0.8431952662721893,8.063486974729841,0.8888888888888888,0.9333333333333333,-0.6358191581358695,-2,-0.6358191581358695,6,0.6318232948275649,1
mcd,8430_IriunWebcam_after,0.3991130820399113,0.5359464297336837,0.1111111111111111,0.0,0.1775930144323865,4,0.1775930144323865,4,0.1775930144323865,0
mcd,8430_IriunWebcam_before,0.8425720620842572,8.065082807563654,0.0,0.0,0.16833335047143622,0,0.16833335047143622,0,0.16833335047143622,1
mcd,8432_FullHDwebcam_after,0.9763313609467456,4.26473063641739,0.2222222222222222,0.25,-0.3047556314019666,17,-0.3153488558158395,5,0.293654873768796,1
mcd,8432_FullHDwebcam_before,0.9763313609467456,5.255946544608074,0.1111111111111111,0.125,-0.21981926760779802,-14,0.23940467991122397,-14,0.23940467991122397,1
mcd,8432_IriunWebcam_after,0.975609756097561,3.9363062667039617,0.0,0.0,0.08240069232731283,-6,-0.09326557687670206,-19,0.08570175726047964,1
mcd,8432_IriunWebcam_before,0.975609756097561,5.238108656787957,0.2777777777777778,0.25,0.024304766264673924,-21,0.08599611443202873,-21,0.08599611443202873,1
mcd,8432_USBVideo_after,0.9763313609467456,3.7560211441468443,0.2222222222222222,0.25,0.2197681917603904,-1,0.2197681917603904,-1,0.2197681917603904,1
mcd,8432_USBVideo_before,0.9763313609467456,5.22249463327886,0.3888888888888889,0.4375,0.23325743701392374,-9,-0.23377078007283736,0,0.23325743701392374,1
mcd,8490_FullHDwebcam_after,0.665680473372781,5.506504852283745,0.8888888888888888,1.0,-0.5856322379690687,-2,-0.5856322379690687,8,0.5299227591453882,1
mcd,8490_FullHDwebcam_before,0.9763313609467456,3.9008795406622934,0.4444444444444444,0.4444444444444444,-0.4341168432625992,-2,-0.4341168432625992,7,0.3927316450607275,1
mcd,8490_IriunWebcam_after,0.665680473372781,5.407788285624686,0.2222222222222222,0.3076923076923077,0.19581982873751239,28,0.2485151786164112,28,0.2485151786164112,1
mcd,8490_IriunWebcam_before,0.9763313609467456,4.041427102444217,0.0,0.0,0.17493211296740108,-17,0.2375119102691981,-17,0.2375119102691981,1
mcd,8500_FullHDwebcam_after,0.9763313609467456,6.891715297746034,0.5555555555555556,0.5555555555555556,-0.3213555266206757,-3,-0.3213555266206757,9,0.2713992838800669,1
mcd,8500_FullHDwebcam_before,0.9763313609467456,5.2569065315006185,0.5,0.5,-0.45618387485851813,-1,-0.45618387485851813,-13,0.3432231539780647,1
mcd,8500_IriunWebcam_after,0.9763313609467456,7.05827291433457,0.3888888888888889,0.3888888888888889,0.26649408859195994,4,0.26649408859195994,4,0.26649408859195994,1
mcd,8500_IriunWebcam_before,0.9770540340488527,5.09416130545668,0.2777777777777778,0.2777777777777778,0.24199958888536385,-7,-0.24640979692831103,-21,0.2424361278631928,1
mcd,8500_USBVideo_after,0.975609756097561,6.9435500454701655,0.05555555555555555,0.05555555555555555,0.1924024163132175,-12,-0.23471981764291727,-22,0.19989406444180088,1
mcd,8500_USBVideo_before,0.975609756097561,5.083347070903397,0.2777777777777778,0.2777777777777778,0.3548328704326123,1,0.3548328704326123,1,0.3548328704326123,1
mcd,8514_FullHDwebcam_after,0.621301775147929,0.05034774473637224,0.5,0.7777777777777778,-0.5279293515440829,-2,-0.5279293515440829,8,0.389658934855641,1
mcd,8514_FullHDwebcam_before,0.9763313609467456,3.2341415124655213,0.5,0.5,-0.39371494457193906,-4,-0.39371494457193906,-17,0.3569916373125735,1
mcd,8514_IriunWebcam_after,0.6208425720620843,0.010170474936468936,0.1111111111111111,0.0,0.118469642604905,6,0.14665493086322307,6,0.14665493086322307,1
mcd,8514_USBVideo_before,0.9763313609467456,3.268730416200493,0.2222222222222222,0.2222222222222222,0.29886671156960565,-23,0.30544814264021286,-23,0.30544814264021286,1
mcd,8517_FullHDwebcam_after,0.9319526627218935,6.400528000253372,0.1111111111111111,0.11764705882352941,-0.23541970332172996,6,0.24972089059285257,6,0.24972089059285257,1
mcd,8517_FullHDwebcam_before,0.9763313609467456,5.494770417926194,0.3333333333333333,0.3333333333333333,-0.32159568524049353,-17,0.36124640219793724,-17,0.36124640219793724,1
mcd,8517_IriunWebcam_after,0.9312638580931264,6.482830344207622,0.0,0.0,-0.049371272084948896,-19,-0.06836552988436369,-9,0.0567645946600586,1
mcd,8517_IriunWebcam_before,0.975609756097561,5.846160311875923,0.05555555555555555,0.05555555555555555,0.21572931731032444,12,-0.2184669694306853,1,0.21572931731032444,1
mcd,8517_USBVideo_after,0.9319526627218935,6.672146763395956,0.05555555555555555,0.0625,0.2539087383032904,-9,-0.26138981703726527,0,0.2539087383032904,1
mcd,8517_USBVideo_before,0.975609756097561,5.608617543756312,0.2777777777777778,0.2777777777777778,0.36658430569386447,1,0.36658430569386447,1,0.36658430569386447,1
mcd,8540_FullHDwebcam_after,0.9763313609467456,6.122999781682799,0.9444444444444444,1.0,-0.7351066180982991,-2,-0.7351066180982991,11,0.6585113506187916,1
mcd,8540_FullHDwebcam_before,0.9763313609467456,8.839750801181463,1.0,1.0,-0.7939880087182458,-3,-0.7939880087182458,10,0.7135271984572872,1
mcd,8540_IriunWebcam_after,0.9770540340488527,6.181826623740566,0.3888888888888889,0.4375,-0.38151461992125496,-4,-0.38151461992125496,9,0.3299010994289643,1
mcd,8540_IriunWebcam_before,0.9763313609467456,8.85287714918968,0.7222222222222222,0.7222222222222222,0.5100858750682128,-9,-0.5592151330309509,-24,0.5266991586955371,1
mcd,8540_USBVideo_after,0.9763313609467456,6.120651307013841,0.5555555555555556,0.5625,0.4187456666183856,2,0.4187456666183856,2,0.4187456666183856,1
mcd,8540_USBVideo_before,0.9763313609467456,8.851017931226492,0.8888888888888888,0.8888888888888888,0.6337567460480114,1,0.6337567460480114,1,0.6337567460480114,1
mcd,8541_FullHDwebcam_after,0.9763313609467456,7.971094384621541,0.9444444444444444,0.9444444444444444,-0.6501160551480544,-2,-0.6501160551480544,6,0.6295537219029151,1
mcd,8541_FullHDwebcam_before,0.9763313609467456,6.974992012360172,1.0,1.0,-0.6805457522295486,-1,-0.6805457522295486,6,0.643401265873172,1
mcd,8541_IriunWebcam_after,0.9763313609467456,8.076414063277861,0.0,0.0,0.10746385017176004,-5,0.1078258307152331,-5,0.1078258307152331,1
mcd,8541_IriunWebcam_before,0.9763313609467456,6.683091989295977,0.1111111111111111,0.1111111111111111,0.08771145375006877,-23,-0.12949194960178578,-30,0.11996100989321934,1
mcd,8550_FullHDwebcam_after,0.9763313609467456,8.565452614924682,1.0,1.0,-0.7400211795060037,-4,-0.7400211795060037,7,0.6676436505491793,1
mcd,8550_FullHDwebcam_before,0.9763313609467456,8.985299888081762,1.0,1.0,-0.728085098194342,-5,-0.730685678102861,7,0.6656488441053259,1
mcd,8550_IriunWebcam_after,0.9763313609467456,8.785606061471142,0.5,0.5,0.1673776806487153,18,-0.20171269185861052,28,0.18871899874267584,1
mcd,8550_IriunWebcam_before,0.9763313609467456,9.058931655358112,0.6111111111111112,0.6111111111111112,0.44293645943443544,16,-0.4761447878545633,3,0.44293645943443544,1
mcd,8550_USBVideo_after,0.9763313609467456,8.601613681504173,0.7777777777777778,0.7777777777777778,0.502074539897193,-23,0.5382212276501384,-23,0.5382212276501384,1
mcd,8555_FullHDwebcam_after,0.9763313609467456,6.298815037060498,0.2222222222222222,0.2222222222222222,0.12432475563691682,6,0.15220438452952936,6,0.15220438452952936,1
mcd,8555_FullHDwebcam_before,0.9763313609467456,4.329439863785108,0.4444444444444444,0.47058823529411764,-0.45650501039891356,-4,-0.45650501039891356,8,0.44102375834246765,1
mcd,8555_IriunWebcam_after,0.9763313609467456,6.486207550238355,0.16666666666666666,0.16666666666666666,0.13154163897191862,6,0.14922052724757745,6,0.14922052724757745,1
mcd,8555_IriunWebcam_before,0.9763313609467456,4.355613690148645,0.16666666666666666,0.17647058823529413,0.10092387240585572,18,-0.1673801538705476,30,0.1299033509286917,1
mcd,8555_USBVideo_after,0.9763313609467456,6.614005187741014,0.2777777777777778,0.2777777777777778,0.38381882800368644,-11,-0.4157292826142744,1,0.38381882800368644,1
mcd,8555_USBVideo_before,0.9763313609467456,4.301778353032501,0.5555555555555556,0.5294117647058824,0.501664927195299,-9,-0.5325364546538774,3,0.501664927195299,1
mcd,8563_FullHDwebcam_after,0.9763313609467456,7.783445137311563,0.9444444444444444,0.9444444444444444,-0.6855024943455947,20,-0.6996752681792906,8,0.589382666878967,1
mcd,8563_FullHDwebcam_before,0.9763313609467456,9.343868289439094,0.8888888888888888,0.8888888888888888,-0.5751227083487994,-5,-0.591194612995331,6,0.5729249661331869,1
mcd,8563_IriunWebcam_after,0.9763313609467456,7.68745700963209,0.0,0.0,0.06216139019001926,-15,-0.07972884480191672,-22,0.07939945563645179,1
mcd,8563_IriunWebcam_before,0.975609756097561,9.441759014980764,0.3888888888888889,0.3888888888888889,0.3813108147652851,3,0.3813108147652851,3,0.3813108147652851,1
mcd,8565_FullHDwebcam_after,0.9763313609467456,7.274709173512823,1.0,1.0,-0.750352226057849,-1,-0.750352226057849,-13,0.6831839727158648,1
mcd,8565_FullHDwebcam_before,0.9763313609467456,8.970081950614116,0.9444444444444444,0.9444444444444444,-0.7055211006964487,-3,-0.7055211006964487,9,0.6001655739225976,1
mcd,8565_IriunWebcam_after,0.9763313609467456,7.125809887875253,0.9444444444444444,0.9444444444444444,0.6268676642277184,4,0.6268676642277184,4,0.6268676642277184,1
mcd,8565_IriunWebcam_before,0.9763313609467456,8.957140272164668,0.8333333333333334,0.8333333333333334,0.5166105109859146,-7,-0.5592678553866312,30,0.5266581957223125,1
mcd,8565_USBVideo_after,0.9763313609467456,7.220710017018725,0.4444444444444444,0.4444444444444444,0.3239469139523109,-13,-0.36850962867461423,-24,0.3374976309204977,1
mcd,8565_USBVideo_before,0.9763313609467456,8.908154603736044,0.6666666666666666,0.6666666666666666,0.4506708601324843,13,-0.456121164643929,0,0.4506708601324843,1
mcd,8584_FullHDwebcam_after,0.9763313609467456,10.458922309209818,0.7777777777777778,0.7777777777777778,-0.5406303478499686,0,-0.5406303478499686,-10,0.4762664573075417,1
mcd,8584_FullHDwebcam_before,0.9763313609467456,11.039681550743488,0.8333333333333334,0.8333333333333334,-0.5919927112275654,20,-0.6074476849868163,9,0.558651614151662,1
mcd,8584_IriunWebcam_after,0.975609756097561,10.422287072269533,0.3333333333333333,0.3333333333333333,-0.35704966875208916,-26,-0.38039885884902513,-16,0.3615962608993231,1
mcd,8584_IriunWebcam_before,0.975609756097561,11.03305400505165,0.3888888888888889,0.3888888888888889,0.3241331770225437,25,0.3269869181814596,25,0.3269869181814596,1
mcd,8584_USBVideo_after,0.975609756097561,10.37381306482962,0.7222222222222222,0.7222222222222222,0.3080753839203266,24,0.3091161837751597,24,0.3091161837751597,1
mcd,8584_USBVideo_before,0.975609756097561,11.04856709563181,0.3333333333333333,0.3333333333333333,0.32853238032604276,-20,0.3459258762534546,-20,0.3459258762534546,1
mcd,8587_FullHDwebcam_after,0.13313609467455623,-1.4226486189663006,0.5555555555555556,0.5,-0.7032947873424853,-2,-0.7032947873424853,7,0.5334617279406817,0
mcd,8587_FullHDwebcam_before,0.0,-0.7362858153504162,0.6666666666666666,1.0,-0.7098987426048783,-2,-0.7098987426048783,7,0.5587831465582603,0
mcd,8587_IriunWebcam_after,0.13303769401330376,-1.281869804775856,0.2222222222222222,0.25,0.4704396298153503,3,0.4704396298153503,3,0.4704396298153503,0
mcd,8587_IriunWebcam_before,0.0,-0.6227099119220637,0.3333333333333333,0.3333333333333333,0.3502564513463259,-7,-0.44009758171962715,4,0.3502564513463259,0
mcd,8587_USBVideo_after,0.22189349112426035,-1.38131447317411,0.5,0.6,0.329849622737346,-11,-0.45035481374909303,0,0.329849622737346,0
mcd,8587_USBVideo_before,0.0,-0.7644313165743293,0.5555555555555556,1.0,0.4653449212868409,-12,-0.5058600975650444,-2,0.4653449212868409,0
mcd,8603_FullHDwebcam_after,0.9763313609467456,9.617096139043856,0.8888888888888888,0.8888888888888888,-0.5458564724607413,5,0.5474966723945114,5,0.5474966723945114,1
mcd,8603_FullHDwebcam_before,0.9763313609467456,9.090062036000901,0.7222222222222222,0.7222222222222222,-0.5157575931819176,-2,-0.5157575931819176,5,0.48558569116305433,1
mcd,8603_IriunWebcam_before,0.975609756097561,9.18275539207721,0.0,0.0,-0.21513816949625134,-5,-0.22142693633738927,-28,0.203003849398668,1
mcd,8661_FullHDwebcam_after,0.9763313609467456,6.369168376098112,0.8333333333333334,0.8333333333333334,-0.5689328942083132,-1,-0.5689328942083132,7,0.4717998289730105,1
mcd,8661_FullHDwebcam_before,0.9763313609467456,3.3103541330039152,0.9444444444444444,1.0,-0.8007127243816956,-1,-0.8007127243816956,8,0.6307771157248306,1
mcd,8661_IriunWebcam_after,0.9763313609467456,6.234195296878484,0.0,0.0,-0.2578416365883024,-4,-0.2578416365883024,5,0.2193737123495946,1
mcd,8661_IriunWebcam_before,0.975609756097561,3.592565951025298,0.16666666666666666,0.17647058823529413,0.31616752650745217,14,-0.3682850755195359,3,0.31616752650745217,1
mcd,8661_USBVideo_after,0.9763313609467456,6.465292145775676,0.16666666666666666,0.16666666666666666,0.19731137988607866,-10,-0.24980833427855725,-19,0.23609154219235726,1
mcd,8661_USBVideo_before,0.9763313609467456,3.3444863089394956,0.1111111111111111,0.11764705882352941,0.3400029780626968,0,0.3400029780626968,0,0.3400029780626968,1
mcd,8664_FullHDwebcam_after,0.9763313609467456,7.52304232197682,0.9444444444444444,0.9444444444444444,-0.618554687064352,-3,-0.618554687064352,8,0.5565097658346925,1
mcd,8664_FullHDwebcam_before,0.9763313609467456,5.598457167683945,0.8333333333333334,0.8333333333333334,-0.5058525127286398,-2,-0.5058525127286398,-16,0.4910545841681646,1
mcd,8664_IriunWebcam_after,0.975609756097561,7.546817702155668,0.5,0.5,0.3636720213106498,5,0.3665447007009801,5,0.3665447007009801,1
mcd,8664_IriunWebcam_before,0.9763313609467456,5.628772587170298,0.2222222222222222,0.2222222222222222,0.27327841726972935,3,0.27327841726972935,3,0.27327841726972935,1
mcd,8664_USBVideo_after,0.9763313609467456,7.605877794724343,0.2777777777777778,0.2777777777777778,0.2969658226981457,-11,-0.3696777192409968,-1,0.2969658226981457,1
mcd,8664_USBVideo_before,0.9763313609467456,5.66047545627238,0.4444444444444444,0.4444444444444444,0.35163501067012876,15,-0.37839658663314285,1,0.35163501067012876,1
mcd,8679_FullHDwebcam_after,0.9763313609467456,7.489429389279165,1.0,1.0,-0.6651300648710801,-1,-0.6651300648710801,12,0.5430577680876765,1
mcd,8679_FullHDwebcam_before,0.9763313609467456,7.728389916171919,1.0,1.0,-0.7369268736420945,-2,-0.7369268736420945,11,0.6325029790058326,1
mcd,8679_IriunWebcam_after,0.975609756097561,7.479182559253211,0.3333333333333333,0.3333333333333333,0.32625919219150135,3,0.32625919219150135,3,0.32625919219150135,1
mcd,8679_IriunWebcam_before,0.9763313609467456,7.773327286061615,0.2777777777777778,0.2777777777777778,0.2436587058162641,-7,-0.2850475286446801,3,0.2436587058162641,1
mcd,8679_USBVideo_after,0.9763313609467456,7.501346983320498,0.6666666666666666,0.6666666666666666,0.463207366724034,-12,-0.5038581246989468,1,0.463207366724034,1
mcd,8679_USBVideo_before,0.9763313609467456,7.623122612956518,0.4444444444444444,0.4444444444444444,0.41220945967009553,0,0.41220945967009553,0,0.41220945967009553,1
mcd,8681_FullHDwebcam_after,0.9763313609467456,11.002909750724134,0.2777777777777778,0.2777777777777778,-0.37281644040154766,25,0.3931032269755904,25,0.3931032269755904,1
mcd,8681_FullHDwebcam_before,0.9763313609467456,8.852638619687557,0.9444444444444444,0.9444444444444444,-0.5227263850832264,-3,-0.5227263850832264,-14,0.4885610858778936,1
mcd,8681_IriunWebcam_after,0.975609756097561,10.81739800943923,0.05555555555555555,0.05555555555555555,0.16577186498991367,-6,-0.18546110239327307,-18,0.1787588162102089,1
mcd,8681_IriunWebcam_before,0.975609756097561,8.657816944434817,0.05555555555555555,0.05555555555555555,0.21723590349606492,24,0.24896552719140388,24,0.24896552719140388,1
mcd,8706_FullHDwebcam_after,0.9763313609467456,11.35423880165581,0.8333333333333334,0.8333333333333334,-0.5484906153100038,-21,-0.5550899384287075,-13,0.5335182012988032,1
mcd,8706_FullHDwebcam_before,0.9763313609467456,6.542914040863722,0.9444444444444444,0.9444444444444444,-0.6700003786967617,-3,-0.6700003786967617,8,0.5761627178894915,1
mcd,8706_IriunWebcam_after,0.975609756097561,11.22085032154954,0.05555555555555555,0.05555555555555555,0.08795801660129136,18,0.11287243459509455,18,0.11287243459509455,1
mcd,8706_IriunWebcam_before,0.9763313609467456,6.397336154815082,0.3333333333333333,0.3333333333333333,0.23280352568075735,-10,-0.2535308448310148,-23,0.24036726746457412,1
mcd,8718_FullHDwebcam_after,0.9763313609467456,5.607860552547544,0.1111111111111111,0.1111111111111111,0.17900185012060266,5,0.18046664681301602,5,0.18046664681301602,1
mcd,8718_FullHDwebcam_before,0.7988165680473372,7.274873457627207,0.05555555555555555,0.07142857142857142,0.14754544267883524,15,-0.20277474377463076,24,0.18399311951653488,1
mcd,8718_IriunWebcam_after,0.9763313609467456,5.445037695459785,0.1111111111111111,0.1111111111111111,0.09573754817964923,-16,0.16822201030668113,-16,0.16822201030668113,1
mcd,8718_IriunWebcam_before,0.7988165680473372,7.3240052067289625,0.2222222222222222,0.14285714285714285,0.11639870868491921,-23,-0.18409767713452052,21,0.14853828271648345,1
mcd,8718_USBVideo_before,0.7988165680473372,7.104678074350277,0.2777777777777778,0.2857142857142857,0.19663495221835312,-28,-0.21624388399797484,0,0.19663495221835312,1
mcd,8730_FullHDwebcam_after,0.9763313609467456,12.5300275638001,1.0,1.0,-0.7079036235758623,7,0.7179091503391082,7,0.7179091503391082,1
mcd,8730_FullHDwebcam_before,0.9763313609467456,12.796823341085902,1.0,1.0,-0.692658287028701,-2,-0.692658287028701,-15,0.6241202395101181,1
mcd,8730_IriunWebcam_after,0.975609756097561,12.512551954828886,0.3333333333333333,0.3333333333333333,0.30281759921949536,-28,-0.3176759158706531,-18,0.3096034890516768,1
mcd,8730_IriunWebcam_before,0.975609756097561,12.684655534224932,0.7777777777777778,0.7777777777777778,0.38228166040583184,2,0.38228166040583184,2,0.38228166040583184,1
mcd,8730_USBVideo_after,0.9763313609467456,12.528090391981237,0.4444444444444444,0.4444444444444444,0.3566207013642389,20,0.3643853308408289,20,0.3643853308408289,1
mcd,8730_USBVideo_before,0.9763313609467456,12.758589042631865,0.4444444444444444,0.4444444444444444,0.34112112484662716,-14,-0.36542640209509186,-24,0.34316200467534724,1
mcd,8738_FullHDwebcam_after,0.9763313609467456,5.244697365556139,0.2777777777777778,0.29411764705882354,-0.36204457467922024,-3,-0.36204457467922024,5,0.32667273761457205,1
mcd,8738_FullHDwebcam_before,0.9319526627218935,9.442566866789466,0.8888888888888888,0.9411764705882353,-0.5835722172874251,6,0.5890633271174701,6,0.5890633271174701,1
mcd,8738_IriunWebcam_after,0.975609756097561,5.051602036815558,0.05555555555555555,0.058823529411764705,-0.0675469539323816,-13,0.09893878749697455,-13,0.09893878749697455,1
mcd,8738_IriunWebcam_before,0.975609756097561,9.36465843145331,0.16666666666666666,0.16666666666666666,0.1419676810166289,13,-0.17187106190744106,23,0.1520624585867968,1
mcd,8768_FullHDwebcam_after,0.9763313609467456,9.583244712455297,0.9444444444444444,0.9444444444444444,-0.6214217205060807,8,0.6224474828896555,8,0.6224474828896555,1
mcd,8768_FullHDwebcam_before,0.9763313609467456,7.778656860644036,0.9444444444444444,0.9444444444444444,-0.6582514183960517,-4,-0.6582514183960517,9,0.6494206379070936,1
mcd,8768_IriunWebcam_after,0.9763313609467456,9.616746990514548,0.2777777777777778,0.2777777777777778,0.13352085960686733,-27,0.14414700053504237,-27,0.14414700053504237,1
mcd,8768_IriunWebcam_before,0.9770540340488527,7.711192297330424,0.3333333333333333,0.3333333333333333,-0.19866511560137515,-5,-0.21366017677554303,-18,0.21235076204554273,1
mcd,8768_USBVideo_after,0.9763313609467456,9.519107409162865,0.9444444444444444,0.9444444444444444,0.5604444183577306,2,0.5604444183577306,2,0.5604444183577306,1
mcd,8768_USBVideo_before,0.9763313609467456,7.5181480993948036,0.7777777777777778,0.7777777777777778,0.47740265443912816,4,0.47740265443912816,4,0.47740265443912816,1
mcd,8772_FullHDwebcam_after,0.9763313609467456,5.952204725278525,1.0,1.0,-0.6968787700419513,6,0.712061200140173,6,0.712061200140173,1
mcd,8772_FullHDwebcam_before,0.9763313609467456,6.160104129917167,0.7777777777777778,0.7777777777777778,-0.5024011273573465,-3,-0.5024011273573465,6,0.5010827769007598,1
mcd,8772_IriunWebcam_after,0.9763313609467456,5.852597251313255,0.05555555555555555,0.05555555555555555,-0.06610386852133124,-20,-0.08170677368599143,-11,0.07545962433700935,1
mcd,8772_IriunWebcam_before,0.9763313609467456,6.103894141290338,0.05555555555555555,0.05555555555555555,-0.07290201996913077,27,0.15313952665974714,27,0.15313952665974714,1
mcd,8785_FullHDwebcam_after,0.9763313609467456,7.115333857554574,0.4444444444444444,0.4444444444444444,-0.39632787907888384,-1,-0.39632787907888384,6,0.36844612923896325,1
mcd,8785_FullHDwebcam_before,0.9763313609467456,7.27340457034547,0.2777777777777778,0.2777777777777778,-0.39404804877664157,18,-0.4054507550762216,8,0.3897353507126661,1
mcd,8785_IriunWebcam_after,0.9763313609467456,6.858226792284234,0.1111111111111111,0.1111111111111111,0.12124056406021948,-10,-0.14439923763931095,-18,0.12734768371500813,1
mcd,8785_IriunWebcam_before,0.975609756097561,7.254296243976343,0.0,0.0,0.05731129296772363,24,0.10553178841407393,24,0.10553178841407393,1
mcd,8802_FullHDwebcam_after,0.9763313609467456,7.124989425983065,1.0,1.0,-0.6608576169114457,-3,-0.6608576169114457,6,0.6062199929267539,1
mcd,8802_FullHDwebcam_before,0.621301775147929,1.552093166207078,0.6666666666666666,0.9090909090909091,-0.6703118474154012,-2,-0.6703118474154012,8,0.6028847317863752,1
mcd,8802_IriunWebcam_after,0.975609756097561,6.923335027941653,0.0,0.0,0.08714277718201838,21,0.10417379747962426,21,0.10417379747962426,1
mcd,8802_IriunWebcam_before,0.6208425720620843,1.3695106292930834,0.05555555555555555,0.09090909090909091,0.10708406163379244,-25,0.1820532606513815,-25,0.1820532606513815,1
mcd,8808_FullHDwebcam_after,0.9763313609467456,4.081761413385414,0.6111111111111112,0.6875,-0.4897057452614183,-6,-0.5422791737877697,6,0.4911615031939674,1
mcd,8808_FullHDwebcam_before,0.9763313609467456,7.580478415506235,1.0,1.0,-0.5686993534998365,-6,-0.6032629415784159,-23,0.5927796031816931,1
mcd,8808_IriunWebcam_after,0.9763313609467456,4.08381341512287,0.2222222222222222,0.25,0.27819433223552825,4,0.27819433223552825,4,0.27819433223552825,1
mcd,8808_IriunWebcam_before,0.9763313609467456,7.778361921277845,0.1111111111111111,0.1111111111111111,0.16975285231459314,-14,-0.17678020133374303,-2,0.16975285231459314,1
mcd,8808_USBVideo_after,0.9763313609467456,4.100984140723799,0.5,0.5,0.3703821790702625,1,0.3703821790702625,1,0.3703821790702625,1
mcd,8817_FullHDwebcam_after,0.9763313609467456,7.591788522689672,1.0,1.0,-0.704632737008486,-2,-0.704632737008486,-15,0.6209554332072637,1
mcd,8817_FullHDwebcam_before,0.9763313609467456,8.151483886984657,0.7222222222222222,0.7222222222222222,-0.5552572093262231,-1,-0.5552572093262231,7,0.40918615128629376,1
mcd,8817_IriunWebcam_after,0.9763313609467456,8.018327882615525,0.05555555555555555,0.05555555555555555,0.2801436890351825,3,0.2801436890351825,3,0.2801436890351825,1
mcd,8817_IriunWebcam_before,0.9763313609467456,8.273605995921336,0.2777777777777778,0.2777777777777778,0.3370121376513865,2,0.3370121376513865,2,0.3370121376513865,1
mcd,8817_USBVideo_after,0.9763313609467456,7.91604180883648,0.3888888888888889,0.3888888888888889,0.2827688804262632,-14,-0.2845088532668745,-1,0.2827688804262632,1
mcd,8817_USBVideo_before,0.9763313609467456,8.45007125705485,0.5,0.5,0.3509169439017882,-1,0.3509169439017882,-1,0.3509169439017882,1
mcd,8834_FullHDwebcam_after,0.9763313609467456,6.526629050288784,0.6111111111111112,0.6111111111111112,-0.49341725982583867,-3,-0.49341725982583867,-13,0.4011515255653254,1
mcd,8834_FullHDwebcam_before,0.9763313609467456,9.177646201297211,0.9444444444444444,0.9444444444444444,-0.6271347434926695,-1,-0.6271347434926695,7,0.489215597772068,1
mcd,8834_IriunWebcam_after,0.9763313609467456,6.381031584385601,0.16666666666666666,0.16666666666666666,0.3818635543590109,2,0.3818635543590109,2,0.3818635543590109,1
mcd,8834_IriunWebcam_before,0.9763313609467456,9.188052483959316,0.1111111111111111,0.1111111111111111,0.29575960816384117,-18,0.29814375170147817,-18,0.29814375170147817,1
mcd,8834_USBVideo_after,0.9763313609467456,6.631991195519936,0.4444444444444444,0.4444444444444444,0.38268900750008294,-1,0.38268900750008294,-1,0.38268900750008294,1
mcd,8834_USBVideo_before,0.9763313609467456,9.214271260358535,0.05555555555555555,0.05555555555555555,0.2374451905030763,19,0.2430391694338026,19,0.2430391694338026,1
mcd,8844_FullHDwebcam_after,0.8431952662721893,7.6802145561417134,0.16666666666666666,0.125,-0.21030744364304432,-14,0.2214671235920995,-14,0.2214671235920995,1
mcd,8844_FullHDwebcam_before,0.9763313609467456,7.224683784271358,0.16666666666666666,0.16666666666666666,-0.35150665205383774,-5,-0.3580648099026906,-15,0.3330274255059407,1
mcd,8844_IriunWebcam_after,0.8431952662721893,7.437767557950495,0.2777777777777778,0.3125,-0.2590425954461583,-29,-0.3275413238461659,29,0.24004319401043436,1
mcd,8844_IriunWebcam_before,0.9763313609467456,7.2141646736814025,0.2777777777777778,0.2777777777777778,0.2475404392937349,2,0.2475404392937349,2,0.2475404392937349,1
mcd,8844_USBVideo_after,0.8431952662721893,7.428206114920137,0.05555555555555555,0.0625,0.13791819406686623,-24,0.16189913763430422,-24,0.16189913763430422,1
mcd,8844_USBVideo_before,0.9763313609467456,7.067192539829495,0.1111111111111111,0.1111111111111111,0.2478870558174703,-1,0.2478870558174703,-1,0.2478870558174703,1
mcd,8847_FullHDwebcam_after,0.7988165680473372,3.6959534392015656,0.5,0.5,-0.4386311593398632,-2,-0.4386311593398632,6,0.42746263322155237,1
mcd,8847_FullHDwebcam_before,0.9763313609467456,6.432467679824292,0.9444444444444444,0.9444444444444444,-0.5672429644843603,5,0.6214310846327166,5,0.6214310846327166,1
mcd,8847_IriunWebcam_after,0.7982261640798226,3.5635817088033943,0.05555555555555555,0.07142857142857142,-0.2653373561710135,-4,-0.2653373561710135,4,0.20601926191345984,1
mcd,8847_IriunWebcam_before,0.975609756097561,6.352598484007077,0.16666666666666666,0.16666666666666666,-0.08054759591739577,22,-0.1460565827683968,30,0.1142537476357133,1
mcd,8848_FullHDwebcam_after,0.9763313609467456,6.992910222284228,0.2777777777777778,0.2777777777777778,-0.4030622805689118,0,-0.4030622805689118,-11,0.33777769112436806,1
mcd,8848_FullHDwebcam_before,0.9763313609467456,7.1698048772270795,0.7222222222222222,0.7222222222222222,-0.44956985177817854,-1,-0.44956985177817854,10,0.3866055951038596,1
mcd,8848_IriunWebcam_after,0.9763313609467456,7.011614600465924,0.05555555555555555,0.05555555555555555,0.11007516104233137,21,0.13287500967803392,21,0.13287500967803392,1
mcd,8848_IriunWebcam_before,0.9763313609467456,7.1982567960453,0.16666666666666666,0.16666666666666666,0.05696470605490423,6,0.0649754205470331,6,0.0649754205470331,1
mcd,8848_USBVideo_after,0.9763313609467456,6.897495360920731,0.16666666666666666,0.16666666666666666,0.09817521097640186,-6,0.1222896559292752,-6,0.1222896559292752,1
mcd,8848_USBVideo_before,0.9763313609467456,7.186446677890325,0.05555555555555555,0.05555555555555555,0.14074955860234042,-2,0.14074955860234042,-2,0.14074955860234042,1
mcd,8852_FullHDwebcam_after,0.9763313609467456,6.099787801981562,0.4444444444444444,0.4444444444444444,-0.3532639984955734,-2,-0.3532639984955734,8,0.333497386750677,1
mcd,8852_FullHDwebcam_before,0.9763313609467456,6.282495193973331,0.5555555555555556,0.5555555555555556,-0.45105762316952125,-3,-0.45105762316952125,6,0.42689687169965135,1
mcd,8852_IriunWebcam_after,0.975609756097561,6.221308211178243,0.2777777777777778,0.2777777777777778,0.15385779108223488,-22,0.16006528233915798,-22,0.16006528233915798,1
mcd,8852_IriunWebcam_before,0.9763313609467456,6.33969526521414,0.4444444444444444,0.4444444444444444,0.3432930292020499,25,0.3614268173338201,25,0.3614268173338201,1
mcd,8852_USBVideo_after,0.9763313609467456,6.1918260872848965,0.16666666666666666,0.16666666666666666,0.10766222665307629,-14,-0.18165260768505548,-23,0.1207594020234996,1
mcd,8874_FullHDwebcam_after,0.9763313609467456,6.228452676286176,0.8888888888888888,0.8888888888888888,-0.5327014978170852,-5,-0.5347942924725441,6,0.5081834039184835,1
mcd,8874_FullHDwebcam_before,0.9763313609467456,7.213623896004584,0.7222222222222222,0.7222222222222222,-0.43592780052949115,7,0.5301351355412117,7,0.5301351355412117,1
mcd,8874_IriunWebcam_after,0.9763313609467456,6.247719603256993,0.2777777777777778,0.2777777777777778,0.0949564718429615,13,-0.11966447394968804,30,0.11536462516150432,1
mcd,8874_IriunWebcam_before,0.975609756097561,7.196253219458399,0.3888888888888889,0.3888888888888889,0.030761610809982725,29,0.07488627291812257,29,0.07488627291812257,1
mcd,8897_FullHDwebcam_after,0.9763313609467456,3.1321454660555963,0.3888888888888889,0.3125,-0.3527286535117036,7,0.3779954697699384,7,0.3779954697699384,1
mcd,8897_FullHDwebcam_before,0.9763313609467456,5.712191576656885,0.5,0.5,-0.38037863879030465,-2,-0.38037863879030465,7,0.3802915392050503,1
mcd,8897_IriunWebcam_after,0.975609756097561,3.0213285207402336,0.0,0.0,-0.06561192732191598,18,0.1148711598628495,18,0.1148711598628495,1
mcd,8897_IriunWebcam_before,0.975609756097561,5.375856995592706,0.05555555555555555,0.05555555555555555,-0.13215482549927549,-4,-0.13215482549927549,4,0.11810620059784112,1
mcd,8902_FullHDwebcam_after,0.5769230769230769,1.1866383258896587,0.3333333333333333,0.3,0.3563580794302929,5,0.3847924255999224,5,0.3847924255999224,1
mcd,8902_FullHDwebcam_before,0.35502958579881655,2.0794902459578988,0.05555555555555555,0.14285714285714285,-0.3693624046000757,-4,-0.3693624046000757,6,0.2875941224062653,0
mcd,8902_IriunWebcam_after,0.5764966740576497,1.3890603023857915,0.2777777777777778,0.3,-0.09656214730493128,21,-0.19078990471895613,-21,0.13455593054704817,1
mcd,8902_IriunWebcam_before,0.35502958579881655,1.8620417686625355,0.05555555555555555,0.0,-0.09970881534538058,-20,0.18398622707273654,-20,0.18398622707273654,0
mcd,9003_FullHDwebcam_after,0.9763313609467456,5.632640728046789,0.5555555555555556,0.625,-0.38609869507392147,6,0.41317447707220484,6,0.41317447707220484,1
mcd,9003_FullHDwebcam_before,0.9763313609467456,8.827148461692438,0.7222222222222222,0.7222222222222222,-0.46890820419159207,-2,-0.46890820419159207,7,0.32452364134913764,1
mcd,9003_IriunWebcam_after,0.975609756097561,5.600214915551162,0.16666666666666666,0.1875,0.22854617445694997,4,0.22854617445694997,4,0.22854617445694997,1
mcd,9003_IriunWebcam_before,0.975609756097561,8.663450238305597,0.3333333333333333,0.3333333333333333,0.3216210523201312,-20,0.35253020015242076,-20,0.35253020015242076,1
mcd,9003_USBVideo_after,0.9763313609467456,5.642682960980153,0.3888888888888889,0.4375,0.2677143870366087,-12,-0.27084065129214774,-3,0.2677143870366087,1
mcd,9003_USBVideo_before,0.9763313609467456,8.86901862679034,0.3888888888888889,0.3888888888888889,0.3202177223131521,-24,0.33151719310110395,-24,0.33151719310110395,1
mcd,9028_FullHDwebcam_after,0.9763313609467456,4.295689111905468,0.4444444444444444,0.4375,-0.31616665419647144,-2,-0.31616665419647144,10,0.23984589899106876,1
mcd,9028_FullHDwebcam_before,0.9763313609467456,8.877594667035343,0.6111111111111112,0.6111111111111112,-0.525192964239336,-3,-0.525192964239336,-16,0.48697916752063664,1
mcd,9028_IriunWebcam_after,0.9763313609467456,4.326753342042269,0.2222222222222222,0.25,0.3837774070020022,4,0.3837774070020022,4,0.3837774070020022,1
mcd,9028_IriunWebcam_before,0.9763313609467456,8.852209338345983,0.2777777777777778,0.2777777777777778,0.22408331980744617,-21,0.2327861424578547,-21,0.2327861424578547,1
mcd,9028_USBVideo_after,0.8869179600886918,4.431562915708803,0.05555555555555555,0.06666666666666667,0.12004357073119257,-11,-0.19632786175107877,-26,0.14245297135117205,1
mcd,9028_USBVideo_before,0.9763313609467456,8.81959445176262,0.3333333333333333,0.3333333333333333,0.26783268140960187,-14,-0.37219142692610885,-28,0.2778062249274499,1
mcd,9039_FullHDwebcam_after,0.9763313609467456,8.438232451151823,0.9444444444444444,0.9444444444444444,-0.6645115918473666,-2,-0.6645115918473666,7,0.552981621808351,1
mcd,9039_FullHDwebcam_before,0.9763313609467456,7.442154451015748,0.8333333333333334,0.8333333333333334,-0.48836322817638683,-3,-0.48836322817638683,7,0.4545158094217604,1
mcd,9039_IriunWebcam_after,0.9763313609467456,8.41643922595161,0.16666666666666666,0.16666666666666666,0.3712500154031519,2,0.3712500154031519,2,0.3712500154031519,1
mcd,9039_IriunWebcam_before,0.975609756097561,7.429311150020579,0.5555555555555556,0.5555555555555556,0.3542973230272409,27,0.3815318455284493,27,0.3815318455284493,1
mcd,9039_USBVideo_after,0.9763313609467456,8.554977600859733,0.1111111111111111,0.1111111111111111,0.14289774624056353,-13,-0.2463956031708402,-22,0.1621435889831384,1
mcd,9039_USBVideo_before,0.9763313609467456,7.394208731701758,0.4444444444444444,0.4444444444444444,0.29357512707206607,-3,0.29357512707206607,-3,0.29357512707206607,1
mcd,9064_FullHDwebcam_after,0.9763313609467456,8.456598584811488,0.8888888888888888,0.8888888888888888,-0.5274911724449713,-2,-0.5274911724449713,8,0.45528406741536587,1
mcd,9064_FullHDwebcam_before,0.8431952662721893,5.490616074559128,0.5555555555555556,0.6666666666666666,-0.5120227475725476,7,0.533229970657866,7,0.533229970657866,1
mcd,9064_IriunWebcam_after,0.975609756097561,8.297885766959448,0.1111111111111111,0.1111111111111111,0.10090039706086028,-1,0.10090039706086028,-1,0.10090039706086028,1
mcd,9064_IriunWebcam_before,0.8425720620842572,5.193133237434274,0.1111111111111111,0.125,-0.2029936803869153,-4,-0.2029936803869153,-19,0.18448860807300815,1
mcd,9077_FullHDwebcam_after,0.9763313609467456,5.1282767465354,0.4444444444444444,0.47058823529411764,-0.3425799881527328,5,0.3486308822094631,5,0.3486308822094631,1
mcd,9077_FullHDwebcam_before,0.9763313609467456,7.18401904550875,0.6111111111111112,0.5882352941176471,-0.38683901977067536,5,0.3891314294136589,5,0.3891314294136589,1
mcd,9077_IriunWebcam_after,0.975609756097561,5.053270494053255,0.05555555555555555,0.0,-0.15318483023084112,-3,-0.15318483023084112,-12,0.12568165233815387,1
mcd,9077_IriunWebcam_before,0.975609756097561,7.092477989950522,0.0,0.0,0.11816252599153265,-20,0.12539944576041717,-20,0.12539944576041717,1
mcd,9077_USBVideo_after,0.9763313609467456,5.0341770643742905,0.16666666666666666,0.17647058823529413,0.22403340285581427,-1,0.22403340285581427,-1,0.22403340285581427,1
mcd,9077_USBVideo_before,0.9763313609467456,7.1848755687260235,0.2222222222222222,0.23529411764705882,0.21107491464162131,-20,0.2671858808018619,-20,0.2671858808018619,1
pure,01-01,0.9744094488188977,8.186662922254863,1.0,1.0,0.814702645223886,-2,0.814702645223886,-2,0.814702645223886,1
pure,01-02,0.9758501724987678,7.353824809657016,1.0,1.0,0.7553138347403848,-1,0.7553138347403848,-1,0.7553138347403848,1
pure,01-03,0.9911361804995971,9.425889277477108,1.0,1.0,0.8108042412418708,-1,0.8108042412418708,-1,0.8108042412418708,1
pure,01-04,0.9871589085072231,9.37831173891277,1.0,1.0,0.7433692561791275,-1,0.7433692561791275,-1,0.7433692561791275,1
pure,01-05,0.9763313609467456,8.84273827374382,1.0,1.0,0.8413284950132524,-1,0.8413284950132524,-1,0.8413284950132524,1
pure,01-06,1.0,8.466777589667883,1.0,1.0,0.8133825539318639,-1,0.8133825539318639,-1,0.8133825539318639,1
pure,02-01,0.9710642471799902,9.545806515874363,1.0,1.0,0.8792382868918364,-1,0.8792382868918364,-1,0.8792382868918364,1
pure,02-02,0.9726443768996961,7.619654554806593,0.8928571428571429,0.8928571428571429,0.6377955472385466,-1,0.6377955472385466,-1,0.6377955472385466,1
pure,02-03,0.9876543209876543,7.936602738751584,0.9375,0.9375,0.8184405307637858,-1,0.8184405307637858,-1,0.8184405307637858,1
pure,02-04,0.9982014388489209,9.878599059742804,1.0,1.0,0.6928287610951702,-1,0.6928287610951702,-1,0.6928287610951702,1
pure,02-05,1.0,9.748005582842193,1.0,1.0,0.8430657668639576,-1,0.8430657668639576,-1,0.8430657668639576,1
pure,02-06,0.9881626351003603,8.82184724867535,1.0,1.0,0.8637266940290548,-1,0.8637266940290548,-1,0.8637266940290548,1
pure,03-01,0.9726443768996961,7.424763000962987,1.0,1.0,0.8232921326897795,-3,0.8232921326897795,-3,0.8232921326897795,1
pure,03-02,0.9806835066864784,8.207794611544056,1.0,1.0,0.7973390444955726,-2,0.7973390444955726,-2,0.7973390444955726,1
pure,03-03,0.9782608695652174,8.083292969722935,1.0,1.0,0.741496586930585,-2,0.741496586930585,-2,0.741496586930585,1
pure,03-04,0.986228342958685,8.327540991933441,0.9696969696969697,0.9696969696969697,0.7022561693763533,-2,0.7022561693763533,-2,0.7022561693763533,1
pure,03-05,0.9907120743034056,7.894092051114526,1.0,1.0,0.825335933589288,-2,0.825335933589288,-2,0.825335933589288,1
pure,03-06,0.9831029185867896,7.674670622942664,1.0,1.0,0.8182976223787997,-2,0.8182976223787997,-2,0.8182976223787997,1
pure,04-01,0.975609756097561,6.924230610895892,1.0,1.0,0.7472084868593415,9,-0.7706190388802887,-3,0.7472084868593415,1
pure,04-02,0.9772951628825272,5.582967826330327,1.0,1.0,0.7620296230790171,-2,0.7620296230790171,-2,0.7620296230790171,1
pure,04-03,0.9784045835169678,7.885229180578181,1.0,1.0,0.7198115664505225,9,-0.7392014524907387,-3,0.7198115664505225,1
pure,04-04,0.9995615957913196,6.788599334990208,0.7058823529411765,0.7058823529411765,0.4725828354998725,8,-0.5093264076091786,-2,0.4725828354998725,1
pure,04-05,0.9846153846153847,7.711809579863703,1.0,1.0,0.7763299202860912,8,-0.8040929043978954,-3,0.7763299202860912,1
pure,04-06,0.975609756097561,7.19829334599501,0.8928571428571429,0.8928571428571429,0.6842474351565894,8,-0.7108382610564142,-3,0.6842474351565894,1
pure,05-01,0.9969788519637462,3.8074660397810978,1.0,1.0,0.6892487452362351,-3,0.6892487452362351,-3,0.6892487452362351,1
pure,05-02,0.9870388833499502,2.4821782146610207,0.4827586206896552,0.5652173913043478,0.3930378134415602,-3,0.3930378134415602,-3,0.3930378134415602,1
pure,05-03,0.9995615957913196,4.658499689189616,1.0,1.0,0.6546275985609276,-3,0.6546275985609276,-3,0.6546275985609276,1
pure,05-05,0.9775967413441955,4.74646515724541,0.8214285714285714,0.8214285714285714,0.5002075315842349,-3,0.5002075315842349,-3,0.5002075315842349,1
pure,05-06,0.974124809741248,4.4884509084732604,0.5714285714285714,0.5714285714285714,0.4129903618883197,-2,0.4129903618883197,-2,0.4129903618883197,1
pure,06-01,0.97165991902834,8.680612080079829,1.0,1.0,0.8683627269998081,-2,0.8683627269998081,-2,0.8683627269998081,1
pure,06-03,0.9784045835169678,8.823861319694103,1.0,1.0,0.8128773507922727,-1,0.8128773507922727,-1,0.8128773507922727,1
pure,06-04,0.974539069359087,9.040599689574316,0.8787878787878788,0.8787878787878788,0.6317822732288443,-1,0.6317822732288443,-1,0.6317822732288443,1
pure,06-05,0.9800918836140888,9.151862149123675,1.0,1.0,0.8430374084051249,-2,0.8430374084051249,-2,0.8430374084051249,1
pure,06-06,0.9751142712036567,8.827340006827008,1.0,1.0,0.8368605245117514,-2,0.8368605245117514,-2,0.8368605245117514,1
pure,07-01,0.9785932721712538,9.07524843784115,1.0,1.0,0.911522140776935,7,-0.9125625988476045,0,0.911522140776935,1
pure,07-02,0.7969639468690702,1.8779278418113798,1.0,1.0,0.5776951554209494,0,0.5776951554209494,0,0.5776951554209494,1
pure,07-03,0.9836065573770492,9.57127339872091,0.9696969696969697,0.9696969696969697,0.8464891127860366,7,-0.8487348964045422,0,0.8464891127860366,1
pure,07-04,1.0,8.419182263575589,1.0,1.0,0.7305813818667992,7,-0.7454816053212355,0,0.7305813818667992,1
pure,07-05,0.9886714727085479,7.032080299448445,1.0,1.0,0.7466303440317488,-7,-0.750940860378319,0,0.7466303440317488,1
pure,07-06,0.9795918367346939,7.620383591864034,1.0,1.0,0.68173502867953,7,-0.68561945052529,0,0.68173502867953,1
pure,08-01,0.97809475292919,5.666392699492004,1.0,1.0,0.731671657467432,-2,0.731671657467432,-2,0.731671657467432,1
pure,08-02,1.0,6.385089833457983,1.0,1.0,0.7784272373454643,-2,0.7784272373454643,-2,0.7784272373454643,1
pure,08-03,0.9801324503311258,7.2321486097274,1.0,1.0,0.809048778045484,-1,0.809048778045484,-1,0.809048778045484,1
pure,08-04,0.9925990422289943,7.423003652625042,1.0,1.0,0.8061513828867539,-1,0.8061513828867539,-1,0.8061513828867539,1
pure,08-05,0.9831029185867896,7.206008182534944,1.0,1.0,0.8663691075107628,-2,0.8663691075107628,-2,0.8663691075107628,1
pure,08-06,0.9775967413441955,6.799737529813891,1.0,1.0,0.7913162580406083,-2,0.7913162580406083,-2,0.7913162580406083,1
pure,09-01,0.9775967413441955,5.886285893060581,1.0,1.0,0.8143161096794342,-2,0.8143161096794342,-2,0.8143161096794342,1
pure,09-02,0.9816559246405553,6.484694543849439,0.9310344827586207,0.9310344827586207,0.6687022152432167,-2,0.6687022152432167,-2,0.6687022152432167,1
pure,09-03,0.9978118161925602,6.425017010419763,1.0,1.0,0.7125864696039723,-2,0.7125864696039723,-2,0.7125864696039723,1
pure,09-04,0.97712291585886,6.32702847938719,0.7631578947368421,0.7631578947368421,0.5692077570702972,-1,0.5692077570702972,-1,0.5692077570702972,1
pure,09-05,0.9785932721712538,6.57036869246668,1.0,1.0,0.7465138127319969,-2,0.7465138127319969,-2,0.7465138127319969,1
pure,09-06,0.9984871406959153,6.480844339201996,0.9655172413793104,0.9655172413793104,0.766428107479872,-2,0.766428107479872,-2,0.766428107479872,1
pure,10-01,0.9815950920245399,9.874096727106949,1.0,1.0,0.8907723945843565,-1,0.8907723945843565,-1,0.8907723945843565,1
pure,10-02,0.9934771700953337,7.525392278629509,0.9655172413793104,1.0,0.7329765552688505,0,0.7329765552688505,0,0.7329765552688505,1
pure,10-03,0.9900130264871906,8.28086755791105,1.0,1.0,0.8264822886349855,-1,0.8264822886349855,-1,0.8264822886349855,1
pure,10-04,0.9751924721984602,8.431408641280537,0.9705882352941176,0.9705882352941176,0.7299379742720432,-1,0.7299379742720432,-1,0.7299379742720432,1
pure,10-05,0.9800918836140888,8.488520844996279,1.0,1.0,0.8719735967156254,-1,0.8719735967156254,-1,0.8719735967156254,1
pure,10-06,0.9841107124551512,10.098914630814734,1.0,1.0,0.8207397430457286,-1,0.8207397430457286,-1,0.8207397430457286,1
test,mcd_1020_FullHDwebcam_after,0.9918276374442794,6.994104162777788,0.9882352941176471,0.9882352941176471,-0.7475732179939827,-2,-0.7475732179939827,8,0.6537439413093835,1
test,mcd_1020_FullHDwebcam_before,0.99201188928107,8.263146014977574,1.0,1.0,-0.8143983191678567,-1,-0.8143983191678567,10,0.6647454747168287,1
test,mcd_1024_FullHDwebcam_after,0.9933035714285714,9.140148393444855,0.8470588235294118,0.8470588235294118,-0.5148167652612063,6,0.5818040945672405,6,0.5818040945672405,1
test,mcd_1024_FullHDwebcam_before,0.9951546775997018,9.94734510002022,0.9176470588235294,0.9176470588235294,-0.6069394915587216,-4,-0.6069394915587216,7,0.5940509995150088,1
test,mcd_1035_FullHDwebcam_after,0.9890720503796999,8.380248932563342,0.9647058823529412,0.9642857142857143,-0.56607361825407,-3,-0.56607361825407,8,0.5346609118499255,1
test,mcd_1035_FullHDwebcam_before,0.9958970533383066,7.9248466938130555,0.9176470588235294,0.9176470588235294,-0.6225356727595064,-3,-0.6225356727595064,8,0.6149074654311234,1
test,mcd_1091_FullHDwebcam_after,0.9916434540389972,10.749597498073154,1.0,1.0,-0.7817579209954989,-2,-0.7817579209954989,7,0.7358330024707213,1
test,mcd_1091_FullHDwebcam_before,0.9914593390271074,9.785377883501965,1.0,1.0,-0.7871740520213035,-2,-0.7871740520213035,8,0.7050836865297372,1
test,mcd_1097_FullHDwebcam_after,0.9936732415333085,9.072799476278997,0.1411764705882353,0.1411764705882353,0.1519824559247133,4,0.1519824559247133,4,0.1519824559247133,1
test,mcd_1097_FullHDwebcam_before,0.996082820369334,7.578101853183311,0.10588235294117647,0.10588235294117647,0.13835788640896718,5,0.13930257725414902,5,0.13930257725414902,1
test,mcd_1099_FullHDwebcam_after,0.9890720503796999,10.286609178787609,0.8705882352941177,0.8705882352941177,-0.525615812131756,-2,-0.525615812131756,6,0.47766081215943146,1
test,mcd_1099_FullHDwebcam_before,0.9910913140311804,9.381664540847618,0.8470588235294118,0.8452380952380952,-0.5131390289488277,-2,-0.5131390289488277,8,0.49296242991045114,1
test,mcd_1107_FullHDwebcam_after,0.9896219421793921,10.082724958597701,0.2823529411764706,0.2823529411764706,-0.2289482784387456,-4,-0.2289482784387456,4,0.2211009515850149,1
test,mcd_1107_FullHDwebcam_before,0.992196209587514,8.134816888899703,0.4588235294117647,0.4588235294117647,0.3566229479118749,5,0.35821923621560753,5,0.35821923621560753,1
test,mcd_1113_FullHDwebcam_after,0.9792284866468842,5.749811623446888,0.8470588235294118,0.9315068493150684,0.6086473726047702,-6,-0.6417777297775045,5,0.6237094797193528,1
test,mcd_1113_FullHDwebcam_before,0.9951546775997018,4.580714405995311,0.9176470588235294,0.9615384615384616,-0.5957195047850202,6,0.6305588352918893,6,0.6305588352918893,1
test,mcd_1115_FullHDwebcam_after,0.9931188395015808,9.422143409594122,0.8117647058823529,0.8117647058823529,-0.47257338297317086,6,0.4762950362066838,6,0.4762950362066838,1
test,mcd_1115_FullHDwebcam_before,0.9973851326111318,5.91793036695781,0.8235294117647058,0.8433734939759037,-0.5966586586340502,-3,-0.5966586586340502,7,0.5470726943824366,1
test,mcd_1149_FullHDwebcam_after,0.9916434540389972,10.797051645433449,0.9294117647058824,0.9294117647058824,-0.6259443177667869,24,-0.6284546952179333,10,0.5494053624124734,1
test,mcd_1149_FullHDwebcam_before,0.9914593390271074,10.916032571251733,0.8705882352941177,0.8705882352941177,-0.6009439963081682,-3,-0.6009439963081682,-16,0.5542658746524871,1
test,ubfc_subject1,0.9702457956015524,3.712952204328533,0.9047619047619048,0.9,0.6880466600781929,0,0.6880466600781929,0,0.6880466600781929,1
test,ubfc_subject10,0.9782608695652174,7.453682332789705,1.0,1.0,0.7572582172185516,0,0.7572582172185516,0,0.7572582172185516,1
test,ubfc_subject11,0.9748892171344166,6.495923878420205,1.0,1.0,0.7562342018008,0,0.7562342018008,0,0.7562342018008,1
test,ubfc_subject3,0.5666666666666667,1.8264012604071738,1.0,1.0,0.722050824391063,-1,0.722050824391063,-1,0.722050824391063,1
test,ubfc_subject4,0.39473684210526316,-0.37915429714178944,0.8333333333333334,1.0,0.7592357352802442,0,0.7592357352802442,0,0.7592357352802442,0
test,ubfc_subject5,0.9683666881859264,6.004351271657732,0.8571428571428571,0.8571428571428571,0.5930226741466378,-19,0.6218888209747686,-19,0.6218888209747686,1
test,ubfc_subject8,0.9797130133597229,7.7326251710652505,0.9655172413793104,1.0,0.8060662385112749,-1,0.8060662385112749,-1,0.8060662385112749,1
test,ubfc_subject9,0.9821428571428571,6.914469661224675,0.8275862068965517,0.8518518518518519,0.5779432201382765,7,-0.6021917282802179,-1,0.5779432201382765,1
ubfc,subject12,0.9959758551307847,6.472580759165041,1.0,1.0,0.723800708332043,-3,0.723800708332043,-3,0.723800708332043,1
ubfc,subject13,0.9816559246405553,6.970822979120394,1.0,1.0,0.7019052046725077,-1,0.7019052046725077,-1,0.7019052046725077,1
ubfc,subject14,0.8730556949322629,3.147679595397028,0.8275862068965517,0.9166666666666666,0.7054942003877025,-2,0.7054942003877025,-2,0.7054942003877025,1
ubfc,subject15,0.9806835066864784,9.724853078920528,0.896551724137931,0.9285714285714286,0.6192863291781876,0,0.6192863291781876,0,0.6192863291781876,1
ubfc,subject16,0.9956076134699854,8.699195184213352,0.9666666666666667,0.9666666666666667,0.6633202887219275,-1,0.6633202887219275,-1,0.6633202887219275,1
ubfc,subject17,0.9970674486803519,9.473832934636404,1.0,1.0,0.7514525988361499,0,0.7514525988361499,0,0.7514525988361499,1
ubfc,subject18,0.9739301524840138,8.043752579007506,0.9310344827586207,0.9310344827586207,0.752587844460359,1,0.752587844460359,1,0.752587844460359,1
ubfc,subject20,0.9821428571428571,5.676223341405995,0.9655172413793104,1.0,0.6412985168410343,-1,0.6412985168410343,-1,0.6412985168410343,1
ubfc,subject22,0.9748892171344166,6.886504037407409,0.8620689655172413,0.8620689655172413,0.6751091534055047,-1,0.6751091534055047,-1,0.6751091534055047,1
ubfc,subject23,0.9810935104752172,6.337167975633139,1.0,1.0,0.7742754071610249,-3,0.7742754071610249,-3,0.7742754071610249,1
ubfc,subject24,0.9556993529118964,6.241035609039978,0.9655172413793104,1.0,0.7797995702253199,-1,0.7797995702253199,-1,0.7797995702253199,1
ubfc,subject25,0.995162404975812,6.990470259112083,1.0,1.0,0.7633034706352859,-4,0.7633034706352859,-4,0.7633034706352859,1
ubfc,subject26,0.9703504043126685,8.038867542478615,1.0,1.0,0.7288472463640674,-4,0.7288472463640674,-4,0.7288472463640674,1
ubfc,subject27,0.8391608391608392,3.2653549294570263,0.7368421052631579,0.8125,0.6105725540207916,-4,0.6105725540207916,-4,0.6105725540207916,1
ubfc,subject30,0.9768130241736557,7.824679265675297,0.9655172413793104,0.9642857142857143,0.6139827629198739,-1,0.6139827629198739,-1,0.6139827629198739,1
ubfc,subject31,0.9772951628825272,7.754734592278735,1.0,1.0,0.676611788464582,-2,0.676611788464582,-2,0.676611788464582,1
ubfc,subject32,0.9448818897637795,6.161667636069879,0.5862068965517241,0.6296296296296297,0.47741619772363375,0,0.47741619772363375,0,0.47741619772363375,1
ubfc,subject33,0.990990990990991,4.448129317837349,0.9310344827586207,0.9583333333333334,0.873631475131204,-1,0.873631475131204,-1,0.873631475131204,1
ubfc,subject34,0.9734513274336283,7.273761592264303,1.0,1.0,0.7882631555984679,0,0.7882631555984679,0,0.7882631555984679,1
ubfc,subject35,0.9951219512195122,7.760161406312276,1.0,1.0,0.9116592268343485,0,0.9116592268343485,0,0.9116592268343485,1
ubfc,subject36,0.9946367625548513,8.555655440687591,1.0,1.0,0.8089118300322189,0,0.8089118300322189,0,0.8089118300322189,1
ubfc,subject37,0.9748892171344166,7.448471041438264,1.0,1.0,0.7374662438060223,-4,0.7374662438060223,-4,0.7374662438060223,1
ubfc,subject38,0.9956076134699854,9.640173526594339,0.8666666666666667,0.8666666666666667,0.6810460201639582,0,0.6810460201639582,0,0.6810460201639582,1
ubfc,subject39,0.9724950884086444,6.70130678902245,1.0,1.0,0.6806582311508648,-14,-0.6951351989085613,-1,0.6806582311508648,1
ubfc,subject40,0.9768130241736557,7.069688565140229,1.0,1.0,0.7566836329691233,-1,0.7566836329691233,-1,0.7566836329691233,1
ubfc,subject41,0.9724950884086444,6.018774214882059,0.20689655172413793,0.23076923076923078,0.4091351770444341,0,0.4091351770444341,0,0.4091351770444341,1
ubfc,subject42,0.9995100440960314,8.700845000841333,1.0,1.0,0.8050330593173586,0,0.8050330593173586,0,0.8050330593173586,1
ubfc,subject43,0.9556993529118964,4.62878993657368,1.0,1.0,0.7600927962583398,-1,0.7600927962583398,-1,0.7600927962583398,1
ubfc,subject44,0.9821428571428571,6.326815827083343,1.0,1.0,0.729809965803661,-1,0.729809965803661,-1,0.729809965803661,1
ubfc,subject45,0.9748892171344166,6.873378857438385,0.896551724137931,0.896551724137931,0.6032266004411424,-1,0.6032266004411424,-1,0.6032266004411424,1
ubfc,subject46,0.9949748743718593,7.299578268585543,0.896551724137931,0.9285714285714286,0.6587584274754359,-1,0.6587584274754359,-1,0.6587584274754359,1
ubfc,subject47,0.9787444389520514,6.910664177375102,0.9655172413793104,1.0,0.7489502719477652,-1,0.7489502719477652,-1,0.7489502719477652,1
ubfc,subject48,0.9815950920245399,5.07343589762309,1.0,1.0,0.7273809226126992,-22,0.754800921998338,-22,0.754800921998338,1
ubfc,subject49,0.9739301524840138,9.851739172267727,1.0,1.0,0.687062790898718,7,-0.6994816493138408,-1,0.687062790898718,1
