video,senaryo,yöntem,roi,füzyon,takip,config,MAE,RMSE,MAPE,r,<=5BPM%,video_hata
ideal_s0,ideal,green,alın,mean,argmax,green|forehead|mean|argmax,16.343247535596344,20.947197266967816,18.873425588231076,-0.7472149771368446,33.33333333333333,14.605556207120415
ideal_s0,ideal,green,alın,mean,viterbi,green|forehead|mean|viterbi+ma,17.899216514684003,22.151975542533577,20.72258516599318,-0.8524965582155843,31.372549019607842,16.16152518620808
ideal_s0,ideal,green,yanaklar,mean,argmax,green|left_cheek+right_cheek|mean|argmax,0.28012983984562667,0.35371445310736693,0.3606676552919358,0.9991634743291041,100.0,0.041471706556023946
ideal_s0,ideal,green,yanaklar,mean,viterbi,green|left_cheek+right_cheek|mean|viterbi+ma,0.28012983984562667,0.35371445310736693,0.3606676552919358,0.9991634743291041,100.0,0.041471706556023946
ideal_s0,ideal,green,yanaklar,snr,argmax,green|left_cheek+right_cheek|snr|argmax,0.2803736334557789,0.3538893971206692,0.3608532878284628,0.9991627469821057,100.0,0.041644337720242675
ideal_s0,ideal,green,yanaklar,snr,viterbi,green|left_cheek+right_cheek|snr|viterbi+ma,0.2803736334557789,0.3538893971206692,0.3608532878284628,0.9991627469821057,100.0,0.041644337720242675
ideal_s0,ideal,green,tüm_yüz,mean,argmax,green|full|mean|argmax,0.29646706949169044,0.36771759584340474,0.37414322927111526,0.9990796597491243,100.0,0.04465656566299003
ideal_s0,ideal,green,tüm_yüz,mean,viterbi,green|full|mean|viterbi+ma,0.29646706949169044,0.36771759584340474,0.37414322927111526,0.9990796597491243,100.0,0.04465656566299003
ideal_s0,ideal,green,alın+yanaklar,mean,argmax,green|forehead+left_cheek+right_cheek|mean|argmax,0.5344893495380679,0.6598292784241074,0.688558700945715,0.9970006173780345,100.0,0.04850745933605083
ideal_s0,ideal,green,alın+yanaklar,mean,viterbi,green|forehead+left_cheek+right_cheek|mean|viterbi+ma,0.5344893495380679,0.6598292784241074,0.688558700945715,0.9970006173780345,100.0,0.04850745933605083
ideal_s0,ideal,green,alın+yanaklar,snr,argmax,green|forehead+left_cheek+right_cheek|snr|argmax,0.2805771706292906,0.3544287796020452,0.36118051041569904,0.9991599143543204,100.0,0.041363470769610444
ideal_s0,ideal,green,alın+yanaklar,snr,viterbi,green|forehead+left_cheek+right_cheek|snr|viterbi+ma,0.2805771706292906,0.3544287796020452,0.36118051041569904,0.9991599143543204,100.0,0.041363470769610444
ideal_s0,ideal,green,4_bölge,mean,argmax,green|forehead+left_cheek+right_cheek+full|mean|argmax,0.42019559382367705,0.5167360940276936,0.5401592311723095,0.99817998739444,100.0,0.06174028762028172
ideal_s0,ideal,green,4_bölge,mean,viterbi,green|forehead+left_cheek+right_cheek+full|mean|viterbi+ma,0.42019559382367705,0.5167360940276936,0.5401592311723095,0.99817998739444,100.0,0.06174028762028172
ideal_s0,ideal,green,4_bölge,snr,argmax,green|forehead+left_cheek+right_cheek+full|snr|argmax,0.27859196024781513,0.34791939188444193,0.3556614114744307,0.9991863443702206,100.0,0.04631529793861944
ideal_s0,ideal,green,4_bölge,snr,viterbi,green|forehead+left_cheek+right_cheek+full|snr|viterbi+ma,0.27859196024781513,0.34791939188444193,0.3556614114744307,0.9991863443702206,100.0,0.04631529793861944
ideal_s0,ideal,ica,alın,mean,argmax,ica|forehead|mean|argmax,20.54650465760632,22.39810767161385,24.541205177978956,0.19407715654288413,0.0,20.546504657606334
ideal_s0,ideal,ica,alın,mean,viterbi,ica|forehead|mean|viterbi+ma,22.291862020065608,23.853195341543902,26.57589487238881,0.12756684772327437,0.0,22.29186202006563
ideal_s0,ideal,ica,yanaklar,mean,argmax,ica|left_cheek+right_cheek|mean|argmax,14.28674484386475,17.145046601743104,17.49506397304774,0.580410788798694,19.607843137254903,11.099118889256331
ideal_s0,ideal,ica,yanaklar,mean,viterbi,ica|left_cheek+right_cheek|mean|viterbi+ma,22.248549834313952,23.869539583533246,26.50108003463757,-0.2496920758364242,0.0,22.24854983431397
ideal_s0,ideal,ica,yanaklar,snr,argmax,ica|left_cheek+right_cheek|snr|argmax,18.63175338338572,22.54283805640929,22.24616039285138,0.35476322162992996,9.803921568627452,11.690387450219902
ideal_s0,ideal,ica,yanaklar,snr,viterbi,ica|left_cheek+right_cheek|snr|viterbi+ma,22.08679066204219,23.76324738665891,26.288381095730024,-0.2695142031317176,1.9607843137254901,22.086790662042205
ideal_s0,ideal,ica,tüm_yüz,mean,argmax,ica|full|mean|argmax,22.261218031640954,23.823607372114147,26.538387456810646,0.09877489263379775,0.0,22.261218031640965
ideal_s0,ideal,ica,tüm_yüz,mean,viterbi,ica|full|mean|viterbi+ma,22.261218031640954,23.823607372114147,26.538387456810646,0.09877489263379775,0.0,22.261218031640965
ideal_s0,ideal,ica,alın+yanaklar,mean,argmax,ica|forehead+left_cheek+right_cheek|mean|argmax,11.771776573429202,13.053026597559908,14.184306066021568,0.3775446351511772,15.686274509803921,10.120402654578797
ideal_s0,ideal,ica,alın+yanaklar,mean,viterbi,ica|forehead+left_cheek+right_cheek|mean|viterbi+ma,9.443777510781041,11.329456943967163,11.071674921252187,0.13312109859443327,33.33333333333333,7.505766286957126
ideal_s0,ideal,ica,alın+yanaklar,snr,argmax,ica|forehead+left_cheek+right_cheek|snr|argmax,22.704191545007937,24.446164065335033,27.039935299278028,0.08240595167889546,0.0,18.68373457550736
ideal_s0,ideal,ica,alın+yanaklar,snr,viterbi,ica|forehead+left_cheek+right_cheek|snr|viterbi+ma,22.16535237191472,23.785082852450067,26.400822934966016,-0.33567864205659337,0.0,22.16535237191473
ideal_s0,ideal,ica,4_bölge,mean,argmax,ica|forehead+left_cheek+right_cheek+full|mean|argmax,11.385993237385563,12.832068467059507,13.644948500366224,0.2841993952838524,19.607843137254903,9.537018943869626
ideal_s0,ideal,ica,4_bölge,mean,viterbi,ica|forehead+left_cheek+right_cheek+full|mean|viterbi+ma,9.448020783627017,11.331261899566217,11.077201090893366,0.12530759674419473,33.33333333333333,7.507997221794994
ideal_s0,ideal,ica,4_bölge,snr,argmax,ica|forehead+left_cheek+right_cheek+full|snr|argmax,22.25535327717197,23.820743717220225,26.53010796585186,0.06139610858906214,0.0,22.255353277171977
ideal_s0,ideal,ica,4_bölge,snr,viterbi,ica|forehead+left_cheek+right_cheek+full|snr|viterbi+ma,22.25535327717197,23.820743717220225,26.53010796585186,0.06139610858906214,0.0,22.255353277171977
ideal_s0,ideal,chrom,alın,mean,argmax,chrom|forehead|mean|argmax,0.4336971710207849,0.5590932191605917,0.5565380050175236,0.9978720432863322,100.0,0.011620528729451962
ideal_s0,ideal,chrom,alın,mean,viterbi,chrom|forehead|mean|viterbi+ma,0.4336971710207849,0.5590932191605917,0.5565380050175236,0.9978720432863322,100.0,0.011620528729451962
ideal_s0,ideal,chrom,yanaklar,mean,argmax,chrom|left_cheek+right_cheek|mean|argmax,0.26817306690530057,0.31904159547375865,0.3400178832602074,0.9993102811610172,100.0,0.026951000671928682
ideal_s0,ideal,chrom,yanaklar,mean,viterbi,chrom|left_cheek+right_cheek|mean|viterbi+ma,0.26817306690530057,0.31904159547375865,0.3400178832602074,0.9993102811610172,100.0,0.026951000671928682
ideal_s0,ideal,chrom,yanaklar,snr,argmax,chrom|left_cheek+right_cheek|snr|argmax,0.262489844302018,0.316258297845924,0.3328300472053433,0.9993247697207174,100.0,0.022799484063185105
ideal_s0,ideal,chrom,yanaklar,snr,viterbi,chrom|left_cheek+right_cheek|snr|viterbi+ma,0.262489844302018,0.316258297845924,0.3328300472053433,0.9993247697207174,100.0,0.022799484063185105
ideal_s0,ideal,chrom,tüm_yüz,mean,argmax,chrom|full|mean|argmax,0.29657869825188427,0.350212122807204,0.37229578195016094,0.9991611512166622,100.0,0.01964993598475928
ideal_s0,ideal,chrom,tüm_yüz,mean,viterbi,chrom|full|mean|viterbi+ma,0.29657869825188427,0.350212122807204,0.37229578195016094,0.9991611512166622,100.0,0.01964993598475928
ideal_s0,ideal,chrom,alın+yanaklar,mean,argmax,chrom|forehead+left_cheek+right_cheek|mean|argmax,0.3649797211050839,0.4401789803385436,0.46258304814375506,0.9987012642412043,100.0,0.0012204528775612289
ideal_s0,ideal,chrom,alın+yanaklar,mean,viterbi,chrom|forehead+left_cheek+right_cheek|mean|viterbi+ma,0.3649797211050839,0.4401789803385436,0.46258304814375506,0.9987012642412043,100.0,0.0012204528775612289
ideal_s0,ideal,chrom,alın+yanaklar,snr,argmax,chrom|forehead+left_cheek+right_cheek|snr|argmax,0.2717028530061256,0.3215530620841497,0.34360397619570787,0.9992951896280887,100.0,0.021757764063920604
ideal_s0,ideal,chrom,alın+yanaklar,snr,viterbi,chrom|forehead+left_cheek+right_cheek|snr|viterbi+ma,0.2717028530061256,0.3215530620841497,0.34360397619570787,0.9992951896280887,100.0,0.021757764063920604
ideal_s0,ideal,chrom,4_bölge,mean,argmax,chrom|forehead+left_cheek+right_cheek+full|mean|argmax,0.3541489791901903,0.4245920431564276,0.4485546485054974,0.998788642434036,100.0,0.0005659639144823814
ideal_s0,ideal,chrom,4_bölge,mean,viterbi,chrom|forehead+left_cheek+right_cheek+full|mean|viterbi+ma,0.3541489791901903,0.4245920431564276,0.4485546485054974,0.998788642434036,100.0,0.0005659639144823814
ideal_s0,ideal,chrom,4_bölge,snr,argmax,chrom|forehead+left_cheek+right_cheek+full|snr|argmax,0.2795560936925863,0.3308215271311143,0.3524182805596069,0.9992532448481976,100.0,0.019990391846263833
ideal_s0,ideal,chrom,4_bölge,snr,viterbi,chrom|forehead+left_cheek+right_cheek+full|snr|viterbi+ma,0.2795560936925863,0.3308215271311143,0.3524182805596069,0.9992532448481976,100.0,0.019990391846263833
ideal_s0,ideal,pos,alın,mean,argmax,pos|forehead|mean|argmax,0.2934537637645978,0.36454328264961794,0.37618450979153195,0.9990958186907899,100.0,0.030134414032104928
ideal_s0,ideal,pos,alın,mean,viterbi,pos|forehead|mean|viterbi+ma,0.2934537637645978,0.36454328264961794,0.37618450979153195,0.9990958186907899,100.0,0.030134414032104928
ideal_s0,ideal,pos,yanaklar,mean,argmax,pos|left_cheek+right_cheek|mean|argmax,0.26589803662843453,0.3134659195835931,0.3369017839249625,0.999334186623481,100.0,0.030548657508759902
ideal_s0,ideal,pos,yanaklar,mean,viterbi,pos|left_cheek+right_cheek|mean|viterbi+ma,0.26589803662843453,0.3134659195835931,0.3369017839249625,0.999334186623481,100.0,0.030548657508759902
ideal_s0,ideal,pos,yanaklar,snr,argmax,pos|left_cheek+right_cheek|snr|argmax,0.2641042229593797,0.3115969320581494,0.33410985079965333,0.9993412069413313,100.0,0.027464606746335107
ideal_s0,ideal,pos,yanaklar,snr,viterbi,pos|left_cheek+right_cheek|snr|viterbi+ma,0.2641042229593797,0.3115969320581494,0.33410985079965333,0.9993412069413313,100.0,0.027464606746335107
ideal_s0,ideal,pos,tüm_yüz,mean,argmax,pos|full|mean|argmax,0.29911873775716896,0.35785885106003323,0.37796609224210437,0.9991257992021476,100.0,0.019337230848222475
ideal_s0,ideal,pos,tüm_yüz,mean,viterbi,pos|full|mean|viterbi+ma,0.29911873775716896,0.35785885106003323,0.37796609224210437,0.9991257992021476,100.0,0.019337230848222475
ideal_s0,ideal,pos,alın+yanaklar,mean,argmax,pos|forehead+left_cheek+right_cheek|mean|argmax,0.26922091235786344,0.3193797715485472,0.34249476369218745,0.9993079640347073,100.0,0.02989633421789506
ideal_s0,ideal,pos,alın+yanaklar,mean,viterbi,pos|forehead+left_cheek+right_cheek|mean|viterbi+ma,0.26922091235786344,0.3193797715485472,0.34249476369218745,0.9993079640347073,100.0,0.02989633421789506
ideal_s0,ideal,pos,alın+yanaklar,snr,argmax,pos|forehead+left_cheek+right_cheek|snr|argmax,0.2665705557532894,0.319662060159278,0.33905981888339,0.9993059103363048,100.0,0.026784189866063457
ideal_s0,ideal,pos,alın+yanaklar,snr,viterbi,pos|forehead+left_cheek+right_cheek|snr|viterbi+ma,0.2665705557532894,0.319662060159278,0.33905981888339,0.9993059103363048,100.0,0.026784189866063457
ideal_s0,ideal,pos,4_bölge,mean,argmax,pos|forehead+left_cheek+right_cheek+full|mean|argmax,0.27494029105557005,0.3267388222750829,0.3492526671062874,0.9992745170963504,100.0,0.027653649315965367
ideal_s0,ideal,pos,4_bölge,mean,viterbi,pos|forehead+left_cheek+right_cheek+full|mean|viterbi+ma,0.27494029105557005,0.3267388222750829,0.3492526671062874,0.9992745170963504,100.0,0.027653649315965367
ideal_s0,ideal,pos,4_bölge,snr,argmax,pos|forehead+left_cheek+right_cheek+full|snr|argmax,0.27616377710271944,0.33018245893898257,0.3504605616146702,0.9992581610818392,100.0,0.024360701213865354
ideal_s0,ideal,pos,4_bölge,snr,viterbi,pos|forehead+left_cheek+right_cheek+full|snr|viterbi+ma,0.27616377710271944,0.33018245893898257,0.3504605616146702,0.9992581610818392,100.0,0.024360701213865354
ideal_s0,ideal,lgi,alın,mean,argmax,lgi|forehead|mean|argmax,0.2905556470005932,0.3653073142587684,0.373416231009365,0.9990917741779984,100.0,0.029884270742840613
ideal_s0,ideal,lgi,alın,mean,viterbi,lgi|forehead|mean|viterbi+ma,0.2905556470005932,0.3653073142587684,0.373416231009365,0.9990917741779984,100.0,0.029884270742840613
ideal_s0,ideal,lgi,yanaklar,mean,argmax,lgi|left_cheek+right_cheek|mean|argmax,0.26907270257027344,0.3165776174189814,0.3414747214166349,0.9993215924590267,100.0,0.03177419215846555
ideal_s0,ideal,lgi,yanaklar,mean,viterbi,lgi|left_cheek+right_cheek|mean|viterbi+ma,0.26907270257027344,0.3165776174189814,0.3414747214166349,0.9993215924590267,100.0,0.03177419215846555
ideal_s0,ideal,lgi,yanaklar,snr,argmax,lgi|left_cheek+right_cheek|snr|argmax,0.26681686070987826,0.3142376803324021,0.3382002160364815,0.9993299569996748,100.0,0.027825702449646883
ideal_s0,ideal,lgi,yanaklar,snr,viterbi,lgi|left_cheek+right_cheek|snr|viterbi+ma,0.26681686070987826,0.3142376803324021,0.3382002160364815,0.9993299569996748,100.0,0.027825702449646883
ideal_s0,ideal,lgi,tüm_yüz,mean,argmax,lgi|full|mean|argmax,0.29927955354420543,0.35776938357766347,0.37814337702604933,0.999125994526854,100.0,0.019016842149483182
ideal_s0,ideal,lgi,tüm_yüz,mean,viterbi,lgi|full|mean|viterbi+ma,0.29927955354420543,0.35776938357766347,0.37814337702604933,0.999125994526854,100.0,0.019016842149483182
ideal_s0,ideal,lgi,alın+yanaklar,mean,argmax,lgi|forehead+left_cheek+right_cheek|mean|argmax,0.2693273878914211,0.31958294780241553,0.343296742235342,0.9993075785020619,100.0,0.030598959483029375
ideal_s0,ideal,lgi,alın+yanaklar,mean,viterbi,lgi|forehead+left_cheek+right_cheek|mean|viterbi+ma,0.2693273878914211,0.31958294780241553,0.343296742235342,0.9993075785020619,100.0,0.030598959483029375
ideal_s0,ideal,lgi,alın+yanaklar,snr,argmax,lgi|forehead+left_cheek+right_cheek|snr|argmax,0.26725367580390796,0.3200578401799218,0.34056157743602994,0.9993039924280306,100.0,0.026671619071052532
ideal_s0,ideal,lgi,alın+yanaklar,snr,viterbi,lgi|forehead+left_cheek+right_cheek|snr|viterbi+ma,0.26725367580390796,0.3200578401799218,0.34056157743602994,0.9993039924280306,100.0,0.026671619071052532
ideal_s0,ideal,lgi,4_bölge,mean,argmax,lgi|forehead+left_cheek+right_cheek+full|mean|argmax,0.2749948601012694,0.32683832704945126,0.34977492915613895,0.9992743160307387,100.0,0.02800124820018368
ideal_s0,ideal,lgi,4_bölge,mean,viterbi,lgi|forehead+left_cheek+right_cheek+full|mean|viterbi+ma,0.2749948601012694,0.32683832704945126,0.34977492915613895,0.9992743160307387,100.0,0.02800124820018368
ideal_s0,ideal,lgi,4_bölge,snr,argmax,lgi|forehead+left_cheek+right_cheek+full|snr|argmax,0.27696175084816393,0.33069699235253813,0.35183537017024785,0.9992555313911871,100.0,0.02401184541791679
ideal_s0,ideal,lgi,4_bölge,snr,viterbi,lgi|forehead+left_cheek+right_cheek+full|snr|viterbi+ma,0.27696175084816393,0.33069699235253813,0.35183537017024785,0.9992555313911871,100.0,0.02401184541791679
ideal_s1,ideal,green,alın,mean,argmax,green|forehead|mean|argmax,17.252964792491547,19.068342984872967,22.135857655514542,0.2902823621501845,9.803921568627452,15.949606318797777
ideal_s1,ideal,green,alın,mean,viterbi,green|forehead|mean|viterbi+ma,15.37754718261198,15.823841127852907,19.5764149347011,-0.3505637198316342,0.0,15.37754718261197
ideal_s1,ideal,green,yanaklar,mean,argmax,green|left_cheek+right_cheek|mean|argmax,0.9887610239320794,1.2164656791403932,1.2877344586056392,0.9624414270502851,100.0,0.018243876063934295
ideal_s1,ideal,green,yanaklar,mean,viterbi,green|left_cheek+right_cheek|mean|viterbi+ma,0.9887610239320794,1.2164656791403932,1.2877344586056392,0.9624414270502851,100.0,0.018243876063934295
ideal_s1,ideal,green,yanaklar,snr,argmax,green|left_cheek+right_cheek|snr|argmax,0.9884403673651941,1.2162388039956986,1.2873132042008084,0.9624501115929408,100.0,0.018555232558540524
ideal_s1,ideal,green,yanaklar,snr,viterbi,green|left_cheek+right_cheek|snr|viterbi+ma,0.9884403673651941,1.2162388039956986,1.2873132042008084,0.9624501115929408,100.0,0.018555232558540524
ideal_s1,ideal,green,tüm_yüz,mean,argmax,green|full|mean|argmax,0.9822650561228548,1.2087056316540523,1.2789028901663566,0.9615463172932093,100.0,0.02778106899968691
ideal_s1,ideal,green,tüm_yüz,mean,viterbi,green|full|mean|viterbi+ma,0.9822650561228548,1.2087056316540523,1.2789028901663566,0.9615463172932093,100.0,0.02778106899968691
ideal_s1,ideal,green,alın+yanaklar,mean,argmax,green|forehead+left_cheek+right_cheek|mean|argmax,1.4443741900358436,1.7911793809052061,1.8844595818872059,0.9447188724173095,100.0,0.013105170776725572
ideal_s1,ideal,green,alın+yanaklar,mean,viterbi,green|forehead+left_cheek+right_cheek|mean|viterbi+ma,1.4423654560573467,1.7876639917297779,1.881690371929388,0.9447850871722432,100.0,0.01109643679822625
ideal_s1,ideal,green,alın+yanaklar,snr,argmax,green|forehead+left_cheek+right_cheek|snr|argmax,0.9891199989401812,1.217097901486866,1.2882413150568572,0.9624461343899198,100.0,0.018197888463348022
ideal_s1,ideal,green,alın+yanaklar,snr,viterbi,green|forehead+left_cheek+right_cheek|snr|viterbi+ma,0.9891199989401812,1.217097901486866,1.2882413150568572,0.9624461343899198,100.0,0.018197888463348022
ideal_s1,ideal,green,4_bölge,mean,argmax,green|forehead+left_cheek+right_cheek+full|mean|argmax,1.2883189893261993,1.581900011718639,1.68032369160868,0.9520462128017587,100.0,0.00539615865298515
ideal_s1,ideal,green,4_bölge,mean,viterbi,green|forehead+left_cheek+right_cheek+full|mean|viterbi+ma,1.2942761752945713,1.5943913453909424,1.688200705856136,0.9513037665084023,100.0,0.0043952298648974875
ideal_s1,ideal,green,4_bölge,snr,argmax,green|forehead+left_cheek+right_cheek+full|snr|argmax,0.9858377408502242,1.2132100226354667,1.2838180179223624,0.9622709716062966,100.0,0.02164676066388438
ideal_s1,ideal,green,4_bölge,snr,viterbi,green|forehead+left_cheek+right_cheek+full|snr|viterbi+ma,0.9858377408502242,1.2132100226354667,1.2838180179223624,0.9622709716062966,100.0,0.02164676066388438
ideal_s1,ideal,ica,alın,mean,argmax,ica|forehead|mean|argmax,15.462951681328477,15.821278072894204,19.705499240117263,0.051763346786535144,0.0,15.46295168132849
ideal_s1,ideal,ica,alın,mean,viterbi,ica|forehead|mean|viterbi+ma,15.462951681328477,15.821278072894204,19.705499240117263,0.051763346786535144,0.0,15.46295168132849
ideal_s1,ideal,ica,yanaklar,mean,argmax,ica|left_cheek+right_cheek|mean|argmax,1.0583601686203228,1.3133889593507853,1.380372167881695,0.9555870979732621,100.0,0.015255212742346203
ideal_s1,ideal,ica,yanaklar,mean,viterbi,ica|left_cheek+right_cheek|mean|viterbi+ma,1.0583601686203228,1.3133889593507853,1.380372167881695,0.9555870979732621,100.0,0.015255212742346203
ideal_s1,ideal,ica,yanaklar,snr,argmax,ica|left_cheek+right_cheek|snr|argmax,1.0203908996935087,1.2587093165489192,1.3300446685193488,0.9592090989677455,100.0,0.01604290562602273
ideal_s1,ideal,ica,yanaklar,snr,viterbi,ica|left_cheek+right_cheek|snr|viterbi+ma,1.0203908996935087,1.2587093165489192,1.3300446685193488,0.9592090989677455,100.0,0.01604290562602273
ideal_s1,ideal,ica,tüm_yüz,mean,argmax,ica|full|mean|argmax,27.85658267547903,28.056525847751146,35.649334096318384,0.02893848346506094,0.0,27.856582675479032
ideal_s1,ideal,ica,tüm_yüz,mean,viterbi,ica|full|mean|viterbi+ma,27.85658267547903,28.056525847751146,35.649334096318384,0.02893848346506094,0.0,27.856582675479032
ideal_s1,ideal,ica,alın+yanaklar,mean,argmax,ica|forehead+left_cheek+right_cheek|mean|argmax,15.454058325039746,15.811348354301858,19.694079960813426,0.058329461935568025,0.0,15.454058325039753
ideal_s1,ideal,ica,alın+yanaklar,mean,viterbi,ica|forehead+left_cheek+right_cheek|mean|viterbi+ma,15.454058325039746,15.811348354301858,19.694079960813426,0.058329461935568025,0.0,15.454058325039753
ideal_s1,ideal,ica,alın+yanaklar,snr,argmax,ica|forehead+left_cheek+right_cheek|snr|argmax,1.0209405051291678,1.2593829479251397,1.3307675187819221,0.9592012867908172,100.0,0.01630128127902708
ideal_s1,ideal,ica,alın+yanaklar,snr,viterbi,ica|forehead+left_cheek+right_cheek|snr|viterbi+ma,1.0209405051291678,1.2593829479251397,1.3307675187819221,0.9592012867908172,100.0,0.01630128127902708
ideal_s1,ideal,ica,4_bölge,mean,argmax,ica|forehead+left_cheek+right_cheek+full|mean|argmax,15.451118070821522,15.806103735977855,19.69084371370169,0.08861796847632611,0.0,15.451118070821515
ideal_s1,ideal,ica,4_bölge,mean,viterbi,ica|forehead+left_cheek+right_cheek+full|mean|viterbi+ma,15.451118070821522,15.806103735977855,19.69084371370169,0.08861796847632611,0.0,15.451118070821515
ideal_s1,ideal,ica,4_bölge,snr,argmax,ica|forehead+left_cheek+right_cheek+full|snr|argmax,1.018018692206366,1.2542030473963912,1.3270952474380018,0.9598595583696483,100.0,0.0048840370831158
ideal_s1,ideal,ica,4_bölge,snr,viterbi,ica|forehead+left_cheek+right_cheek+full|snr|viterbi+ma,1.018018692206366,1.2542030473963912,1.3270952474380018,0.9598595583696483,100.0,0.0048840370831158
ideal_s1,ideal,chrom,alın,mean,argmax,chrom|forehead|mean|argmax,1.147007149145337,1.418444429365372,1.4931488259277175,0.950921290758457,100.0,0.020608210041928032
ideal_s1,ideal,chrom,alın,mean,viterbi,chrom|forehead|mean|viterbi+ma,1.147007149145337,1.418444429365372,1.4931488259277175,0.950921290758457,100.0,0.020608210041928032
ideal_s1,ideal,chrom,yanaklar,mean,argmax,chrom|left_cheek+right_cheek|mean|argmax,1.0389456072619994,1.2747753956752454,1.355959564073199,0.9603964348328718,100.0,0.02258620424272806
ideal_s1,ideal,chrom,yanaklar,mean,viterbi,chrom|left_cheek+right_cheek|mean|viterbi+ma,1.043652229094565,1.2824743252659438,1.3627111308951805,0.9604394501716244,100.0,0.02729282607529626
ideal_s1,ideal,chrom,yanaklar,snr,argmax,chrom|left_cheek+right_cheek|snr|argmax,1.0370930792929625,1.2737589911052092,1.3536339022964827,0.9603744081727934,100.0,0.02142739069167021
ideal_s1,ideal,chrom,yanaklar,snr,viterbi,chrom|left_cheek+right_cheek|snr|viterbi+ma,1.0370930792929625,1.2737589911052092,1.3536339022964827,0.9603744081727934,100.0,0.02142739069167021
ideal_s1,ideal,chrom,tüm_yüz,mean,argmax,chrom|full|mean|argmax,1.0195116546077914,1.2577927789767274,1.3301984716463573,0.9613070844488263,100.0,0.02309963074492316
ideal_s1,ideal,chrom,tüm_yüz,mean,viterbi,chrom|full|mean|viterbi+ma,1.0195116546077914,1.2577927789767274,1.3301984716463573,0.9613070844488263,100.0,0.02309963074492316
ideal_s1,ideal,chrom,alın+yanaklar,mean,argmax,chrom|forehead+left_cheek+right_cheek|mean|argmax,1.110396405848812,1.3826160986396578,1.4470977013825812,0.9530463242673773,100.0,0.01397250867101718
ideal_s1,ideal,chrom,alın+yanaklar,mean,viterbi,chrom|forehead+left_cheek+right_cheek|mean|viterbi+ma,1.110396405848812,1.3826160986396578,1.4470977013825812,0.9530463242673773,100.0,0.01397250867101718
ideal_s1,ideal,chrom,alın+yanaklar,snr,argmax,chrom|forehead+left_cheek+right_cheek|snr|argmax,1.0489142605213322,1.2918995289927007,1.3687901968668026,0.9590779054786855,100.0,0.01598110475940473
ideal_s1,ideal,chrom,alın+yanaklar,snr,viterbi,chrom|forehead+left_cheek+right_cheek|snr|viterbi+ma,1.0489142605213322,1.2918995289927007,1.3687901968668026,0.9590779054786855,100.0,0.01598110475940473
ideal_s1,ideal,chrom,4_bölge,mean,argmax,chrom|forehead+left_cheek+right_cheek+full|mean|argmax,1.0906915096129775,1.3620325978455048,1.421767705884381,0.9545560990213529,100.0,0.0093005794286114
ideal_s1,ideal,chrom,4_bölge,mean,viterbi,chrom|forehead+left_cheek+right_cheek+full|mean|viterbi+ma,1.0906915096129775,1.3620325978455048,1.421767705884381,0.9545560990213529,100.0,0.0093005794286114
ideal_s1,ideal,chrom,4_bölge,snr,argmax,chrom|forehead+left_cheek+right_cheek+full|snr|argmax,1.0384576839773905,1.2799776696621414,1.3551527702369204,0.9599157923209739,100.0,0.018241164603267634
ideal_s1,ideal,chrom,4_bölge,snr,viterbi,chrom|forehead+left_cheek+right_cheek+full|snr|viterbi+ma,1.0384576839773905,1.2799776696621414,1.3551527702369204,0.9599157923209739,100.0,0.018241164603267634
ideal_s1,ideal,pos,alın,mean,argmax,pos|forehead|mean|argmax,1.0440573127313375,1.2935137939618924,1.361461741056145,0.9582267831586887,100.0,0.01658344571860937
ideal_s1,ideal,pos,alın,mean,viterbi,pos|forehead|mean|viterbi+ma,1.0456584462047283,1.2961979637753909,1.3637585390613967,0.9582302098837177,100.0,0.014982312245209073
ideal_s1,ideal,pos,yanaklar,mean,argmax,pos|left_cheek+right_cheek|mean|argmax,1.0239316516425914,1.2674690606929297,1.3353409637966343,0.9588427765138327,100.0,0.0187612010234659
ideal_s1,ideal,pos,yanaklar,mean,viterbi,pos|left_cheek+right_cheek|mean|viterbi+ma,1.0239316516425914,1.2674690606929297,1.3353409637966343,0.9588427765138327,100.0,0.0187612010234659
ideal_s1,ideal,pos,yanaklar,snr,argmax,pos|left_cheek+right_cheek|snr|argmax,1.0220611605709742,1.2643913029179557,1.3327863010433245,0.9590285277886494,100.0,0.017604447253916078
ideal_s1,ideal,pos,yanaklar,snr,viterbi,pos|left_cheek+right_cheek|snr|viterbi+ma,1.0220611605709742,1.2643913029179557,1.3327863010433245,0.9590285277886494,100.0,0.017604447253916078
ideal_s1,ideal,pos,tüm_yüz,mean,argmax,pos|full|mean|argmax,1.0089939351639376,1.2570509157743894,1.315280809611481,0.9593216300650531,100.0,0.025694127353062868
ideal_s1,ideal,pos,tüm_yüz,mean,viterbi,pos|full|mean|viterbi+ma,1.0089939351639376,1.2570509157743894,1.315280809611481,0.9593216300650531,100.0,0.025694127353062868
ideal_s1,ideal,pos,alın+yanaklar,mean,argmax,pos|forehead+left_cheek+right_cheek|mean|argmax,1.0312599542680843,1.2756743688752352,1.344890830646325,0.9587091167368064,100.0,0.01568401861148061
ideal_s1,ideal,pos,alın+yanaklar,mean,viterbi,pos|forehead+left_cheek+right_cheek|mean|viterbi+ma,1.0352818293473798,1.2823062410650554,1.3506601402092149,0.9587220012786322,100.0,0.011662143532177538
ideal_s1,ideal,pos,alın+yanaklar,snr,argmax,pos|forehead+left_cheek+right_cheek|snr|argmax,1.0276838784755675,1.2715944517511264,1.3401420630918341,0.9588108399484525,100.0,0.016819939132631134
ideal_s1,ideal,pos,alın+yanaklar,snr,viterbi,pos|forehead+left_cheek+right_cheek|snr|viterbi+ma,1.0324981078119861,1.2794781137641202,1.347047990998827,0.9588289150876621,100.0,0.012005709796213182
ideal_s1,ideal,pos,4_bölge,mean,argmax,pos|forehead+left_cheek+right_cheek+full|mean|argmax,1.0266008178401558,1.2715135297632392,1.3386943547364845,0.9588657760792295,100.0,0.01799015436323259
ideal_s1,ideal,pos,4_bölge,mean,viterbi,pos|forehead+left_cheek+right_cheek+full|mean|viterbi+ma,1.0309126928076484,1.2786204670717634,1.3448796640744107,0.958878318266952,100.0,0.013678279395733739
ideal_s1,ideal,pos,4_bölge,snr,argmax,pos|forehead+left_cheek+right_cheek+full|snr|argmax,1.0221337280167824,1.266569471864791,1.3327438220799865,0.9590382595307461,100.0,0.01964251206216261
ideal_s1,ideal,pos,4_bölge,snr,viterbi,pos|forehead+left_cheek+right_cheek+full|snr|viterbi+ma,1.0221337280167824,1.266569471864791,1.3327438220799865,0.9590382595307461,100.0,0.01964251206216261
ideal_s1,ideal,lgi,alın,mean,argmax,lgi|forehead|mean|argmax,1.0545257868670006,1.304754260252578,1.3751348169092066,0.9577742107795691,100.0,0.01105002264303323
ideal_s1,ideal,lgi,alın,mean,viterbi,lgi|forehead|mean|viterbi+ma,1.0545257868670006,1.304754260252578,1.3751348169092066,0.9577742107795691,100.0,0.01105002264303323
ideal_s1,ideal,lgi,yanaklar,mean,argmax,lgi|left_cheek+right_cheek|mean|argmax,1.0257189696678188,1.2700623970020608,1.3376403442665747,0.9587345924964091,100.0,0.018951485858636374
ideal_s1,ideal,lgi,yanaklar,mean,viterbi,lgi|left_cheek+right_cheek|mean|viterbi+ma,1.0257189696678188,1.2700623970020608,1.3376403442665747,0.9587345924964091,100.0,0.018951485858636374
ideal_s1,ideal,lgi,yanaklar,snr,argmax,lgi|left_cheek+right_cheek|snr|argmax,1.025555617159818,1.2697963263949976,1.3373983553117592,0.958758062177321,100.0,0.018520893810887173
ideal_s1,ideal,lgi,yanaklar,snr,viterbi,lgi|left_cheek+right_cheek|snr|viterbi+ma,1.025555617159818,1.2697963263949976,1.3373983553117592,0.958758062177321,100.0,0.018520893810887173
ideal_s1,ideal,lgi,tüm_yüz,mean,argmax,lgi|full|mean|argmax,1.0081960928672282,1.256612290032551,1.314220996753225,0.9592926815405458,100.0,0.02609923417908533
ideal_s1,ideal,lgi,tüm_yüz,mean,viterbi,lgi|full|mean|viterbi+ma,1.0081960928672282,1.256612290032551,1.314220996753225,0.9592926815405458,100.0,0.02609923417908533
ideal_s1,ideal,lgi,alın+yanaklar,mean,argmax,lgi|forehead+left_cheek+right_cheek|mean|argmax,1.0338707280091246,1.2785782279848321,1.3483104352902973,0.9585927143643395,100.0,0.015022465649934702
ideal_s1,ideal,lgi,alın+yanaklar,mean,viterbi,lgi|forehead+left_cheek+right_cheek|mean|viterbi+ma,1.037726443048837,1.2849351342724489,1.3538413911782379,0.9586058246889111,100.0,0.011166750610229315
ideal_s1,ideal,lgi,alın+yanaklar,snr,argmax,lgi|forehead+left_cheek+right_cheek|snr|argmax,1.0312917209294141,1.276524183500295,1.3449597559197315,0.9585755089847385,100.0,0.014813104402350064
ideal_s1,ideal,lgi,alın+yanaklar,snr,viterbi,lgi|forehead+left_cheek+right_cheek|snr|viterbi+ma,1.0353894218048334,1.2832701107567686,1.350837836262933,0.9585892071276941,100.0,0.010715403526930345
ideal_s1,ideal,lgi,4_bölge,mean,argmax,lgi|forehead+left_cheek+right_cheek+full|mean|argmax,1.0281271013479476,1.2732891236916286,1.3406902006429517,0.9587908703884335,100.0,0.01765081360368015
ideal_s1,ideal,lgi,4_bölge,mean,viterbi,lgi|forehead+left_cheek+right_cheek+full|mean|viterbi+ma,1.0323620182532411,1.2802663733895603,1.3467651149846553,0.9588038330016896,100.0,0.013415896698390384
ideal_s1,ideal,lgi,4_bölge,snr,argmax,lgi|forehead+left_cheek+right_cheek+full|snr|argmax,1.0239955181951896,1.2693854783176626,1.3352327060232358,0.9588964060396094,100.0,0.018612516484537878
ideal_s1,ideal,lgi,4_bölge,snr,viterbi,lgi|forehead+left_cheek+right_cheek+full|snr|viterbi+ma,1.0285704002696139,1.276913168571984,1.341795294462878,0.9589096747453838,100.0,0.01403763441011563
ideal_s2,ideal,green,alın,mean,argmax,green|forehead|mean|argmax,10.297495237253674,11.819803638651754,13.30817166876352,-0.2972395941883826,23.52941176470588,5.324240333214462
ideal_s2,ideal,green,alın,mean,viterbi,green|forehead|mean|viterbi+ma,9.767605322487803,10.950738562345931,12.347042768176324,-0.2201092105094341,17.647058823529413,8.445450874516723
ideal_s2,ideal,green,yanaklar,mean,argmax,green|left_cheek+right_cheek|mean|argmax,0.4063514880260667,0.516347322776842,0.5261849068678459,0.9973122608523942,100.0,0.04902182008933664
ideal_s2,ideal,green,yanaklar,mean,viterbi,green|left_cheek+right_cheek|mean|viterbi+ma,0.4063514880260667,0.516347322776842,0.5261849068678459,0.9973122608523942,100.0,0.04902182008933664
ideal_s2,ideal,green,yanaklar,snr,argmax,green|left_cheek+right_cheek|snr|argmax,0.4037633313967187,0.5132532354424222,0.522844264288149,0.9973445809010394,100.0,0.04798416045053955
ideal_s2,ideal,green,yanaklar,snr,viterbi,green|left_cheek+right_cheek|snr|viterbi+ma,0.4037633313967187,0.5132532354424222,0.522844264288149,0.9973445809010394,100.0,0.04798416045053955
ideal_s2,ideal,green,tüm_yüz,mean,argmax,green|full|mean|argmax,0.4724340835717189,0.6052094251302378,0.6219710471828415,0.9963138050601293,100.0,0.04350357188900489
ideal_s2,ideal,green,tüm_yüz,mean,viterbi,green|full|mean|viterbi+ma,0.4724340835717189,0.6052094251302378,0.6219710471828415,0.9963138050601293,100.0,0.04350357188900489
ideal_s2,ideal,green,alın+yanaklar,mean,argmax,green|forehead+left_cheek+right_cheek|mean|argmax,1.607875316381594,3.3521981110399457,2.03977290937664,0.8895032094803836,96.07843137254902,0.6013930119935509
ideal_s2,ideal,green,alın+yanaklar,mean,viterbi,green|forehead+left_cheek+right_cheek|mean|viterbi+ma,1.0156163224021588,1.2598714571399519,1.3366524322169193,0.9853946042654452,100.0,0.02574984040350614
ideal_s2,ideal,green,alın+yanaklar,snr,argmax,green|forehead+left_cheek+right_cheek|snr|argmax,0.4038066453911995,0.5135785819922888,0.5229401233873617,0.9973421057697981,100.0,0.048659221589787194
ideal_s2,ideal,green,alın+yanaklar,snr,viterbi,green|forehead+left_cheek+right_cheek|snr|viterbi+ma,0.4038066453911995,0.5135785819922888,0.5229401233873617,0.9973421057697981,100.0,0.048659221589787194
ideal_s2,ideal,green,4_bölge,mean,argmax,green|forehead+left_cheek+right_cheek+full|mean|argmax,0.8007317173148056,1.001082162838524,1.0535552645969384,0.9907147017789617,100.0,0.017709754810738332
ideal_s2,ideal,green,4_bölge,mean,viterbi,green|forehead+left_cheek+right_cheek+full|mean|viterbi+ma,0.8051233211719164,1.0131265306271522,1.059267989876096,0.9904739309458266,100.0,0.013318150953637087
ideal_s2,ideal,green,4_bölge,snr,argmax,green|forehead+left_cheek+right_cheek+full|snr|argmax,0.41818140773385815,0.5329494545637985,0.5439246224934742,0.997141633180966,100.0,0.049780724484733696
ideal_s2,ideal,green,4_bölge,snr,viterbi,green|forehead+left_cheek+right_cheek+full|snr|viterbi+ma,0.41818140773385815,0.5329494545637985,0.5439246224934742,0.997141633180966,100.0,0.049780724484733696
ideal_s2,ideal,ica,alın,mean,argmax,ica|forehead|mean|argmax,9.702781856539401,10.929119631325507,12.236054111168613,-0.1667976073307538,19.607843137254903,8.536422860201355
ideal_s2,ideal,ica,alın,mean,viterbi,ica|forehead|mean|viterbi+ma,9.702781856539401,10.929119631325507,12.236054111168613,-0.1667976073307538,19.607843137254903,8.536422860201355
ideal_s2,ideal,ica,yanaklar,mean,argmax,ica|left_cheek+right_cheek|mean|argmax,12.408500981576367,14.550016578781817,15.747756636401341,0.0804116638023774,25.49019607843137,1.8601952019595558
ideal_s2,ideal,ica,yanaklar,mean,viterbi,ica|left_cheek+right_cheek|mean|viterbi+ma,9.704475410831126,10.953307687031721,12.232983141679481,-0.07194164555255204,25.49019607843137,8.54260202165753
ideal_s2,ideal,ica,yanaklar,snr,argmax,ica|left_cheek+right_cheek|snr|argmax,13.294632957053574,15.824328992910665,17.024107960113817,0.037786737132186644,23.52941176470588,0.8935239102176098
ideal_s2,ideal,ica,yanaklar,snr,viterbi,ica|left_cheek+right_cheek|snr|viterbi+ma,9.515470029755777,10.834804436911632,11.975153896113257,0.03685958933079759,27.450980392156865,8.436949032837717
ideal_s2,ideal,ica,tüm_yüz,mean,argmax,ica|full|mean|argmax,9.66929101910481,10.921009288447765,12.18061760869885,0.11461500758360425,23.52941176470588,8.57590321931211
ideal_s2,ideal,ica,tüm_yüz,mean,viterbi,ica|full|mean|viterbi+ma,9.66929101910481,10.921009288447765,12.18061760869885,0.11461500758360425,23.52941176470588,8.57590321931211
ideal_s2,ideal,ica,alın+yanaklar,mean,argmax,ica|forehead+left_cheek+right_cheek|mean|argmax,9.575032526196159,10.828825280504374,12.073923264586037,0.02930844759516214,19.607843137254903,7.887940510785498
ideal_s2,ideal,ica,alın+yanaklar,mean,viterbi,ica|forehead+left_cheek+right_cheek|mean|viterbi+ma,9.711362024099119,10.932415420302418,12.24895502766175,-0.1458270116582728,19.607843137254903,8.535455704607088
ideal_s2,ideal,ica,alın+yanaklar,snr,argmax,ica|forehead+left_cheek+right_cheek|snr|argmax,9.634754443100915,10.874603341798158,12.146661190739996,-0.12417871156011473,23.52941176470588,8.467688009282995
ideal_s2,ideal,ica,alın+yanaklar,snr,viterbi,ica|forehead+left_cheek+right_cheek|snr|viterbi+ma,9.634754443100915,10.874603341798158,12.146661190739996,-0.12417871156011473,23.52941176470588,8.467688009282995
ideal_s2,ideal,ica,4_bölge,mean,argmax,ica|forehead+left_cheek+right_cheek+full|mean|argmax,9.6229098009308,10.868953341489137,12.13721850771351,0.0043101318472836695,19.607843137254903,7.564521454757056
ideal_s2,ideal,ica,4_bölge,mean,viterbi,ica|forehead+left_cheek+right_cheek+full|mean|viterbi+ma,9.708364445930286,10.933526458963692,12.244211332875835,-0.1408468406785773,19.607843137254903,8.538277306833592
ideal_s2,ideal,ica,4_bölge,snr,argmax,ica|forehead+left_cheek+right_cheek+full|snr|argmax,9.659921412380307,10.911636021515806,12.168944297467336,0.14318638179775486,23.52941176470588,8.567944388820933
ideal_s2,ideal,ica,4_bölge,snr,viterbi,ica|forehead+left_cheek+right_cheek+full|snr|viterbi+ma,9.659921412380307,10.911636021515806,12.168944297467336,0.14318638179775486,23.52941176470588,8.567944388820933
ideal_s2,ideal,chrom,alın,mean,argmax,chrom|forehead|mean|argmax,0.47716683892081185,0.6137105385219624,0.6213035393481529,0.9965744505448093,100.0,0.009995726875970945
ideal_s2,ideal,chrom,alın,mean,viterbi,chrom|forehead|mean|viterbi+ma,0.47716683892081185,0.6137105385219624,0.6213035393481529,0.9965744505448093,100.0,0.009995726875970945
ideal_s2,ideal,chrom,yanaklar,mean,argmax,chrom|left_cheek+right_cheek|mean|argmax,0.4003466740623054,0.5129622115227476,0.5208631546669822,0.9974402779303508,100.0,0.03248626421277834
ideal_s2,ideal,chrom,yanaklar,mean,viterbi,chrom|left_cheek+right_cheek|mean|viterbi+ma,0.4003466740623054,0.5129622115227476,0.5208631546669822,0.9974402779303508,100.0,0.03248626421277834
ideal_s2,ideal,chrom,yanaklar,snr,argmax,chrom|left_cheek+right_cheek|snr|argmax,0.40276315131916196,0.5127051149880456,0.5242747939818709,0.9974524870396001,100.0,0.03710339658896089
ideal_s2,ideal,chrom,yanaklar,snr,viterbi,chrom|left_cheek+right_cheek|snr|viterbi+ma,0.40276315131916196,0.5127051149880456,0.5242747939818709,0.9974524870396001,100.0,0.03710339658896089
ideal_s2,ideal,chrom,tüm_yüz,mean,argmax,chrom|full|mean|argmax,0.41452706457236743,0.5305148982029112,0.5372621006867916,0.9973542887447281,100.0,0.023682285619614163
ideal_s2,ideal,chrom,tüm_yüz,mean,viterbi,chrom|full|mean|viterbi+ma,0.41452706457236743,0.5305148982029112,0.5372621006867916,0.9973542887447281,100.0,0.023682285619614163
ideal_s2,ideal,chrom,alın+yanaklar,mean,argmax,chrom|forehead+left_cheek+right_cheek|mean|argmax,0.4131102221015213,0.5532258011052384,0.5292430505314094,0.9972202326096455,100.0,0.026296733848354847
ideal_s2,ideal,chrom,alın+yanaklar,mean,viterbi,chrom|forehead+left_cheek+right_cheek|mean|viterbi+ma,0.4131102221015213,0.5532258011052384,0.5292430505314094,0.9972202326096455,100.0,0.026296733848354847
ideal_s2,ideal,chrom,alın+yanaklar,snr,argmax,chrom|forehead+left_cheek+right_cheek|snr|argmax,0.39118065045406486,0.5017981148229366,0.5077001427838717,0.9975688214294575,100.0,0.03212481694413327
ideal_s2,ideal,chrom,alın+yanaklar,snr,viterbi,chrom|forehead+left_cheek+right_cheek|snr|viterbi+ma,0.39118065045406486,0.5017981148229366,0.5077001427838717,0.9975688214294575,100.0,0.03212481694413327
ideal_s2,ideal,chrom,4_bölge,mean,argmax,chrom|forehead+left_cheek+right_cheek+full|mean|argmax,0.4148947246051968,0.5565583424842221,0.5319243399399753,0.9971650043994058,100.0,0.03112149991019919
ideal_s2,ideal,chrom,4_bölge,mean,viterbi,chrom|forehead+left_cheek+right_cheek+full|mean|viterbi+ma,0.4148947246051968,0.5565583424842221,0.5319243399399753,0.9971650043994058,100.0,0.03112149991019919
ideal_s2,ideal,chrom,4_bölge,snr,argmax,chrom|forehead+left_cheek+right_cheek+full|snr|argmax,0.3989453443963081,0.5125078744921101,0.5174236165758395,0.9974870936446913,100.0,0.02864206995282359
ideal_s2,ideal,chrom,4_bölge,snr,viterbi,chrom|forehead+left_cheek+right_cheek+full|snr|viterbi+ma,0.3989453443963081,0.5125078744921101,0.5174236165758395,0.9974870936446913,100.0,0.02864206995282359
ideal_s2,ideal,pos,alın,mean,argmax,pos|forehead|mean|argmax,0.3847111685814397,0.5106354986771227,0.4985255290772559,0.9974604062723186,100.0,0.0516952314638246
ideal_s2,ideal,pos,alın,mean,viterbi,pos|forehead|mean|viterbi+ma,0.3847111685814397,0.5106354986771227,0.4985255290772559,0.9974604062723186,100.0,0.0516952314638246
ideal_s2,ideal,pos,yanaklar,mean,argmax,pos|left_cheek+right_cheek|mean|argmax,0.3907103014788013,0.5078684104708022,0.5073811285576555,0.9974913954995805,100.0,0.04364936709241363
ideal_s2,ideal,pos,yanaklar,mean,viterbi,pos|left_cheek+right_cheek|mean|viterbi+ma,0.3907103014788013,0.5078684104708022,0.5073811285576555,0.9974913954995805,100.0,0.04364936709241363
ideal_s2,ideal,pos,yanaklar,snr,argmax,pos|left_cheek+right_cheek|snr|argmax,0.38976445106504715,0.5045996982665834,0.5063197634948768,0.9975201800282761,100.0,0.042285360727916554
ideal_s2,ideal,pos,yanaklar,snr,viterbi,pos|left_cheek+right_cheek|snr|viterbi+ma,0.38976445106504715,0.5045996982665834,0.5063197634948768,0.9975201800282761,100.0,0.042285360727916554
ideal_s2,ideal,pos,tüm_yüz,mean,argmax,pos|full|mean|argmax,0.4119697195885972,0.533831709802828,0.5330400809105048,0.9972600095521155,100.0,0.03965108533223827
ideal_s2,ideal,pos,tüm_yüz,mean,viterbi,pos|full|mean|viterbi+ma,0.4119697195885972,0.533831709802828,0.5330400809105048,0.9972600095521155,100.0,0.03965108533223827
ideal_s2,ideal,pos,alın+yanaklar,mean,argmax,pos|forehead+left_cheek+right_cheek|mean|argmax,0.38648834588790004,0.5054273058873127,0.5017050809298693,0.9975163550843719,100.0,0.04511928451223923
ideal_s2,ideal,pos,alın+yanaklar,mean,viterbi,pos|forehead+left_cheek+right_cheek|mean|viterbi+ma,0.38648834588790004,0.5054273058873127,0.5017050809298693,0.9975163550843719,100.0,0.04511928451223923
ideal_s2,ideal,pos,alın+yanaklar,snr,argmax,pos|forehead+left_cheek+right_cheek|snr|argmax,0.38393366843913873,0.5008789583728815,0.4981047457969422,0.9975542450957635,100.0,0.04485742971971263
ideal_s2,ideal,pos,alın+yanaklar,snr,viterbi,pos|forehead+left_cheek+right_cheek|snr|viterbi+ma,0.38393366843913873,0.5008789583728815,0.4981047457969422,0.9975542450957635,100.0,0.04485742971971263
ideal_s2,ideal,pos,4_bölge,mean,argmax,pos|forehead+left_cheek+right_cheek+full|mean|argmax,0.3907666701240025,0.5112540018180579,0.5068507749910207,0.9974657849594035,100.0,0.04400488062533725
ideal_s2,ideal,pos,4_bölge,mean,viterbi,pos|forehead+left_cheek+right_cheek+full|mean|viterbi+ma,0.3907666701240025,0.5112540018180579,0.5068507749910207,0.9974657849594035,100.0,0.04400488062533725
ideal_s2,ideal,pos,4_bölge,snr,argmax,pos|forehead+left_cheek+right_cheek+full|snr|argmax,0.3906047209593425,0.5104228170457555,0.5063730490367334,0.9974713571559977,100.0,0.04344421636406537
ideal_s2,ideal,pos,4_bölge,snr,viterbi,pos|forehead+left_cheek+right_cheek+full|snr|viterbi+ma,0.3906047209593425,0.5104228170457555,0.5063730490367334,0.9974713571559977,100.0,0.04344421636406537
ideal_s2,ideal,lgi,alın,mean,argmax,lgi|forehead|mean|argmax,0.3898971486112491,0.5199963168636477,0.5057544303483401,0.9973766113405271,100.0,0.04984412984639164
ideal_s2,ideal,lgi,alın,mean,viterbi,lgi|forehead|mean|viterbi+ma,0.3898971486112491,0.5199963168636477,0.5057544303483401,0.9973766113405271,100.0,0.04984412984639164
ideal_s2,ideal,lgi,yanaklar,mean,argmax,lgi|left_cheek+right_cheek|mean|argmax,0.38990994723159655,0.5066026529672709,0.5066764733382347,0.997504521425935,100.0,0.04368310117195051
ideal_s2,ideal,lgi,yanaklar,mean,viterbi,lgi|left_cheek+right_cheek|mean|viterbi+ma,0.38990994723159655,0.5066026529672709,0.5066764733382347,0.997504521425935,100.0,0.04368310117195051
ideal_s2,ideal,lgi,yanaklar,snr,argmax,lgi|left_cheek+right_cheek|snr|argmax,0.38817626181052206,0.5026360032014625,0.5046527012982464,0.9975387521971848,100.0,0.04203518684305152
ideal_s2,ideal,lgi,yanaklar,snr,viterbi,lgi|left_cheek+right_cheek|snr|viterbi+ma,0.38817626181052206,0.5026360032014625,0.5046527012982464,0.9975387521971848,100.0,0.04203518684305152
ideal_s2,ideal,lgi,tüm_yüz,mean,argmax,lgi|full|mean|argmax,0.4123750278147586,0.534859665859274,0.5334710878809468,0.997250338437003,100.0,0.03937812643884797
ideal_s2,ideal,lgi,tüm_yüz,mean,viterbi,lgi|full|mean|viterbi+ma,0.4123750278147586,0.534859665859274,0.5334710878809468,0.997250338437003,100.0,0.03937812643884797
ideal_s2,ideal,lgi,alın+yanaklar,mean,argmax,lgi|forehead+left_cheek+right_cheek|mean|argmax,0.38682292307955163,0.5048295336005931,0.5023884023369685,0.9975247859398817,100.0,0.04486166062261532
ideal_s2,ideal,lgi,alın+yanaklar,mean,viterbi,lgi|forehead+left_cheek+right_cheek|mean|viterbi+ma,0.38682292307955163,0.5048295336005931,0.5023884023369685,0.9975247859398817,100.0,0.04486166062261532
ideal_s2,ideal,lgi,alın+yanaklar,snr,argmax,lgi|forehead+left_cheek+right_cheek|snr|argmax,0.38567624760130215,0.5011472696427128,0.5008878394415246,0.9975540002474962,100.0,0.043829243618887403
ideal_s2,ideal,lgi,alın+yanaklar,snr,viterbi,lgi|forehead+left_cheek+right_cheek|snr|viterbi+ma,0.38567624760130215,0.5011472696427128,0.5008878394415246,0.9975540002474962,100.0,0.043829243618887403
ideal_s2,ideal,lgi,4_bölge,mean,argmax,lgi|forehead+left_cheek+right_cheek+full|mean|argmax,0.39044683398280766,0.5107813487292535,0.5065943861567688,0.9974727644088107,100.0,0.04376737463421421
ideal_s2,ideal,lgi,4_bölge,mean,viterbi,lgi|forehead+left_cheek+right_cheek+full|mean|viterbi+ma,0.39044683398280766,0.5107813487292535,0.5065943861567688,0.9974727644088107,100.0,0.04376737463421421
ideal_s2,ideal,lgi,4_bölge,snr,argmax,lgi|forehead+left_cheek+right_cheek+full|snr|argmax,0.3909961770073829,0.5109847988545061,0.5071266639637333,0.997468226657527,100.0,0.04262191520203373
ideal_s2,ideal,lgi,4_bölge,snr,viterbi,lgi|forehead+left_cheek+right_cheek+full|snr|viterbi+ma,0.3909961770073829,0.5109847988545061,0.5071266639637333,0.997468226657527,100.0,0.04262191520203373
noise_s0,noise,green,alın,mean,argmax,green|forehead|mean|argmax,16.304791800274188,20.88991744729274,18.84009126690293,-0.7329180739394252,33.33333333333333,14.533155652965704
noise_s0,noise,green,alın,mean,viterbi,green|forehead|mean|viterbi+ma,17.8794404267233,22.131839092017664,20.70150903985492,-0.8531385826572939,31.372549019607842,16.10780427941482
noise_s0,noise,green,yanaklar,mean,argmax,green|left_cheek+right_cheek|mean|argmax,0.2523129616303634,0.30772969736198236,0.32276159773134866,0.9993868424556436,100.0,0.0659196461563738
noise_s0,noise,green,yanaklar,mean,viterbi,green|left_cheek+right_cheek|mean|viterbi+ma,0.2523129616303634,0.30772969736198236,0.32276159773134866,0.9993868424556436,100.0,0.0659196461563738
noise_s0,noise,green,yanaklar,snr,argmax,green|left_cheek+right_cheek|snr|argmax,0.25740884745763937,0.30898098587708167,0.32824962799190244,0.999391372093329,100.0,0.07403403428263289
noise_s0,noise,green,yanaklar,snr,viterbi,green|left_cheek+right_cheek|snr|viterbi+ma,0.25740884745763937,0.30898098587708167,0.32824962799190244,0.999391372093329,100.0,0.07403403428263289
noise_s0,noise,green,tüm_yüz,mean,argmax,green|full|mean|argmax,0.30988188422322016,0.374202107347456,0.3922896973216527,0.9990542239998974,100.0,0.02941104501088887
noise_s0,noise,green,tüm_yüz,mean,viterbi,green|full|mean|viterbi+ma,0.30988188422322016,0.374202107347456,0.3922896973216527,0.9990542239998974,100.0,0.02941104501088887
noise_s0,noise,green,alın+yanaklar,mean,argmax,green|forehead+left_cheek+right_cheek|mean|argmax,0.544016779425094,0.6987972885735417,0.7015911890496217,0.9966345663995402,100.0,0.04951818941887609
noise_s0,noise,green,alın+yanaklar,mean,viterbi,green|forehead+left_cheek+right_cheek|mean|viterbi+ma,0.544016779425094,0.6987972885735417,0.7015911890496217,0.9966345663995402,100.0,0.04951818941887609
noise_s0,noise,green,alın+yanaklar,snr,argmax,green|forehead+left_cheek+right_cheek|snr|argmax,0.2579831655706131,0.31009120183045885,0.3291482952286453,0.9993853135667328,100.0,0.07285376783858055
noise_s0,noise,green,alın+yanaklar,snr,viterbi,green|forehead+left_cheek+right_cheek|snr|viterbi+ma,0.2579831655706131,0.31009120183045885,0.3291482952286453,0.9993853135667328,100.0,0.07285376783858055
noise_s0,noise,green,4_bölge,mean,argmax,green|forehead+left_cheek+right_cheek+full|mean|argmax,0.42786303256193037,0.540865352373304,0.5520342699810643,0.9979971791964201,100.0,0.05694111285144743
noise_s0,noise,green,4_bölge,mean,viterbi,green|forehead+left_cheek+right_cheek+full|mean|viterbi+ma,0.42786303256193037,0.540865352373304,0.5520342699810643,0.9979971791964201,100.0,0.05694111285144743
noise_s0,noise,green,4_bölge,snr,argmax,green|forehead+left_cheek+right_cheek+full|snr|argmax,0.2602873688344262,0.3162776309970682,0.33188897304075016,0.9993374226380087,100.0,0.049784819151554416
noise_s0,noise,green,4_bölge,snr,viterbi,green|forehead+left_cheek+right_cheek+full|snr|viterbi+ma,0.2602873688344262,0.3162776309970682,0.33188897304075016,0.9993374226380087,100.0,0.049784819151554416
noise_s0,noise,ica,alın,mean,argmax,ica|forehead|mean|argmax,18.76463939623178,21.5163853597942,22.24058071143658,0.020241983341293537,9.803921568627452,18.764639396231786
noise_s0,noise,ica,alın,mean,viterbi,ica|forehead|mean|viterbi+ma,22.291948451926793,23.860776444028183,26.573588984031147,-0.020160557675548935,0.0,22.291948451926814
noise_s0,noise,ica,yanaklar,mean,argmax,ica|left_cheek+right_cheek|mean|argmax,0.24341871804594503,0.3041441109203711,0.3043925636239237,0.9993895085192425,100.0,0.05344427792294937
noise_s0,noise,ica,yanaklar,mean,viterbi,ica|left_cheek+right_cheek|mean|viterbi+ma,0.24341871804594503,0.3041441109203711,0.3043925636239237,0.9993895085192425,100.0,0.05344427792294937
noise_s0,noise,ica,yanaklar,snr,argmax,ica|left_cheek+right_cheek|snr|argmax,0.3085038338357619,0.3754208567792963,0.38084706483939124,0.9990463216495669,100.0,0.05067248952015291
noise_s0,noise,ica,yanaklar,snr,viterbi,ica|left_cheek+right_cheek|snr|viterbi+ma,0.3085038338357619,0.3754208567792963,0.38084706483939124,0.9990463216495669,100.0,0.05067248952015291
noise_s0,noise,ica,tüm_yüz,mean,argmax,ica|full|mean|argmax,0.3415743687081721,0.39854984501091967,0.4297304188669264,0.9989082756600348,100.0,0.0036102266114710346
noise_s0,noise,ica,tüm_yüz,mean,viterbi,ica|full|mean|viterbi+ma,0.3415743687081721,0.39854984501091967,0.4297304188669264,0.9989082756600348,100.0,0.0036102266114710346
noise_s0,noise,ica,alın+yanaklar,mean,argmax,ica|forehead+left_cheek+right_cheek|mean|argmax,14.508833139767676,17.345045876001674,17.366635140632113,-0.12516726968635522,21.568627450980394,10.9351289530766
noise_s0,noise,ica,alın+yanaklar,mean,viterbi,ica|forehead+left_cheek+right_cheek|mean|viterbi+ma,9.385581765116164,11.292673668841932,10.999783068055605,0.13448021608354502,35.294117647058826,7.4805823562005
noise_s0,noise,ica,alın+yanaklar,snr,argmax,ica|forehead+left_cheek+right_cheek|snr|argmax,0.30983102726527645,0.37725095636844963,0.38276060722035576,0.9990359536799047,100.0,0.04926505206270804
noise_s0,noise,ica,alın+yanaklar,snr,viterbi,ica|forehead+left_cheek+right_cheek|snr|viterbi+ma,0.30983102726527645,0.37725095636844963,0.38276060722035576,0.9990359536799047,100.0,0.04926505206270804
noise_s0,noise,ica,4_bölge,mean,argmax,ica|forehead+left_cheek+right_cheek+full|mean|argmax,16.821052591338187,19.88040604083223,20.273567411782007,0.03479439102262219,11.76470588235294,9.799024257580783
noise_s0,noise,ica,4_bölge,mean,viterbi,ica|forehead+left_cheek+right_cheek+full|mean|viterbi+ma,9.387388083628084,11.291614778582941,11.002897253654906,0.14871651696762206,31.372549019607842,7.485595743721589
noise_s0,noise,ica,4_bölge,snr,argmax,ica|forehead+left_cheek+right_cheek+full|snr|argmax,0.2997312832906078,0.36145799318705313,0.37552316308734035,0.9991087891689814,100.0,0.02846500376597305
noise_s0,noise,ica,4_bölge,snr,viterbi,ica|forehead+left_cheek+right_cheek+full|snr|viterbi+ma,0.2997312832906078,0.36145799318705313,0.37552316308734035,0.9991087891689814,100.0,0.02846500376597305
noise_s0,noise,chrom,alın,mean,argmax,chrom|forehead|mean|argmax,6.425117608094048,18.366654262654205,9.308234937279957,-0.025892998801814886,88.23529411764706,5.708183067242516
noise_s0,noise,chrom,alın,mean,viterbi,chrom|forehead|mean|viterbi+ma,1.5951105991341286,2.8271380240540087,2.1859694965088248,0.9545160786143634,90.19607843137256,0.8690462951010147
noise_s0,noise,chrom,yanaklar,mean,argmax,chrom|left_cheek+right_cheek|mean|argmax,0.384964984488551,0.4764983526412682,0.4754927269952074,0.998502323851358,100.0,0.07201678458727656
noise_s0,noise,chrom,yanaklar,mean,viterbi,chrom|left_cheek+right_cheek|mean|viterbi+ma,0.384964984488551,0.4764983526412682,0.4754927269952074,0.998502323851358,100.0,0.07201678458727656
noise_s0,noise,chrom,yanaklar,snr,argmax,chrom|left_cheek+right_cheek|snr|argmax,0.48149559831236277,0.571031659134696,0.5929513931810948,0.9978757095438243,100.0,0.07115678322888641
noise_s0,noise,chrom,yanaklar,snr,viterbi,chrom|left_cheek+right_cheek|snr|viterbi+ma,0.48149559831236277,0.571031659134696,0.5929513931810948,0.9978757095438243,100.0,0.07115678322888641
noise_s0,noise,chrom,tüm_yüz,mean,argmax,chrom|full|mean|argmax,0.41123044936503406,0.4655364877986195,0.5086182486898216,0.9985101954692831,100.0,0.024128018197401957
noise_s0,noise,chrom,tüm_yüz,mean,viterbi,chrom|full|mean|viterbi+ma,0.41123044936503406,0.4655364877986195,0.5086182486898216,0.9985101954692831,100.0,0.024128018197401957
noise_s0,noise,chrom,alın+yanaklar,mean,argmax,chrom|forehead+left_cheek+right_cheek|mean|argmax,0.3528608581991634,0.4279160350773299,0.45379139321254325,0.9987347574807252,100.0,0.013911070891865052
noise_s0,noise,chrom,alın+yanaklar,mean,viterbi,chrom|forehead+left_cheek+right_cheek|mean|viterbi+ma,0.3528608581991634,0.4279160350773299,0.45379139321254325,0.9987347574807252,100.0,0.013911070891865052
noise_s0,noise,chrom,alın+yanaklar,snr,argmax,chrom|forehead+left_cheek+right_cheek|snr|argmax,0.43109133415086653,0.5333470676520407,0.5370038397159429,0.9980437679234457,100.0,0.03256947088294737
noise_s0,noise,chrom,alın+yanaklar,snr,viterbi,chrom|forehead+left_cheek+right_cheek|snr|viterbi+ma,0.43109133415086653,0.5333470676520407,0.5370038397159429,0.9980437679234457,100.0,0.03256947088294737
noise_s0,noise,chrom,4_bölge,mean,argmax,chrom|forehead+left_cheek+right_cheek+full|mean|argmax,0.33220229495262094,0.39374711336941237,0.42517781215333583,0.9989289360263536,100.0,0.0034819893014059744
noise_s0,noise,chrom,4_bölge,mean,viterbi,chrom|forehead+left_cheek+right_cheek+full|mean|viterbi+ma,0.33220229495262094,0.39374711336941237,0.42517781215333583,0.9989289360263536,100.0,0.0034819893014059744
noise_s0,noise,chrom,4_bölge,snr,argmax,chrom|forehead+left_cheek+right_cheek+full|snr|argmax,0.3860421258641783,0.4461577259353105,0.47779314004914664,0.9986250394356507,100.0,0.012456823335085687
noise_s0,noise,chrom,4_bölge,snr,viterbi,chrom|forehead+left_cheek+right_cheek+full|snr|viterbi+ma,0.3860421258641783,0.4461577259353105,0.47779314004914664,0.9986250394356507,100.0,0.012456823335085687
noise_s0,noise,pos,alın,mean,argmax,pos|forehead|mean|argmax,1.910436138406131,8.932308515096722,2.732859680089494,0.5912625806968018,98.0392156862745,1.3103791286981732
noise_s0,noise,pos,alın,mean,viterbi,pos|forehead|mean|viterbi+ma,0.6727098808924531,0.8454753305820909,0.8665460051611716,0.9950927330227678,100.0,0.057745299177241805
noise_s0,noise,pos,yanaklar,mean,argmax,pos|left_cheek+right_cheek|mean|argmax,0.2995694706861773,0.36359806837755937,0.36195448003710295,0.9991207855127265,100.0,0.04683477170326
noise_s0,noise,pos,yanaklar,mean,viterbi,pos|left_cheek+right_cheek|mean|viterbi+ma,0.2995694706861773,0.36359806837755937,0.36195448003710295,0.9991207855127265,100.0,0.04683477170326
noise_s0,noise,pos,yanaklar,snr,argmax,pos|left_cheek+right_cheek|snr|argmax,0.3365130285052463,0.40864216472363407,0.40988230114925706,0.9989114605619599,100.0,0.0921004366642677
noise_s0,noise,pos,yanaklar,snr,viterbi,pos|left_cheek+right_cheek|snr|viterbi+ma,0.3365130285052463,0.40864216472363407,0.40988230114925706,0.9989114605619599,100.0,0.0921004366642677
noise_s0,noise,pos,tüm_yüz,mean,argmax,pos|full|mean|argmax,0.3400333743052686,0.3972400863426878,0.4306199898708953,0.9989211297142219,100.0,0.01006265779541593
noise_s0,noise,pos,tüm_yüz,mean,viterbi,pos|full|mean|viterbi+ma,0.3400333743052686,0.3972400863426878,0.4306199898708953,0.9989211297142219,100.0,0.01006265779541593
noise_s0,noise,pos,alın+yanaklar,mean,argmax,pos|forehead+left_cheek+right_cheek|mean|argmax,0.24836376775169602,0.2952492763535913,0.31901934801373505,0.999410538919829,100.0,0.0387395924969951
noise_s0,noise,pos,alın+yanaklar,mean,viterbi,pos|forehead+left_cheek+right_cheek|mean|viterbi+ma,0.24836376775169602,0.2952492763535913,0.31901934801373505,0.999410538919829,100.0,0.0387395924969951
noise_s0,noise,pos,alın+yanaklar,snr,argmax,pos|forehead+left_cheek+right_cheek|snr|argmax,0.27562989557747514,0.3523151800529649,0.34144994857951955,0.999173875993914,100.0,0.06762263123552259
noise_s0,noise,pos,alın+yanaklar,snr,viterbi,pos|forehead+left_cheek+right_cheek|snr|viterbi+ma,0.27562989557747514,0.3523151800529649,0.34144994857951955,0.999173875993914,100.0,0.06762263123552259
noise_s0,noise,pos,4_bölge,mean,argmax,pos|forehead+left_cheek+right_cheek+full|mean|argmax,0.237326774200079,0.29016629354329854,0.3069052574123603,0.9994265417306671,100.0,0.02691506921753728
noise_s0,noise,pos,4_bölge,mean,viterbi,pos|forehead+left_cheek+right_cheek+full|mean|viterbi+ma,0.237326774200079,0.29016629354329854,0.3069052574123603,0.9994265417306671,100.0,0.02691506921753728
noise_s0,noise,pos,4_bölge,snr,argmax,pos|forehead+left_cheek+right_cheek+full|snr|argmax,0.2964323870503676,0.34839134358012647,0.37362697842971304,0.9991651723680255,100.0,0.006286290206148237
noise_s0,noise,pos,4_bölge,snr,viterbi,pos|forehead+left_cheek+right_cheek+full|snr|viterbi+ma,0.2964323870503676,0.34839134358012647,0.37362697842971304,0.9991651723680255,100.0,0.006286290206148237
noise_s0,noise,lgi,alın,mean,argmax,lgi|forehead|mean|argmax,4.485627421075963,15.444883479891818,6.590952312661518,0.1287101194761649,94.11764705882352,3.8505736976230907
noise_s0,noise,lgi,alın,mean,viterbi,lgi|forehead|mean|viterbi+ma,0.8251846694018795,1.0824951959233322,1.073910508603837,0.9919307091656125,100.0,0.0431686455503808
noise_s0,noise,lgi,yanaklar,mean,argmax,lgi|left_cheek+right_cheek|mean|argmax,0.38467760995958117,0.4681756941687779,0.4738692881013088,0.998575290557418,100.0,0.0831891010540744
noise_s0,noise,lgi,yanaklar,mean,viterbi,lgi|left_cheek+right_cheek|mean|viterbi+ma,0.38467760995958117,0.4681756941687779,0.4738692881013088,0.998575290557418,100.0,0.0831891010540744
noise_s0,noise,lgi,yanaklar,snr,argmax,lgi|left_cheek+right_cheek|snr|argmax,0.4627439364450532,0.5345085517271183,0.5651052290945164,0.9981229618801687,100.0,0.10355119525274858
noise_s0,noise,lgi,yanaklar,snr,viterbi,lgi|left_cheek+right_cheek|snr|viterbi+ma,0.4627439364450532,0.5345085517271183,0.5651052290945164,0.9981229618801687,100.0,0.10355119525274858
noise_s0,noise,lgi,tüm_yüz,mean,argmax,lgi|full|mean|argmax,0.37825588286275275,0.4377375447166173,0.4751369369453127,0.998686365552272,100.0,0.02237076757707257
noise_s0,noise,lgi,tüm_yüz,mean,viterbi,lgi|full|mean|viterbi+ma,0.37825588286275275,0.4377375447166173,0.4751369369453127,0.998686365552272,100.0,0.02237076757707257
noise_s0,noise,lgi,alın+yanaklar,mean,argmax,lgi|forehead+left_cheek+right_cheek|mean|argmax,0.3075875679154604,0.37690217300233037,0.39982450935851616,0.9990381735856145,100.0,0.04920365226720946
noise_s0,noise,lgi,alın+yanaklar,mean,viterbi,lgi|forehead+left_cheek+right_cheek|mean|viterbi+ma,0.3075875679154604,0.37690217300233037,0.39982450935851616,0.9990381735856145,100.0,0.04920365226720946
noise_s0,noise,lgi,alın+yanaklar,snr,argmax,lgi|forehead+left_cheek+right_cheek|snr|argmax,0.38709455853794106,0.47361572251904327,0.482810817016358,0.9984728994282464,100.0,0.057185299538232925
noise_s0,noise,lgi,alın+yanaklar,snr,viterbi,lgi|forehead+left_cheek+right_cheek|snr|viterbi+ma,0.38709455853794106,0.47361572251904327,0.482810817016358,0.9984728994282464,100.0,0.057185299538232925
noise_s0,noise,lgi,4_bölge,mean,argmax,lgi|forehead+left_cheek+right_cheek+full|mean|argmax,0.28621473818734866,0.35419723002259895,0.373018507146162,0.9991422459413187,100.0,0.02954123258734853
noise_s0,noise,lgi,4_bölge,mean,viterbi,lgi|forehead+left_cheek+right_cheek+full|mean|viterbi+ma,0.28621473818734866,0.35419723002259895,0.373018507146162,0.9991422459413187,100.0,0.02954123258734853
noise_s0,noise,lgi,4_bölge,snr,argmax,lgi|forehead+left_cheek+right_cheek+full|snr|argmax,0.3567038439786955,0.4142220287158589,0.4469886495197835,0.9988162351812327,100.0,0.0153102935756948
noise_s0,noise,lgi,4_bölge,snr,viterbi,lgi|forehead+left_cheek+right_cheek+full|snr|viterbi+ma,0.3567038439786955,0.4142220287158589,0.4469886495197835,0.9988162351812327,100.0,0.0153102935756948
noise_s1,noise,green,alın,mean,argmax,green|forehead|mean|argmax,17.18599373540988,18.867477466369124,22.096091832107152,0.3736447422002615,9.803921568627452,15.907070112980868
noise_s1,noise,green,alın,mean,viterbi,green|forehead|mean|viterbi+ma,15.400511346796618,15.848170196867942,19.60610228122969,-0.3294961593981284,0.0,15.400511346796613
noise_s1,noise,green,yanaklar,mean,argmax,green|left_cheek+right_cheek|mean|argmax,1.0132371408914014,1.2290021391414412,1.3192433358834057,0.9617283179018067,100.0,0.0015101194672269003
noise_s1,noise,green,yanaklar,mean,viterbi,green|left_cheek+right_cheek|mean|viterbi+ma,1.0132371408914014,1.2290021391414412,1.3192433358834057,0.9617283179018067,100.0,0.0015101194672269003
noise_s1,noise,green,yanaklar,snr,argmax,green|left_cheek+right_cheek|snr|argmax,1.0150904128817269,1.2316811597608281,1.3212402858605443,0.9613284580147547,100.0,0.003614365661803731
noise_s1,noise,green,yanaklar,snr,viterbi,green|left_cheek+right_cheek|snr|viterbi+ma,1.0150904128817269,1.2316811597608281,1.3212402858605443,0.9613284580147547,100.0,0.003614365661803731
noise_s1,noise,green,tüm_yüz,mean,argmax,green|full|mean|argmax,0.9792176809172125,1.2279833441105674,1.2743359577112165,0.9602510833048445,100.0,0.03659793771048214
noise_s1,noise,green,tüm_yüz,mean,viterbi,green|full|mean|viterbi+ma,0.9825012079382756,1.2323283130009879,1.2790461198791436,0.9603242550103511,100.0,0.033314410689413876
noise_s1,noise,green,alın+yanaklar,mean,argmax,green|forehead+left_cheek+right_cheek|mean|argmax,1.4387262848223366,1.7929263066905792,1.8751481911378658,0.9436450262117073,100.0,0.008375758705739145
noise_s1,noise,green,alın+yanaklar,mean,viterbi,green|forehead+left_cheek+right_cheek|mean|viterbi+ma,1.4280032090749162,1.7702268412273319,1.8603386143217506,0.9443065132651078,100.0,0.019910686486483087
noise_s1,noise,green,alın+yanaklar,snr,argmax,green|forehead+left_cheek+right_cheek|snr|argmax,1.0171121233005218,1.2341790342419134,1.3239404365628946,0.96129002854396,100.0,0.0034674088954744775
noise_s1,noise,green,alın+yanaklar,snr,viterbi,green|forehead+left_cheek+right_cheek|snr|viterbi+ma,1.0171121233005218,1.2341790342419134,1.3239404365628946,0.96129002854396,100.0,0.0034674088954744775
noise_s1,noise,green,4_bölge,mean,argmax,green|forehead+left_cheek+right_cheek+full|mean|argmax,1.2965747984720977,1.5961580752901323,1.6895857275897284,0.9506903089874608,100.0,0.006526423568828932
noise_s1,noise,green,4_bölge,mean,viterbi,green|forehead+left_cheek+right_cheek+full|mean|viterbi+ma,1.299231166146681,1.6010975812428534,1.693247643444017,0.9505677940509761,100.0,0.00387005589425371
noise_s1,noise,green,4_bölge,snr,argmax,green|forehead+left_cheek+right_cheek+full|snr|argmax,0.9946328551883671,1.227397747845758,1.2947698894643054,0.9610338604694069,100.0,0.016263824361999468
noise_s1,noise,green,4_bölge,snr,viterbi,green|forehead+left_cheek+right_cheek+full|snr|viterbi+ma,0.9946328551883671,1.227397747845758,1.2947698894643054,0.9610338604694069,100.0,0.016263824361999468
noise_s1,noise,ica,alın,mean,argmax,ica|forehead|mean|argmax,15.437999000194681,15.819239067859199,19.66764905555072,-0.15456908114878945,0.0,15.43799900019468
noise_s1,noise,ica,alın,mean,viterbi,ica|forehead|mean|viterbi+ma,15.437999000194681,15.819239067859199,19.66764905555072,-0.15456908114878945,0.0,15.43799900019468
noise_s1,noise,ica,yanaklar,mean,argmax,ica|left_cheek+right_cheek|mean|argmax,1.0010215742340194,1.2141453792578525,1.3028657826407617,0.9629574279149025,100.0,1.6399139823874975e-05
noise_s1,noise,ica,yanaklar,mean,viterbi,ica|left_cheek+right_cheek|mean|viterbi+ma,1.0010215742340194,1.2141453792578525,1.3028657826407617,0.9629574279149025,100.0,1.6399139823874975e-05
noise_s1,noise,ica,yanaklar,snr,argmax,ica|left_cheek+right_cheek|snr|argmax,0.978915103212989,1.186981263176515,1.2735174663908484,0.9644936082140583,100.0,0.0015155951642356058
noise_s1,noise,ica,yanaklar,snr,viterbi,ica|left_cheek+right_cheek|snr|viterbi+ma,0.978915103212989,1.186981263176515,1.2735174663908484,0.9644936082140583,100.0,0.0015155951642356058
noise_s1,noise,ica,tüm_yüz,mean,argmax,ica|full|mean|argmax,0.9801058190067389,1.2287120498343729,1.2750905166464384,0.9612508194468234,100.0,0.0360845049166727
noise_s1,noise,ica,tüm_yüz,mean,viterbi,ica|full|mean|viterbi+ma,0.9801058190067389,1.2287120498343729,1.2750905166464384,0.9612508194468234,100.0,0.0360845049166727
noise_s1,noise,ica,alın+yanaklar,mean,argmax,ica|forehead+left_cheek+right_cheek|mean|argmax,15.453595535882739,15.827022269568078,19.69063412070495,-0.05836578262620426,0.0,15.453595535882748
noise_s1,noise,ica,alın+yanaklar,mean,viterbi,ica|forehead+left_cheek+right_cheek|mean|viterbi+ma,15.453595535882739,15.827022269568078,19.69063412070495,-0.05836578262620426,0.0,15.453595535882748
noise_s1,noise,ica,alın+yanaklar,snr,argmax,ica|forehead+left_cheek+right_cheek|snr|argmax,0.9799418002451853,1.1883191473030479,1.274857608295777,0.964474621220588,100.0,0.0020788732892214057
noise_s1,noise,ica,alın+yanaklar,snr,viterbi,ica|forehead+left_cheek+right_cheek|snr|viterbi+ma,0.9799418002451853,1.1883191473030479,1.274857608295777,0.964474621220588,100.0,0.0020788732892214057
noise_s1,noise,ica,4_bölge,mean,argmax,ica|forehead+left_cheek+right_cheek+full|mean|argmax,16.595562410373834,17.923788754043116,21.148638311178892,-0.03252919009096169,0.0,12.097246013969752
noise_s1,noise,ica,4_bölge,mean,viterbi,ica|forehead+left_cheek+right_cheek+full|mean|viterbi+ma,15.467692318733562,15.836874302083631,19.710697321548132,0.001767572554957912,0.0,15.467692318733555
noise_s1,noise,ica,4_bölge,snr,argmax,ica|forehead+left_cheek+right_cheek+full|snr|argmax,0.9804201629917213,1.2017979858453884,1.2755892025806401,0.9632826370678947,100.0,0.009828811235479407
noise_s1,noise,ica,4_bölge,snr,viterbi,ica|forehead+left_cheek+right_cheek+full|snr|viterbi+ma,0.9804201629917213,1.2017979858453884,1.2755892025806401,0.9632826370678947,100.0,0.009828811235479407
noise_s1,noise,chrom,alın,mean,argmax,chrom|forehead|mean|argmax,1.4751503064591667,1.8446008353051124,1.9137094447451395,0.9178878292237695,100.0,0.07362394254843707
noise_s1,noise,chrom,alın,mean,viterbi,chrom|forehead|mean|viterbi+ma,1.4792237101535586,1.853468820033347,1.9189266806387661,0.9171245197030254,100.0,0.07769734624282876
noise_s1,noise,chrom,yanaklar,mean,argmax,chrom|left_cheek+right_cheek|mean|argmax,1.1360904666586702,1.4295153207798805,1.4828133205229017,0.9454829700367687,100.0,0.03293477327027006
noise_s1,noise,chrom,yanaklar,mean,viterbi,chrom|left_cheek+right_cheek|mean|viterbi+ma,1.1360904666586702,1.4295153207798805,1.4828133205229017,0.9454829700367687,100.0,0.03293477327027006
noise_s1,noise,chrom,yanaklar,snr,argmax,chrom|left_cheek+right_cheek|snr|argmax,1.1951284705783392,1.4942784168716348,1.5579692613844087,0.9422186030458534,100.0,0.03505081379746855
noise_s1,noise,chrom,yanaklar,snr,viterbi,chrom|left_cheek+right_cheek|snr|viterbi+ma,1.1951284705783392,1.4942784168716348,1.5579692613844087,0.9422186030458534,100.0,0.03505081379746855
noise_s1,noise,chrom,tüm_yüz,mean,argmax,chrom|full|mean|argmax,1.0577527633762802,1.3235911049804794,1.3764596793604886,0.9549147614756421,100.0,0.0162784414533661
noise_s1,noise,chrom,tüm_yüz,mean,viterbi,chrom|full|mean|viterbi+ma,1.0577527633762802,1.3235911049804794,1.3764596793604886,0.9549147614756421,100.0,0.0162784414533661
noise_s1,noise,chrom,alın+yanaklar,mean,argmax,chrom|forehead+left_cheek+right_cheek|mean|argmax,1.2384238432614336,1.5632035378014275,1.615607668625147,0.9379856511344843,100.0,0.024401707081466384
noise_s1,noise,chrom,alın+yanaklar,mean,viterbi,chrom|forehead+left_cheek+right_cheek|mean|viterbi+ma,1.2384238432614336,1.5632035378014275,1.615607668625147,0.9379856511344843,100.0,0.024401707081466384
noise_s1,noise,chrom,alın+yanaklar,snr,argmax,chrom|forehead+left_cheek+right_cheek|snr|argmax,1.2093067558581556,1.5518644211349046,1.5774950346966945,0.9383924762184513,100.0,0.050697866790315516
noise_s1,noise,chrom,alın+yanaklar,snr,viterbi,chrom|forehead+left_cheek+right_cheek|snr|viterbi+ma,1.2178337904135828,1.5701513431088918,1.58849234063941,0.93683161038102,100.0,0.05922490134574332
noise_s1,noise,chrom,4_bölge,mean,argmax,chrom|forehead+left_cheek+right_cheek+full|mean|argmax,1.2005651842727898,1.5172071596337384,1.5663751862338415,0.9419857983759354,100.0,0.015777482548671173
noise_s1,noise,chrom,4_bölge,mean,viterbi,chrom|forehead+left_cheek+right_cheek+full|mean|viterbi+ma,1.2005651842727898,1.5172071596337384,1.5663751862338415,0.9419857983759354,100.0,0.015777482548671173
noise_s1,noise,chrom,4_bölge,snr,argmax,chrom|forehead+left_cheek+right_cheek+full|snr|argmax,1.0747037426340686,1.3550796825875961,1.4002926211364521,0.9530626840041719,100.0,0.007016003419153094
noise_s1,noise,chrom,4_bölge,snr,viterbi,chrom|forehead+left_cheek+right_cheek+full|snr|viterbi+ma,1.0747037426340686,1.3550796825875961,1.4002926211364521,0.9530626840041719,100.0,0.007016003419153094
noise_s1,noise,pos,alın,mean,argmax,pos|forehead|mean|argmax,1.2830470753866918,1.5860941427679043,1.6668600062145291,0.936129635516386,100.0,0.08102677957766957
noise_s1,noise,pos,alın,mean,viterbi,pos|forehead|mean|viterbi+ma,1.2830470753866918,1.5860941427679043,1.6668600062145291,0.936129635516386,100.0,0.08102677957766957
noise_s1,noise,pos,yanaklar,mean,argmax,pos|left_cheek+right_cheek|mean|argmax,1.0943665797339663,1.3494315254223823,1.42877218070752,0.950328359180947,100.0,0.027539234681469793
noise_s1,noise,pos,yanaklar,mean,viterbi,pos|left_cheek+right_cheek|mean|viterbi+ma,1.0943665797339663,1.3494315254223823,1.42877218070752,0.950328359180947,100.0,0.027539234681469793
noise_s1,noise,pos,yanaklar,snr,argmax,pos|left_cheek+right_cheek|snr|argmax,1.1339357124482,1.3924232631842552,1.4793827635371566,0.9508420349624053,100.0,0.004967068240290473
noise_s1,noise,pos,yanaklar,snr,viterbi,pos|left_cheek+right_cheek|snr|viterbi+ma,1.1339357124482,1.3924232631842552,1.4793827635371566,0.9508420349624053,100.0,0.004967068240290473
noise_s1,noise,pos,tüm_yüz,mean,argmax,pos|full|mean|argmax,1.0106377174653254,1.2716847628890997,1.3152422548409322,0.9565112166724156,100.0,0.031791181246831
noise_s1,noise,pos,tüm_yüz,mean,viterbi,pos|full|mean|viterbi+ma,1.0133442664397478,1.2751758013346144,1.3191247520773457,0.95657797183368,100.0,0.029084632272400768
noise_s1,noise,pos,alın+yanaklar,mean,argmax,pos|forehead+left_cheek+right_cheek|mean|argmax,1.1410398822454482,1.3997901548794542,1.4876719917262153,0.9478541119470433,100.0,0.013499358789218263
noise_s1,noise,pos,alın+yanaklar,mean,viterbi,pos|forehead+left_cheek+right_cheek|mean|viterbi+ma,1.1410398822454482,1.3997901548794542,1.4876719917262153,0.9478541119470433,100.0,0.013499358789218263
noise_s1,noise,pos,alın+yanaklar,snr,argmax,pos|forehead+left_cheek+right_cheek|snr|argmax,1.1578906166525558,1.4263341632876383,1.509580433175044,0.9487319459687886,100.0,0.03184732926169431
noise_s1,noise,pos,alın+yanaklar,snr,viterbi,pos|forehead+left_cheek+right_cheek|snr|viterbi+ma,1.1578906166525558,1.4263341632876383,1.509580433175044,0.9487319459687886,100.0,0.03184732926169431
noise_s1,noise,pos,4_bölge,mean,argmax,pos|forehead+left_cheek+right_cheek+full|mean|argmax,1.1072546828217806,1.368160841512671,1.443744574254668,0.9501514367969831,100.0,0.005040112696860888
noise_s1,noise,pos,4_bölge,mean,viterbi,pos|forehead+left_cheek+right_cheek+full|mean|viterbi+ma,1.1072546828217806,1.368160841512671,1.443744574254668,0.9501514367969831,100.0,0.005040112696860888
noise_s1,noise,pos,4_bölge,snr,argmax,pos|forehead+left_cheek+right_cheek+full|snr|argmax,1.0303285826463808,1.292783026515148,1.34214901631923,0.9561309800817696,100.0,0.025082256873517395
noise_s1,noise,pos,4_bölge,snr,viterbi,pos|forehead+left_cheek+right_cheek+full|snr|viterbi+ma,1.0303285826463808,1.292783026515148,1.34214901631923,0.9561309800817696,100.0,0.025082256873517395
noise_s1,noise,lgi,alın,mean,argmax,lgi|forehead|mean|argmax,1.3560445340445297,1.682584645703044,1.7592578798240766,0.927612257382068,100.0,0.06044901135641112
noise_s1,noise,lgi,alın,mean,viterbi,lgi|forehead|mean|viterbi+ma,1.3598179333277995,1.691737836431942,1.7640863930884905,0.926843472164447,100.0,0.06422241063967249
noise_s1,noise,lgi,yanaklar,mean,argmax,lgi|left_cheek+right_cheek|mean|argmax,1.1323235036490933,1.3955634710896083,1.4766210440800918,0.9472731650113426,100.0,0.02553791955145357
noise_s1,noise,lgi,yanaklar,mean,viterbi,lgi|left_cheek+right_cheek|mean|viterbi+ma,1.1323235036490933,1.3955634710896083,1.4766210440800918,0.9472731650113426,100.0,0.02553791955145357
noise_s1,noise,lgi,yanaklar,snr,argmax,lgi|left_cheek+right_cheek|snr|argmax,1.1758078035663886,1.4418748999995719,1.5315653266016915,0.9489308474679476,100.0,0.0258594262265035
noise_s1,noise,lgi,yanaklar,snr,viterbi,lgi|left_cheek+right_cheek|snr|viterbi+ma,1.1758078035663886,1.4418748999995719,1.5315653266016915,0.9489308474679476,100.0,0.0258594262265035
noise_s1,noise,lgi,tüm_yüz,mean,argmax,lgi|full|mean|argmax,1.027315577845428,1.287364569981373,1.3356051447050716,0.9546163149883237,100.0,0.030955685777641406
noise_s1,noise,lgi,tüm_yüz,mean,viterbi,lgi|full|mean|viterbi+ma,1.027315577845428,1.287364569981373,1.3356051447050716,0.9546163149883237,100.0,0.030955685777641406
noise_s1,noise,lgi,alın+yanaklar,mean,argmax,lgi|forehead+left_cheek+right_cheek|mean|argmax,1.1766357040934576,1.4549289733133763,1.5332179293635382,0.9437225234570203,100.0,0.014179846930133522
noise_s1,noise,lgi,alın+yanaklar,mean,viterbi,lgi|forehead+left_cheek+right_cheek|mean|viterbi+ma,1.1766357040934576,1.4549289733133763,1.5332179293635382,0.9437225234570203,100.0,0.014179846930133522
noise_s1,noise,lgi,alın+yanaklar,snr,argmax,lgi|forehead+left_cheek+right_cheek|snr|argmax,1.2032493851695303,1.502624040988895,1.567290657762708,0.9447578289485817,100.0,0.03416860184030668
noise_s1,noise,lgi,alın+yanaklar,snr,viterbi,lgi|forehead+left_cheek+right_cheek|snr|viterbi+ma,1.2032493851695303,1.502624040988895,1.567290657762708,0.9447578289485817,100.0,0.03416860184030668
noise_s1,noise,lgi,4_bölge,mean,argmax,lgi|forehead+left_cheek+right_cheek+full|mean|argmax,1.1303355632235161,1.4079469687075663,1.4733857159945103,0.9470876438055195,100.0,0.003740619689793334
noise_s1,noise,lgi,4_bölge,mean,viterbi,lgi|forehead+left_cheek+right_cheek+full|mean|viterbi+ma,1.1303355632235161,1.4079469687075663,1.4733857159945103,0.9470876438055195,100.0,0.003740619689793334
noise_s1,noise,lgi,4_bölge,snr,argmax,lgi|forehead+left_cheek+right_cheek+full|snr|argmax,1.0412931988061722,1.3075242624697554,1.3552869483238486,0.9543828948209867,100.0,0.025289429464848467
noise_s1,noise,lgi,4_bölge,snr,viterbi,lgi|forehead+left_cheek+right_cheek+full|snr|viterbi+ma,1.0412931988061722,1.3075242624697554,1.3552869483238486,0.9543828948209867,100.0,0.025289429464848467
noise_s2,noise,green,alın,mean,argmax,green|forehead|mean|argmax,10.44087121616555,12.02140696014777,13.584054817907301,-0.3284678177294117,21.568627450980394,4.3390265675368624
noise_s2,noise,green,alın,mean,viterbi,green|forehead|mean|viterbi+ma,9.774850807780567,10.94310417179637,12.35936900286083,-0.21551570901787215,17.647058823529413,8.436754353911681
noise_s2,noise,green,yanaklar,mean,argmax,green|left_cheek+right_cheek|mean|argmax,0.39381040180977867,0.49077776714964727,0.5126229914327997,0.9975446695869451,100.0,0.050616581342552536
noise_s2,noise,green,yanaklar,mean,viterbi,green|left_cheek+right_cheek|mean|viterbi+ma,0.39381040180977867,0.49077776714964727,0.5126229914327997,0.9975446695869451,100.0,0.050616581342552536
noise_s2,noise,green,yanaklar,snr,argmax,green|left_cheek+right_cheek|snr|argmax,0.37229937293603665,0.46009596438830697,0.4848434967159399,0.997838171708803,100.0,0.03518807735134999
noise_s2,noise,green,yanaklar,snr,viterbi,green|left_cheek+right_cheek|snr|viterbi+ma,0.37229937293603665,0.46009596438830697,0.4848434967159399,0.997838171708803,100.0,0.03518807735134999
noise_s2,noise,green,tüm_yüz,mean,argmax,green|full|mean|argmax,0.4258292712102829,0.5580739075708777,0.5546419012700189,0.9969026270439936,100.0,0.047809989085919824
noise_s2,noise,green,tüm_yüz,mean,viterbi,green|full|mean|viterbi+ma,0.4258292712102829,0.5580739075708777,0.5546419012700189,0.9969026270439936,100.0,0.047809989085919824
noise_s2,noise,green,alın+yanaklar,mean,argmax,green|forehead+left_cheek+right_cheek|mean|argmax,0.9524072999902046,1.2254854654298213,1.2540899487180428,0.9862710799974839,100.0,0.07515622343565553
noise_s2,noise,green,alın+yanaklar,mean,viterbi,green|forehead+left_cheek+right_cheek|mean|viterbi+ma,0.9524072999902046,1.2254854654298213,1.2540899487180428,0.9862710799974839,100.0,0.07515622343565553
noise_s2,noise,green,alın+yanaklar,snr,argmax,green|forehead+left_cheek+right_cheek|snr|argmax,0.37473414150465595,0.4615641196130402,0.48814637975909325,0.9978271366771061,100.0,0.03616980605372078
noise_s2,noise,green,alın+yanaklar,snr,viterbi,green|forehead+left_cheek+right_cheek|snr|viterbi+ma,0.37473414150465595,0.4615641196130402,0.48814637975909325,0.9978271366771061,100.0,0.03616980605372078
noise_s2,noise,green,4_bölge,mean,argmax,green|forehead+left_cheek+right_cheek+full|mean|argmax,0.7511674637359032,0.9618372542250675,0.9876762519089609,0.9914589731195662,100.0,0.046418941239977585
noise_s2,noise,green,4_bölge,mean,viterbi,green|forehead+left_cheek+right_cheek+full|mean|viterbi+ma,0.7511674637359032,0.9618372542250675,0.9876762519089609,0.9914589731195662,100.0,0.046418941239977585
noise_s2,noise,green,4_bölge,snr,argmax,green|forehead+left_cheek+right_cheek+full|snr|argmax,0.3943883920072287,0.5063802561472563,0.513421542880214,0.9974387046576493,100.0,0.03835818392775536
noise_s2,noise,green,4_bölge,snr,viterbi,green|forehead+left_cheek+right_cheek+full|snr|viterbi+ma,0.3943883920072287,0.5063802561472563,0.513421542880214,0.9974387046576493,100.0,0.03835818392775536
noise_s2,noise,ica,alın,mean,argmax,ica|forehead|mean|argmax,9.70908433548468,10.92765039876831,12.247604951938182,-0.11729935870108434,19.607843137254903,8.5293239693317
noise_s2,noise,ica,alın,mean,viterbi,ica|forehead|mean|viterbi+ma,9.70908433548468,10.92765039876831,12.247604951938182,-0.11729935870108434,19.607843137254903,8.5293239693317
noise_s2,noise,ica,yanaklar,mean,argmax,ica|left_cheek+right_cheek|mean|argmax,0.41366835408145386,0.514477445122774,0.5381837616433496,0.9973012987815566,100.0,0.04832819575288738
noise_s2,noise,ica,yanaklar,mean,viterbi,ica|left_cheek+right_cheek|mean|viterbi+ma,0.41366835408145386,0.514477445122774,0.5381837616433496,0.9973012987815566,100.0,0.04832819575288738
noise_s2,noise,ica,yanaklar,snr,argmax,ica|left_cheek+right_cheek|snr|argmax,0.37463947110868184,0.4847907648069317,0.48278914574156584,0.9975713174659256,100.0,0.037275959459265096
noise_s2,noise,ica,yanaklar,snr,viterbi,ica|left_cheek+right_cheek|snr|viterbi+ma,0.37463947110868184,0.4847907648069317,0.48278914574156584,0.9975713174659256,100.0,0.037275959459265096
noise_s2,noise,ica,tüm_yüz,mean,argmax,ica|full|mean|argmax,39.810329044795,46.651814112368015,51.837044228483144,0.44634808630233114,7.8431372549019605,37.64218435754735
noise_s2,noise,ica,tüm_yüz,mean,viterbi,ica|full|mean|viterbi+ma,43.076799108461735,47.14065248511547,58.65310651421514,-0.6051281081648542,0.0,43.07679910846174
noise_s2,noise,ica,alın+yanaklar,mean,argmax,ica|forehead+left_cheek+right_cheek|mean|argmax,9.954037493457136,11.211114826348076,12.649257933346108,-0.14769096078278618,17.647058823529413,7.91544532837294
noise_s2,noise,ica,alın+yanaklar,mean,viterbi,ica|forehead+left_cheek+right_cheek|mean|viterbi+ma,9.719819222530525,10.93663143776711,12.264028800694817,-0.002275075831579222,19.607843137254903,8.560171069416256
noise_s2,noise,ica,alın+yanaklar,snr,argmax,ica|forehead+left_cheek+right_cheek|snr|argmax,0.37757011105391564,0.4867606329825468,0.4869922591141572,0.9975524654586602,100.0,0.039045964108026965
noise_s2,noise,ica,alın+yanaklar,snr,viterbi,ica|forehead+left_cheek+right_cheek|snr|viterbi+ma,0.37757011105391564,0.4867606329825468,0.4869922591141572,0.9975524654586602,100.0,0.039045964108026965
noise_s2,noise,ica,4_bölge,mean,argmax,ica|forehead+left_cheek+right_cheek+full|mean|argmax,9.434434781759855,10.731012583454099,11.894911129657162,0.06847631934395595,19.607843137254903,7.604275525409108
noise_s2,noise,ica,4_bölge,mean,viterbi,ica|forehead+left_cheek+right_cheek+full|mean|viterbi+ma,9.700235014897055,10.931901624769393,12.234538206584736,0.03534555192911569,19.607843137254903,8.566512771571013
noise_s2,noise,ica,4_bölge,snr,argmax,ica|forehead+left_cheek+right_cheek+full|snr|argmax,0.3777562914659023,0.48692033148196234,0.48725389606539854,0.9975507876045054,100.0,0.03925833535046763
noise_s2,noise,ica,4_bölge,snr,viterbi,ica|forehead+left_cheek+right_cheek+full|snr|viterbi+ma,0.3777562914659023,0.48692033148196234,0.48725389606539854,0.9975507876045054,100.0,0.03925833535046763
noise_s2,noise,chrom,alın,mean,argmax,chrom|forehead|mean|argmax,15.319952537924793,29.850759255798042,19.533810499044804,0.40729486835566003,74.50980392156863,14.487655628126433
noise_s2,noise,chrom,alın,mean,viterbi,chrom|forehead|mean|viterbi+ma,1.1737598653902828,1.5026770531184626,1.4908032676376148,0.9769184189527857,100.0,0.009496429852831056
noise_s2,noise,chrom,yanaklar,mean,argmax,chrom|left_cheek+right_cheek|mean|argmax,0.47133966040326486,0.5857009791540067,0.6318499089336909,0.9965604569928043,100.0,0.01901403696601278
noise_s2,noise,chrom,yanaklar,mean,viterbi,chrom|left_cheek+right_cheek|mean|viterbi+ma,0.47133966040326486,0.5857009791540067,0.6318499089336909,0.9965604569928043,100.0,0.01901403696601278
noise_s2,noise,chrom,yanaklar,snr,argmax,chrom|left_cheek+right_cheek|snr|argmax,0.4812851347882836,0.6124837163941284,0.6479979623877,0.996342068963475,100.0,0.10852031632512649
noise_s2,noise,chrom,yanaklar,snr,viterbi,chrom|left_cheek+right_cheek|snr|viterbi+ma,0.4812851347882836,0.6124837163941284,0.6479979623877,0.996342068963475,100.0,0.10852031632512649
noise_s2,noise,chrom,tüm_yüz,mean,argmax,chrom|full|mean|argmax,0.4993339855053664,0.6426576798811631,0.6474774633602622,0.9959829664776952,100.0,0.003614589165536586
noise_s2,noise,chrom,tüm_yüz,mean,viterbi,chrom|full|mean|viterbi+ma,0.4993339855053664,0.6426576798811631,0.6474774633602622,0.9959829664776952,100.0,0.003614589165536586
noise_s2,noise,chrom,alın+yanaklar,mean,argmax,chrom|forehead+left_cheek+right_cheek|mean|argmax,0.5153115178557667,0.6406131105896803,0.673304074178999,0.9958875819883978,100.0,0.05096328923816884
noise_s2,noise,chrom,alın+yanaklar,mean,viterbi,chrom|forehead+left_cheek+right_cheek|mean|viterbi+ma,0.5153115178557667,0.6406131105896803,0.673304074178999,0.9958875819883978,100.0,0.05096328923816884
noise_s2,noise,chrom,alın+yanaklar,snr,argmax,chrom|forehead+left_cheek+right_cheek|snr|argmax,0.47047761149919126,0.5956652289391321,0.6292791416191321,0.9964789946003211,100.0,0.11311317959514611
noise_s2,noise,chrom,alın+yanaklar,snr,viterbi,chrom|forehead+left_cheek+right_cheek|snr|viterbi+ma,0.47047761149919126,0.5956652289391321,0.6292791416191321,0.9964789946003211,100.0,0.11311317959514611
noise_s2,noise,chrom,4_bölge,mean,argmax,chrom|forehead+left_cheek+right_cheek+full|mean|argmax,0.48928396861728574,0.6148647292687265,0.6384787378950416,0.9962622149440369,100.0,0.04364173233159363
noise_s2,noise,chrom,4_bölge,mean,viterbi,chrom|forehead+left_cheek+right_cheek+full|mean|viterbi+ma,0.48928396861728574,0.6148647292687265,0.6384787378950416,0.9962622149440369,100.0,0.04364173233159363
noise_s2,noise,chrom,4_bölge,snr,argmax,chrom|forehead+left_cheek+right_cheek+full|snr|argmax,0.4817032454245084,0.6149976893283987,0.6282553452680927,0.9962921678267657,100.0,0.020952775117365263
noise_s2,noise,chrom,4_bölge,snr,viterbi,chrom|forehead+left_cheek+right_cheek+full|snr|viterbi+ma,0.4817032454245084,0.6149976893283987,0.6282553452680927,0.9962921678267657,100.0,0.020952775117365263
noise_s2,noise,pos,alın,mean,argmax,pos|forehead|mean|argmax,0.8719154865220691,1.0255207362248095,1.1274230513083314,0.9890942586742801,100.0,0.09826111783115721
noise_s2,noise,pos,alın,mean,viterbi,pos|forehead|mean|viterbi+ma,0.8719154865220691,1.0255207362248095,1.1274230513083314,0.9890942586742801,100.0,0.09826111783115721
noise_s2,noise,pos,yanaklar,mean,argmax,pos|left_cheek+right_cheek|mean|argmax,0.4590689986533634,0.5737599039131481,0.612809703780577,0.9966917324604154,100.0,0.05949513268788564
noise_s2,noise,pos,yanaklar,mean,viterbi,pos|left_cheek+right_cheek|mean|viterbi+ma,0.4590689986533634,0.5737599039131481,0.612809703780577,0.9966917324604154,100.0,0.05949513268788564
noise_s2,noise,pos,yanaklar,snr,argmax,pos|left_cheek+right_cheek|snr|argmax,0.4274527515404626,0.549138809366337,0.5732418889928057,0.9968468186874906,100.0,0.0409667746593243
noise_s2,noise,pos,yanaklar,snr,viterbi,pos|left_cheek+right_cheek|snr|viterbi+ma,0.4274527515404626,0.549138809366337,0.5732418889928057,0.9968468186874906,100.0,0.0409667746593243
noise_s2,noise,pos,tüm_yüz,mean,argmax,pos|full|mean|argmax,0.45357767053003867,0.5800965861140468,0.5901410575991788,0.996697720680003,100.0,0.04639020788022208
noise_s2,noise,pos,tüm_yüz,mean,viterbi,pos|full|mean|viterbi+ma,0.45357767053003867,0.5800965861140468,0.5901410575991788,0.996697720680003,100.0,0.04639020788022208
noise_s2,noise,pos,alın+yanaklar,mean,argmax,pos|forehead+left_cheek+right_cheek|mean|argmax,0.47504364908950203,0.5786156114981993,0.6288585185519311,0.9966110091317003,100.0,0.0777616841710227
noise_s2,noise,pos,alın+yanaklar,mean,viterbi,pos|forehead+left_cheek+right_cheek|mean|viterbi+ma,0.47504364908950203,0.5786156114981993,0.6288585185519311,0.9966110091317003,100.0,0.0777616841710227
noise_s2,noise,pos,alın+yanaklar,snr,argmax,pos|forehead+left_cheek+right_cheek|snr|argmax,0.4215014113070616,0.5159215180035264,0.5621826857262446,0.9972019020566861,100.0,0.06145026257664199
noise_s2,noise,pos,alın+yanaklar,snr,viterbi,pos|forehead+left_cheek+right_cheek|snr|viterbi+ma,0.4215014113070616,0.5159215180035264,0.5621826857262446,0.9972019020566861,100.0,0.06145026257664199
noise_s2,noise,pos,4_bölge,mean,argmax,pos|forehead+left_cheek+right_cheek+full|mean|argmax,0.45677828671085025,0.5633053593302628,0.6034477803940977,0.9968033644945494,100.0,0.07332405709934164
noise_s2,noise,pos,4_bölge,mean,viterbi,pos|forehead+left_cheek+right_cheek+full|mean|viterbi+ma,0.45677828671085025,0.5633053593302628,0.6034477803940977,0.9968033644945494,100.0,0.07332405709934164
noise_s2,noise,pos,4_bölge,snr,argmax,pos|forehead+left_cheek+right_cheek+full|snr|argmax,0.4240107999104287,0.5394243992669514,0.5554666430559101,0.9970533283079398,100.0,0.01737936136045448
noise_s2,noise,pos,4_bölge,snr,viterbi,pos|forehead+left_cheek+right_cheek+full|snr|viterbi+ma,0.4240107999104287,0.5394243992669514,0.5554666430559101,0.9970533283079398,100.0,0.01737936136045448
noise_s2,noise,lgi,alın,mean,argmax,lgi|forehead|mean|argmax,6.006276501765879,20.597466254156966,7.357477104808173,0.5039473398741682,94.11764705882352,5.16818290871899
noise_s2,noise,lgi,alın,mean,viterbi,lgi|forehead|mean|viterbi+ma,1.1126360016615267,1.3936018077109578,1.4267062945952116,0.9798239474262409,100.0,0.09381995780428554
noise_s2,noise,lgi,yanaklar,mean,argmax,lgi|left_cheek+right_cheek|mean|argmax,0.4738797256071807,0.5920048867432424,0.6326596001773617,0.9964922312296506,100.0,0.06359576490292795
noise_s2,noise,lgi,yanaklar,mean,viterbi,lgi|left_cheek+right_cheek|mean|viterbi+ma,0.4738797256071807,0.5920048867432424,0.6326596001773617,0.9964922312296506,100.0,0.06359576490292795
noise_s2,noise,lgi,yanaklar,snr,argmax,lgi|left_cheek+right_cheek|snr|argmax,0.48450985649583805,0.6160587224473189,0.648608891460403,0.9961426379543504,100.0,0.07780053871404391
noise_s2,noise,lgi,yanaklar,snr,viterbi,lgi|left_cheek+right_cheek|snr|viterbi+ma,0.48450985649583805,0.6160587224473189,0.648608891460403,0.9961426379543504,100.0,0.07780053871404391
noise_s2,noise,lgi,tüm_yüz,mean,argmax,lgi|full|mean|argmax,0.475617913500668,0.6183788296291747,0.6154458742696438,0.9962577327920976,100.0,0.040256087032148
noise_s2,noise,lgi,tüm_yüz,mean,viterbi,lgi|full|mean|viterbi+ma,0.475617913500668,0.6183788296291747,0.6154458742696438,0.9962577327920976,100.0,0.040256087032148
noise_s2,noise,lgi,alın+yanaklar,mean,argmax,lgi|forehead+left_cheek+right_cheek|mean|argmax,0.5141583553948846,0.6322401766474551,0.6782341615265967,0.9959157829382684,100.0,0.07760954790109054
noise_s2,noise,lgi,alın+yanaklar,mean,viterbi,lgi|forehead+left_cheek+right_cheek|mean|viterbi+ma,0.5141583553948846,0.6322401766474551,0.6782341615265967,0.9959157829382684,100.0,0.07760954790109054
noise_s2,noise,lgi,alın+yanaklar,snr,argmax,lgi|forehead+left_cheek+right_cheek|snr|argmax,0.48909260348301237,0.6144024805802553,0.6522816811515292,0.9961944127436863,100.0,0.10657145716537286
noise_s2,noise,lgi,alın+yanaklar,snr,viterbi,lgi|forehead+left_cheek+right_cheek|snr|viterbi+ma,0.48909260348301237,0.6144024805802553,0.6522816811515292,0.9961944127436863,100.0,0.10657145716537286
noise_s2,noise,lgi,4_bölge,mean,argmax,lgi|forehead+left_cheek+right_cheek+full|mean|argmax,0.48760891052935973,0.6055168586398324,0.6413729130832517,0.9962826815991371,100.0,0.07188347192754918
noise_s2,noise,lgi,4_bölge,mean,viterbi,lgi|forehead+left_cheek+right_cheek+full|mean|viterbi+ma,0.48760891052935973,0.6055168586398324,0.6413729130832517,0.9962826815991371,100.0,0.07188347192754918
noise_s2,noise,lgi,4_bölge,snr,argmax,lgi|forehead+left_cheek+right_cheek+full|snr|argmax,0.4600477514586801,0.5876824451800523,0.5987801496341414,0.9965609832345914,100.0,0.016656495836045337
noise_s2,noise,lgi,4_bölge,snr,viterbi,lgi|forehead+left_cheek+right_cheek+full|snr|viterbi+ma,0.4600477514586801,0.5876824451800523,0.5987801496341414,0.9965609832345914,100.0,0.016656495836045337
illum_s0,illum,green,alın,mean,argmax,green|forehead|mean|argmax,23.60163013388156,25.850484382381865,28.721842522241158,-0.05639978056063757,3.9215686274509802,1.6796727169249976
illum_s0,illum,green,alın,mean,viterbi,green|forehead|mean|viterbi+ma,23.521505889692925,24.731068034132566,29.6296745811092,0.5996643555415707,0.0,23.521505889692904
illum_s0,illum,green,yanaklar,mean,argmax,green|left_cheek+right_cheek|mean|argmax,27.189822032953927,32.68009102645678,34.880401057519975,-0.244325115501454,7.8431372549019605,21.751141110013236
illum_s0,illum,green,yanaklar,mean,viterbi,green|left_cheek+right_cheek|mean|viterbi+ma,23.508993410835366,26.66724646774125,30.06623021934719,0.006494715638389842,15.686274509803921,22.388785794835158
illum_s0,illum,green,yanaklar,snr,argmax,green|left_cheek+right_cheek|snr|argmax,27.191262480368497,32.68116472283379,34.88199006557285,-0.24436458334040026,7.8431372549019605,21.750178743776317
illum_s0,illum,green,yanaklar,snr,viterbi,green|left_cheek+right_cheek|snr|viterbi+ma,23.5097835749761,26.667595046194794,30.067152629491734,0.006402284874993972,15.686274509803921,22.388283363030325
illum_s0,illum,green,tüm_yüz,mean,argmax,green|full|mean|argmax,27.22562033076275,32.70594679252039,34.9207879708129,-0.24512123848011586,7.8431372549019605,21.74326387657267
illum_s0,illum,green,tüm_yüz,mean,viterbi,green|full|mean|viterbi+ma,23.55441169718141,26.6899262303653,30.118365002881525,0.005401115212480757,15.686274509803921,22.395768410070502
illum_s0,illum,green,alın+yanaklar,mean,argmax,green|forehead+left_cheek+right_cheek|mean|argmax,21.289820894883736,24.36976918047326,26.552064474235,0.15885184666074426,7.8431372549019605,13.363304067325004
illum_s0,illum,green,alın+yanaklar,mean,viterbi,green|forehead+left_cheek+right_cheek|mean|viterbi+ma,21.386131498936436,23.89136241343477,27.257057015204033,0.1464379203379329,15.686274509803921,20.289976270925933
illum_s0,illum,green,alın+yanaklar,snr,argmax,green|forehead+left_cheek+right_cheek|snr|argmax,21.159184496785773,23.838973661183058,26.27903768965344,0.10137918625356965,5.88235294117647,8.20035988275285
illum_s0,illum,green,alın+yanaklar,snr,viterbi,green|forehead+left_cheek+right_cheek|snr|viterbi+ma,21.426699972423386,23.923739456501917,27.306714003302808,0.14638852142066197,15.686274509803921,20.325074348085323
illum_s0,illum,green,4_bölge,mean,argmax,green|forehead+left_cheek+right_cheek+full|mean|argmax,22.4780629127079,26.099462372134287,28.316511844846392,0.03815701918999584,7.8431372549019605,14.795804546505167
illum_s0,illum,green,4_bölge,mean,viterbi,green|forehead+left_cheek+right_cheek+full|mean|viterbi+ma,21.382549764895305,23.87878321028237,27.251907240932518,0.1445317666608435,15.686274509803921,20.265177036496397
illum_s0,illum,green,4_bölge,snr,argmax,green|forehead+left_cheek+right_cheek+full|snr|argmax,20.955968060144357,23.98531744276482,26.086242662057725,0.15537066177224415,7.8431372549019605,10.199396398261797
illum_s0,illum,green,4_bölge,snr,viterbi,green|forehead+left_cheek+right_cheek+full|snr|viterbi+ma,21.41079776748984,23.90202372625635,27.284889672544683,0.14519887883718863,15.686274509803921,20.28810102953021
illum_s0,illum,ica,alın,mean,argmax,ica|forehead|mean|argmax,22.130662038510774,27.859604432999753,26.712985713720315,0.11631206879726752,13.725490196078432,1.4593273494398034
illum_s0,illum,ica,alın,mean,viterbi,ica|forehead|mean|viterbi+ma,14.255589332438348,17.444252595255325,16.964160774011898,0.28769171448305664,17.647058823529413,14.207000648408524
illum_s0,illum,ica,yanaklar,mean,argmax,ica|left_cheek+right_cheek|mean|argmax,0.3450272530932294,0.4345051222213514,0.44137275504493995,0.9987127732029929,100.0,0.0529078312286515
illum_s0,illum,ica,yanaklar,mean,viterbi,ica|left_cheek+right_cheek|mean|viterbi+ma,0.3450272530932294,0.4345051222213514,0.44137275504493995,0.9987127732029929,100.0,0.0529078312286515
illum_s0,illum,ica,yanaklar,snr,argmax,ica|left_cheek+right_cheek|snr|argmax,0.3438092138306159,0.42792810229119854,0.4394391889153401,0.9987541501840247,100.0,0.05544388178060444
illum_s0,illum,ica,yanaklar,snr,viterbi,ica|left_cheek+right_cheek|snr|viterbi+ma,0.3438092138306159,0.42792810229119854,0.4394391889153401,0.9987541501840247,100.0,0.05544388178060444
illum_s0,illum,ica,tüm_yüz,mean,argmax,ica|full|mean|argmax,0.2747300150131431,0.3548941924761129,0.34528634733075947,0.9991571293733589,100.0,0.04347185962663502
illum_s0,illum,ica,tüm_yüz,mean,viterbi,ica|full|mean|viterbi+ma,0.2747300150131431,0.3548941924761129,0.34528634733075947,0.9991571293733589,100.0,0.04347185962663502
illum_s0,illum,ica,alın+yanaklar,mean,argmax,ica|forehead+left_cheek+right_cheek|mean|argmax,0.3050233585448887,0.3999984484843649,0.3907625191077224,0.9989160464245591,100.0,0.04879044209415895
illum_s0,illum,ica,alın+yanaklar,mean,viterbi,ica|forehead+left_cheek+right_cheek|mean|viterbi+ma,0.3050233585448887,0.3999984484843649,0.3907625191077224,0.9989160464245591,100.0,0.04879044209415895
illum_s0,illum,ica,alın+yanaklar,snr,argmax,ica|forehead+left_cheek+right_cheek|snr|argmax,0.34441064551053124,0.4288496032795329,0.44023803932399846,0.9987485323579222,100.0,0.05528454750901801
illum_s0,illum,ica,alın+yanaklar,snr,viterbi,ica|forehead+left_cheek+right_cheek|snr|viterbi+ma,0.34441064551053124,0.4288496032795329,0.44023803932399846,0.9987485323579222,100.0,0.05528454750901801
illum_s0,illum,ica,4_bölge,mean,argmax,ica|forehead+left_cheek+right_cheek+full|mean|argmax,0.2984350448558574,0.39250171532810535,0.3797445176126326,0.9989572179200386,100.0,0.044677345960948855
illum_s0,illum,ica,4_bölge,mean,viterbi,ica|forehead+left_cheek+right_cheek+full|mean|viterbi+ma,0.2984350448558574,0.39250171532810535,0.3797445176126326,0.9989572179200386,100.0,0.044677345960948855
illum_s0,illum,ica,4_bölge,snr,argmax,ica|forehead+left_cheek+right_cheek+full|snr|argmax,0.3025382715207941,0.3805114961631517,0.3832745779965657,0.9990217009420759,100.0,0.051781561838197376
illum_s0,illum,ica,4_bölge,snr,viterbi,ica|forehead+left_cheek+right_cheek+full|snr|viterbi+ma,0.3025382715207941,0.3805114961631517,0.3832745779965657,0.9990217009420759,100.0,0.051781561838197376
illum_s0,illum,chrom,alın,mean,argmax,chrom|forehead|mean|argmax,0.5686156550526823,0.6816008045370384,0.7229752733857209,0.9970628534086652,100.0,0.04767452157575747
illum_s0,illum,chrom,alın,mean,viterbi,chrom|forehead|mean|viterbi+ma,0.5686156550526823,0.6816008045370384,0.7229752733857209,0.9970628534086652,100.0,0.04767452157575747
illum_s0,illum,chrom,yanaklar,mean,argmax,chrom|left_cheek+right_cheek|mean|argmax,0.3676063259190502,0.4661835066486094,0.46683660528730203,0.9985015119482618,100.0,0.02877403553428337
illum_s0,illum,chrom,yanaklar,mean,viterbi,chrom|left_cheek+right_cheek|mean|viterbi+ma,0.3676063259190502,0.4661835066486094,0.46683660528730203,0.9985015119482618,100.0,0.02877403553428337
illum_s0,illum,chrom,yanaklar,snr,argmax,chrom|left_cheek+right_cheek|snr|argmax,0.3754773011241887,0.48706663095364505,0.4752192381156721,0.9983610565364548,100.0,0.019202139153946973
illum_s0,illum,chrom,yanaklar,snr,viterbi,chrom|left_cheek+right_cheek|snr|viterbi+ma,0.3754773011241887,0.48706663095364505,0.4752192381156721,0.9983610565364548,100.0,0.019202139153946973
illum_s0,illum,chrom,tüm_yüz,mean,argmax,chrom|full|mean|argmax,0.3200318625595891,0.40959899698174984,0.40261679480887635,0.998868063968354,100.0,0.02131630165713716
illum_s0,illum,chrom,tüm_yüz,mean,viterbi,chrom|full|mean|viterbi+ma,0.3200318625595891,0.40959899698174984,0.40261679480887635,0.998868063968354,100.0,0.02131630165713716
illum_s0,illum,chrom,alın+yanaklar,mean,argmax,chrom|forehead+left_cheek+right_cheek|mean|argmax,0.39569286901204226,0.480542516417467,0.5024108239510421,0.9984236449382949,100.0,0.034625395069326714
illum_s0,illum,chrom,alın+yanaklar,mean,viterbi,chrom|forehead+left_cheek+right_cheek|mean|viterbi+ma,0.39569286901204226,0.480542516417467,0.5024108239510421,0.9984236449382949,100.0,0.034625395069326714
illum_s0,illum,chrom,alın+yanaklar,snr,argmax,chrom|forehead+left_cheek+right_cheek|snr|argmax,0.3906987984218686,0.47525286032332575,0.4960028177937183,0.998455860838388,100.0,0.03523631541175121
illum_s0,illum,chrom,alın+yanaklar,snr,viterbi,chrom|forehead+left_cheek+right_cheek|snr|viterbi+ma,0.3906987984218686,0.47525286032332575,0.4960028177937183,0.998455860838388,100.0,0.03523631541175121
illum_s0,illum,chrom,4_bölge,mean,argmax,chrom|forehead+left_cheek+right_cheek+full|mean|argmax,0.37269566837097173,0.4578370469169629,0.47291958630933,0.9985714638554735,100.0,0.032140339123330364
illum_s0,illum,chrom,4_bölge,mean,viterbi,chrom|forehead+left_cheek+right_cheek+full|mean|viterbi+ma,0.37269566837097173,0.4578370469169629,0.47291958630933,0.9985714638554735,100.0,0.032140339123330364
illum_s0,illum,chrom,4_bölge,snr,argmax,chrom|forehead+left_cheek+right_cheek+full|snr|argmax,0.3541560460370968,0.4414519242414962,0.44895854577863364,0.9986751006958021,100.0,0.03315585880244498
illum_s0,illum,chrom,4_bölge,snr,viterbi,chrom|forehead+left_cheek+right_cheek+full|snr|viterbi+ma,0.3541560460370968,0.4414519242414962,0.44895854577863364,0.9986751006958021,100.0,0.03315585880244498
illum_s0,illum,pos,alın,mean,argmax,pos|forehead|mean|argmax,0.3902980628933032,0.4731166692185193,0.49268667561291823,0.9985471002589467,100.0,0.09084266953426834
illum_s0,illum,pos,alın,mean,viterbi,pos|forehead|mean|viterbi+ma,0.3902980628933032,0.4731166692185193,0.49268667561291823,0.9985471002589467,100.0,0.09084266953426834
illum_s0,illum,pos,yanaklar,mean,argmax,pos|left_cheek+right_cheek|mean|argmax,0.3430246283466539,0.4370954134145861,0.43934794131415156,0.9986972818062664,100.0,0.05255010310715136
illum_s0,illum,pos,yanaklar,mean,viterbi,pos|left_cheek+right_cheek|mean|viterbi+ma,0.3430246283466539,0.4370954134145861,0.43934794131415156,0.9986972818062664,100.0,0.05255010310715136
illum_s0,illum,pos,yanaklar,snr,argmax,pos|left_cheek+right_cheek|snr|argmax,0.3440501496253243,0.4437345174654193,0.44082166024450214,0.9986576087830173,100.0,0.054122503265958244
illum_s0,illum,pos,yanaklar,snr,viterbi,pos|left_cheek+right_cheek|snr|viterbi+ma,0.3440501496253243,0.4437345174654193,0.44082166024450214,0.9986576087830173,100.0,0.054122503265958244
illum_s0,illum,pos,tüm_yüz,mean,argmax,pos|full|mean|argmax,0.2718604072669261,0.35222931433956717,0.34399301888657935,0.9991717158423009,100.0,0.04651362286922733
illum_s0,illum,pos,tüm_yüz,mean,viterbi,pos|full|mean|viterbi+ma,0.2718604072669261,0.35222931433956717,0.34399301888657935,0.9991717158423009,100.0,0.04651362286922733
illum_s0,illum,pos,alın+yanaklar,mean,argmax,pos|forehead+left_cheek+right_cheek|mean|argmax,0.323296072749542,0.4234705105319552,0.4161207628026037,0.9987899978178449,100.0,0.06359017738807893
illum_s0,illum,pos,alın+yanaklar,mean,viterbi,pos|forehead+left_cheek+right_cheek|mean|viterbi+ma,0.323296072749542,0.4234705105319552,0.4161207628026037,0.9987899978178449,100.0,0.06359017738807893
illum_s0,illum,pos,alın+yanaklar,snr,argmax,pos|forehead+left_cheek+right_cheek|snr|argmax,0.31759703777446135,0.41577112420432183,0.4083377909270885,0.9988467245833561,100.0,0.07508024310676831
illum_s0,illum,pos,alın+yanaklar,snr,viterbi,pos|forehead+left_cheek+right_cheek|snr|viterbi+ma,0.31759703777446135,0.41577112420432183,0.4083377909270885,0.9988467245833561,100.0,0.07508024310676831
illum_s0,illum,pos,4_bölge,mean,argmax,pos|forehead+left_cheek+right_cheek+full|mean|argmax,0.3085244524082846,0.40471537905084676,0.39588823538913787,0.9988964065375755,100.0,0.06016332609117114
illum_s0,illum,pos,4_bölge,mean,viterbi,pos|forehead+left_cheek+right_cheek+full|mean|viterbi+ma,0.3085244524082846,0.40471537905084676,0.39588823538913787,0.9988964065375755,100.0,0.06016332609117114
illum_s0,illum,pos,4_bölge,snr,argmax,pos|forehead+left_cheek+right_cheek+full|snr|argmax,0.2928850271252857,0.3844806001389078,0.3746506787925591,0.9990137356688186,100.0,0.06413689666845812
illum_s0,illum,pos,4_bölge,snr,viterbi,pos|forehead+left_cheek+right_cheek+full|snr|viterbi+ma,0.2928850271252857,0.3844806001389078,0.3746506787925591,0.9990137356688186,100.0,0.06413689666845812
illum_s0,illum,lgi,alın,mean,argmax,lgi|forehead|mean|argmax,0.42747689333879196,0.5210290529206599,0.5427811160678095,0.99823167198307,100.0,0.09333234820721259
illum_s0,illum,lgi,alın,mean,viterbi,lgi|forehead|mean|viterbi+ma,0.42747689333879196,0.5210290529206599,0.5427811160678095,0.99823167198307,100.0,0.09333234820721259
illum_s0,illum,lgi,yanaklar,mean,argmax,lgi|left_cheek+right_cheek|mean|argmax,0.34979536986028975,0.4445748254618412,0.4479039200892083,0.9986562434573616,100.0,0.05898835903683164
illum_s0,illum,lgi,yanaklar,mean,viterbi,lgi|left_cheek+right_cheek|mean|viterbi+ma,0.34979536986028975,0.4445748254618412,0.4479039200892083,0.9986562434573616,100.0,0.05898835903683164
illum_s0,illum,lgi,yanaklar,snr,argmax,lgi|left_cheek+right_cheek|snr|argmax,0.3501913225983436,0.4567059125861858,0.4484773922125364,0.9985817507018668,100.0,0.060285168196415384
illum_s0,illum,lgi,yanaklar,snr,viterbi,lgi|left_cheek+right_cheek|snr|viterbi+ma,0.3501913225983436,0.4567059125861858,0.4484773922125364,0.9985817507018668,100.0,0.060285168196415384
illum_s0,illum,lgi,tüm_yüz,mean,argmax,lgi|full|mean|argmax,0.2743208552174539,0.3542243954918814,0.3477602908485405,0.9991633990719855,100.0,0.047878275132404724
illum_s0,illum,lgi,tüm_yüz,mean,viterbi,lgi|full|mean|viterbi+ma,0.2743208552174539,0.3542243954918814,0.3477602908485405,0.9991633990719855,100.0,0.047878275132404724
illum_s0,illum,lgi,alın+yanaklar,mean,argmax,lgi|forehead+left_cheek+right_cheek|mean|argmax,0.3296586184797673,0.43362523846526885,0.42503517018827075,0.9987336624280884,100.0,0.06837052026095591
illum_s0,illum,lgi,alın+yanaklar,mean,viterbi,lgi|forehead+left_cheek+right_cheek|mean|viterbi+ma,0.3296586184797673,0.43362523846526885,0.42503517018827075,0.9987336624280884,100.0,0.06837052026095591
illum_s0,illum,lgi,alın+yanaklar,snr,argmax,lgi|forehead+left_cheek+right_cheek|snr|argmax,0.3215598768443362,0.4245038840908145,0.41454657025353414,0.9988040339264045,100.0,0.08384336318935937
illum_s0,illum,lgi,alın+yanaklar,snr,viterbi,lgi|forehead+left_cheek+right_cheek|snr|viterbi+ma,0.3215598768443362,0.4245038840908145,0.41454657025353414,0.9988040339264045,100.0,0.08384336318935937
illum_s0,illum,lgi,4_bölge,mean,argmax,lgi|forehead+left_cheek+right_cheek+full|mean|argmax,0.3139076809294373,0.4120694149094329,0.4036125028877448,0.9988576523693846,100.0,0.06377703627458686
illum_s0,illum,lgi,4_bölge,mean,viterbi,lgi|forehead+left_cheek+right_cheek+full|mean|viterbi+ma,0.3139076809294373,0.4120694149094329,0.4036125028877448,0.9988576523693846,100.0,0.06377703627458686
illum_s0,illum,lgi,4_bölge,snr,argmax,lgi|forehead+left_cheek+right_cheek+full|snr|argmax,0.29350831146228595,0.38574468729609485,0.3761377586748367,0.9990092924170444,100.0,0.06763089023704083
illum_s0,illum,lgi,4_bölge,snr,viterbi,lgi|forehead+left_cheek+right_cheek+full|snr|viterbi+ma,0.29350831146228595,0.38574468729609485,0.3761377586748367,0.9990092924170444,100.0,0.06763089023704083
illum_s1,illum,green,alın,mean,argmax,green|forehead|mean|argmax,32.600555179166776,38.27462412460193,41.964814887187316,0.1819315479086915,3.9215686274509802,25.30093302737326
illum_s1,illum,green,alın,mean,viterbi,green|forehead|mean|viterbi+ma,12.54253902717758,14.749410015376172,16.027586965090435,0.5725932229661753,17.647058823529413,12.542539027177597
illum_s1,illum,green,yanaklar,mean,argmax,green|left_cheek+right_cheek|mean|argmax,33.4667073443399,40.11290104888844,42.94203900661341,0.13521608478570354,5.88235294117647,30.38915777760259
illum_s1,illum,green,yanaklar,mean,viterbi,green|left_cheek+right_cheek|mean|viterbi+ma,12.493067949880134,14.71726860725642,15.967420802724689,0.5660463022129195,15.686274509803921,12.493067949880128
illum_s1,illum,green,yanaklar,snr,argmax,green|left_cheek+right_cheek|snr|argmax,33.46672751281602,40.11290857330721,42.94209268509213,0.13519911505931478,5.88235294117647,30.389186341769204
illum_s1,illum,green,yanaklar,snr,viterbi,green|left_cheek+right_cheek|snr|viterbi+ma,12.493175666534528,14.717433570391437,15.967550595757524,0.566053233021843,15.686274509803921,12.493175666534526
illum_s1,illum,green,tüm_yüz,mean,argmax,green|full|mean|argmax,32.008093082013445,38.93085258375086,40.96166229791396,0.20324846798811969,5.88235294117647,28.91946256670191
illum_s1,illum,green,tüm_yüz,mean,viterbi,green|full|mean|viterbi+ma,12.496552992488452,14.704376042011512,15.969353506069009,0.5715275709106225,15.686274509803921,12.496552992488432
illum_s1,illum,green,alın+yanaklar,mean,argmax,green|forehead+left_cheek+right_cheek|mean|argmax,33.16797139506362,39.782114336666716,42.565263684041234,0.1428682078757218,5.88235294117647,30.76445077643332
illum_s1,illum,green,alın+yanaklar,mean,viterbi,green|forehead+left_cheek+right_cheek|mean|viterbi+ma,12.517025807283122,14.733131100337996,15.995062711871332,0.5715146714473506,15.686274509803921,12.517025807283105
illum_s1,illum,green,alın+yanaklar,snr,argmax,green|forehead+left_cheek+right_cheek|snr|argmax,31.66921729986307,38.8332930503891,40.593019157684864,0.19367783798498134,5.88235294117647,27.92600829489497
illum_s1,illum,green,alın+yanaklar,snr,viterbi,green|forehead+left_cheek+right_cheek|snr|viterbi+ma,12.564665607084226,14.750346493780361,16.056948344538966,0.572804328379651,15.686274509803921,12.564665607084223
illum_s1,illum,green,4_bölge,mean,argmax,green|forehead+left_cheek+right_cheek+full|mean|argmax,32.028386715447965,39.11703796962162,41.115064661846176,0.12065893947006481,5.88235294117647,28.92108888592702
illum_s1,illum,green,4_bölge,mean,viterbi,green|forehead+left_cheek+right_cheek+full|mean|viterbi+ma,12.514355181365913,14.726080576149654,15.991793374648749,0.5716627292777864,15.686274509803921,12.514355181365914
illum_s1,illum,green,4_bölge,snr,argmax,green|forehead+left_cheek+right_cheek+full|snr|argmax,31.454659862131827,38.640404842203424,40.32730504548146,0.1879682919526289,5.88235294117647,27.697136281310236
illum_s1,illum,green,4_bölge,snr,viterbi,green|forehead+left_cheek+right_cheek+full|snr|viterbi+ma,12.56774053317477,14.756095956732638,16.059968316166252,0.5739272921990357,15.686274509803921,12.567740533174785
illum_s1,illum,ica,alın,mean,argmax,ica|forehead|mean|argmax,0.9359333784410776,1.2226777511217894,1.2221129698159772,0.957835020387964,100.0,0.06105206699108123
illum_s1,illum,ica,alın,mean,viterbi,ica|forehead|mean|viterbi+ma,0.9359333784410776,1.2226777511217894,1.2221129698159772,0.957835020387964,100.0,0.06105206699108123
illum_s1,illum,ica,yanaklar,mean,argmax,ica|left_cheek+right_cheek|mean|argmax,1.0252878944520958,1.258046872034056,1.3322626087632727,0.9578861409112496,100.0,0.016410901935586253
illum_s1,illum,ica,yanaklar,mean,viterbi,ica|left_cheek+right_cheek|mean|viterbi+ma,1.0252878944520958,1.258046872034056,1.3322626087632727,0.9578861409112496,100.0,0.016410901935586253
illum_s1,illum,ica,yanaklar,snr,argmax,ica|left_cheek+right_cheek|snr|argmax,1.0186492900979656,1.2366763714853402,1.3232357964436519,0.9604951585103355,100.0,0.04377659314837956
illum_s1,illum,ica,yanaklar,snr,viterbi,ica|left_cheek+right_cheek|snr|viterbi+ma,1.0219158190432769,1.2422851711717788,1.3279215751687692,0.9604772828827777,100.0,0.0405100642030618
illum_s1,illum,ica,tüm_yüz,mean,argmax,ica|full|mean|argmax,1.0331498162872939,1.2956725473405035,1.3471718512775832,0.957697336595299,100.0,0.02953333657447388
illum_s1,illum,ica,tüm_yüz,mean,viterbi,ica|full|mean|viterbi+ma,1.0366676022835344,1.3014206654276197,1.3522180538542843,0.957711957601045,100.0,0.026015550578236457
illum_s1,illum,ica,alın+yanaklar,mean,argmax,ica|forehead+left_cheek+right_cheek|mean|argmax,1.0031452384403508,1.2408479902216487,1.304932384560427,0.9584090752986832,100.0,0.030784842458373873
illum_s1,illum,ica,alın+yanaklar,mean,viterbi,ica|forehead+left_cheek+right_cheek|mean|viterbi+ma,1.0031452384403508,1.2408479902216487,1.304932384560427,0.9584090752986832,100.0,0.030784842458373873
illum_s1,illum,ica,alın+yanaklar,snr,argmax,ica|forehead+left_cheek+right_cheek|snr|argmax,0.9896477572695179,1.2189429435250245,1.2872465998112512,0.9607215316280319,100.0,0.05996092969175493
illum_s1,illum,ica,alın+yanaklar,snr,viterbi,ica|forehead+left_cheek+right_cheek|snr|viterbi+ma,0.9896477572695179,1.2189429435250245,1.2872465998112512,0.9607215316280319,100.0,0.05996092969175493
illum_s1,illum,ica,4_bölge,mean,argmax,ica|forehead+left_cheek+right_cheek+full|mean|argmax,1.0082744395378576,1.2552270581872709,1.3125430495866581,0.9583059925241812,100.0,0.03039301702152386
illum_s1,illum,ica,4_bölge,mean,viterbi,ica|forehead+left_cheek+right_cheek+full|mean|viterbi+ma,1.0082744395378576,1.2552270581872709,1.3125430495866581,0.9583059925241812,100.0,0.03039301702152386
illum_s1,illum,ica,4_bölge,snr,argmax,ica|forehead+left_cheek+right_cheek+full|snr|argmax,1.0003758513683698,1.2432104022264558,1.3025599028394559,0.9598916559838404,100.0,0.04892875224697946
illum_s1,illum,ica,4_bölge,snr,viterbi,ica|forehead+left_cheek+right_cheek+full|snr|viterbi+ma,1.0051118293251062,1.2511498302271775,1.309353580508883,0.9598779172543557,100.0,0.044192774290252146
illum_s1,illum,chrom,alın,mean,argmax,chrom|forehead|mean|argmax,1.108548012401905,1.436117720470979,1.4526208342176594,0.951244126145693,100.0,0.01596961179551215
illum_s1,illum,chrom,alın,mean,viterbi,chrom|forehead|mean|viterbi+ma,1.108548012401905,1.436117720470979,1.4526208342176594,0.951244126145693,100.0,0.01596961179551215
illum_s1,illum,chrom,yanaklar,mean,argmax,chrom|left_cheek+right_cheek|mean|argmax,1.3094559134753847,1.5220597757934766,1.7020306155978722,0.9458628967405762,100.0,0.06229470820828453
illum_s1,illum,chrom,yanaklar,mean,viterbi,chrom|left_cheek+right_cheek|mean|viterbi+ma,1.3094559134753847,1.5220597757934766,1.7020306155978722,0.9458628967405762,100.0,0.06229470820828453
illum_s1,illum,chrom,yanaklar,snr,argmax,chrom|left_cheek+right_cheek|snr|argmax,1.315723727457995,1.5255588825332016,1.7101074141520567,0.9458332949305829,100.0,0.06355267989549418
illum_s1,illum,chrom,yanaklar,snr,viterbi,chrom|left_cheek+right_cheek|snr|viterbi+ma,1.315723727457995,1.5255588825332016,1.7101074141520567,0.9458332949305829,100.0,0.06355267989549418
illum_s1,illum,chrom,tüm_yüz,mean,argmax,chrom|full|mean|argmax,1.2937411281505726,1.536216422338798,1.6855433496775647,0.9465853672058706,100.0,0.047581142924812525
illum_s1,illum,chrom,tüm_yüz,mean,viterbi,chrom|full|mean|viterbi+ma,1.2937411281505726,1.536216422338798,1.6855433496775647,0.9465853672058706,100.0,0.047581142924812525
illum_s1,illum,chrom,alın+yanaklar,mean,argmax,chrom|forehead+left_cheek+right_cheek|mean|argmax,1.2290782886362108,1.4609836131719627,1.6003854289524329,0.9503887114288492,100.0,0.03379302178815635
illum_s1,illum,chrom,alın+yanaklar,mean,viterbi,chrom|forehead+left_cheek+right_cheek|mean|viterbi+ma,1.233911440449827,1.4678757773211297,1.6073185008225022,0.9505432388766691,100.0,0.03862617360175591
illum_s1,illum,chrom,alın+yanaklar,snr,argmax,chrom|forehead+left_cheek+right_cheek|snr|argmax,1.2466588322508925,1.4857057061536711,1.6242027774086687,0.9495009964901107,100.0,0.05211792077467692
illum_s1,illum,chrom,alın+yanaklar,snr,viterbi,chrom|forehead+left_cheek+right_cheek|snr|viterbi+ma,1.2512672631937531,1.4921869421022778,1.6308134911141823,0.9496659916788291,100.0,0.056726351717529155
illum_s1,illum,chrom,4_bölge,mean,argmax,chrom|forehead+left_cheek+right_cheek+full|mean|argmax,1.245053539524066,1.4785969851075929,1.6214420821248552,0.9495822926123596,100.0,0.038255285149062956
illum_s1,illum,chrom,4_bölge,mean,viterbi,chrom|forehead+left_cheek+right_cheek+full|mean|viterbi+ma,1.2488492334966728,1.4840158358375468,1.6268869388402458,0.9497067316642654,100.0,0.042050979121668774
illum_s1,illum,chrom,4_bölge,snr,argmax,chrom|forehead+left_cheek+right_cheek+full|snr|argmax,1.257336924617669,1.4999593903805908,1.638431902208875,0.9489043008144666,100.0,0.051155119376474545
illum_s1,illum,chrom,4_bölge,snr,viterbi,chrom|forehead+left_cheek+right_cheek+full|snr|viterbi+ma,1.257336924617669,1.4999593903805908,1.638431902208875,0.9489043008144666,100.0,0.051155119376474545
illum_s1,illum,pos,alın,mean,argmax,pos|forehead|mean|argmax,0.9774127058657083,1.25456975052029,1.2782538992181658,0.9589768494729245,100.0,0.055053388912597256
illum_s1,illum,pos,alın,mean,viterbi,pos|forehead|mean|viterbi+ma,0.9794895942315838,1.2573124773831055,1.281233159308064,0.959023592537947,100.0,0.05297650054673397
illum_s1,illum,pos,yanaklar,mean,argmax,pos|left_cheek+right_cheek|mean|argmax,1.0232629943354625,1.237631234119783,1.3309584946217727,0.9604466221025774,100.0,0.003112729697605232
illum_s1,illum,pos,yanaklar,mean,viterbi,pos|left_cheek+right_cheek|mean|viterbi+ma,1.0273869636483497,1.2446302387318586,1.336874256579768,0.9604413198343382,100.0,0.0010112396152806014
illum_s1,illum,pos,yanaklar,snr,argmax,pos|left_cheek+right_cheek|snr|argmax,1.0214679064553949,1.2398028507229473,1.3285766323025343,0.9600834225333078,100.0,0.009675443796680838
illum_s1,illum,pos,yanaklar,snr,viterbi,pos|left_cheek+right_cheek|snr|viterbi+ma,1.0214679064553949,1.2398028507229473,1.3285766323025343,0.9600834225333078,100.0,0.009675443796680838
illum_s1,illum,pos,tüm_yüz,mean,argmax,pos|full|mean|argmax,1.0283945091280788,1.2777901912783798,1.341461799366756,0.9595444555411944,100.0,0.017444541444064043
illum_s1,illum,pos,tüm_yüz,mean,viterbi,pos|full|mean|viterbi+ma,1.0314221776314336,1.2828374579600863,1.3458049369593654,0.95955441143942,100.0,0.014416872940714143
illum_s1,illum,pos,alın+yanaklar,mean,argmax,pos|forehead+left_cheek+right_cheek|mean|argmax,1.0118168840100945,1.2364436488174497,1.3181756932894872,0.9605896318124176,100.0,0.01812018741087229
illum_s1,illum,pos,alın+yanaklar,mean,viterbi,pos|forehead+left_cheek+right_cheek|mean|viterbi+ma,1.0118168840100945,1.2364436488174497,1.3181756932894872,0.9605896318124176,100.0,0.01812018741087229
illum_s1,illum,pos,alın+yanaklar,snr,argmax,pos|forehead+left_cheek+right_cheek|snr|argmax,1.0110101162188372,1.2446026198590037,1.3170966509351218,0.9604665816951824,100.0,0.028783982237797545
illum_s1,illum,pos,alın+yanaklar,snr,viterbi,pos|forehead+left_cheek+right_cheek|snr|viterbi+ma,1.0110101162188372,1.2446026198590037,1.3170966509351218,0.9604665816951824,100.0,0.028783982237797545
illum_s1,illum,pos,4_bölge,mean,argmax,pos|forehead+left_cheek+right_cheek+full|mean|argmax,1.0156847710274581,1.2460552418457236,1.3236806925846625,0.9604500837435681,100.0,0.017216153083950303
illum_s1,illum,pos,4_bölge,mean,viterbi,pos|forehead+left_cheek+right_cheek+full|mean|viterbi+ma,1.0156847710274581,1.2460552418457236,1.3236806925846625,0.9604500837435681,100.0,0.017216153083950303
illum_s1,illum,pos,4_bölge,snr,argmax,pos|forehead+left_cheek+right_cheek+full|snr|argmax,1.0137837585730431,1.2545909316575807,1.321442739228813,0.9602993432077871,100.0,0.02601311989397459
illum_s1,illum,pos,4_bölge,snr,viterbi,pos|forehead+left_cheek+right_cheek+full|snr|viterbi+ma,1.0182277651660052,1.2620013772071472,1.3278175890759178,0.9603055648772937,100.0,0.02156911330099831
illum_s1,illum,lgi,alın,mean,argmax,lgi|forehead|mean|argmax,1.0112859122172222,1.3040690991983797,1.324644862470422,0.9569626412869225,100.0,0.04757355002840313
illum_s1,illum,lgi,alın,mean,viterbi,lgi|forehead|mean|viterbi+ma,1.0112859122172222,1.3040690991983797,1.324644862470422,0.9569626412869225,100.0,0.04757355002840313
illum_s1,illum,lgi,yanaklar,mean,argmax,lgi|left_cheek+right_cheek|mean|argmax,1.0247372891593205,1.2337881414814973,1.3325414929395258,0.9606416716148078,100.0,0.004632045977317034
illum_s1,illum,lgi,yanaklar,mean,viterbi,lgi|left_cheek+right_cheek|mean|viterbi+ma,1.0294003293391838,1.241671986989797,1.3392305426418203,0.9606371845278895,100.0,3.099420256091889e-05
illum_s1,illum,lgi,yanaklar,snr,argmax,lgi|left_cheek+right_cheek|snr|argmax,1.0230091596675557,1.2321563075524842,1.3299415071892775,0.960444717529432,100.0,0.014182609977254401
illum_s1,illum,lgi,yanaklar,snr,viterbi,lgi|left_cheek+right_cheek|snr|viterbi+ma,1.027456749621165,1.2397066028389,1.3363214973046509,0.9604328852954779,100.0,0.009735020023640573
illum_s1,illum,lgi,tüm_yüz,mean,argmax,lgi|full|mean|argmax,1.0255027403935693,1.2749610551606378,1.33779497383337,0.9596216168766794,100.0,0.017810274941723492
illum_s1,illum,lgi,tüm_yüz,mean,viterbi,lgi|full|mean|viterbi+ma,1.0286661481910488,1.2802372405470188,1.342332827072839,0.9596311555815197,100.0,0.014646867144236353
illum_s1,illum,lgi,alın+yanaklar,mean,argmax,lgi|forehead+left_cheek+right_cheek|mean|argmax,1.017455844497016,1.2412536156778835,1.3258135986677415,0.960564797475423,100.0,0.017850357202917166
illum_s1,illum,lgi,alın+yanaklar,mean,viterbi,lgi|forehead+left_cheek+right_cheek|mean|viterbi+ma,1.017455844497016,1.2412536156778835,1.3258135986677415,0.960564797475423,100.0,0.017850357202917166
illum_s1,illum,lgi,alın+yanaklar,snr,argmax,lgi|forehead+left_cheek+right_cheek|snr|argmax,1.0224721156241634,1.255884303269049,1.3326667060609305,0.9603637530208793,100.0,0.03227166993868025
illum_s1,illum,lgi,alın+yanaklar,snr,viterbi,lgi|forehead+left_cheek+right_cheek|snr|viterbi+ma,1.0224721156241634,1.255884303269049,1.3326667060609305,0.9603637530208793,100.0,0.03227166993868025
illum_s1,illum,lgi,4_bölge,mean,argmax,lgi|forehead+left_cheek+right_cheek+full|mean|argmax,1.0176124982551675,1.2475274567385857,1.326456140578027,0.9605123251388814,100.0,0.0170159291194949
illum_s1,illum,lgi,4_bölge,mean,viterbi,lgi|forehead+left_cheek+right_cheek+full|mean|viterbi+ma,1.0176124982551675,1.2475274567385857,1.326456140578027,0.9605123251388814,100.0,0.0170159291194949
illum_s1,illum,lgi,4_bölge,snr,argmax,lgi|forehead+left_cheek+right_cheek+full|snr|argmax,1.0189482710157705,1.2605891254233608,1.328639973245913,0.9602505001280501,100.0,0.02873029146506667
illum_s1,illum,lgi,4_bölge,snr,viterbi,lgi|forehead+left_cheek+right_cheek+full|snr|viterbi+ma,1.02340665717084,1.267987021618725,1.3350354503237352,0.9602615690427801,100.0,0.024271905310001785
illum_s2,illum,green,alın,mean,argmax,green|forehead|mean|argmax,31.598322059819218,37.17745425654383,43.03905882663096,-0.2321490724470623,5.88235294117647,27.237594973934648
illum_s2,illum,green,alın,mean,viterbi,green|forehead|mean|viterbi+ma,30.158355596918373,34.00608477722167,41.47486015921122,-0.6562784893497259,0.0,30.158355596918383
illum_s2,illum,green,yanaklar,mean,argmax,green|left_cheek+right_cheek|mean|argmax,37.5908481214856,41.27419765806216,50.47535699295514,-0.02099498297971012,0.0,35.632557476845506
illum_s2,illum,green,yanaklar,mean,viterbi,green|left_cheek+right_cheek|mean|viterbi+ma,41.60465549189674,42.84309523364763,55.18126899783683,0.4501799431187655,0.0,41.60465549189675
illum_s2,illum,green,yanaklar,snr,argmax,green|left_cheek+right_cheek|snr|argmax,37.59088589493575,41.27425608776816,50.47540617341969,-0.0209944323767838,0.0,35.63258678736295
illum_s2,illum,green,yanaklar,snr,viterbi,green|left_cheek+right_cheek|snr|viterbi+ma,41.6046923276108,42.8431562695523,55.18130885849347,0.45018146097283374,0.0,41.604692327610806
illum_s2,illum,green,tüm_yüz,mean,argmax,green|full|mean|argmax,37.367241748744554,41.00461703528821,50.13900497689248,-0.0042328009476308446,0.0,35.419239501968875
illum_s2,illum,green,tüm_yüz,mean,viterbi,green|full|mean|viterbi+ma,41.62365036791209,42.865154665873774,55.20789050335089,0.4489121229198514,0.0,41.62365036791209
illum_s2,illum,green,alın+yanaklar,mean,argmax,green|forehead+left_cheek+right_cheek|mean|argmax,34.96547751555811,39.4074371435804,47.17587953820115,-0.09770626129564913,0.0,32.206016278940126
illum_s2,illum,green,alın+yanaklar,mean,viterbi,green|forehead+left_cheek+right_cheek|mean|viterbi+ma,29.32764695616162,33.81325905072764,40.50398880272826,-0.6978984721738672,7.8431372549019605,29.32764695616163
illum_s2,illum,green,alın+yanaklar,snr,argmax,green|forehead+left_cheek+right_cheek|snr|argmax,33.260947392119675,38.28803791279411,45.096459336144854,-0.18224552127459698,1.9607843137254901,29.28605867175088
illum_s2,illum,green,alın+yanaklar,snr,viterbi,green|forehead+left_cheek+right_cheek|snr|viterbi+ma,29.283274464588846,33.81312058437443,40.452944715831904,-0.6992845173156949,7.8431372549019605,29.28327446458887
illum_s2,illum,green,4_bölge,mean,argmax,green|forehead+left_cheek+right_cheek+full|mean|argmax,34.978525104306605,39.40480821266039,47.1881733513503,-0.09604849861738184,0.0,32.207406205669486
illum_s2,illum,green,4_bölge,mean,viterbi,green|forehead+left_cheek+right_cheek+full|mean|viterbi+ma,29.335503185476316,33.802962632843844,40.51004857708716,-0.696975085974147,7.8431372549019605,29.335503185476327
illum_s2,illum,green,4_bölge,snr,argmax,green|forehead+left_cheek+right_cheek+full|snr|argmax,33.27961863178312,38.283575856676144,45.11546390903492,-0.18041316559476112,1.9607843137254901,29.283143619066394
illum_s2,illum,green,4_bölge,snr,viterbi,green|forehead+left_cheek+right_cheek+full|snr|viterbi+ma,29.28569215274024,33.78857318349666,40.44924331110619,-0.6974509042629511,7.8431372549019605,29.28569215274024
illum_s2,illum,ica,alın,mean,argmax,ica|forehead|mean|argmax,31.173316302502684,37.06251316209207,42.47282565200771,-0.20183789603453242,7.8431372549019605,26.391097158093487
illum_s2,illum,ica,alın,mean,viterbi,ica|forehead|mean|viterbi+ma,30.110651103745585,34.00926160622982,41.418609681723225,-0.6547048784270094,3.9215686274509802,30.110651103745624
illum_s2,illum,ica,yanaklar,mean,argmax,ica|left_cheek+right_cheek|mean|argmax,0.4060308007053156,0.5116867388487606,0.5234275217596618,0.9974106470148237,100.0,0.02645898692027515
illum_s2,illum,ica,yanaklar,mean,viterbi,ica|left_cheek+right_cheek|mean|viterbi+ma,0.4060308007053156,0.5116867388487606,0.5234275217596618,0.9974106470148237,100.0,0.02645898692027515
illum_s2,illum,ica,yanaklar,snr,argmax,ica|left_cheek+right_cheek|snr|argmax,0.4113453933444995,0.5323234542350662,0.5290008681009953,0.9972725040771446,100.0,0.02930192400177134
illum_s2,illum,ica,yanaklar,snr,viterbi,ica|left_cheek+right_cheek|snr|viterbi+ma,0.4113453933444995,0.5323234542350662,0.5290008681009953,0.9972725040771446,100.0,0.02930192400177134
illum_s2,illum,ica,tüm_yüz,mean,argmax,ica|full|mean|argmax,0.46919906739204903,0.5718614256571813,0.6091334779330442,0.9968019862875428,100.0,0.03204778797891095
illum_s2,illum,ica,tüm_yüz,mean,viterbi,ica|full|mean|viterbi+ma,0.46919906739204903,0.5718614256571813,0.6091334779330442,0.9968019862875428,100.0,0.03204778797891095
illum_s2,illum,ica,alın+yanaklar,mean,argmax,ica|forehead+left_cheek+right_cheek|mean|argmax,0.4188814176099159,0.5165270914373778,0.5399019750596568,0.9973301098280595,100.0,0.028860430721252328
illum_s2,illum,ica,alın+yanaklar,mean,viterbi,ica|forehead+left_cheek+right_cheek|mean|viterbi+ma,0.4188814176099159,0.5165270914373778,0.5399019750596568,0.9973301098280595,100.0,0.028860430721252328
illum_s2,illum,ica,alın+yanaklar,snr,argmax,ica|forehead+left_cheek+right_cheek|snr|argmax,0.41119643111238924,0.5321717187716928,0.5288202379490103,0.9972741117360865,100.0,0.02929335586337345
illum_s2,illum,ica,alın+yanaklar,snr,viterbi,ica|forehead+left_cheek+right_cheek|snr|viterbi+ma,0.41119643111238924,0.5321717187716928,0.5288202379490103,0.9972741117360865,100.0,0.02929335586337345
illum_s2,illum,ica,4_bölge,mean,argmax,ica|forehead+left_cheek+right_cheek+full|mean|argmax,0.4243376470986901,0.5211865336446332,0.5474615828880334,0.9972968162844122,100.0,0.030232033839723726
illum_s2,illum,ica,4_bölge,mean,viterbi,ica|forehead+left_cheek+right_cheek+full|mean|viterbi+ma,0.4243376470986901,0.5211865336446332,0.5474615828880334,0.9972968162844122,100.0,0.030232033839723726
illum_s2,illum,ica,4_bölge,snr,argmax,ica|forehead+left_cheek+right_cheek+full|snr|argmax,0.4340874216189075,0.5456014728123837,0.5606543281511095,0.9971144618282015,100.0,0.02827875594589102
illum_s2,illum,ica,4_bölge,snr,viterbi,ica|forehead+left_cheek+right_cheek+full|snr|viterbi+ma,0.4340874216189075,0.5456014728123837,0.5606543281511095,0.9971144618282015,100.0,0.02827875594589102
illum_s2,illum,chrom,alın,mean,argmax,chrom|forehead|mean|argmax,0.6174025389193497,0.7318761991911336,0.8043368975073465,0.9950701974886175,100.0,0.018226803891550958
illum_s2,illum,chrom,alın,mean,viterbi,chrom|forehead|mean|viterbi+ma,0.6174025389193497,0.7318761991911336,0.8043368975073465,0.9950701974886175,100.0,0.018226803891550958
illum_s2,illum,chrom,yanaklar,mean,argmax,chrom|left_cheek+right_cheek|mean|argmax,0.4385331066880665,0.5291784259604811,0.5650024154978779,0.9973298883546162,100.0,0.05712530600385435
illum_s2,illum,chrom,yanaklar,mean,viterbi,chrom|left_cheek+right_cheek|mean|viterbi+ma,0.4385331066880665,0.5291784259604811,0.5650024154978779,0.9973298883546162,100.0,0.05712530600385435
illum_s2,illum,chrom,yanaklar,snr,argmax,chrom|left_cheek+right_cheek|snr|argmax,0.4476424993443222,0.541038011446407,0.5752638348468829,0.9971953251505419,100.0,0.054620668247494564
illum_s2,illum,chrom,yanaklar,snr,viterbi,chrom|left_cheek+right_cheek|snr|viterbi+ma,0.4476424993443222,0.541038011446407,0.5752638348468829,0.9971953251505419,100.0,0.054620668247494564
illum_s2,illum,chrom,tüm_yüz,mean,argmax,chrom|full|mean|argmax,0.49186809066937953,0.6014934555363545,0.6378156117604246,0.9966234200276503,100.0,0.06800325575429156
illum_s2,illum,chrom,tüm_yüz,mean,viterbi,chrom|full|mean|viterbi+ma,0.49186809066937953,0.6014934555363545,0.6378156117604246,0.9966234200276503,100.0,0.06800325575429156
illum_s2,illum,chrom,alın+yanaklar,mean,argmax,chrom|forehead+left_cheek+right_cheek|mean|argmax,0.4617473421003521,0.5476772155805003,0.5962999372682021,0.99720334019552,100.0,0.04765216137971606
illum_s2,illum,chrom,alın+yanaklar,mean,viterbi,chrom|forehead+left_cheek+right_cheek|mean|viterbi+ma,0.4617473421003521,0.5476772155805003,0.5962999372682021,0.99720334019552,100.0,0.04765216137971606
illum_s2,illum,chrom,alın+yanaklar,snr,argmax,chrom|forehead+left_cheek+right_cheek|snr|argmax,0.46626979577028677,0.5580194780135185,0.5991179964450499,0.997103264798801,100.0,0.051535825055481155
illum_s2,illum,chrom,alın+yanaklar,snr,viterbi,chrom|forehead+left_cheek+right_cheek|snr|viterbi+ma,0.46626979577028677,0.5580194780135185,0.5991179964450499,0.997103264798801,100.0,0.051535825055481155
illum_s2,illum,chrom,4_bölge,mean,argmax,chrom|forehead+left_cheek+right_cheek+full|mean|argmax,0.46198800200774176,0.5525328794806666,0.5972780605506256,0.9971605674342585,100.0,0.0533796319056421
illum_s2,illum,chrom,4_bölge,mean,viterbi,chrom|forehead+left_cheek+right_cheek+full|mean|viterbi+ma,0.46198800200774176,0.5525328794806666,0.5972780605506256,0.9971605674342585,100.0,0.0533796319056421
illum_s2,illum,chrom,4_bölge,snr,argmax,chrom|forehead+left_cheek+right_cheek+full|snr|argmax,0.4733115352591079,0.5709131927412907,0.6103792756405425,0.9969562551425712,100.0,0.05762654309208415
illum_s2,illum,chrom,4_bölge,snr,viterbi,chrom|forehead+left_cheek+right_cheek+full|snr|viterbi+ma,0.4733115352591079,0.5709131927412907,0.6103792756405425,0.9969562551425712,100.0,0.05762654309208415
illum_s2,illum,pos,alın,mean,argmax,pos|forehead|mean|argmax,0.5151366457748853,0.5995825261241288,0.6673511761985784,0.9963380826525963,100.0,0.02762357357919143
illum_s2,illum,pos,alın,mean,viterbi,pos|forehead|mean|viterbi+ma,0.5151366457748853,0.5995825261241288,0.6673511761985784,0.9963380826525963,100.0,0.02762357357919143
illum_s2,illum,pos,yanaklar,mean,argmax,pos|left_cheek+right_cheek|mean|argmax,0.4025701358764746,0.5005425422360237,0.5171028703682894,0.997534945044171,100.0,0.026925553234647737
illum_s2,illum,pos,yanaklar,mean,viterbi,pos|left_cheek+right_cheek|mean|viterbi+ma,0.4025701358764746,0.5005425422360237,0.5171028703682894,0.997534945044171,100.0,0.026925553234647737
illum_s2,illum,pos,yanaklar,snr,argmax,pos|left_cheek+right_cheek|snr|argmax,0.4102046388675551,0.5184796222013219,0.5268277643711112,0.9973804892711579,100.0,0.02397807485631631
illum_s2,illum,pos,yanaklar,snr,viterbi,pos|left_cheek+right_cheek|snr|viterbi+ma,0.4102046388675551,0.5184796222013219,0.5268277643711112,0.9973804892711579,100.0,0.02397807485631631
illum_s2,illum,pos,tüm_yüz,mean,argmax,pos|full|mean|argmax,0.4473142365311032,0.5531215906772566,0.5791850454324079,0.9970180146462176,100.0,0.03916720940881646
illum_s2,illum,pos,tüm_yüz,mean,viterbi,pos|full|mean|viterbi+ma,0.4473142365311032,0.5531215906772566,0.5791850454324079,0.9970180146462176,100.0,0.03916720940881646
illum_s2,illum,pos,alın+yanaklar,mean,argmax,pos|forehead+left_cheek+right_cheek|mean|argmax,0.4239179938885098,0.5134006864184507,0.5454534042181751,0.9973892261590318,100.0,0.02551380285358107
illum_s2,illum,pos,alın+yanaklar,mean,viterbi,pos|forehead+left_cheek+right_cheek|mean|viterbi+ma,0.4239179938885098,0.5134006864184507,0.5454534042181751,0.9973892261590318,100.0,0.02551380285358107
illum_s2,illum,pos,alın+yanaklar,snr,argmax,pos|forehead+left_cheek+right_cheek|snr|argmax,0.4301754047064073,0.5247980777003128,0.5538402459858994,0.997314591694457,100.0,0.022052080875994307
illum_s2,illum,pos,alın+yanaklar,snr,viterbi,pos|forehead+left_cheek+right_cheek|snr|viterbi+ma,0.4301754047064073,0.5247980777003128,0.5538402459858994,0.997314591694457,100.0,0.022052080875994307
illum_s2,illum,pos,4_bölge,mean,argmax,pos|forehead+left_cheek+right_cheek+full|mean|argmax,0.4277752480757167,0.5171658345779216,0.551312166035305,0.9973628385658408,100.0,0.028622723281714002
illum_s2,illum,pos,4_bölge,mean,viterbi,pos|forehead+left_cheek+right_cheek+full|mean|viterbi+ma,0.4277752480757167,0.5171658345779216,0.551312166035305,0.9973628385658408,100.0,0.028622723281714002
illum_s2,illum,pos,4_bölge,snr,argmax,pos|forehead+left_cheek+right_cheek+full|snr|argmax,0.43454188097806984,0.5307125607210004,0.5610133561186575,0.9972562115201038,100.0,0.02869413714832092
illum_s2,illum,pos,4_bölge,snr,viterbi,pos|forehead+left_cheek+right_cheek+full|snr|viterbi+ma,0.43454188097806984,0.5307125607210004,0.5610133561186575,0.9972562115201038,100.0,0.02869413714832092
illum_s2,illum,lgi,alın,mean,argmax,lgi|forehead|mean|argmax,0.5384777917448582,0.634916130432854,0.6982512482349623,0.9959289648473939,100.0,0.01937403937513693
illum_s2,illum,lgi,alın,mean,viterbi,lgi|forehead|mean|viterbi+ma,0.5384777917448582,0.634916130432854,0.6982512482349623,0.9959289648473939,100.0,0.01937403937513693
illum_s2,illum,lgi,yanaklar,mean,argmax,lgi|left_cheek+right_cheek|mean|argmax,0.40366200897933835,0.4955402115899798,0.518483953351692,0.9975861341399411,100.0,0.02257008101480551
illum_s2,illum,lgi,yanaklar,mean,viterbi,lgi|left_cheek+right_cheek|mean|viterbi+ma,0.40366200897933835,0.4955402115899798,0.518483953351692,0.9975861341399411,100.0,0.02257008101480551
illum_s2,illum,lgi,yanaklar,snr,argmax,lgi|left_cheek+right_cheek|snr|argmax,0.4140212841649144,0.5178605257486811,0.5304491570401416,0.9973911362015963,100.0,0.015954513379938362
illum_s2,illum,lgi,yanaklar,snr,viterbi,lgi|left_cheek+right_cheek|snr|viterbi+ma,0.4140212841649144,0.5178605257486811,0.5304491570401416,0.9973911362015963,100.0,0.015954513379938362
illum_s2,illum,lgi,tüm_yüz,mean,argmax,lgi|full|mean|argmax,0.44994217366612654,0.5552741720693677,0.5829811617298192,0.9969941791504862,100.0,0.03926526229891181
illum_s2,illum,lgi,tüm_yüz,mean,viterbi,lgi|full|mean|viterbi+ma,0.44994217366612654,0.5552741720693677,0.5829811617298192,0.9969941791504862,100.0,0.03926526229891181
illum_s2,illum,lgi,alın+yanaklar,mean,argmax,lgi|forehead+left_cheek+right_cheek|mean|argmax,0.4259907574025792,0.5137083980922633,0.548057430750441,0.9973951391957903,100.0,0.021874868164573513
illum_s2,illum,lgi,alın+yanaklar,mean,viterbi,lgi|forehead+left_cheek+right_cheek|mean|viterbi+ma,0.4259907574025792,0.5137083980922633,0.548057430750441,0.9973951391957903,100.0,0.021874868164573513
illum_s2,illum,lgi,alın+yanaklar,snr,argmax,lgi|forehead+left_cheek+right_cheek|snr|argmax,0.43788129495734823,0.5287260215764927,0.5628788720369474,0.9972901628288772,100.0,0.008817087217565245
illum_s2,illum,lgi,alın+yanaklar,snr,viterbi,lgi|forehead+left_cheek+right_cheek|snr|viterbi+ma,0.43788129495734823,0.5287260215764927,0.5628788720369474,0.9972901628288772,100.0,0.008817087217565245
illum_s2,illum,lgi,4_bölge,mean,argmax,lgi|forehead+left_cheek+right_cheek+full|mean|argmax,0.4301215223450801,0.5176635470956612,0.5543543465204703,0.9973664956172662,100.0,0.026484950927994078
illum_s2,illum,lgi,4_bölge,mean,viterbi,lgi|forehead+left_cheek+right_cheek+full|mean|viterbi+ma,0.4301215223450801,0.5176635470956612,0.5543543465204703,0.9973664956172662,100.0,0.026484950927994078
illum_s2,illum,lgi,4_bölge,snr,argmax,lgi|forehead+left_cheek+right_cheek+full|snr|argmax,0.4402354754657138,0.5341805167497052,0.5683223771293942,0.9972295913373526,100.0,0.024474256991425136
illum_s2,illum,lgi,4_bölge,snr,viterbi,lgi|forehead+left_cheek+right_cheek+full|snr|viterbi+ma,0.4402354754657138,0.5341805167497052,0.5683223771293942,0.9972295913373526,100.0,0.024474256991425136
screen_light_s0,screen_light,green,alın,mean,argmax,green|forehead|mean|argmax,21.34356984268673,23.410008480580466,26.157739940844838,0.05745438309435045,7.8431372549019605,3.7141686123478053
screen_light_s0,screen_light,green,alın,mean,viterbi,green|forehead|mean|viterbi+ma,23.479522461555607,24.682366063383526,29.577745612998456,0.6014062598809272,0.0,23.47952246155559
screen_light_s0,screen_light,green,yanaklar,mean,argmax,green|left_cheek+right_cheek|mean|argmax,22.080415883200498,25.012522130498457,27.88349735547287,-0.004788976800943174,7.8431372549019605,16.250983392388804
screen_light_s0,screen_light,green,yanaklar,mean,viterbi,green|left_cheek+right_cheek|mean|viterbi+ma,21.25084994981788,23.735080231049007,27.093240023590248,0.14052230287980827,15.686274509803921,20.11737844285659
screen_light_s0,screen_light,green,yanaklar,snr,argmax,green|left_cheek+right_cheek|snr|argmax,22.08068697886765,25.012745417108214,27.883801672695235,-0.004791598172309008,7.8431372549019605,16.250893586802334
screen_light_s0,screen_light,green,yanaklar,snr,viterbi,green|left_cheek+right_cheek|snr|viterbi+ma,21.25100530105802,23.735246300469154,27.093462589099126,0.14050641411866235,15.686274509803921,20.1175592159305
screen_light_s0,screen_light,green,tüm_yüz,mean,argmax,green|full|mean|argmax,22.24669908779316,25.07052267718867,28.075547430486864,-0.015697464765059475,7.8431372549019605,15.886415912730286
screen_light_s0,screen_light,green,tüm_yüz,mean,viterbi,green|full|mean|viterbi+ma,21.260848743590035,23.711888775130777,27.098619008373255,0.14130632308245758,15.686274509803921,20.088682244939903
screen_light_s0,screen_light,green,alın+yanaklar,mean,argmax,green|forehead+left_cheek+right_cheek|mean|argmax,21.12888486535154,24.137552614278306,26.325051171433184,0.20471003025303847,7.8431372549019605,14.371832435579464
screen_light_s0,screen_light,green,alın+yanaklar,mean,viterbi,green|forehead+left_cheek+right_cheek|mean|viterbi+ma,21.36607556775848,23.855576918817267,27.23354529179227,0.14442365719181963,15.686274509803921,20.25438415234703
screen_light_s0,screen_light,green,alın+yanaklar,snr,argmax,green|forehead+left_cheek+right_cheek|snr|argmax,20.28704493968582,22.765365291531705,25.333178585475295,0.08743367019387574,7.8431372549019605,8.871641389078874
screen_light_s0,screen_light,green,alın+yanaklar,snr,viterbi,green|forehead+left_cheek+right_cheek|snr|viterbi+ma,21.375656408024597,23.852474782515344,27.242611567749343,0.1451660123052561,15.686274509803921,20.252920578145748
screen_light_s0,screen_light,green,4_bölge,mean,argmax,green|forehead+left_cheek+right_cheek+full|mean|argmax,21.120505288393687,24.129130280072566,26.31496352219111,0.20321624959869494,7.8431372549019605,14.364344140521496
screen_light_s0,screen_light,green,4_bölge,mean,viterbi,green|forehead+left_cheek+right_cheek+full|mean|viterbi+ma,21.311543088276565,23.780332396690536,27.165951696835112,0.1428612144263035,15.686274509803921,20.17900965404803
screen_light_s0,screen_light,green,4_bölge,snr,argmax,green|forehead+left_cheek+right_cheek+full|snr|argmax,20.57744957041199,23.184057291188104,25.707730122193023,0.11348804299091207,7.8431372549019605,10.294473527994242
screen_light_s0,screen_light,green,4_bölge,snr,viterbi,green|forehead+left_cheek+right_cheek+full|snr|viterbi+ma,21.335975171351706,23.807196251225232,27.192507657852293,0.14478785297131794,15.686274509803921,20.202700756077377
screen_light_s0,screen_light,ica,alın,mean,argmax,ica|forehead|mean|argmax,20.54980611371198,22.40017246530203,24.54495953990643,0.19406950273305723,0.0,20.549806113711988
screen_light_s0,screen_light,ica,alın,mean,viterbi,ica|forehead|mean|viterbi+ma,22.284910065173804,23.844292948533045,26.568065778979445,0.1515387609488002,0.0,22.284910065173804
screen_light_s0,screen_light,ica,yanaklar,mean,argmax,ica|left_cheek+right_cheek|mean|argmax,19.833603231191134,24.374741732750433,25.11552304671631,-0.15142076282801256,17.647058823529413,6.42832000141253
screen_light_s0,screen_light,ica,yanaklar,mean,viterbi,ica|left_cheek+right_cheek|mean|viterbi+ma,21.14934776006651,22.502346103845767,25.33116817473802,0.4300637984870244,1.9607843137254901,21.149347760066526
screen_light_s0,screen_light,ica,yanaklar,snr,argmax,ica|left_cheek+right_cheek|snr|argmax,0.2969819372803421,0.396580186251688,0.38097918932736397,0.9989480536971027,100.0,0.06595238808515091
screen_light_s0,screen_light,ica,yanaklar,snr,viterbi,ica|left_cheek+right_cheek|snr|viterbi+ma,0.2969819372803421,0.396580186251688,0.38097918932736397,0.9989480536971027,100.0,0.06595238808515091
screen_light_s0,screen_light,ica,tüm_yüz,mean,argmax,ica|full|mean|argmax,22.27614124953058,23.82169610598746,26.56285059072036,0.2277209147137935,0.0,22.276141249530596
screen_light_s0,screen_light,ica,tüm_yüz,mean,viterbi,ica|full|mean|viterbi+ma,22.27614124953058,23.82169610598746,26.56285059072036,0.2277209147137935,0.0,22.276141249530596
screen_light_s0,screen_light,ica,alın+yanaklar,mean,argmax,ica|forehead+left_cheek+right_cheek|mean|argmax,13.865839906479366,15.000519826237205,16.855746213592255,0.4191106138564142,3.9215686274509802,12.395121758225002
screen_light_s0,screen_light,ica,alın+yanaklar,mean,viterbi,ica|forehead+left_cheek+right_cheek|mean|viterbi+ma,9.438805404591932,11.340624288810472,11.066258185555682,-0.06892304395348631,33.33333333333333,7.480582371661669
screen_light_s0,screen_light,ica,alın+yanaklar,snr,argmax,ica|forehead+left_cheek+right_cheek|snr|argmax,0.2985731435506795,0.4000489167416625,0.38317782564741193,0.9989274013939075,100.0,0.06406264527069538
screen_light_s0,screen_light,ica,alın+yanaklar,snr,viterbi,ica|forehead+left_cheek+right_cheek|snr|viterbi+ma,0.2985731435506795,0.4000489167416625,0.38317782564741193,0.9989274013939075,100.0,0.06406264527069538
screen_light_s0,screen_light,ica,4_bölge,mean,argmax,ica|forehead+left_cheek+right_cheek+full|mean|argmax,13.73453008363098,14.932975196465865,16.667344491987716,0.36720243461159735,5.88235294117647,12.097990350962561
screen_light_s0,screen_light,ica,4_bölge,mean,viterbi,ica|forehead+left_cheek+right_cheek+full|mean|viterbi+ma,9.442380854741339,11.341215070252087,11.070990457481757,-0.06611193469894382,33.33333333333333,7.47883294296787
screen_light_s0,screen_light,ica,4_bölge,snr,argmax,ica|forehead+left_cheek+right_cheek+full|snr|argmax,0.3212196987399563,0.44236986185827504,0.418255720728035,0.9987039988448354,100.0,0.034693338458069434
screen_light_s0,screen_light,ica,4_bölge,snr,viterbi,ica|forehead+left_cheek+right_cheek+full|snr|viterbi+ma,0.3212196987399563,0.44236986185827504,0.418255720728035,0.9987039988448354,100.0,0.034693338458069434
screen_light_s0,screen_light,chrom,alın,mean,argmax,chrom|forehead|mean|argmax,17.746662035706287,21.283171756867297,20.987153067461684,0.15285912332218,23.52941176470588,11.578349026750999
screen_light_s0,screen_light,chrom,alın,mean,viterbi,chrom|forehead|mean|viterbi+ma,18.629271159357867,21.725182806784044,21.973546460495776,-0.09983998853996588,17.647058823529413,18.62927115935787
screen_light_s0,screen_light,chrom,yanaklar,mean,argmax,chrom|left_cheek+right_cheek|mean|argmax,0.44345744947147825,0.5477265881384561,0.5620248514929563,0.9979307713240125,100.0,0.021680434649212543
screen_light_s0,screen_light,chrom,yanaklar,mean,viterbi,chrom|left_cheek+right_cheek|mean|viterbi+ma,0.4476806074776887,0.558694744074089,0.5685678732529158,0.9978426683473526,100.0,0.01745727664300034
screen_light_s0,screen_light,chrom,yanaklar,snr,argmax,chrom|left_cheek+right_cheek|snr|argmax,0.45063227618341256,0.5727433378828978,0.5734535524421656,0.9977506952223248,100.0,0.0026123352045033243
screen_light_s0,screen_light,chrom,yanaklar,snr,viterbi,chrom|left_cheek+right_cheek|snr|viterbi+ma,0.45063227618341256,0.5727433378828978,0.5734535524421656,0.9977506952223248,100.0,0.0026123352045033243
screen_light_s0,screen_light,chrom,tüm_yüz,mean,argmax,chrom|full|mean|argmax,0.3940664352497478,0.48718057741867216,0.4989841401424637,0.9984132865316945,100.0,0.0049517353146057985
screen_light_s0,screen_light,chrom,tüm_yüz,mean,viterbi,chrom|full|mean|viterbi+ma,0.3940664352497478,0.48718057741867216,0.4989841401424637,0.9984132865316945,100.0,0.0049517353146057985
screen_light_s0,screen_light,chrom,alın+yanaklar,mean,argmax,chrom|forehead+left_cheek+right_cheek|mean|argmax,0.6357932505398932,0.8363525594819854,0.8157066020793086,0.9953027290329031,100.0,0.039880037171002414
screen_light_s0,screen_light,chrom,alın+yanaklar,mean,viterbi,chrom|forehead+left_cheek+right_cheek|mean|viterbi+ma,0.6322753514501382,0.8251982467690931,0.8102562518296235,0.9954126241248558,100.0,0.03636213808125888
screen_light_s0,screen_light,chrom,alın+yanaklar,snr,argmax,chrom|forehead+left_cheek+right_cheek|snr|argmax,0.46774905972350395,0.5909510755592917,0.5973042880483335,0.9975856743882514,100.0,0.013357510330095579
screen_light_s0,screen_light,chrom,alın+yanaklar,snr,viterbi,chrom|forehead+left_cheek+right_cheek|snr|viterbi+ma,0.46774905972350395,0.5909510755592917,0.5973042880483335,0.9975856743882514,100.0,0.013357510330095579
screen_light_s0,screen_light,chrom,4_bölge,mean,argmax,chrom|forehead+left_cheek+right_cheek+full|mean|argmax,0.5514483078099637,0.7219381210278265,0.7071096321515058,0.9964776994127725,100.0,0.020851953262294387
screen_light_s0,screen_light,chrom,4_bölge,mean,viterbi,chrom|forehead+left_cheek+right_cheek+full|mean|viterbi+ma,0.553751748303257,0.7298260568595537,0.7106783978117596,0.9964080449910645,100.0,0.023155393755587284
screen_light_s0,screen_light,chrom,4_bölge,snr,argmax,chrom|forehead+left_cheek+right_cheek+full|snr|argmax,0.42244014120338275,0.5265106321036361,0.5369928630272559,0.9980872089570959,100.0,0.004240762631539496
screen_light_s0,screen_light,chrom,4_bölge,snr,viterbi,chrom|forehead+left_cheek+right_cheek+full|snr|viterbi+ma,0.42244014120338275,0.5265106321036361,0.5369928630272559,0.9980872089570959,100.0,0.004240762631539496
screen_light_s0,screen_light,pos,alın,mean,argmax,pos|forehead|mean|argmax,0.5155221989405655,0.6264967083170746,0.6513376295144002,0.9973851954799293,100.0,0.06993211100338215
screen_light_s0,screen_light,pos,alın,mean,viterbi,pos|forehead|mean|viterbi+ma,0.5155221989405655,0.6264967083170746,0.6513376295144002,0.9973851954799293,100.0,0.06993211100338215
screen_light_s0,screen_light,pos,yanaklar,mean,argmax,pos|left_cheek+right_cheek|mean|argmax,0.41714826678964084,0.5364876360358636,0.5298786554802977,0.9980133781558894,100.0,0.009532461982615814
screen_light_s0,screen_light,pos,yanaklar,mean,viterbi,pos|left_cheek+right_cheek|mean|viterbi+ma,0.41714826678964084,0.5364876360358636,0.5298786554802977,0.9980133781558894,100.0,0.009532461982615814
screen_light_s0,screen_light,pos,yanaklar,snr,argmax,pos|left_cheek+right_cheek|snr|argmax,0.41191653008701334,0.539693840954195,0.5224892073683973,0.9979841688927277,100.0,0.004110120971233755
screen_light_s0,screen_light,pos,yanaklar,snr,viterbi,pos|left_cheek+right_cheek|snr|viterbi+ma,0.41191653008701334,0.539693840954195,0.5224892073683973,0.9979841688927277,100.0,0.004110120971233755
screen_light_s0,screen_light,pos,tüm_yüz,mean,argmax,pos|full|mean|argmax,0.3718616699782595,0.48227765446492127,0.46882002797693595,0.9984230684745876,100.0,0.005392628024281976
screen_light_s0,screen_light,pos,tüm_yüz,mean,viterbi,pos|full|mean|viterbi+ma,0.3718616699782595,0.48227765446492127,0.46882002797693595,0.9984230684745876,100.0,0.005392628024281976
screen_light_s0,screen_light,pos,alın+yanaklar,mean,argmax,pos|forehead+left_cheek+right_cheek|mean|argmax,0.4280759882141169,0.535487080609238,0.5449240101147741,0.9980316908694212,100.0,0.024002921089874008
screen_light_s0,screen_light,pos,alın+yanaklar,mean,viterbi,pos|forehead+left_cheek+right_cheek|mean|viterbi+ma,0.4280759882141169,0.535487080609238,0.5449240101147741,0.9980316908694212,100.0,0.024002921089874008
screen_light_s0,screen_light,pos,alın+yanaklar,snr,argmax,pos|forehead+left_cheek+right_cheek|snr|argmax,0.4140095364751909,0.5219433469919599,0.5271005024011075,0.9981325101253025,100.0,0.0358906642346426
screen_light_s0,screen_light,pos,alın+yanaklar,snr,viterbi,pos|forehead+left_cheek+right_cheek|snr|viterbi+ma,0.4140095364751909,0.5219433469919599,0.5271005024011075,0.9981325101253025,100.0,0.0358906642346426
screen_light_s0,screen_light,pos,4_bölge,mean,argmax,pos|forehead+left_cheek+right_cheek+full|mean|argmax,0.41173350863475866,0.5220084166515961,0.5233688845821056,0.9981334019093032,100.0,0.01959804503012208
screen_light_s0,screen_light,pos,4_bölge,mean,viterbi,pos|forehead+left_cheek+right_cheek+full|mean|viterbi+ma,0.41173350863475866,0.5220084166515961,0.5233688845821056,0.9981334019093032,100.0,0.01959804503012208
screen_light_s0,screen_light,pos,4_bölge,snr,argmax,pos|forehead+left_cheek+right_cheek+full|snr|argmax,0.3909591936609539,0.5023633407323251,0.49620259431933283,0.9982748514477869,100.0,0.025791982969863625
screen_light_s0,screen_light,pos,4_bölge,snr,viterbi,pos|forehead+left_cheek+right_cheek+full|snr|viterbi+ma,0.3909591936609539,0.5023633407323251,0.49620259431933283,0.9982748514477869,100.0,0.025791982969863625
screen_light_s0,screen_light,lgi,alın,mean,argmax,lgi|forehead|mean|argmax,15.729959557692357,20.213222649137403,19.2281236980203,0.09987265321489956,29.411764705882355,6.0150360418336675
screen_light_s0,screen_light,lgi,alın,mean,viterbi,lgi|forehead|mean|viterbi+ma,17.922409150478746,21.698969495959027,22.734441293674685,-0.8906282297357551,23.52941176470588,0.020158355770675485
screen_light_s0,screen_light,lgi,yanaklar,mean,argmax,lgi|left_cheek+right_cheek|mean|argmax,15.614497472928662,20.682816275034444,19.205773007720467,0.028942749314607656,37.254901960784316,6.851317399489858
screen_light_s0,screen_light,lgi,yanaklar,mean,viterbi,lgi|left_cheek+right_cheek|mean|viterbi+ma,11.399350956761788,15.19186184696391,13.406689520078638,-0.4693618413187945,41.17647058823529,6.741511493256567
screen_light_s0,screen_light,lgi,yanaklar,snr,argmax,lgi|left_cheek+right_cheek|snr|argmax,14.08423480062927,19.13244182073794,17.26825988942249,0.05033897953509323,41.17647058823529,5.28197605343729
screen_light_s0,screen_light,lgi,yanaklar,snr,viterbi,lgi|left_cheek+right_cheek|snr|viterbi+ma,11.394811775373604,15.190564411200205,13.3981239253796,-0.4694192443831695,41.17647058823529,6.739164060430397
screen_light_s0,screen_light,lgi,tüm_yüz,mean,argmax,lgi|full|mean|argmax,15.833551235010253,20.391569908153528,19.46930530725815,0.03533553215548172,29.411764705882355,6.849716260335214
screen_light_s0,screen_light,lgi,tüm_yüz,mean,viterbi,lgi|full|mean|viterbi+ma,11.590689367018216,15.235148925554226,13.662890137781547,-0.4595764509144155,37.254901960784316,6.695297176900084
screen_light_s0,screen_light,lgi,alın+yanaklar,mean,argmax,lgi|forehead+left_cheek+right_cheek|mean|argmax,15.827424013455392,20.83625082951844,19.44925164568522,0.08565641851860259,35.294117647058826,7.729230699789241
screen_light_s0,screen_light,lgi,alın+yanaklar,mean,viterbi,lgi|forehead+left_cheek+right_cheek|mean|viterbi+ma,11.459874661943338,15.190833961184852,13.489501184681899,-0.46681494638618826,39.21568627450981,6.726108441452894
screen_light_s0,screen_light,lgi,alın+yanaklar,snr,argmax,lgi|forehead+left_cheek+right_cheek|snr|argmax,15.78407871799194,20.80515764098743,19.39248987386995,0.08598430952316531,37.254901960784316,7.7338030603737735
screen_light_s0,screen_light,lgi,alın+yanaklar,snr,viterbi,lgi|forehead+left_cheek+right_cheek|snr|viterbi+ma,11.449767122211467,15.18458899637944,13.476273268320854,-0.46819153379280964,39.21568627450981,6.713141052705609
screen_light_s0,screen_light,lgi,4_bölge,mean,argmax,lgi|forehead+left_cheek+right_cheek+full|mean|argmax,15.86399223184786,20.837026706095703,19.496502922373153,0.08503475660416816,33.33333333333333,7.716499157985652
screen_light_s0,screen_light,lgi,4_bölge,mean,viterbi,lgi|forehead+left_cheek+right_cheek+full|mean|viterbi+ma,11.474896851904548,15.189861739161676,13.510962784955648,-0.46361895974703876,39.21568627450981,6.720110531243606
screen_light_s0,screen_light,lgi,4_bölge,snr,argmax,lgi|forehead+left_cheek+right_cheek+full|snr|argmax,15.833122440393142,20.814907899090432,19.45552906225666,0.08497620787314107,35.294117647058826,7.718922694220765
screen_light_s0,screen_light,lgi,4_bölge,snr,viterbi,lgi|forehead+left_cheek+right_cheek+full|snr|viterbi+ma,11.471864030312336,15.194002029220748,13.505666256196214,-0.46557923946311747,39.21568627450981,6.715189664910653
screen_light_s1,screen_light,green,alın,mean,argmax,green|forehead|mean|argmax,23.885820023937637,28.42499760364601,30.942399840085034,-0.005693289412888257,3.9215686274509802,18.437402185958305
screen_light_s1,screen_light,green,alın,mean,viterbi,green|forehead|mean|viterbi+ma,12.536421220433342,14.742880445149734,16.0181205728536,0.5751377166752176,17.647058823529413,12.536421220433326
screen_light_s1,screen_light,green,yanaklar,mean,argmax,green|left_cheek+right_cheek|mean|argmax,20.967001019990093,26.031385929306428,27.082021696535673,-0.04456985941226102,5.88235294117647,17.587589546049955
screen_light_s1,screen_light,green,yanaklar,mean,viterbi,green|left_cheek+right_cheek|mean|viterbi+ma,12.483124001812369,14.69866356050375,15.954227590039661,0.5676647111070275,15.686274509803921,12.48312400181237
screen_light_s1,screen_light,green,yanaklar,snr,argmax,green|left_cheek+right_cheek|snr|argmax,20.966718035431303,26.031228939078044,27.081665177012006,-0.04457594144940863,5.88235294117647,17.58729189006658
screen_light_s1,screen_light,green,yanaklar,snr,viterbi,green|left_cheek+right_cheek|snr|viterbi+ma,12.483082085543055,14.698670227127055,15.9541718598309,0.5676638469070375,15.686274509803921,12.483082085543074
screen_light_s1,screen_light,green,tüm_yüz,mean,argmax,green|full|mean|argmax,21.390579797982454,26.424114170055834,27.6189546444783,-0.03835425177293663,5.88235294117647,17.999907547396234
screen_light_s1,screen_light,green,tüm_yüz,mean,viterbi,green|full|mean|viterbi+ma,12.475042247435617,14.661736303680073,15.941712322908739,0.5739500692673605,15.686274509803921,12.47504224743561
screen_light_s1,screen_light,green,alın+yanaklar,mean,argmax,green|forehead+left_cheek+right_cheek|mean|argmax,20.19827638352838,25.03911078203335,26.11274556656565,-0.026765139511590395,5.88235294117647,17.856977018230197
screen_light_s1,screen_light,green,alın+yanaklar,mean,viterbi,green|forehead+left_cheek+right_cheek|mean|viterbi+ma,12.519453189232918,14.734207240457431,15.997495118887379,0.5726292086100183,15.686274509803921,12.519453189232905
screen_light_s1,screen_light,green,alın+yanaklar,snr,argmax,green|forehead+left_cheek+right_cheek|snr|argmax,20.807484691076024,25.918964633065702,26.9429671760121,-0.10323540255152788,5.88235294117647,18.11617211195454
screen_light_s1,screen_light,green,alın+yanaklar,snr,viterbi,green|forehead+left_cheek+right_cheek|snr|viterbi+ma,12.556536930175927,14.738527562598867,16.04547360597702,0.5749179603902099,15.686274509803921,12.556536930175923
screen_light_s1,screen_light,green,4_bölge,mean,argmax,green|forehead+left_cheek+right_cheek+full|mean|argmax,20.90312668248266,25.99957031597547,26.982465950630413,0.011340590769196498,5.88235294117647,18.55441680708327
screen_light_s1,screen_light,green,4_bölge,mean,viterbi,green|forehead+left_cheek+right_cheek+full|mean|viterbi+ma,12.51244527743288,14.718240223271632,15.988764398995588,0.5731353794327297,15.686274509803921,12.512445277432889
screen_light_s1,screen_light,green,4_bölge,snr,argmax,green|forehead+left_cheek+right_cheek+full|snr|argmax,20.12667718350963,24.98160221709443,26.03713202171282,-0.08240280684086682,5.88235294117647,16.7490638531159
screen_light_s1,screen_light,green,4_bölge,snr,viterbi,green|forehead+left_cheek+right_cheek+full|snr|viterbi+ma,12.548149551972992,14.731751586093564,16.03461132538816,0.5749311627793868,15.686274509803921,12.548149551972983
screen_light_s1,screen_light,ica,alın,mean,argmax,ica|forehead|mean|argmax,15.467237371363606,15.82600380310327,19.711023965248277,0.050433892449073564,0.0,15.467237371363609
screen_light_s1,screen_light,ica,alın,mean,viterbi,ica|forehead|mean|viterbi+ma,15.467237371363606,15.82600380310327,19.711023965248277,0.050433892449073564,0.0,15.467237371363609
screen_light_s1,screen_light,ica,yanaklar,mean,argmax,ica|left_cheek+right_cheek|mean|argmax,1.0104443697695598,1.2269805896388644,1.3150338950618286,0.9613093805849965,100.0,0.011779701634935691
screen_light_s1,screen_light,ica,yanaklar,mean,viterbi,ica|left_cheek+right_cheek|mean|viterbi+ma,1.0104443697695598,1.2269805896388644,1.3150338950618286,0.9613093805849965,100.0,0.011779701634935691
screen_light_s1,screen_light,ica,yanaklar,snr,argmax,ica|left_cheek+right_cheek|snr|argmax,1.010103686427141,1.2290877366457702,1.3145759389438743,0.9608439600345033,100.0,0.013344039325701829
screen_light_s1,screen_light,ica,yanaklar,snr,viterbi,ica|left_cheek+right_cheek|snr|viterbi+ma,1.010103686427141,1.2290877366457702,1.3145759389438743,0.9608439600345033,100.0,0.013344039325701829
screen_light_s1,screen_light,ica,tüm_yüz,mean,argmax,ica|full|mean|argmax,27.858955959326412,28.05827998479199,35.65449681651117,0.08110459521100837,0.0,27.8589559593264
screen_light_s1,screen_light,ica,tüm_yüz,mean,viterbi,ica|full|mean|viterbi+ma,27.858955959326412,28.05827998479199,35.65449681651117,0.08110459521100837,0.0,27.8589559593264
screen_light_s1,screen_light,ica,alın+yanaklar,mean,argmax,ica|forehead+left_cheek+right_cheek|mean|argmax,15.446302553485813,15.81475794738879,19.681390258598213,-0.05787406731641597,0.0,15.446302553485815
screen_light_s1,screen_light,ica,alın+yanaklar,mean,viterbi,ica|forehead+left_cheek+right_cheek|mean|viterbi+ma,15.446302553485813,15.81475794738879,19.681390258598213,-0.05787406731641597,0.0,15.446302553485815
screen_light_s1,screen_light,ica,alın+yanaklar,snr,argmax,ica|forehead+left_cheek+right_cheek|snr|argmax,1.011202724332033,1.2302564007594137,1.3160175496483828,0.9608491227930518,100.0,0.013789979601085633
screen_light_s1,screen_light,ica,alın+yanaklar,snr,viterbi,ica|forehead+left_cheek+right_cheek|snr|viterbi+ma,1.011202724332033,1.2302564007594137,1.3160175496483828,0.9608491227930518,100.0,0.013789979601085633
screen_light_s1,screen_light,ica,4_bölge,mean,argmax,ica|forehead+left_cheek+right_cheek+full|mean|argmax,15.445963160459662,15.815255927930432,19.680883663444234,-0.05677970547812567,0.0,15.445963160459662
screen_light_s1,screen_light,ica,4_bölge,mean,viterbi,ica|forehead+left_cheek+right_cheek+full|mean|viterbi+ma,15.445963160459662,15.815255927930432,19.680883663444234,-0.05677970547812567,0.0,15.445963160459662
screen_light_s1,screen_light,ica,4_bölge,snr,argmax,ica|forehead+left_cheek+right_cheek+full|snr|argmax,1.0091053099797211,1.2274323423836853,1.3130806667165944,0.9610609116240477,100.0,0.01604454616345663
screen_light_s1,screen_light,ica,4_bölge,snr,viterbi,ica|forehead+left_cheek+right_cheek+full|snr|viterbi+ma,1.0091053099797211,1.2274323423836853,1.3130806667165944,0.9610609116240477,100.0,0.01604454616345663
screen_light_s1,screen_light,chrom,alın,mean,argmax,chrom|forehead|mean|argmax,16.43721759745419,25.861762340338455,21.116816808608586,0.24963712109056563,47.05882352941176,10.589755620998474
screen_light_s1,screen_light,chrom,alın,mean,viterbi,chrom|forehead|mean|viterbi+ma,4.955590716273261,7.043126320437152,6.424771644151924,0.6531995963971088,66.66666666666666,3.9943804067439004
screen_light_s1,screen_light,chrom,yanaklar,mean,argmax,chrom|left_cheek+right_cheek|mean|argmax,1.3241858083391764,1.5290843304092308,1.719054559212361,0.94451414160415,100.0,0.06689192322365045
screen_light_s1,screen_light,chrom,yanaklar,mean,viterbi,chrom|left_cheek+right_cheek|mean|viterbi+ma,1.3273594935108013,1.5341805421062467,1.7234296192455374,0.9444145695047761,100.0,0.0700656083952822
screen_light_s1,screen_light,chrom,yanaklar,snr,argmax,chrom|left_cheek+right_cheek|snr|argmax,1.3362094048502662,1.5310853140853276,1.7335956549141374,0.9446303283249736,100.0,0.05926478932751422
screen_light_s1,screen_light,chrom,yanaklar,snr,viterbi,chrom|left_cheek+right_cheek|snr|viterbi+ma,1.3362094048502662,1.5310853140853276,1.7335956549141374,0.9446303283249736,100.0,0.05926478932751422
screen_light_s1,screen_light,chrom,tüm_yüz,mean,argmax,chrom|full|mean|argmax,1.3375989754871096,1.5707033913348647,1.7407079759816517,0.945670814927064,100.0,0.038808338766358474
screen_light_s1,screen_light,chrom,tüm_yüz,mean,viterbi,chrom|full|mean|viterbi+ma,1.3375989754871096,1.5707033913348647,1.7407079759816517,0.945670814927064,100.0,0.038808338766358474
screen_light_s1,screen_light,chrom,alın+yanaklar,mean,argmax,chrom|forehead+left_cheek+right_cheek|mean|argmax,1.2940925540910313,1.474479949398976,1.6752210831868186,0.9411657770869988,100.0,0.006371618625067299
screen_light_s1,screen_light,chrom,alın+yanaklar,mean,viterbi,chrom|forehead+left_cheek+right_cheek|mean|viterbi+ma,1.2940925540910313,1.474479949398976,1.6752210831868186,0.9411657770869988,100.0,0.006371618625067299
screen_light_s1,screen_light,chrom,alın+yanaklar,snr,argmax,chrom|forehead+left_cheek+right_cheek|snr|argmax,1.3318351125741588,1.526445216515398,1.727765131993005,0.9448172016689163,100.0,0.05491609975594258
screen_light_s1,screen_light,chrom,alın+yanaklar,snr,viterbi,chrom|forehead+left_cheek+right_cheek|snr|viterbi+ma,1.3318351125741588,1.526445216515398,1.727765131993005,0.9448172016689163,100.0,0.05491609975594258
screen_light_s1,screen_light,chrom,4_bölge,mean,argmax,chrom|forehead+left_cheek+right_cheek+full|mean|argmax,1.293431289236056,1.4844453715471675,1.6775751639806733,0.9422976643434813,100.0,0.025357369330137658
screen_light_s1,screen_light,chrom,4_bölge,mean,viterbi,chrom|forehead+left_cheek+right_cheek+full|mean|viterbi+ma,1.293431289236056,1.4844453715471675,1.6775751639806733,0.9422976643434813,100.0,0.025357369330137658
screen_light_s1,screen_light,chrom,4_bölge,snr,argmax,chrom|forehead+left_cheek+right_cheek+full|snr|argmax,1.333401473282993,1.5464126810685832,1.7325686036052643,0.945662330161852,100.0,0.04130706505425508
screen_light_s1,screen_light,chrom,4_bölge,snr,viterbi,chrom|forehead+left_cheek+right_cheek+full|snr|viterbi+ma,1.333401473282993,1.5464126810685832,1.7325686036052643,0.945662330161852,100.0,0.04130706505425508
screen_light_s1,screen_light,pos,alın,mean,argmax,pos|forehead|mean|argmax,1.23409088569729,1.4914441206360483,1.612950057949932,0.9475114594884854,100.0,0.009609683277417957
screen_light_s1,screen_light,pos,alın,mean,viterbi,pos|forehead|mean|viterbi+ma,1.2291380550391402,1.4842315166487128,1.6061223701700287,0.9476271978929749,100.0,0.01456251393555874
screen_light_s1,screen_light,pos,yanaklar,mean,argmax,pos|left_cheek+right_cheek|mean|argmax,1.3684014259466484,1.5943045164453855,1.7782656424035772,0.9412874890063111,100.0,0.026512766978584068
screen_light_s1,screen_light,pos,yanaklar,mean,viterbi,pos|left_cheek+right_cheek|mean|viterbi+ma,1.3684014259466484,1.5943045164453855,1.7782656424035772,0.9412874890063111,100.0,0.026512766978584068
screen_light_s1,screen_light,pos,yanaklar,snr,argmax,pos|left_cheek+right_cheek|snr|argmax,1.3698503714844945,1.5971566886861814,1.7802986619541592,0.9405532175992631,100.0,0.02220623277617051
screen_light_s1,screen_light,pos,yanaklar,snr,viterbi,pos|left_cheek+right_cheek|snr|viterbi+ma,1.3698503714844945,1.5971566886861814,1.7802986619541592,0.9405532175992631,100.0,0.02220623277617051
screen_light_s1,screen_light,pos,tüm_yüz,mean,argmax,pos|full|mean|argmax,1.3535886398755494,1.5875232897371365,1.760227279878994,0.9421998716141414,100.0,0.006169798057825915
screen_light_s1,screen_light,pos,tüm_yüz,mean,viterbi,pos|full|mean|viterbi+ma,1.3535886398755494,1.5875232897371365,1.760227279878994,0.9421998716141414,100.0,0.006169798057825915
screen_light_s1,screen_light,pos,alın+yanaklar,mean,argmax,pos|forehead+left_cheek+right_cheek|mean|argmax,1.334381648257261,1.5658903943142402,1.7364191725649798,0.9433899136901468,100.0,0.016031310742718574
screen_light_s1,screen_light,pos,alın+yanaklar,mean,viterbi,pos|forehead+left_cheek+right_cheek|mean|viterbi+ma,1.334381648257261,1.5658903943142402,1.7364191725649798,0.9433899136901468,100.0,0.016031310742718574
screen_light_s1,screen_light,pos,alın+yanaklar,snr,argmax,pos|forehead+left_cheek+right_cheek|snr|argmax,1.3257410644985776,1.5616088414438334,1.7258206361352484,0.9437207788549837,100.0,0.008347332750147984
screen_light_s1,screen_light,pos,alın+yanaklar,snr,viterbi,pos|forehead+left_cheek+right_cheek|snr|viterbi+ma,1.3257410644985776,1.5616088414438334,1.7258206361352484,0.9437207788549837,100.0,0.008347332750147984
screen_light_s1,screen_light,pos,4_bölge,mean,argmax,pos|forehead+left_cheek+right_cheek+full|mean|argmax,1.3405140095650696,1.570870160102287,1.7440729299439621,0.943234537893818,100.0,0.014219350924534524
screen_light_s1,screen_light,pos,4_bölge,mean,viterbi,pos|forehead+left_cheek+right_cheek+full|mean|viterbi+ma,1.3405140095650696,1.570870160102287,1.7440729299439621,0.943234537893818,100.0,0.014219350924534524
screen_light_s1,screen_light,pos,4_bölge,snr,argmax,pos|forehead+left_cheek+right_cheek+full|snr|argmax,1.334335378401813,1.568082454337348,1.7362796894989159,0.9433262768833598,100.0,0.005011441561379115
screen_light_s1,screen_light,pos,4_bölge,snr,viterbi,pos|forehead+left_cheek+right_cheek+full|snr|viterbi+ma,1.334335378401813,1.568082454337348,1.7362796894989159,0.9433262768833598,100.0,0.005011441561379115
screen_light_s1,screen_light,lgi,alın,mean,argmax,lgi|forehead|mean|argmax,16.21148410283493,23.817897167108967,20.590364744535993,0.28498805189327653,31.372549019607842,13.121130143254888
screen_light_s1,screen_light,lgi,alın,mean,viterbi,lgi|forehead|mean|viterbi+ma,11.29738193060778,14.294316587227241,14.417609669926868,0.4070665179183279,27.450980392156865,10.3972894975836
screen_light_s1,screen_light,lgi,yanaklar,mean,argmax,lgi|left_cheek+right_cheek|mean|argmax,12.740421665104053,18.869127883491185,16.200611621239887,0.33921166951792325,39.21568627450981,11.029628559709295
screen_light_s1,screen_light,lgi,yanaklar,mean,viterbi,lgi|left_cheek+right_cheek|mean|viterbi+ma,6.868393156402183,8.549116356841987,8.849265596411007,0.5244838931232904,41.17647058823529,6.811331438411898
screen_light_s1,screen_light,lgi,yanaklar,snr,argmax,lgi|left_cheek+right_cheek|snr|argmax,12.740890026824962,18.86931379109093,16.200411537089916,0.34065552753577544,39.21568627450981,11.031098045424685
screen_light_s1,screen_light,lgi,yanaklar,snr,viterbi,lgi|left_cheek+right_cheek|snr|viterbi+ma,4.761707230235141,6.359594522752159,6.234586141381636,-0.033723775249802246,60.78431372549019,3.0303482772167314
screen_light_s1,screen_light,lgi,tüm_yüz,mean,argmax,lgi|full|mean|argmax,17.241921671426873,25.277775493058392,21.83184212508293,0.40081580764124847,33.33333333333333,15.66861400090768
screen_light_s1,screen_light,lgi,tüm_yüz,mean,viterbi,lgi|full|mean|viterbi+ma,11.629869124089081,14.490542044734863,14.827807512161009,0.5619745312163382,25.49019607843137,11.543759634101363
screen_light_s1,screen_light,lgi,alın+yanaklar,mean,argmax,lgi|forehead+left_cheek+right_cheek|mean|argmax,13.136852544967626,19.52046133817686,16.723202785615037,0.291454392304438,39.21568627450981,11.167968416053384
screen_light_s1,screen_light,lgi,alın+yanaklar,mean,viterbi,lgi|forehead+left_cheek+right_cheek|mean|viterbi+ma,11.578047186738258,14.455739293389508,14.760732745996904,0.5632666832653345,27.450980392156865,11.513647609982968
screen_light_s1,screen_light,lgi,alın+yanaklar,snr,argmax,lgi|forehead+left_cheek+right_cheek|snr|argmax,13.11086125854764,19.503955077553062,16.689172848616785,0.2932981673542979,39.21568627450981,11.157561213868831
screen_light_s1,screen_light,lgi,alın+yanaklar,snr,viterbi,lgi|forehead+left_cheek+right_cheek|snr|viterbi+ma,11.16864187024163,14.296686912766102,14.252192237442873,0.40900218127367916,31.372549019607842,10.328724643114768
screen_light_s1,screen_light,lgi,4_bölge,mean,argmax,lgi|forehead+left_cheek+right_cheek+full|mean|argmax,13.768637052801338,20.323519552217167,17.500376470367666,0.3484888379484869,39.21568627450981,12.217741197987422
screen_light_s1,screen_light,lgi,4_bölge,mean,viterbi,lgi|forehead+left_cheek+right_cheek+full|mean|viterbi+ma,11.601866323689224,14.499606714826234,14.792685177305495,0.5591051920150887,27.450980392156865,11.532305747093261
screen_light_s1,screen_light,lgi,4_bölge,snr,argmax,lgi|forehead+left_cheek+right_cheek+full|snr|argmax,13.796561950781596,20.691742635785662,17.53606099084312,0.3118773532318423,39.21568627450981,11.836615376303556
screen_light_s1,screen_light,lgi,4_bölge,snr,viterbi,lgi|forehead+left_cheek+right_cheek+full|snr|viterbi+ma,11.198768868244583,14.2987585490208,14.291650555806113,0.40891182667270964,31.372549019607842,10.354677891464192
screen_light_s2,screen_light,green,alın,mean,argmax,green|forehead|mean|argmax,27.944674143277563,33.58694992522375,38.497654614446205,-0.3673158200059003,7.8431372549019605,23.228740341844144
screen_light_s2,screen_light,green,alın,mean,viterbi,green|forehead|mean|viterbi+ma,30.12322448222489,33.932527522167504,41.41881477293429,-0.6543473648562992,0.0,30.123224482224884
screen_light_s2,screen_light,green,yanaklar,mean,argmax,green|left_cheek+right_cheek|mean|argmax,29.523715720716556,34.24704191672856,40.42316315629861,-0.30193856001027325,3.9215686274509802,26.37368617373204
screen_light_s2,screen_light,green,yanaklar,mean,viterbi,green|left_cheek+right_cheek|mean|viterbi+ma,29.25120973129294,33.67812722871657,40.38223988757461,-0.690704147324249,7.8431372549019605,29.251209731292946
screen_light_s2,screen_light,green,yanaklar,snr,argmax,green|left_cheek+right_cheek|snr|argmax,29.52378819022714,34.24716946729949,40.42328188110849,-0.3019467483536313,3.9215686274509802,26.373744424423947
screen_light_s2,screen_light,green,yanaklar,snr,viterbi,green|left_cheek+right_cheek|snr|viterbi+ma,29.251147721267706,33.67808622505492,40.382164524470674,-0.690706953067086,7.8431372549019605,29.2511477212677
screen_light_s2,screen_light,green,tüm_yüz,mean,argmax,green|full|mean|argmax,30.51013357656578,35.02566701798023,41.583561004236046,-0.2303945301371312,1.9607843137254901,27.361105601451897
screen_light_s2,screen_light,green,tüm_yüz,mean,viterbi,green|full|mean|viterbi+ma,29.250748742268417,33.674391694870884,40.38106070377994,-0.6909645343113994,7.8431372549019605,29.250748742268428
screen_light_s2,screen_light,green,alın+yanaklar,mean,argmax,green|forehead+left_cheek+right_cheek|mean|argmax,28.337267245629455,33.373365521656225,38.93032009947347,-0.3340818262765499,3.9215686274509802,24.788680312639556
screen_light_s2,screen_light,green,alın+yanaklar,mean,viterbi,green|forehead+left_cheek+right_cheek|mean|viterbi+ma,29.229303933070412,33.67476256383155,40.36118964334852,-0.6950999614296554,7.8431372549019605,29.229303933070398
screen_light_s2,screen_light,green,alın+yanaklar,snr,argmax,green|forehead+left_cheek+right_cheek|snr|argmax,28.070201795798205,33.28614305048032,38.59140336653613,-0.3297480182866558,3.9215686274509802,23.657238797017385
screen_light_s2,screen_light,green,alın+yanaklar,snr,viterbi,green|forehead+left_cheek+right_cheek|snr|viterbi+ma,29.18703570921181,33.65569264807684,40.306018542283866,-0.6936291913539082,7.8431372549019605,29.187035709211813
screen_light_s2,screen_light,green,4_bölge,mean,argmax,green|forehead+left_cheek+right_cheek+full|mean|argmax,29.825382079682587,34.55367823617482,40.72506368511832,-0.251108872605909,1.9607843137254901,26.265558027149822
screen_light_s2,screen_light,green,4_bölge,mean,viterbi,green|forehead+left_cheek+right_cheek+full|mean|viterbi+ma,29.22793705475349,33.65055787620285,40.352811916582645,-0.6931002100641659,7.8431372549019605,29.22793705475351
screen_light_s2,screen_light,green,4_bölge,snr,argmax,green|forehead+left_cheek+right_cheek+full|snr|argmax,28.320993084521824,33.409310829577706,38.91495664883897,-0.33620845017822876,3.9215686274509802,24.313696854992358
screen_light_s2,screen_light,green,4_bölge,snr,viterbi,green|forehead+left_cheek+right_cheek+full|snr|viterbi+ma,29.205477145793466,33.66347006632516,40.32862976471938,-0.6932550113358894,7.8431372549019605,29.20547714579348
screen_light_s2,screen_light,ica,alın,mean,argmax,ica|forehead|mean|argmax,9.702232285670423,10.942674816904475,12.231214878991182,-0.1640867523644521,23.52941176470588,8.55362525573588
screen_light_s2,screen_light,ica,alın,mean,viterbi,ica|forehead|mean|viterbi+ma,9.702232285670423,10.942674816904475,12.231214878991182,-0.1640867523644521,23.52941176470588,8.55362525573588
screen_light_s2,screen_light,ica,yanaklar,mean,argmax,ica|left_cheek+right_cheek|mean|argmax,27.835475589435674,34.02526617790285,37.48994205117904,-0.158392567315865,5.88235294117647,18.432548379050544
screen_light_s2,screen_light,ica,yanaklar,mean,viterbi,ica|left_cheek+right_cheek|mean|viterbi+ma,25.357023688181556,26.382361502581425,34.310202590744424,-0.08495527491446087,0.0,25.357023688181556
screen_light_s2,screen_light,ica,yanaklar,snr,argmax,ica|left_cheek+right_cheek|snr|argmax,0.397765865006318,0.4945219932302489,0.5131858441166043,0.9975281600723718,100.0,0.020633640477626614
screen_light_s2,screen_light,ica,yanaklar,snr,viterbi,ica|left_cheek+right_cheek|snr|viterbi+ma,0.397765865006318,0.4945219932302489,0.5131858441166043,0.9975281600723718,100.0,0.020633640477626614
screen_light_s2,screen_light,ica,tüm_yüz,mean,argmax,ica|full|mean|argmax,9.655749503583747,10.925894558919534,12.164063797295602,3.8256520371872946e-05,19.607843137254903,8.553299056277126
screen_light_s2,screen_light,ica,tüm_yüz,mean,viterbi,ica|full|mean|viterbi+ma,9.655749503583747,10.925894558919534,12.164063797295602,3.8256520371872946e-05,19.607843137254903,8.553299056277126
screen_light_s2,screen_light,ica,alın+yanaklar,mean,argmax,ica|forehead+left_cheek+right_cheek|mean|argmax,11.221352154407105,12.476531448513471,14.59207319040749,-0.3845931821848275,11.76470588235294,4.547376809404739
screen_light_s2,screen_light,ica,alın+yanaklar,mean,viterbi,ica|forehead+left_cheek+right_cheek|mean|viterbi+ma,9.713111141484056,10.953687694255096,12.247095081747835,-0.2393327812042738,19.607843137254903,8.538072279187546
screen_light_s2,screen_light,ica,alın+yanaklar,snr,argmax,ica|forehead+left_cheek+right_cheek|snr|argmax,0.39853144218663966,0.4951975849901826,0.5143589006547069,0.9975207381138245,100.0,0.02209732367293782
screen_light_s2,screen_light,ica,alın+yanaklar,snr,viterbi,ica|forehead+left_cheek+right_cheek|snr|viterbi+ma,0.39853144218663966,0.4951975849901826,0.5143589006547069,0.9975207381138245,100.0,0.02209732367293782
screen_light_s2,screen_light,ica,4_bölge,mean,argmax,ica|forehead+left_cheek+right_cheek+full|mean|argmax,11.599626821159747,12.856663588162993,15.209033814139625,-0.44092349760958205,9.803921568627452,3.227799548631012
screen_light_s2,screen_light,ica,4_bölge,mean,viterbi,ica|forehead+left_cheek+right_cheek+full|mean|viterbi+ma,9.706980000360664,10.9528119183032,12.238109275202282,-0.22645013985752638,23.52941176470588,8.53671083192556
screen_light_s2,screen_light,ica,4_bölge,snr,argmax,ica|forehead+left_cheek+right_cheek+full|snr|argmax,0.4188701151928688,0.5076693886630842,0.5431135712496413,0.9973326211345619,100.0,0.025505519165577084
screen_light_s2,screen_light,ica,4_bölge,snr,viterbi,ica|forehead+left_cheek+right_cheek+full|snr|viterbi+ma,0.4188701151928688,0.5076693886630842,0.5431135712496413,0.9973326211345619,100.0,0.025505519165577084
screen_light_s2,screen_light,chrom,alın,mean,argmax,chrom|forehead|mean|argmax,3.1121337130717066,4.746059957323403,4.082454466107706,0.8027010724316176,82.35294117647058,1.7612614315829376
screen_light_s2,screen_light,chrom,alın,mean,viterbi,chrom|forehead|mean|viterbi+ma,3.3401763955678603,5.034391676363645,4.37667963621519,0.7902999797994911,80.3921568627451,2.130894618486238
screen_light_s2,screen_light,chrom,yanaklar,mean,argmax,chrom|left_cheek+right_cheek|mean|argmax,0.44513296889701254,0.5245264336139402,0.5777993327740809,0.9972854297009731,100.0,0.03405280101215169
screen_light_s2,screen_light,chrom,yanaklar,mean,viterbi,chrom|left_cheek+right_cheek|mean|viterbi+ma,0.44513296889701254,0.5245264336139402,0.5777993327740809,0.9972854297009731,100.0,0.03405280101215169
screen_light_s2,screen_light,chrom,yanaklar,snr,argmax,chrom|left_cheek+right_cheek|snr|argmax,0.46152130877681613,0.5401759932584425,0.5998094880820576,0.9971180507493933,100.0,0.007029306734608554
screen_light_s2,screen_light,chrom,yanaklar,snr,viterbi,chrom|left_cheek+right_cheek|snr|viterbi+ma,0.46152130877681613,0.5401759932584425,0.5998094880820576,0.9971180507493933,100.0,0.007029306734608554
screen_light_s2,screen_light,chrom,tüm_yüz,mean,argmax,chrom|full|mean|argmax,0.49963845296362835,0.594937932120602,0.6452282654967606,0.99667934626663,100.0,0.06410454126165632
screen_light_s2,screen_light,chrom,tüm_yüz,mean,viterbi,chrom|full|mean|viterbi+ma,0.49963845296362835,0.594937932120602,0.6452282654967606,0.99667934626663,100.0,0.06410454126165632
screen_light_s2,screen_light,chrom,alın+yanaklar,mean,argmax,chrom|forehead+left_cheek+right_cheek|mean|argmax,0.8205147942531849,0.9914466901078371,1.0790252607463138,0.989380040970222,100.0,0.06340268107054214
screen_light_s2,screen_light,chrom,alın+yanaklar,mean,viterbi,chrom|forehead+left_cheek+right_cheek|mean|viterbi+ma,0.8205147942531849,0.9914466901078371,1.0790252607463138,0.989380040970222,100.0,0.06340268107054214
screen_light_s2,screen_light,chrom,alın+yanaklar,snr,argmax,chrom|forehead+left_cheek+right_cheek|snr|argmax,0.4730725854285967,0.5572134000032057,0.6192193683403501,0.9967960240893944,100.0,0.016041276625301748
screen_light_s2,screen_light,chrom,alın+yanaklar,snr,viterbi,chrom|forehead+left_cheek+right_cheek|snr|viterbi+ma,0.4730725854285967,0.5572134000032057,0.6192193683403501,0.9967960240893944,100.0,0.016041276625301748
screen_light_s2,screen_light,chrom,4_bölge,mean,argmax,chrom|forehead+left_cheek+right_cheek+full|mean|argmax,0.7063455290028787,0.8705724247221018,0.9224523555325479,0.9918931069694272,100.0,0.07057570561495652
screen_light_s2,screen_light,chrom,4_bölge,mean,viterbi,chrom|forehead+left_cheek+right_cheek+full|mean|viterbi+ma,0.7063455290028787,0.8705724247221018,0.9224523555325479,0.9918931069694272,100.0,0.07057570561495652
screen_light_s2,screen_light,chrom,4_bölge,snr,argmax,chrom|forehead+left_cheek+right_cheek+full|snr|argmax,0.4655502587089539,0.5552734785059451,0.6046942270038831,0.9969993788682966,100.0,0.04655677602163166
screen_light_s2,screen_light,chrom,4_bölge,snr,viterbi,chrom|forehead+left_cheek+right_cheek+full|snr|viterbi+ma,0.4655502587089539,0.5552734785059451,0.6046942270038831,0.9969993788682966,100.0,0.04655677602163166
screen_light_s2,screen_light,pos,alın,mean,argmax,pos|forehead|mean|argmax,0.5874488657241435,0.6743232240552026,0.7557343231618245,0.9954781021414584,100.0,0.09796031483526235
screen_light_s2,screen_light,pos,alın,mean,viterbi,pos|forehead|mean|viterbi+ma,0.5874488657241435,0.6743232240552026,0.7557343231618245,0.9954781021414584,100.0,0.09796031483526235
screen_light_s2,screen_light,pos,yanaklar,mean,argmax,pos|left_cheek+right_cheek|mean|argmax,0.4460058573703413,0.5462160750025891,0.5733771707478208,0.9972205753615316,100.0,0.08669320196571562
screen_light_s2,screen_light,pos,yanaklar,mean,viterbi,pos|left_cheek+right_cheek|mean|viterbi+ma,0.4460058573703413,0.5462160750025891,0.5733771707478208,0.9972205753615316,100.0,0.08669320196571562
screen_light_s2,screen_light,pos,yanaklar,snr,argmax,pos|left_cheek+right_cheek|snr|argmax,0.45856698697703474,0.5603497501747582,0.5892828607654502,0.9970624324688688,100.0,0.08056563852227328
screen_light_s2,screen_light,pos,yanaklar,snr,viterbi,pos|left_cheek+right_cheek|snr|viterbi+ma,0.45856698697703474,0.5603497501747582,0.5892828607654502,0.9970624324688688,100.0,0.08056563852227328
screen_light_s2,screen_light,pos,tüm_yüz,mean,argmax,pos|full|mean|argmax,0.5001488733403715,0.6077371089353109,0.6437396304385711,0.9966300864878751,100.0,0.10039079150986652
screen_light_s2,screen_light,pos,tüm_yüz,mean,viterbi,pos|full|mean|viterbi+ma,0.5001488733403715,0.6077371089353109,0.6437396304385711,0.9966300864878751,100.0,0.10039079150986652
screen_light_s2,screen_light,pos,alın+yanaklar,mean,argmax,pos|forehead+left_cheek+right_cheek|mean|argmax,0.46939021166359884,0.5583769720641691,0.6023366891377836,0.9970446876264981,100.0,0.08974853660731696
screen_light_s2,screen_light,pos,alın+yanaklar,mean,viterbi,pos|forehead+left_cheek+right_cheek|mean|viterbi+ma,0.46939021166359884,0.5583769720641691,0.6023366891377836,0.9970446876264981,100.0,0.08974853660731696
screen_light_s2,screen_light,pos,alın+yanaklar,snr,argmax,pos|forehead+left_cheek+right_cheek|snr|argmax,0.48162687030920037,0.5770343703840044,0.6186075799066176,0.9968858326174316,100.0,0.09585208393740174
screen_light_s2,screen_light,pos,alın+yanaklar,snr,viterbi,pos|forehead+left_cheek+right_cheek|snr|viterbi+ma,0.48162687030920037,0.5770343703840044,0.6186075799066176,0.9968858326174316,100.0,0.09585208393740174
screen_light_s2,screen_light,pos,4_bölge,mean,argmax,pos|forehead+left_cheek+right_cheek+full|mean|argmax,0.47039543785932797,0.5637380466467784,0.6039497112079792,0.9970201524559246,100.0,0.09239030864820563
screen_light_s2,screen_light,pos,4_bölge,mean,viterbi,pos|forehead+left_cheek+right_cheek+full|mean|viterbi+ma,0.47039543785932797,0.5637380466467784,0.6039497112079792,0.9970201524559246,100.0,0.09239030864820563
screen_light_s2,screen_light,pos,4_bölge,snr,argmax,pos|forehead+left_cheek+right_cheek+full|snr|argmax,0.48071734805401517,0.5815299729865652,0.617808628590238,0.9968836206488969,100.0,0.09984999902358993
screen_light_s2,screen_light,pos,4_bölge,snr,viterbi,pos|forehead+left_cheek+right_cheek+full|snr|viterbi+ma,0.48071734805401517,0.5815299729865652,0.617808628590238,0.9968836206488969,100.0,0.09984999902358993
screen_light_s2,screen_light,lgi,alın,mean,argmax,lgi|forehead|mean|argmax,22.824015663787993,31.649097240169827,31.288682857083643,-0.09120316730281477,35.294117647058826,17.97982927471361
screen_light_s2,screen_light,lgi,alın,mean,viterbi,lgi|forehead|mean|viterbi+ma,5.357372615287094,7.302920165472494,6.780872056364162,0.5512308019347936,60.78431372549019,4.333463451819867
screen_light_s2,screen_light,lgi,yanaklar,mean,argmax,lgi|left_cheek+right_cheek|mean|argmax,17.413689488141276,27.9531911862902,23.401943938858807,0.15087136408805854,50.98039215686274,13.528477713687707
screen_light_s2,screen_light,lgi,yanaklar,mean,viterbi,lgi|left_cheek+right_cheek|mean|viterbi+ma,3.258303761677405,5.269033782586271,4.223175334185374,0.79431144740747,82.35294117647058,2.2175180619672687
screen_light_s2,screen_light,lgi,yanaklar,snr,argmax,lgi|left_cheek+right_cheek|snr|argmax,16.405091312746464,26.96741164602433,22.21785288130043,0.1025822388723723,52.94117647058824,12.51153009638466
screen_light_s2,screen_light,lgi,yanaklar,snr,viterbi,lgi|left_cheek+right_cheek|snr|viterbi+ma,3.269398317916613,5.270248011967132,4.239055067075003,0.7941883444896072,82.35294117647058,2.216394766597361
screen_light_s2,screen_light,lgi,tüm_yüz,mean,argmax,lgi|full|mean|argmax,19.88351903608183,29.722303239070715,26.90021845230711,0.06730865325329959,45.09803921568628,16.03311859925735
screen_light_s2,screen_light,lgi,tüm_yüz,mean,viterbi,lgi|full|mean|viterbi+ma,4.412780431959881,6.3652820505675205,5.614695144980465,0.6960676201722463,72.54901960784314,3.2678815201470996
screen_light_s2,screen_light,lgi,alın+yanaklar,mean,argmax,lgi|forehead+left_cheek+right_cheek|mean|argmax,18.920633156629457,29.032131561870916,25.618691942009587,0.08513090128717285,45.09803921568628,14.137580869693025
screen_light_s2,screen_light,lgi,alın+yanaklar,mean,viterbi,lgi|forehead+left_cheek+right_cheek|mean|viterbi+ma,5.051432956471283,7.149125071657145,6.358029659023461,0.6129034005633655,64.70588235294117,4.402999394302469
screen_light_s2,screen_light,lgi,alın+yanaklar,snr,argmax,lgi|forehead+left_cheek+right_cheek|snr|argmax,17.67466371405146,27.97950507193253,23.748183078213824,0.15312301846071538,49.01960784313725,13.251673082748468
screen_light_s2,screen_light,lgi,alın+yanaklar,snr,viterbi,lgi|forehead+left_cheek+right_cheek|snr|viterbi+ma,3.3718697824096386,5.32304557893889,4.370097541108529,0.789362034083911,82.35294117647058,2.2696097470314243
screen_light_s2,screen_light,lgi,4_bölge,mean,argmax,lgi|forehead+left_cheek+right_cheek+full|mean|argmax,18.949697881978736,29.043191200691453,25.654098385037287,0.08600693396237408,45.09803921568628,14.16728259005103
screen_light_s2,screen_light,lgi,4_bölge,mean,viterbi,lgi|forehead+left_cheek+right_cheek+full|mean|viterbi+ma,5.06276128670995,7.155673979574254,6.372607464019765,0.6118496379553593,64.70588235294117,4.405636680861264
screen_light_s2,screen_light,lgi,4_bölge,snr,argmax,lgi|forehead+left_cheek+right_cheek+full|snr|argmax,17.704349553404285,27.992669914097622,23.783936379295373,0.15407757129964536,49.01960784313725,13.279461424989208
screen_light_s2,screen_light,lgi,4_bölge,snr,viterbi,lgi|forehead+left_cheek+right_cheek+full|snr|viterbi+ma,3.413389702977473,5.338958373082686,4.4205403670529,0.7880859650470563,82.35294117647058,2.2611895699134266
compression_s0,compression,green,alın,mean,argmax,green|forehead|mean|argmax,14.915769727229293,19.50257058574156,17.232596892079812,-0.6343262310885434,33.33333333333333,13.158783944255731
compression_s0,compression,green,alın,mean,viterbi,green|forehead|mean|viterbi+ma,9.210018015408052,11.28016064160529,10.760113647446522,0.09106275418336272,35.294117647058826,7.453032232434509
compression_s0,compression,green,yanaklar,mean,argmax,green|left_cheek+right_cheek|mean|argmax,0.3154964263749742,0.3952557739731695,0.4059811918549446,0.9989551190359364,100.0,0.0216133703504795
compression_s0,compression,green,yanaklar,mean,viterbi,green|left_cheek+right_cheek|mean|viterbi+ma,0.3154964263749742,0.3952557739731695,0.4059811918549446,0.9989551190359364,100.0,0.0216133703504795
compression_s0,compression,green,yanaklar,snr,argmax,green|left_cheek+right_cheek|snr|argmax,0.310372258356063,0.3855605196650496,0.39832571798444893,0.999001221249287,100.0,0.02761427823976703
compression_s0,compression,green,yanaklar,snr,viterbi,green|left_cheek+right_cheek|snr|viterbi+ma,0.310372258356063,0.3855605196650496,0.39832571798444893,0.999001221249287,100.0,0.02761427823976703
compression_s0,compression,green,tüm_yüz,mean,argmax,green|full|mean|argmax,0.29213270053902035,0.3669953326034696,0.37849411701885166,0.9990942792948363,100.0,0.05542953363155334
compression_s0,compression,green,tüm_yüz,mean,viterbi,green|full|mean|viterbi+ma,0.29213270053902035,0.3669953326034696,0.37849411701885166,0.9990942792948363,100.0,0.05542953363155334
compression_s0,compression,green,alın+yanaklar,mean,argmax,green|forehead+left_cheek+right_cheek|mean|argmax,0.6290827839765628,0.7718808805882469,0.8143938303033659,0.995883026205991,100.0,0.01984058895592966
compression_s0,compression,green,alın+yanaklar,mean,viterbi,green|forehead+left_cheek+right_cheek|mean|viterbi+ma,0.6290827839765628,0.7718808805882469,0.8143938303033659,0.995883026205991,100.0,0.01984058895592966
compression_s0,compression,green,alın+yanaklar,snr,argmax,green|forehead+left_cheek+right_cheek|snr|argmax,0.3108088766463561,0.3865323721692583,0.3990253944652157,0.9989955704484391,100.0,0.027030152532816487
compression_s0,compression,green,alın+yanaklar,snr,viterbi,green|forehead+left_cheek+right_cheek|snr|viterbi+ma,0.3108088766463561,0.3865323721692583,0.3990253944652157,0.9989955704484391,100.0,0.027030152532816487
compression_s0,compression,green,4_bölge,mean,argmax,green|forehead+left_cheek+right_cheek+full|mean|argmax,0.49461310438993183,0.6076877311673298,0.6397086544709173,0.997460336131872,100.0,0.05039864253681969
compression_s0,compression,green,4_bölge,mean,viterbi,green|forehead+left_cheek+right_cheek+full|mean|viterbi+ma,0.49461310438993183,0.6076877311673298,0.6397086544709173,0.997460336131872,100.0,0.05039864253681969
compression_s0,compression,green,4_bölge,snr,argmax,green|forehead+left_cheek+right_cheek+full|snr|argmax,0.2937108709833573,0.3703619392444672,0.3783092576834119,0.999073192504445,100.0,0.041227337825333166
compression_s0,compression,green,4_bölge,snr,viterbi,green|forehead+left_cheek+right_cheek+full|snr|viterbi+ma,0.2937108709833573,0.3703619392444672,0.3783092576834119,0.999073192504445,100.0,0.041227337825333166
compression_s0,compression,ica,alın,mean,argmax,ica|forehead|mean|argmax,22.232921174356047,23.843361893727472,26.487970096082176,-0.1442129060478289,0.0,22.232921174356065
compression_s0,compression,ica,alın,mean,viterbi,ica|forehead|mean|viterbi+ma,22.232921174356047,23.843361893727472,26.487970096082176,-0.1442129060478289,0.0,22.232921174356065
compression_s0,compression,ica,yanaklar,mean,argmax,ica|left_cheek+right_cheek|mean|argmax,0.2877659490523676,0.3623153035664725,0.37302011443813293,0.9991297985103528,100.0,0.03890630749049251
compression_s0,compression,ica,yanaklar,mean,viterbi,ica|left_cheek+right_cheek|mean|viterbi+ma,0.2877659490523676,0.3623153035664725,0.37302011443813293,0.9991297985103528,100.0,0.03890630749049251
compression_s0,compression,ica,yanaklar,snr,argmax,ica|left_cheek+right_cheek|snr|argmax,0.2981314380490222,0.3754676942434271,0.38734791486568576,0.9990601406462621,100.0,0.037499426427046956
compression_s0,compression,ica,yanaklar,snr,viterbi,ica|left_cheek+right_cheek|snr|viterbi+ma,0.2981314380490222,0.3754676942434271,0.38734791486568576,0.9990601406462621,100.0,0.037499426427046956
compression_s0,compression,ica,tüm_yüz,mean,argmax,ica|full|mean|argmax,22.057592619576287,23.721455916776808,26.257158833657503,-0.14855359051831477,3.9215686274509802,22.05759261957629
compression_s0,compression,ica,tüm_yüz,mean,viterbi,ica|full|mean|viterbi+ma,22.057592619576287,23.721455916776808,26.257158833657503,-0.14855359051831477,3.9215686274509802,22.05759261957629
compression_s0,compression,ica,alın+yanaklar,mean,argmax,ica|forehead+left_cheek+right_cheek|mean|argmax,20.95710551316607,22.434198306360994,25.10676316992358,0.361641252822889,0.0,20.957105513166077
compression_s0,compression,ica,alın+yanaklar,mean,viterbi,ica|forehead+left_cheek+right_cheek|mean|viterbi+ma,22.277448781497398,23.85482476052672,26.554819773776785,-0.020790725790983122,0.0,22.277448781497405
compression_s0,compression,ica,alın+yanaklar,snr,argmax,ica|forehead+left_cheek+right_cheek|snr|argmax,0.3022601751150158,0.3836204743067994,0.3936500212863141,0.9990230002404676,100.0,0.03348438770501616
compression_s0,compression,ica,alın+yanaklar,snr,viterbi,ica|forehead+left_cheek+right_cheek|snr|viterbi+ma,0.3022601751150158,0.3836204743067994,0.3936500212863141,0.9990230002404676,100.0,0.03348438770501616
compression_s0,compression,ica,4_bölge,mean,argmax,ica|forehead+left_cheek+right_cheek+full|mean|argmax,22.27680797351121,23.861467032425733,26.550955421926286,-0.06559132864269784,0.0,22.276807973511225
compression_s0,compression,ica,4_bölge,mean,viterbi,ica|forehead+left_cheek+right_cheek+full|mean|viterbi+ma,22.27680797351121,23.861467032425733,26.550955421926286,-0.06559132864269784,0.0,22.276807973511225
compression_s0,compression,ica,4_bölge,snr,argmax,ica|forehead+left_cheek+right_cheek+full|snr|argmax,0.3025465687972617,0.384233614335947,0.3940755296243161,0.9990200747812892,100.0,0.03297754725767277
compression_s0,compression,ica,4_bölge,snr,viterbi,ica|forehead+left_cheek+right_cheek+full|snr|viterbi+ma,0.3025465687972617,0.384233614335947,0.3940755296243161,0.9990200747812892,100.0,0.03297754725767277
compression_s0,compression,chrom,alın,mean,argmax,chrom|forehead|mean|argmax,25.992456638033985,33.885617686614026,32.649131571712864,0.3124576829322395,21.568627450980394,12.667490013522382
compression_s0,compression,chrom,alın,mean,viterbi,chrom|forehead|mean|viterbi+ma,22.31650356983492,24.03428729515978,26.56585684223507,-0.1638618585581506,3.9215686274509802,22.316503569834936
compression_s0,compression,chrom,yanaklar,mean,argmax,chrom|left_cheek+right_cheek|mean|argmax,26.285344971452215,34.09134094400258,31.92442967258235,0.27388067563740137,31.372549019607842,17.02064381214727
compression_s0,compression,chrom,yanaklar,mean,viterbi,chrom|left_cheek+right_cheek|mean|viterbi+ma,2.0233735031326603,2.706995156303106,2.5403709026470884,0.9542634768939819,94.11764705882352,0.26892617458550205
compression_s0,compression,chrom,yanaklar,snr,argmax,chrom|left_cheek+right_cheek|snr|argmax,21.22272073363065,29.185521804059572,26.626734959499736,0.08227395361119295,33.33333333333333,7.695618869549492
compression_s0,compression,chrom,yanaklar,snr,viterbi,chrom|left_cheek+right_cheek|snr|viterbi+ma,2.912933366093122,4.588320894837603,3.765195134454554,0.9186792061229015,86.27450980392157,1.5431473146849584
compression_s0,compression,chrom,tüm_yüz,mean,argmax,chrom|full|mean|argmax,0.6702062066404263,0.8383909209477337,0.8692034065487969,0.9953800410568813,100.0,0.0015367547774474133
compression_s0,compression,chrom,tüm_yüz,mean,viterbi,chrom|full|mean|viterbi+ma,0.6702062066404263,0.8383909209477337,0.8692034065487969,0.9953800410568813,100.0,0.0015367547774474133
compression_s0,compression,chrom,alın+yanaklar,mean,argmax,chrom|forehead+left_cheek+right_cheek|mean|argmax,14.187392938437927,23.765719953563995,18.585442372613418,-0.02971106447217225,54.90196078431373,0.15026342594262587
compression_s0,compression,chrom,alın+yanaklar,mean,viterbi,chrom|forehead+left_cheek+right_cheek|mean|viterbi+ma,2.6587004396597314,4.582224404095081,3.5007772960330286,0.9362030496595762,86.27450980392157,1.5720581732660435
compression_s0,compression,chrom,alın+yanaklar,snr,argmax,chrom|forehead+left_cheek+right_cheek|snr|argmax,21.58869202271178,29.4436655237835,26.58429938833257,0.29384123936840645,33.33333333333333,7.629152870845232
compression_s0,compression,chrom,alın+yanaklar,snr,viterbi,chrom|forehead+left_cheek+right_cheek|snr|viterbi+ma,6.059977907254877,8.95333417319044,8.01704122359474,0.9194818967603965,62.745098039215684,5.505184088097607
compression_s0,compression,chrom,4_bölge,mean,argmax,chrom|forehead+left_cheek+right_cheek+full|mean|argmax,2.7128542780842504,5.152948314210268,3.640570754561441,0.9265587499594253,84.31372549019608,1.893403692261117
compression_s0,compression,chrom,4_bölge,mean,viterbi,chrom|forehead+left_cheek+right_cheek+full|mean|viterbi+ma,0.924049465247813,1.1207093501688028,1.1829564010462972,0.9924116774028382,100.0,0.05642654494270971
compression_s0,compression,chrom,4_bölge,snr,argmax,chrom|forehead+left_cheek+right_cheek+full|snr|argmax,0.6458877979382134,0.8224443400293847,0.8413383615438443,0.9955341610845153,100.0,0.03605566586271891
compression_s0,compression,chrom,4_bölge,snr,viterbi,chrom|forehead+left_cheek+right_cheek+full|snr|viterbi+ma,0.6458877979382134,0.8224443400293847,0.8413383615438443,0.9955341610845153,100.0,0.03605566586271891
compression_s0,compression,pos,alın,mean,argmax,pos|forehead|mean|argmax,8.978729015782127,14.54368817786532,10.815153027938457,0.41480326846498866,60.78431372549019,8.044811780463746
compression_s0,compression,pos,alın,mean,viterbi,pos|forehead|mean|viterbi+ma,1.0640204439391405,1.5570166256388398,1.4374889981725039,0.9843935722057188,100.0,0.13876516308600628
compression_s0,compression,pos,yanaklar,mean,argmax,pos|left_cheek+right_cheek|mean|argmax,0.5871770994596026,0.6924465243853051,0.7246957864908867,0.9967354641867932,100.0,0.0407334703967166
compression_s0,compression,pos,yanaklar,mean,viterbi,pos|left_cheek+right_cheek|mean|viterbi+ma,0.5871770994596026,0.6924465243853051,0.7246957864908867,0.9967354641867932,100.0,0.0407334703967166
compression_s0,compression,pos,yanaklar,snr,argmax,pos|left_cheek+right_cheek|snr|argmax,0.6447411182033526,0.7713067145020248,0.7922743591143696,0.9958795781080217,100.0,0.01777713620928978
compression_s0,compression,pos,yanaklar,snr,viterbi,pos|left_cheek+right_cheek|snr|viterbi+ma,0.6447411182033526,0.7713067145020248,0.7922743591143696,0.9958795781080217,100.0,0.01777713620928978
compression_s0,compression,pos,tüm_yüz,mean,argmax,pos|full|mean|argmax,0.5324169018250672,0.720247806687151,0.7108306725588813,0.9965179607074784,100.0,0.04955656239759776
compression_s0,compression,pos,tüm_yüz,mean,viterbi,pos|full|mean|viterbi+ma,0.5324169018250672,0.720247806687151,0.7108306725588813,0.9965179607074784,100.0,0.04955656239759776
compression_s0,compression,pos,alın+yanaklar,mean,argmax,pos|forehead+left_cheek+right_cheek|mean|argmax,0.5579934407201946,0.6980156486883081,0.7230397189814262,0.9966955358112743,100.0,0.025339152397933162
compression_s0,compression,pos,alın+yanaklar,mean,viterbi,pos|forehead+left_cheek+right_cheek|mean|viterbi+ma,0.5579934407201946,0.6980156486883081,0.7230397189814262,0.9966955358112743,100.0,0.025339152397933162
compression_s0,compression,pos,alın+yanaklar,snr,argmax,pos|forehead+left_cheek+right_cheek|snr|argmax,0.7469343748774969,0.9595838363147556,0.9604303266271952,0.9939488294259404,100.0,0.038126848296329285
compression_s0,compression,pos,alın+yanaklar,snr,viterbi,pos|forehead+left_cheek+right_cheek|snr|viterbi+ma,0.7469343748774969,0.9595838363147556,0.9604303266271952,0.9939488294259404,100.0,0.038126848296329285
compression_s0,compression,pos,4_bölge,mean,argmax,pos|forehead+left_cheek+right_cheek+full|mean|argmax,0.48792276973708004,0.6459732405693144,0.6423327403987436,0.9971784253147753,100.0,0.04029804151146266
compression_s0,compression,pos,4_bölge,mean,viterbi,pos|forehead+left_cheek+right_cheek+full|mean|viterbi+ma,0.48792276973708004,0.6459732405693144,0.6423327403987436,0.9971784253147753,100.0,0.04029804151146266
compression_s0,compression,pos,4_bölge,snr,argmax,pos|forehead+left_cheek+right_cheek+full|snr|argmax,0.5210637307294896,0.7466506777429708,0.6923924519191922,0.9962764441900851,100.0,0.0016836891298339651
compression_s0,compression,pos,4_bölge,snr,viterbi,pos|forehead+left_cheek+right_cheek+full|snr|viterbi+ma,0.5210637307294896,0.7466506777429708,0.6923924519191922,0.9962764441900851,100.0,0.0016836891298339651
compression_s0,compression,lgi,alın,mean,argmax,lgi|forehead|mean|argmax,25.831232103268178,37.82979125703251,31.958478633159842,0.20318512835949698,33.33333333333333,10.814383970073607
compression_s0,compression,lgi,alın,mean,viterbi,lgi|forehead|mean|viterbi+ma,12.558778721993797,15.413328089098796,15.425099732129684,0.8953350102794523,29.411764705882355,1.458166958167098
compression_s0,compression,lgi,yanaklar,mean,argmax,lgi|left_cheek+right_cheek|mean|argmax,9.255808916451281,24.520653010055632,11.432986060786178,0.38140744882817923,84.31372549019608,7.576842652945928
compression_s0,compression,lgi,yanaklar,mean,viterbi,lgi|left_cheek+right_cheek|mean|viterbi+ma,1.1663980304727868,1.536736374268109,1.4687346115418922,0.9841009941565156,100.0,0.008850536652516894
compression_s0,compression,lgi,yanaklar,snr,argmax,lgi|left_cheek+right_cheek|snr|argmax,10.32534764858118,24.221308058951575,13.599795471210282,0.1569407455490202,76.47058823529412,7.326674211735849
compression_s0,compression,lgi,yanaklar,snr,viterbi,lgi|left_cheek+right_cheek|snr|viterbi+ma,1.330074861366859,1.8850169733378266,1.7005749076003633,0.9763627068108973,96.07843137254902,0.014786278569872024
compression_s0,compression,lgi,tüm_yüz,mean,argmax,lgi|full|mean|argmax,0.4924003120645534,0.6585533573264654,0.647294493607989,0.9970858733997269,100.0,0.03371542481487211
compression_s0,compression,lgi,tüm_yüz,mean,viterbi,lgi|full|mean|viterbi+ma,0.4924003120645534,0.6585533573264654,0.647294493607989,0.9970858733997269,100.0,0.03371542481487211
compression_s0,compression,lgi,alın+yanaklar,mean,argmax,lgi|forehead+left_cheek+right_cheek|mean|argmax,9.738612314463968,23.35334228020625,12.148132244447464,0.3558555016804396,82.35294117647058,9.25002756305041
compression_s0,compression,lgi,alın+yanaklar,mean,viterbi,lgi|forehead+left_cheek+right_cheek|mean|viterbi+ma,1.1287909132797682,1.3925775915114258,1.4295582897805728,0.9872143727514624,100.0,0.11570259891180967
compression_s0,compression,lgi,alın+yanaklar,snr,argmax,lgi|forehead+left_cheek+right_cheek|snr|argmax,6.733948794430935,16.692377171856226,8.311809116769755,0.6088588467117068,78.43137254901961,1.567628917872966
compression_s0,compression,lgi,alın+yanaklar,snr,viterbi,lgi|forehead+left_cheek+right_cheek|snr|viterbi+ma,3.056536863962897,5.3890436084178015,4.069155057087883,0.9202738978484519,84.31372549019608,2.042365237016199
compression_s0,compression,lgi,4_bölge,mean,argmax,lgi|forehead+left_cheek+right_cheek+full|mean|argmax,0.7597516602984052,0.9061502002491795,0.964757572944594,0.9944973729721089,100.0,0.08360687601408756
compression_s0,compression,lgi,4_bölge,mean,viterbi,lgi|forehead+left_cheek+right_cheek+full|mean|viterbi+ma,0.7597516602984052,0.9061502002491795,0.964757572944594,0.9944973729721089,100.0,0.08360687601408756
compression_s0,compression,lgi,4_bölge,snr,argmax,lgi|forehead+left_cheek+right_cheek+full|snr|argmax,0.47841486242921527,0.6590406247281813,0.6331736342420915,0.9970745559192272,100.0,0.02399010874368912
compression_s0,compression,lgi,4_bölge,snr,viterbi,lgi|forehead+left_cheek+right_cheek+full|snr|viterbi+ma,0.47841486242921527,0.6590406247281813,0.6331736342420915,0.9970745559192272,100.0,0.02399010874368912
compression_s1,compression,green,alın,mean,argmax,green|forehead|mean|argmax,13.556426758533219,14.402199204768381,17.32169976693975,0.19651029935376224,7.8431372549019605,11.651882575308008
compression_s1,compression,green,alın,mean,viterbi,green|forehead|mean|viterbi+ma,15.367759390216724,15.806373193617956,19.564837790243423,-0.37411397020944,0.0,15.367759390216726
compression_s1,compression,green,yanaklar,mean,argmax,green|left_cheek+right_cheek|mean|argmax,1.003295776865919,1.2367659950296066,1.3077529977137823,0.9611991296190343,100.0,0.0011721543969542836
compression_s1,compression,green,yanaklar,mean,viterbi,green|left_cheek+right_cheek|mean|viterbi+ma,1.003295776865919,1.2367659950296066,1.3077529977137823,0.9611991296190343,100.0,0.0011721543969542836
compression_s1,compression,green,yanaklar,snr,argmax,green|left_cheek+right_cheek|snr|argmax,1.019342377634745,1.2629229383532605,1.3291543975697362,0.9606982643016465,100.0,0.009768240719310484
compression_s1,compression,green,yanaklar,snr,viterbi,green|left_cheek+right_cheek|snr|viterbi+ma,1.019342377634745,1.2629229383532605,1.3291543975697362,0.9606982643016465,100.0,0.009768240719310484
compression_s1,compression,green,tüm_yüz,mean,argmax,green|full|mean|argmax,0.9922172582152328,1.2418726284263941,1.2923267485608876,0.9603617598642208,100.0,0.02082328779687259
compression_s1,compression,green,tüm_yüz,mean,viterbi,green|full|mean|viterbi+ma,0.9922172582152328,1.2418726284263941,1.2923267485608876,0.9603617598642208,100.0,0.02082328779687259
compression_s1,compression,green,alın+yanaklar,mean,argmax,green|forehead+left_cheek+right_cheek|mean|argmax,1.5573340335762689,1.9045787082376402,2.0258155690559847,0.9395469206098135,100.0,0.014997892031843207
compression_s1,compression,green,alın+yanaklar,mean,viterbi,green|forehead+left_cheek+right_cheek|mean|viterbi+ma,1.5420287409747901,1.8724165553508074,2.0050312199145477,0.9408704310728863,100.0,0.023657062114423866
compression_s1,compression,green,alın+yanaklar,snr,argmax,green|forehead+left_cheek+right_cheek|snr|argmax,1.0207660686128475,1.2646801572087487,1.331064760019561,0.9606950333064955,100.0,0.010015381569985493
compression_s1,compression,green,alın+yanaklar,snr,viterbi,green|forehead+left_cheek+right_cheek|snr|viterbi+ma,1.0207660686128475,1.2646801572087487,1.331064760019561,0.9606950333064955,100.0,0.010015381569985493
compression_s1,compression,green,4_bölge,mean,argmax,green|forehead+left_cheek+right_cheek+full|mean|argmax,1.3733309751929215,1.6637586722310358,1.7871870847103104,0.9487544281730741,100.0,0.001440021728384977
compression_s1,compression,green,4_bölge,mean,viterbi,green|forehead+left_cheek+right_cheek+full|mean|viterbi+ma,1.373761783399237,1.6652864203633118,1.7877809359393884,0.948677431116012,100.0,0.0010092135220673981
compression_s1,compression,green,4_bölge,snr,argmax,green|forehead+left_cheek+right_cheek+full|snr|argmax,1.0066682341129145,1.25181164133453,1.3123292430692843,0.9608627784940768,100.0,0.006492469444523863
compression_s1,compression,green,4_bölge,snr,viterbi,green|forehead+left_cheek+right_cheek+full|snr|viterbi+ma,1.0066682341129145,1.25181164133453,1.3123292430692843,0.9608627784940768,100.0,0.006492469444523863
compression_s1,compression,ica,alın,mean,argmax,ica|forehead|mean|argmax,14.442687586454186,18.467936483362134,18.92424332706079,-0.25245773286953477,9.803921568627452,5.541576456106569
compression_s1,compression,ica,alın,mean,viterbi,ica|forehead|mean|viterbi+ma,9.657719530150755,10.254474816706013,12.612600349706792,0.01927292243976552,9.803921568627452,9.657719530150743
compression_s1,compression,ica,yanaklar,mean,argmax,ica|left_cheek+right_cheek|mean|argmax,1.0391188272929714,1.248575947445202,1.3515364022201393,0.9610581264958089,100.0,0.015058731864186825
compression_s1,compression,ica,yanaklar,mean,viterbi,ica|left_cheek+right_cheek|mean|viterbi+ma,1.0391188272929714,1.248575947445202,1.3515364022201393,0.9610581264958089,100.0,0.015058731864186825
compression_s1,compression,ica,yanaklar,snr,argmax,ica|left_cheek+right_cheek|snr|argmax,1.0010597159926915,1.2042226982775592,1.299535359067775,0.9622262252011609,100.0,0.016398593807238626
compression_s1,compression,ica,yanaklar,snr,viterbi,ica|left_cheek+right_cheek|snr|viterbi+ma,1.0010597159926915,1.2042226982775592,1.299535359067775,0.9622262252011609,100.0,0.016398593807238626
compression_s1,compression,ica,tüm_yüz,mean,argmax,ica|full|mean|argmax,35.61422823133454,41.32032971876556,45.34412345824144,0.18773004535066015,5.88235294117647,2.830089362753114
compression_s1,compression,ica,tüm_yüz,mean,viterbi,ica|full|mean|viterbi+ma,27.75027112046466,27.95369130936798,35.518626682080956,0.11234550229050176,0.0,27.750271120464674
compression_s1,compression,ica,alın+yanaklar,mean,argmax,ica|forehead+left_cheek+right_cheek|mean|argmax,24.826178769033813,25.902833300015747,31.66780481131558,-0.1732321477448974,0.0,24.592671161606553
compression_s1,compression,ica,alın+yanaklar,mean,viterbi,ica|forehead+left_cheek+right_cheek|mean|viterbi+ma,27.657740145632538,27.886977574071018,35.383015827263506,-0.26740046195944445,0.0,27.657740145632538
compression_s1,compression,ica,alın+yanaklar,snr,argmax,ica|forehead+left_cheek+right_cheek|snr|argmax,1.001757508806685,1.2050036442890626,1.3004043304657507,0.9622055593672348,100.0,0.017142836329284705
compression_s1,compression,ica,alın+yanaklar,snr,viterbi,ica|forehead+left_cheek+right_cheek|snr|viterbi+ma,1.001757508806685,1.2050036442890626,1.3004043304657507,0.9622055593672348,100.0,0.017142836329284705
compression_s1,compression,ica,4_bölge,mean,argmax,ica|forehead+left_cheek+right_cheek+full|mean|argmax,26.986935246607114,27.380033083660734,34.51558907795198,-0.09870875222534461,0.0,26.98693524660711
compression_s1,compression,ica,4_bölge,mean,viterbi,ica|forehead+left_cheek+right_cheek+full|mean|viterbi+ma,27.708357719513057,27.93099748738018,35.4503846349782,-0.2405463835801342,0.0,27.708357719513053
compression_s1,compression,ica,4_bölge,snr,argmax,ica|forehead+left_cheek+right_cheek+full|snr|argmax,1.0018502915622587,1.205117915683856,1.3005053905464665,0.9621663890957064,100.0,0.016895863356239715
compression_s1,compression,ica,4_bölge,snr,viterbi,ica|forehead+left_cheek+right_cheek+full|snr|viterbi+ma,1.0018502915622587,1.205117915683856,1.3005053905464665,0.9621663890957064,100.0,0.016895863356239715
compression_s1,compression,chrom,alın,mean,argmax,chrom|forehead|mean|argmax,30.99424514541967,41.97289435077119,40.20158393624666,-0.05323774283377901,35.294117647058826,24.850773534584064
compression_s1,compression,chrom,alın,mean,viterbi,chrom|forehead|mean|viterbi+ma,2.5609968611861227,3.5999886395737435,3.350647300168265,0.6006168109263305,86.27450980392157,1.2797833906153357
compression_s1,compression,chrom,yanaklar,mean,argmax,chrom|left_cheek+right_cheek|mean|argmax,2.816980993529974,5.508839772293408,3.5766711542711986,0.49123566353412706,94.11764705882352,1.3415324675141562
compression_s1,compression,chrom,yanaklar,mean,viterbi,chrom|left_cheek+right_cheek|mean|viterbi+ma,1.5992728030615546,1.8601846635808412,2.068622387264188,0.9210437123366888,100.0,0.1528291824749317
compression_s1,compression,chrom,yanaklar,snr,argmax,chrom|left_cheek+right_cheek|snr|argmax,2.343118439899617,4.515553199414117,2.985634243142447,0.5877416571372233,96.07843137254902,1.1140542358134127
compression_s1,compression,chrom,yanaklar,snr,viterbi,chrom|left_cheek+right_cheek|snr|viterbi+ma,1.5465697435744896,1.8066139067103912,2.0014682107583077,0.9179577690063805,100.0,0.3098152367822422
compression_s1,compression,chrom,tüm_yüz,mean,argmax,chrom|full|mean|argmax,1.573485394118908,2.0198153441052837,2.0586449394466424,0.9344517581145318,98.0392156862745,0.193509260729968
compression_s1,compression,chrom,tüm_yüz,mean,viterbi,chrom|full|mean|viterbi+ma,1.4844509019729883,1.8092714180386518,1.938243329190418,0.9439550247192242,100.0,0.1044747685840548
compression_s1,compression,chrom,alın+yanaklar,mean,argmax,chrom|forehead+left_cheek+right_cheek|mean|argmax,1.315016429349352,1.6393137819256742,1.6990750084553061,0.9358713269202311,100.0,0.04930561759157115
compression_s1,compression,chrom,alın+yanaklar,mean,viterbi,chrom|forehead+left_cheek+right_cheek|mean|viterbi+ma,1.3170992316114727,1.6439051406417087,1.7017511655539435,0.9354773782160859,100.0,0.047222815329448053
compression_s1,compression,chrom,alın+yanaklar,snr,argmax,chrom|forehead+left_cheek+right_cheek|snr|argmax,2.295426781531255,4.4812604133734215,2.9246075095633546,0.5877817122303208,96.07843137254902,1.0956070797974036
compression_s1,compression,chrom,alın+yanaklar,snr,viterbi,chrom|forehead+left_cheek+right_cheek|snr|viterbi+ma,1.5083055866146167,1.7426771655097608,1.9532799611097964,0.9231549358013821,100.0,0.3079386814345213
compression_s1,compression,chrom,4_bölge,mean,argmax,chrom|forehead+left_cheek+right_cheek+full|mean|argmax,1.2457246952433456,1.559044797875227,1.6137741188122117,0.9418777165033233,100.0,0.021040356402721727
compression_s1,compression,chrom,4_bölge,mean,viterbi,chrom|forehead+left_cheek+right_cheek+full|mean|viterbi+ma,1.2496746912333938,1.5668066022571454,1.6188494012817018,0.9412325737049517,100.0,0.01709036041268064
compression_s1,compression,chrom,4_bölge,snr,argmax,chrom|forehead+left_cheek+right_cheek+full|snr|argmax,1.4139885495029358,1.6866189361540318,1.8436523015399304,0.9441900866115137,100.0,0.14542941351716365
compression_s1,compression,chrom,4_bölge,snr,viterbi,chrom|forehead+left_cheek+right_cheek+full|snr|viterbi+ma,1.4133808953065903,1.6857632881531064,1.8428379676507634,0.9442561839110445,100.0,0.14562332597471084
compression_s1,compression,pos,alın,mean,argmax,pos|forehead|mean|argmax,3.7723269442300125,9.6006732014935,4.707280962120591,0.10218523533800611,90.19607843137256,3.1475185659295306
compression_s1,compression,pos,alın,mean,viterbi,pos|forehead|mean|viterbi+ma,0.8695131013413581,1.0174390071261674,1.124294247542251,0.972099332778844,100.0,0.06943923324124057
compression_s1,compression,pos,yanaklar,mean,argmax,pos|left_cheek+right_cheek|mean|argmax,1.0857424819095465,1.3483634284250134,1.4112001072225984,0.9505374225614706,100.0,0.07435718108214928
compression_s1,compression,pos,yanaklar,mean,viterbi,pos|left_cheek+right_cheek|mean|viterbi+ma,1.0857424819095465,1.3483634284250134,1.4112001072225984,0.9505374225614706,100.0,0.07435718108214928
compression_s1,compression,pos,yanaklar,snr,argmax,pos|left_cheek+right_cheek|snr|argmax,1.1918967992372402,1.4473922559975199,1.5508365448893338,0.948959774874721,100.0,0.04523178221451474
compression_s1,compression,pos,yanaklar,snr,viterbi,pos|left_cheek+right_cheek|snr|viterbi+ma,1.1918967992372402,1.4473922559975199,1.5508365448893338,0.948959774874721,100.0,0.04523178221451474
compression_s1,compression,pos,tüm_yüz,mean,argmax,pos|full|mean|argmax,1.167197605245597,1.4516726590501408,1.521715534019601,0.9523536419928039,100.0,0.01211850867584019
compression_s1,compression,pos,tüm_yüz,mean,viterbi,pos|full|mean|viterbi+ma,1.167197605245597,1.4516726590501408,1.521715534019601,0.9523536419928039,100.0,0.01211850867584019
compression_s1,compression,pos,alın+yanaklar,mean,argmax,pos|forehead+left_cheek+right_cheek|mean|argmax,0.9756041336975116,1.1966447679608239,1.268240632182724,0.9635773867468863,100.0,0.054670112816481264
compression_s1,compression,pos,alın+yanaklar,mean,viterbi,pos|forehead+left_cheek+right_cheek|mean|viterbi+ma,0.9756041336975116,1.1966447679608239,1.268240632182724,0.9635773867468863,100.0,0.054670112816481264
compression_s1,compression,pos,alın+yanaklar,snr,argmax,pos|forehead+left_cheek+right_cheek|snr|argmax,1.1130608186649207,1.3517537521820586,1.4461907931146178,0.9529695776301489,100.0,0.06375251372396917
compression_s1,compression,pos,alın+yanaklar,snr,viterbi,pos|forehead+left_cheek+right_cheek|snr|viterbi+ma,1.1130608186649207,1.3517537521820586,1.4461907931146178,0.9529695776301489,100.0,0.06375251372396917
compression_s1,compression,pos,4_bölge,mean,argmax,pos|forehead+left_cheek+right_cheek+full|mean|argmax,1.038245346063673,1.269453122876215,1.3502288900047923,0.960445430170471,100.0,0.049497743104410574
compression_s1,compression,pos,4_bölge,mean,viterbi,pos|forehead+left_cheek+right_cheek+full|mean|viterbi+ma,1.038245346063673,1.269453122876215,1.3502288900047923,0.960445430170471,100.0,0.049497743104410574
compression_s1,compression,pos,4_bölge,snr,argmax,pos|forehead+left_cheek+right_cheek+full|snr|argmax,1.1332543103736237,1.4028308349744945,1.4759273020332657,0.9538682590948612,100.0,0.0033277970720320127
compression_s1,compression,pos,4_bölge,snr,viterbi,pos|forehead+left_cheek+right_cheek+full|snr|viterbi+ma,1.1332543103736237,1.4028308349744945,1.4759273020332657,0.9538682590948612,100.0,0.0033277970720320127
compression_s1,compression,lgi,alın,mean,argmax,lgi|forehead|mean|argmax,23.33980510130979,34.76350270059356,30.483475584463886,-0.043880355409382316,43.13725490196079,12.359493872428672
compression_s1,compression,lgi,alın,mean,viterbi,lgi|forehead|mean|viterbi+ma,2.48395885666897,3.57345502033062,3.2568300612788543,0.6351115829906958,88.23529411764706,1.148828015873093
compression_s1,compression,lgi,yanaklar,mean,argmax,lgi|left_cheek+right_cheek|mean|argmax,3.014145680666944,11.126634829161983,3.9077376111512083,0.3044010583095277,96.07843137254902,1.5019821848102168
compression_s1,compression,lgi,yanaklar,mean,viterbi,lgi|left_cheek+right_cheek|mean|viterbi+ma,1.4749768302074115,1.8352763322708914,1.905640564977809,0.9179685402698838,98.0392156862745,0.03718666564931539
compression_s1,compression,lgi,yanaklar,snr,argmax,lgi|left_cheek+right_cheek|snr|argmax,1.4254761374526526,1.7282601371623134,1.8443587759620153,0.9271150426324731,100.0,0.13476798318227168
compression_s1,compression,lgi,yanaklar,snr,viterbi,lgi|left_cheek+right_cheek|snr|viterbi+ma,1.4134252364966131,1.70715592206321,1.828485541578869,0.9284026819861898,100.0,0.12021678532141777
compression_s1,compression,lgi,tüm_yüz,mean,argmax,lgi|full|mean|argmax,1.2814723431067474,1.6013399564605921,1.675463853325805,0.9419691806807275,100.0,1.675465090045236e-05
compression_s1,compression,lgi,tüm_yüz,mean,viterbi,lgi|full|mean|viterbi+ma,1.2814723431067474,1.6013399564605921,1.675463853325805,0.9419691806807275,100.0,1.675465090045236e-05
compression_s1,compression,lgi,alın+yanaklar,mean,argmax,lgi|forehead+left_cheek+right_cheek|mean|argmax,1.4083271523665792,1.6884278319338655,1.8198277422152724,0.9299393005375631,100.0,0.007025212788079216
compression_s1,compression,lgi,alın+yanaklar,mean,viterbi,lgi|forehead+left_cheek+right_cheek|mean|viterbi+ma,1.4131561488726208,1.6966429439590276,1.8260889175232708,0.9291597822422115,100.0,0.002196216282044361
compression_s1,compression,lgi,alın+yanaklar,snr,argmax,lgi|forehead+left_cheek+right_cheek|snr|argmax,1.3777423389404244,1.6365211894632528,1.7839819078972412,0.9323526582374806,100.0,0.14945105135669223
compression_s1,compression,lgi,alın+yanaklar,snr,viterbi,lgi|forehead+left_cheek+right_cheek|snr|viterbi+ma,1.3824035711645843,1.6438360665018044,1.7901400002051644,0.9319475817591272,100.0,0.15411228358084372
compression_s1,compression,lgi,4_bölge,mean,argmax,lgi|forehead+left_cheek+right_cheek+full|mean|argmax,1.3528535394244068,1.6163558103333984,1.7525105213370862,0.9359350681545482,100.0,0.035268859973683675
compression_s1,compression,lgi,4_bölge,mean,viterbi,lgi|forehead+left_cheek+right_cheek+full|mean|viterbi+ma,1.3528535394244068,1.6163558103333984,1.7525105213370862,0.9359350681545482,100.0,0.035268859973683675
compression_s1,compression,lgi,4_bölge,snr,argmax,lgi|forehead+left_cheek+right_cheek+full|snr|argmax,1.2358303028036453,1.5135473490721034,1.6143253166313094,0.9472004805876837,100.0,0.05387354670445177
compression_s1,compression,lgi,4_bölge,snr,viterbi,lgi|forehead+left_cheek+right_cheek+full|snr|viterbi+ma,1.2358303028036453,1.5135473490721034,1.6143253166313094,0.9472004805876837,100.0,0.05387354670445177
compression_s2,compression,green,alın,mean,argmax,green|forehead|mean|argmax,10.88275469742055,12.518660452619308,14.263076121536713,-0.432893089255782,23.52941176470588,3.687039333546096
compression_s2,compression,green,alın,mean,viterbi,green|forehead|mean|viterbi+ma,9.756996081141917,10.95291516084068,12.330789694781103,-0.21334393496483786,17.647058823529413,8.447879494016789
compression_s2,compression,green,yanaklar,mean,argmax,green|left_cheek+right_cheek|mean|argmax,0.3803317944828356,0.4999731435621137,0.48686770363570553,0.9974096895655729,100.0,0.038482565476243735
compression_s2,compression,green,yanaklar,mean,viterbi,green|left_cheek+right_cheek|mean|viterbi+ma,0.3803317944828356,0.4999731435621137,0.48686770363570553,0.9974096895655729,100.0,0.038482565476243735
compression_s2,compression,green,yanaklar,snr,argmax,green|left_cheek+right_cheek|snr|argmax,0.3725126901668262,0.49285857042954784,0.4767493745678597,0.9974776190849832,100.0,0.02776837034129187
compression_s2,compression,green,yanaklar,snr,viterbi,green|left_cheek+right_cheek|snr|viterbi+ma,0.3725126901668262,0.49285857042954784,0.4767493745678597,0.9974776190849832,100.0,0.02776837034129187
compression_s2,compression,green,tüm_yüz,mean,argmax,green|full|mean|argmax,0.5259404508003968,0.6709465625243004,0.688837842107829,0.9953965793818511,100.0,0.03852486514863074
compression_s2,compression,green,tüm_yüz,mean,viterbi,green|full|mean|viterbi+ma,0.5259404508003968,0.6709465625243004,0.688837842107829,0.9953965793818511,100.0,0.03852486514863074
compression_s2,compression,green,alın+yanaklar,mean,argmax,green|forehead+left_cheek+right_cheek|mean|argmax,4.7407940619843485,7.987954278385532,5.769265808979597,0.42350032097093365,76.47058823529412,3.767248844339761
compression_s2,compression,green,alın+yanaklar,mean,viterbi,green|forehead+left_cheek+right_cheek|mean|viterbi+ma,4.486024969168703,7.72586613164318,5.449529310752596,0.44621281901285176,78.43137254901961,3.512479751524097
compression_s2,compression,green,alın+yanaklar,snr,argmax,green|forehead+left_cheek+right_cheek|snr|argmax,0.37215372938470287,0.49337889118123307,0.47630216981515083,0.997474286304702,100.0,0.029486741264548755
compression_s2,compression,green,alın+yanaklar,snr,viterbi,green|forehead+left_cheek+right_cheek|snr|viterbi+ma,0.37215372938470287,0.49337889118123307,0.47630216981515083,0.997474286304702,100.0,0.029486741264548755
compression_s2,compression,green,4_bölge,mean,argmax,green|forehead+left_cheek+right_cheek+full|mean|argmax,0.8734163715183199,1.09579473572782,1.1442015275928226,0.9887876730987063,100.0,0.0376137253495159
compression_s2,compression,green,4_bölge,mean,viterbi,green|forehead+left_cheek+right_cheek+full|mean|viterbi+ma,0.8734163715183199,1.09579473572782,1.1442015275928226,0.9887876730987063,100.0,0.0376137253495159
compression_s2,compression,green,4_bölge,snr,argmax,green|forehead+left_cheek+right_cheek+full|snr|argmax,0.4333173692182355,0.5578034181003639,0.5611778621205776,0.996787823801813,100.0,0.03975096432075986
compression_s2,compression,green,4_bölge,snr,viterbi,green|forehead+left_cheek+right_cheek+full|snr|viterbi+ma,0.4333173692182355,0.5578034181003639,0.5611778621205776,0.996787823801813,100.0,0.03975096432075986
compression_s2,compression,ica,alın,mean,argmax,ica|forehead|mean|argmax,9.4087440024945,10.789917762693948,11.812434137790635,0.2899900430387022,29.411764705882355,8.507888242272571
compression_s2,compression,ica,alın,mean,viterbi,ica|forehead|mean|viterbi+ma,9.4087440024945,10.789917762693948,11.812434137790635,0.2899900430387022,29.411764705882355,8.507888242272571
compression_s2,compression,ica,yanaklar,mean,argmax,ica|left_cheek+right_cheek|mean|argmax,0.37667100152418825,0.49978787243099587,0.48082769595852143,0.9973981503410381,100.0,0.03624917108405157
compression_s2,compression,ica,yanaklar,mean,viterbi,ica|left_cheek+right_cheek|mean|viterbi+ma,0.37667100152418825,0.49978787243099587,0.48082769595852143,0.9973981503410381,100.0,0.03624917108405157
compression_s2,compression,ica,yanaklar,snr,argmax,ica|left_cheek+right_cheek|snr|argmax,0.3971264640616083,0.5085324414691973,0.5083684176598794,0.9973356993566602,100.0,0.046551990961845036
compression_s2,compression,ica,yanaklar,snr,viterbi,ica|left_cheek+right_cheek|snr|viterbi+ma,0.3971264640616083,0.5085324414691973,0.5083684176598794,0.9973356993566602,100.0,0.046551990961845036
compression_s2,compression,ica,tüm_yüz,mean,argmax,ica|full|mean|argmax,12.923899970754556,17.596850038004806,16.44201040223223,-0.10633707984874131,21.568627450980394,6.73745817128399
compression_s2,compression,ica,tüm_yüz,mean,viterbi,ica|full|mean|viterbi+ma,9.79229206508868,11.176143051224956,12.334451085431976,-0.1337368893485168,23.52941176470588,8.672287885446252
compression_s2,compression,ica,alın+yanaklar,mean,argmax,ica|forehead+left_cheek+right_cheek|mean|argmax,10.165826580081943,11.697340308658081,13.141066130071472,-0.30879252262311374,23.52941176470588,5.32521212002959
compression_s2,compression,ica,alın+yanaklar,mean,viterbi,ica|forehead+left_cheek+right_cheek|mean|viterbi+ma,9.748600411633358,10.888376514770721,12.337200872324942,-0.1448922112998861,17.647058823529413,8.354399977173614
compression_s2,compression,ica,alın+yanaklar,snr,argmax,ica|forehead+left_cheek+right_cheek|snr|argmax,0.4162948779290843,0.525923759011125,0.535439709160771,0.9971046628130122,100.0,0.04695370254054865
compression_s2,compression,ica,alın+yanaklar,snr,viterbi,ica|forehead+left_cheek+right_cheek|snr|viterbi+ma,0.4162948779290843,0.525923759011125,0.535439709160771,0.9971046628130122,100.0,0.04695370254054865
compression_s2,compression,ica,4_bölge,mean,argmax,ica|forehead+left_cheek+right_cheek+full|mean|argmax,9.507124565278714,10.715259529063568,12.024842126217523,0.004326870892955616,21.568627450980394,7.849174721529721
compression_s2,compression,ica,4_bölge,mean,viterbi,ica|forehead+left_cheek+right_cheek+full|mean|viterbi+ma,9.782583750278366,10.897464617434139,12.378628701817238,-0.13587681617245695,17.647058823529413,8.410479689667895
compression_s2,compression,ica,4_bölge,snr,argmax,ica|forehead+left_cheek+right_cheek+full|snr|argmax,0.4179427655140431,0.5271535367708177,0.5379439223135227,0.9970893023403414,100.0,0.048270038862114006
compression_s2,compression,ica,4_bölge,snr,viterbi,ica|forehead+left_cheek+right_cheek+full|snr|viterbi+ma,0.4179427655140431,0.5271535367708177,0.5379439223135227,0.9970893023403414,100.0,0.048270038862114006
compression_s2,compression,chrom,alın,mean,argmax,chrom|forehead|mean|argmax,24.932069900144253,30.750914509623975,31.896096306344702,0.5860237049579757,29.411764705882355,22.50686696502335
compression_s2,compression,chrom,alın,mean,viterbi,chrom|forehead|mean|viterbi+ma,42.38137547442668,42.92870016323965,56.73814125014018,0.04927003631236587,0.0,42.381375474426704
compression_s2,compression,chrom,yanaklar,mean,argmax,chrom|left_cheek+right_cheek|mean|argmax,8.927117487920885,19.690948147548458,11.446841589462533,0.26238475279672197,72.54901960784314,4.288501146398545
compression_s2,compression,chrom,yanaklar,mean,viterbi,chrom|left_cheek+right_cheek|mean|viterbi+ma,0.9523466176679947,1.3494828114242412,1.25510028373938,0.98141982146947,100.0,0.12066187355084423
compression_s2,compression,chrom,yanaklar,snr,argmax,chrom|left_cheek+right_cheek|snr|argmax,7.117908440962573,14.774264668552435,9.093234913817806,0.3463626596013008,74.50980392156863,2.5030593194700117
compression_s2,compression,chrom,yanaklar,snr,viterbi,chrom|left_cheek+right_cheek|snr|viterbi+ma,0.9677249278719056,1.295423469638605,1.259198799568333,0.9856667620509929,100.0,0.10416334841814034
compression_s2,compression,chrom,tüm_yüz,mean,argmax,chrom|full|mean|argmax,0.7957232430457628,0.9529072190101121,1.0371503915018545,0.9914849175652782,100.0,0.04706202891983935
compression_s2,compression,chrom,tüm_yüz,mean,viterbi,chrom|full|mean|viterbi+ma,0.7957232430457628,0.9529072190101121,1.0371503915018545,0.9914849175652782,100.0,0.04706202891983935
compression_s2,compression,chrom,alın+yanaklar,mean,argmax,chrom|forehead+left_cheek+right_cheek|mean|argmax,1.3245889068666135,2.644462398043687,1.7442723737872774,0.9282675624089861,98.0392156862745,0.31824425780274623
compression_s2,compression,chrom,alın+yanaklar,mean,viterbi,chrom|forehead+left_cheek+right_cheek|mean|viterbi+ma,1.0037433247384706,1.367049853182273,1.3457798179366294,0.9799579903934212,100.0,0.01243586919400741
compression_s2,compression,chrom,alın+yanaklar,snr,argmax,chrom|forehead+left_cheek+right_cheek|snr|argmax,9.552379354524122,16.863011946915687,11.973537381880801,0.43984502825657673,62.745098039215684,3.475242011726408
compression_s2,compression,chrom,alın+yanaklar,snr,viterbi,chrom|forehead+left_cheek+right_cheek|snr|viterbi+ma,2.548230834255118,4.186088432378842,3.2945743425470164,0.8750309099715899,80.3921568627451,1.6340883723003827
compression_s2,compression,chrom,4_bölge,mean,argmax,chrom|forehead+left_cheek+right_cheek+full|mean|argmax,0.7473996711885037,1.045483772635021,0.9995131525258611,0.9884253443546656,100.0,0.008455395775385455
compression_s2,compression,chrom,4_bölge,mean,viterbi,chrom|forehead+left_cheek+right_cheek+full|mean|viterbi+ma,0.7452770771916709,1.039068217658201,0.9967599752073626,0.988565760258065,100.0,0.010577989772215801
compression_s2,compression,chrom,4_bölge,snr,argmax,chrom|forehead+left_cheek+right_cheek+full|snr|argmax,0.7495678012577134,0.911439297705749,0.9784411922442621,0.9923898893752445,100.0,0.07904866891801987
compression_s2,compression,chrom,4_bölge,snr,viterbi,chrom|forehead+left_cheek+right_cheek+full|snr|viterbi+ma,0.7495678012577134,0.911439297705749,0.9784411922442621,0.9923898893752445,100.0,0.07904866891801987
compression_s2,compression,pos,alın,mean,argmax,pos|forehead|mean|argmax,8.696504782454948,13.852419270957443,10.807873893894772,-0.0022088920508571697,54.90196078431373,7.847244190215974
compression_s2,compression,pos,alın,mean,viterbi,pos|forehead|mean|viterbi+ma,3.3411275007025285,5.124354480470865,4.387555855082568,0.7875713186314733,76.47058823529412,2.293077186217843
compression_s2,compression,pos,yanaklar,mean,argmax,pos|left_cheek+right_cheek|mean|argmax,0.43356900225480405,0.5726357874180771,0.5673173573040518,0.9965188654159433,100.0,0.02752798741062179
compression_s2,compression,pos,yanaklar,mean,viterbi,pos|left_cheek+right_cheek|mean|viterbi+ma,0.43356900225480405,0.5726357874180771,0.5673173573040518,0.9965188654159433,100.0,0.02752798741062179
compression_s2,compression,pos,yanaklar,snr,argmax,pos|left_cheek+right_cheek|snr|argmax,0.5143111323687981,0.6374580867096329,0.6693224307161189,0.9956532016854841,100.0,0.020052918578997492
compression_s2,compression,pos,yanaklar,snr,viterbi,pos|left_cheek+right_cheek|snr|viterbi+ma,0.5143111323687981,0.6374580867096329,0.6693224307161189,0.9956532016854841,100.0,0.020052918578997492
compression_s2,compression,pos,tüm_yüz,mean,argmax,pos|full|mean|argmax,0.7081549796051368,0.8566291832097314,0.9160777289115845,0.9924789284999961,100.0,0.07767292762328282
compression_s2,compression,pos,tüm_yüz,mean,viterbi,pos|full|mean|viterbi+ma,0.7081549796051368,0.8566291832097314,0.9160777289115845,0.9924789284999961,100.0,0.07767292762328282
compression_s2,compression,pos,alın+yanaklar,mean,argmax,pos|forehead+left_cheek+right_cheek|mean|argmax,0.5589633942308322,0.6848119287591191,0.7515152069756401,0.9949408842683257,100.0,0.056864930527723345
compression_s2,compression,pos,alın+yanaklar,mean,viterbi,pos|forehead+left_cheek+right_cheek|mean|viterbi+ma,0.5589633942308322,0.6848119287591191,0.7515152069756401,0.9949408842683257,100.0,0.056864930527723345
compression_s2,compression,pos,alın+yanaklar,snr,argmax,pos|forehead+left_cheek+right_cheek|snr|argmax,0.5835182895127925,0.7094520589272459,0.770533034249226,0.9945514839788842,100.0,0.04841279367560958
compression_s2,compression,pos,alın+yanaklar,snr,viterbi,pos|forehead+left_cheek+right_cheek|snr|viterbi+ma,0.5835182895127925,0.7094520589272459,0.770533034249226,0.9945514839788842,100.0,0.04841279367560958
compression_s2,compression,pos,4_bölge,mean,argmax,pos|forehead+left_cheek+right_cheek+full|mean|argmax,0.5302524767615963,0.6657191554014523,0.7088779197341881,0.9952593699588563,100.0,0.06111037778597961
compression_s2,compression,pos,4_bölge,mean,viterbi,pos|forehead+left_cheek+right_cheek+full|mean|viterbi+ma,0.5302524767615963,0.6657191554014523,0.7088779197341881,0.9952593699588563,100.0,0.06111037778597961
compression_s2,compression,pos,4_bölge,snr,argmax,pos|forehead+left_cheek+right_cheek+full|snr|argmax,0.6173578291845752,0.7621308944116282,0.8057385604590224,0.9938684258166287,100.0,0.04269155579596884
compression_s2,compression,pos,4_bölge,snr,viterbi,pos|forehead+left_cheek+right_cheek+full|snr|viterbi+ma,0.6173578291845752,0.7621308944116282,0.8057385604590224,0.9938684258166287,100.0,0.04269155579596884
compression_s2,compression,lgi,alın,mean,argmax,lgi|forehead|mean|argmax,9.490159920786333,10.818092631675665,11.930796043872252,0.23029904911698243,25.49019607843137,8.501721259564903
compression_s2,compression,lgi,alın,mean,viterbi,lgi|forehead|mean|viterbi+ma,9.490159920786333,10.818092631675665,11.930796043872252,0.23029904911698243,25.49019607843137,8.501721259564903
compression_s2,compression,lgi,yanaklar,mean,argmax,lgi|left_cheek+right_cheek|mean|argmax,0.9139356807110908,1.1460878291690921,1.2094513906113686,0.9866673931493837,100.0,0.1371318116393354
compression_s2,compression,lgi,yanaklar,mean,viterbi,lgi|left_cheek+right_cheek|mean|viterbi+ma,0.9139356807110908,1.1460878291690921,1.2094513906113686,0.9866673931493837,100.0,0.1371318116393354
compression_s2,compression,lgi,yanaklar,snr,argmax,lgi|left_cheek+right_cheek|snr|argmax,1.0870935393241434,1.8525550971972737,1.4224809911108365,0.9694240313363539,98.0392156862745,0.4500610574823867
compression_s2,compression,lgi,yanaklar,snr,viterbi,lgi|left_cheek+right_cheek|snr|viterbi+ma,0.9170530091744787,1.2341305746210254,1.1949050948102151,0.9865292065318274,100.0,0.20884242059850067
compression_s2,compression,lgi,tüm_yüz,mean,argmax,lgi|full|mean|argmax,0.7275100717483699,0.8945838565912023,0.9395384627740566,0.9925924499972155,100.0,0.09644051345452453
compression_s2,compression,lgi,tüm_yüz,mean,viterbi,lgi|full|mean|viterbi+ma,0.7275100717483699,0.8945838565912023,0.9395384627740566,0.9925924499972155,100.0,0.09644051345452453
compression_s2,compression,lgi,alın+yanaklar,mean,argmax,lgi|forehead+left_cheek+right_cheek|mean|argmax,1.1160544818071791,1.4388187454011034,1.4937467879751718,0.9783947331033587,100.0,0.12513825211240714
compression_s2,compression,lgi,alın+yanaklar,mean,viterbi,lgi|forehead+left_cheek+right_cheek|mean|viterbi+ma,1.1087053149588808,1.4207108036078864,1.4839263538323222,0.9789310347556203,100.0,0.13248741896070726
compression_s2,compression,lgi,alın+yanaklar,snr,argmax,lgi|forehead+left_cheek+right_cheek|snr|argmax,3.810178285111962,5.867926414432714,4.921792915163696,0.7391822110841098,72.54901960784314,2.595703735791602
compression_s2,compression,lgi,alın+yanaklar,snr,viterbi,lgi|forehead+left_cheek+right_cheek|snr|viterbi+ma,2.8933811902354813,4.445806427182019,3.8149659898374066,0.8474145024893562,78.43137254901961,1.8413837182091726
compression_s2,compression,lgi,4_bölge,mean,argmax,lgi|forehead+left_cheek+right_cheek+full|mean|argmax,0.785730288602166,0.963670238207552,1.0458514785199124,0.9904565872811701,100.0,0.1164023235272964
compression_s2,compression,lgi,4_bölge,mean,viterbi,lgi|forehead+left_cheek+right_cheek+full|mean|viterbi+ma,0.785730288602166,0.963670238207552,1.0458514785199124,0.9904565872811701,100.0,0.1164023235272964
compression_s2,compression,lgi,4_bölge,snr,argmax,lgi|forehead+left_cheek+right_cheek+full|snr|argmax,0.7164287735422139,0.8930644300581932,0.9233759354857081,0.9922533683165611,100.0,0.08396761219104576
compression_s2,compression,lgi,4_bölge,snr,viterbi,lgi|forehead+left_cheek+right_cheek+full|snr|viterbi+ma,0.7164287735422139,0.8930644300581932,0.9233759354857081,0.9922533683165611,100.0,0.08396761219104576
motion_s0,motion,green,alın,mean,argmax,green|forehead|mean|argmax,35.28524406411919,43.60500514252739,44.504761891273965,0.13222376507216893,17.647058823529413,30.722659212536442
motion_s0,motion,green,alın,mean,viterbi,green|forehead|mean|viterbi+ma,45.33228440402715,45.70962945296526,56.23404487500635,0.8593591598559526,0.0,45.332284404027135
motion_s0,motion,green,yanaklar,mean,argmax,green|left_cheek+right_cheek|mean|argmax,39.13004886924971,48.190129836106976,49.53819898568125,-0.049331015216712994,11.76470588235294,28.587745133596343
motion_s0,motion,green,yanaklar,mean,viterbi,green|left_cheek+right_cheek|mean|viterbi+ma,57.835809208810375,60.35011395584888,74.05346834727202,-0.7821504826383928,0.0,57.835809208810346
motion_s0,motion,green,yanaklar,snr,argmax,green|left_cheek+right_cheek|snr|argmax,39.12859320091109,48.188261762475406,49.536444268656375,-0.049392452173922914,11.76470588235294,28.584242149884332
motion_s0,motion,green,yanaklar,snr,viterbi,green|left_cheek+right_cheek|snr|viterbi+ma,57.82586436073908,60.34472448182227,74.04241896051744,-0.7819023021639747,0.0,57.82586436073909
motion_s0,motion,green,tüm_yüz,mean,argmax,green|full|mean|argmax,38.72304309304002,47.88016417602293,49.017121452457715,-0.06377108849362402,9.803921568627452,27.83199380430959
motion_s0,motion,green,tüm_yüz,mean,viterbi,green|full|mean|viterbi+ma,57.841734887842726,60.36801019600949,74.06584560045246,-0.7834538052976823,0.0,57.84173488784272
motion_s0,motion,green,alın+yanaklar,mean,argmax,green|forehead+left_cheek+right_cheek|mean|argmax,35.976387485114394,44.86036537346815,45.50106352587689,0.03748268018882983,15.686274509803921,27.772979551689858
motion_s0,motion,green,alın+yanaklar,mean,viterbi,green|forehead+left_cheek+right_cheek|mean|viterbi+ma,73.17726010828562,73.91974526269401,91.33706346787311,0.4828302202030146,0.0,73.17726010828561
motion_s0,motion,green,alın+yanaklar,snr,argmax,green|forehead+left_cheek+right_cheek|snr|argmax,34.055828379963415,43.18946954523737,43.01355002196487,0.09058331200359326,17.647058823529413,27.030649924216164
motion_s0,motion,green,alın+yanaklar,snr,viterbi,green|forehead+left_cheek+right_cheek|snr|viterbi+ma,60.11785574577515,61.51483022732255,76.32319556969166,-0.5490723742722587,0.0,60.117855745775145
motion_s0,motion,green,4_bölge,mean,argmax,green|forehead+left_cheek+right_cheek+full|mean|argmax,35.76392713182553,45.127813971805,45.110914553449646,0.04319730809324887,15.686274509803921,26.452984932248526
motion_s0,motion,green,4_bölge,mean,viterbi,green|forehead+left_cheek+right_cheek+full|mean|viterbi+ma,73.17039819008387,73.91059529915188,91.33222928750529,0.4821805752829478,0.0,73.17039819008384
motion_s0,motion,green,4_bölge,snr,argmax,green|forehead+left_cheek+right_cheek+full|snr|argmax,36.61658221454311,46.140290259266806,46.31618399130666,0.030139940139589528,15.686274509803921,28.40885465852729
motion_s0,motion,green,4_bölge,snr,viterbi,green|forehead+left_cheek+right_cheek+full|snr|viterbi+ma,60.09210495143677,61.499837620639425,76.29934998678553,-0.5562421525043184,0.0,60.09210495143675
motion_s0,motion,ica,alın,mean,argmax,ica|forehead|mean|argmax,0.3899704435940022,0.4758718261762705,0.4719258823589977,0.9984504873441526,100.0,0.046606021760950966
motion_s0,motion,ica,alın,mean,viterbi,ica|forehead|mean|viterbi+ma,0.3899704435940022,0.4758718261762705,0.4719258823589977,0.9984504873441526,100.0,0.046606021760950966
motion_s0,motion,ica,yanaklar,mean,argmax,ica|left_cheek+right_cheek|mean|argmax,0.39582866549411727,0.4825415384099211,0.4975123210434482,0.9984023858208249,100.0,0.02981585998882963
motion_s0,motion,ica,yanaklar,mean,viterbi,ica|left_cheek+right_cheek|mean|viterbi+ma,0.39582866549411727,0.4825415384099211,0.4975123210434482,0.9984023858208249,100.0,0.02981585998882963
motion_s0,motion,ica,yanaklar,snr,argmax,ica|left_cheek+right_cheek|snr|argmax,0.3684213715335589,0.45827155187263613,0.46174848184186523,0.9985648431360209,100.0,0.041879497936122334
motion_s0,motion,ica,yanaklar,snr,viterbi,ica|left_cheek+right_cheek|snr|viterbi+ma,0.3684213715335589,0.45827155187263613,0.46174848184186523,0.9985648431360209,100.0,0.041879497936122334
motion_s0,motion,ica,tüm_yüz,mean,argmax,ica|full|mean|argmax,0.26682530599841475,0.33964210547174317,0.33702620409991413,0.9992152771092871,100.0,0.038915661704365334
motion_s0,motion,ica,tüm_yüz,mean,viterbi,ica|full|mean|viterbi+ma,0.26682530599841475,0.33964210547174317,0.33702620409991413,0.9992152771092871,100.0,0.038915661704365334
motion_s0,motion,ica,alın+yanaklar,mean,argmax,ica|forehead+left_cheek+right_cheek|mean|argmax,0.35703494777032596,0.4344136509064311,0.4468216907516832,0.9987178766480778,100.0,0.04189317951758653
motion_s0,motion,ica,alın+yanaklar,mean,viterbi,ica|forehead+left_cheek+right_cheek|mean|viterbi+ma,0.35703494777032596,0.4344136509064311,0.4468216907516832,0.9987178766480778,100.0,0.04189317951758653
motion_s0,motion,ica,alın+yanaklar,snr,argmax,ica|forehead+left_cheek+right_cheek|snr|argmax,0.36161561974771894,0.44431756892718804,0.45016053625106833,0.9986475182651127,100.0,0.042824653816197156
motion_s0,motion,ica,alın+yanaklar,snr,viterbi,ica|forehead+left_cheek+right_cheek|snr|viterbi+ma,0.36161561974771894,0.44431756892718804,0.45016053625106833,0.9986475182651127,100.0,0.042824653816197156
motion_s0,motion,ica,4_bölge,mean,argmax,ica|forehead+left_cheek+right_cheek+full|mean|argmax,0.3607283049762098,0.44796776197206,0.4501372395203266,0.9986204177084208,100.0,0.026515239866967022
motion_s0,motion,ica,4_bölge,mean,viterbi,ica|forehead+left_cheek+right_cheek+full|mean|viterbi+ma,0.3607283049762098,0.44796776197206,0.4501372395203266,0.9986204177084208,100.0,0.026515239866967022
motion_s0,motion,ica,4_bölge,snr,argmax,ica|forehead+left_cheek+right_cheek+full|snr|argmax,0.3120331283876218,0.38825422855816083,0.3907045052328922,0.9989665370296738,100.0,0.03249220565717792
motion_s0,motion,ica,4_bölge,snr,viterbi,ica|forehead+left_cheek+right_cheek+full|snr|viterbi+ma,0.3120331283876218,0.38825422855816083,0.3907045052328922,0.9989665370296738,100.0,0.03249220565717792
motion_s0,motion,chrom,alın,mean,argmax,chrom|forehead|mean|argmax,0.44602899375277644,0.5519200444189712,0.5469321092895902,0.9979513968442318,100.0,0.07027703400655128
motion_s0,motion,chrom,alın,mean,viterbi,chrom|forehead|mean|viterbi+ma,0.44602899375277644,0.5519200444189712,0.5469321092895902,0.9979513968442318,100.0,0.07027703400655128
motion_s0,motion,chrom,yanaklar,mean,argmax,chrom|left_cheek+right_cheek|mean|argmax,0.39276609329683554,0.4516124671736048,0.4915348467111345,0.9986039041021757,100.0,0.04224731155899519
motion_s0,motion,chrom,yanaklar,mean,viterbi,chrom|left_cheek+right_cheek|mean|viterbi+ma,0.39276609329683554,0.4516124671736048,0.4915348467111345,0.9986039041021757,100.0,0.04224731155899519
motion_s0,motion,chrom,yanaklar,snr,argmax,chrom|left_cheek+right_cheek|snr|argmax,0.3767924423231159,0.4335694876165428,0.47079543659521805,0.9987119179794669,100.0,0.03938452567903994
motion_s0,motion,chrom,yanaklar,snr,viterbi,chrom|left_cheek+right_cheek|snr|viterbi+ma,0.3767924423231159,0.4335694876165428,0.47079543659521805,0.9987119179794669,100.0,0.03938452567903994
motion_s0,motion,chrom,tüm_yüz,mean,argmax,chrom|full|mean|argmax,0.30524302042343515,0.36028947203822737,0.37960794249298224,0.9991251793072026,100.0,0.05785146518566364
motion_s0,motion,chrom,tüm_yüz,mean,viterbi,chrom|full|mean|viterbi+ma,0.30524302042343515,0.36028947203822737,0.37960794249298224,0.9991251793072026,100.0,0.05785146518566364
motion_s0,motion,chrom,alın+yanaklar,mean,argmax,chrom|forehead+left_cheek+right_cheek|mean|argmax,0.339337684555383,0.4295427905339257,0.41661161063965096,0.9987569465080761,100.0,0.06612653468289409
motion_s0,motion,chrom,alın+yanaklar,mean,viterbi,chrom|forehead+left_cheek+right_cheek|mean|viterbi+ma,0.339337684555383,0.4295427905339257,0.41661161063965096,0.9987569465080761,100.0,0.06612653468289409
motion_s0,motion,chrom,alın+yanaklar,snr,argmax,chrom|forehead+left_cheek+right_cheek|snr|argmax,0.34849909924013406,0.4410068404918883,0.42829167326270245,0.9986641994864457,100.0,0.0376439623438074
motion_s0,motion,chrom,alın+yanaklar,snr,viterbi,chrom|forehead+left_cheek+right_cheek|snr|viterbi+ma,0.34849909924013406,0.4410068404918883,0.42829167326270245,0.9986641994864457,100.0,0.0376439623438074
motion_s0,motion,chrom,4_bölge,mean,argmax,chrom|forehead+left_cheek+right_cheek+full|mean|argmax,0.33702273059232896,0.42185741331132853,0.41590431071620154,0.9988004114809217,100.0,0.06605585319637441
motion_s0,motion,chrom,4_bölge,mean,viterbi,chrom|forehead+left_cheek+right_cheek+full|mean|viterbi+ma,0.33702273059232896,0.42185741331132853,0.41590431071620154,0.9988004114809217,100.0,0.06605585319637441
motion_s0,motion,chrom,4_bölge,snr,argmax,chrom|forehead+left_cheek+right_cheek+full|snr|argmax,0.31353630535924154,0.39357592434762384,0.38677207731599916,0.9989432262991423,100.0,0.04675431005091468
motion_s0,motion,chrom,4_bölge,snr,viterbi,chrom|forehead+left_cheek+right_cheek+full|snr|viterbi+ma,0.31353630535924154,0.39357592434762384,0.38677207731599916,0.9989432262991423,100.0,0.04675431005091468
motion_s0,motion,pos,alın,mean,argmax,pos|forehead|mean|argmax,0.3614501197610454,0.45613736216340395,0.4434464555696747,0.9985872078796588,100.0,0.06094419686002084
motion_s0,motion,pos,alın,mean,viterbi,pos|forehead|mean|viterbi+ma,0.3614501197610454,0.45613736216340395,0.4434464555696747,0.9985872078796588,100.0,0.06094419686002084
motion_s0,motion,pos,yanaklar,mean,argmax,pos|left_cheek+right_cheek|mean|argmax,0.35876319403849927,0.45316417848604135,0.4441401503206944,0.99859902010989,100.0,0.039329728455555824
motion_s0,motion,pos,yanaklar,mean,viterbi,pos|left_cheek+right_cheek|mean|viterbi+ma,0.35876319403849927,0.45316417848604135,0.4441401503206944,0.99859902010989,100.0,0.039329728455555824
motion_s0,motion,pos,yanaklar,snr,argmax,pos|left_cheek+right_cheek|snr|argmax,0.3454340363042213,0.44942701022300263,0.427723394812816,0.9986154380106718,100.0,0.030159308132340357
motion_s0,motion,pos,yanaklar,snr,viterbi,pos|left_cheek+right_cheek|snr|viterbi+ma,0.3454340363042213,0.44942701022300263,0.427723394812816,0.9986154380106718,100.0,0.030159308132340357
motion_s0,motion,pos,tüm_yüz,mean,argmax,pos|full|mean|argmax,0.29650058347682046,0.3621946362627354,0.3691284469435328,0.9991090966383235,100.0,0.04926817388513882
motion_s0,motion,pos,tüm_yüz,mean,viterbi,pos|full|mean|viterbi+ma,0.29650058347682046,0.3621946362627354,0.3691284469435328,0.9991090966383235,100.0,0.04926817388513882
motion_s0,motion,pos,alın+yanaklar,mean,argmax,pos|forehead+left_cheek+right_cheek|mean|argmax,0.33977103225394006,0.42763125534621355,0.4189442014556111,0.9987528324484749,100.0,0.046308099004264136
motion_s0,motion,pos,alın+yanaklar,mean,viterbi,pos|forehead+left_cheek+right_cheek|mean|viterbi+ma,0.33977103225394006,0.42763125534621355,0.4189442014556111,0.9987528324484749,100.0,0.046308099004264136
motion_s0,motion,pos,alın+yanaklar,snr,argmax,pos|forehead+left_cheek+right_cheek|snr|argmax,0.3287934471907953,0.43016972262085884,0.404097688807847,0.9987327476501182,100.0,0.04266847285985875
motion_s0,motion,pos,alın+yanaklar,snr,viterbi,pos|forehead+left_cheek+right_cheek|snr|viterbi+ma,0.3287934471907953,0.43016972262085884,0.404097688807847,0.9987327476501182,100.0,0.04266847285985875
motion_s0,motion,pos,4_bölge,mean,argmax,pos|forehead+left_cheek+right_cheek+full|mean|argmax,0.3235623083565379,0.40659611252157934,0.39992245036535234,0.998873609567612,100.0,0.047138280133864896
motion_s0,motion,pos,4_bölge,mean,viterbi,pos|forehead+left_cheek+right_cheek+full|mean|viterbi+ma,0.3235623083565379,0.40659611252157934,0.39992245036535234,0.998873609567612,100.0,0.047138280133864896
motion_s0,motion,pos,4_bölge,snr,argmax,pos|forehead+left_cheek+right_cheek+full|snr|argmax,0.2966090381007162,0.38549048676988196,0.36648212518166245,0.9989849572378048,100.0,0.04238521335972223
motion_s0,motion,pos,4_bölge,snr,viterbi,pos|forehead+left_cheek+right_cheek+full|snr|viterbi+ma,0.2966090381007162,0.38549048676988196,0.36648212518166245,0.9989849572378048,100.0,0.04238521335972223
motion_s0,motion,lgi,alın,mean,argmax,lgi|forehead|mean|argmax,0.3728464921372733,0.4588014803073413,0.45087101202399293,0.9985640028220041,100.0,0.05496657794030568
motion_s0,motion,lgi,alın,mean,viterbi,lgi|forehead|mean|viterbi+ma,0.3728464921372733,0.4588014803073413,0.45087101202399293,0.9985640028220041,100.0,0.05496657794030568
motion_s0,motion,lgi,yanaklar,mean,argmax,lgi|left_cheek+right_cheek|mean|argmax,0.40352348227917145,0.48687232818741577,0.5071866857866761,0.9983780835825421,100.0,0.02106260697044604
motion_s0,motion,lgi,yanaklar,mean,viterbi,lgi|left_cheek+right_cheek|mean|viterbi+ma,0.40352348227917145,0.48687232818741577,0.5071866857866761,0.9983780835825421,100.0,0.02106260697044604
motion_s0,motion,lgi,yanaklar,snr,argmax,lgi|left_cheek+right_cheek|snr|argmax,0.3980278546069328,0.4795602154634061,0.5000867173223928,0.9984242422982201,100.0,0.020031958461714794
motion_s0,motion,lgi,yanaklar,snr,viterbi,lgi|left_cheek+right_cheek|snr|viterbi+ma,0.3980278546069328,0.4795602154634061,0.5000867173223928,0.9984242422982201,100.0,0.020031958461714794
motion_s0,motion,lgi,tüm_yüz,mean,argmax,lgi|full|mean|argmax,0.2715839330334013,0.34635827034278244,0.3371511575037452,0.9991772655918572,100.0,0.031939445777084075
motion_s0,motion,lgi,tüm_yüz,mean,viterbi,lgi|full|mean|viterbi+ma,0.2715839330334013,0.34635827034278244,0.3371511575037452,0.9991772655918572,100.0,0.031939445777084075
motion_s0,motion,lgi,alın+yanaklar,mean,argmax,lgi|forehead+left_cheek+right_cheek|mean|argmax,0.36725111632394203,0.4507118877774852,0.45758235705886524,0.9986065186430284,100.0,0.030725676669476343
motion_s0,motion,lgi,alın+yanaklar,mean,viterbi,lgi|forehead+left_cheek+right_cheek|mean|viterbi+ma,0.36725111632394203,0.4507118877774852,0.45758235705886524,0.9986065186430284,100.0,0.030725676669476343
motion_s0,motion,lgi,alın+yanaklar,snr,argmax,lgi|forehead+left_cheek+right_cheek|snr|argmax,0.3701201871573712,0.44870094506858443,0.4598785502921487,0.9986152178579556,100.0,0.03197840972478616
motion_s0,motion,lgi,alın+yanaklar,snr,viterbi,lgi|forehead+left_cheek+right_cheek|snr|viterbi+ma,0.3701201871573712,0.44870094506858443,0.4598785502921487,0.9986152178579556,100.0,0.03197840972478616
motion_s0,motion,lgi,4_bölge,mean,argmax,lgi|forehead+left_cheek+right_cheek+full|mean|argmax,0.3441503955278054,0.42426520413008556,0.42876545055179754,0.9987649570279492,100.0,0.031178880754779925
motion_s0,motion,lgi,4_bölge,mean,viterbi,lgi|forehead+left_cheek+right_cheek+full|mean|viterbi+ma,0.3441503955278054,0.42426520413008556,0.42876545055179754,0.9987649570279492,100.0,0.031178880754779925
motion_s0,motion,lgi,4_bölge,snr,argmax,lgi|forehead+left_cheek+right_cheek+full|snr|argmax,0.31559418985792925,0.3925589941859991,0.39244002455021915,0.9989402263824801,100.0,0.02846223342679366
motion_s0,motion,lgi,4_bölge,snr,viterbi,lgi|forehead+left_cheek+right_cheek+full|snr|viterbi+ma,0.31559418985792925,0.3925589941859991,0.39244002455021915,0.9989402263824801,100.0,0.02846223342679366
motion_s1,motion,green,alın,mean,argmax,green|forehead|mean|argmax,35.16672922956839,43.60273776958003,45.157740513038775,0.13409424425924119,19.607843137254903,27.989525954499868
motion_s1,motion,green,alın,mean,viterbi,green|forehead|mean|viterbi+ma,22.780413773356557,28.19712835446547,29.97182750731058,-0.5874891883334159,27.450980392156865,22.712789981190937
motion_s1,motion,green,yanaklar,mean,argmax,green|left_cheek+right_cheek|mean|argmax,37.47924445161599,46.448750006116605,48.13411775004749,0.0053754166343343325,19.607843137254903,29.371933700382044
motion_s1,motion,green,yanaklar,mean,viterbi,green|left_cheek+right_cheek|mean|viterbi+ma,6.302249416069669,8.559552267751714,8.035444673262905,0.30504796337978624,54.90196078431373,4.611055807198227
motion_s1,motion,green,yanaklar,snr,argmax,green|left_cheek+right_cheek|snr|argmax,36.76268189136489,45.99658581713628,47.16343594197434,0.043735280622292906,19.607843137254903,28.228859298989946
motion_s1,motion,green,yanaklar,snr,viterbi,green|left_cheek+right_cheek|snr|viterbi+ma,6.300371808358476,8.558098771962696,8.032988731908196,0.3048828240800886,54.90196078431373,4.610873442179198
motion_s1,motion,green,tüm_yüz,mean,argmax,green|full|mean|argmax,42.00675521953161,50.64077829582766,53.80280237664824,-0.050155214165115425,11.76470588235294,31.4300611369531
motion_s1,motion,green,tüm_yüz,mean,viterbi,green|full|mean|viterbi+ma,53.48507246051413,55.540875424173954,68.36908692458492,0.656212852019774,0.0,53.48507246051412
motion_s1,motion,green,alın+yanaklar,mean,argmax,green|forehead+left_cheek+right_cheek|mean|argmax,35.941276345636545,44.7965859373686,46.233458345533975,0.08377992633952021,21.568627450980394,28.824739688939786
motion_s1,motion,green,alın+yanaklar,mean,viterbi,green|forehead+left_cheek+right_cheek|mean|viterbi+ma,22.257144618658288,27.46195950960656,29.311086022205547,-0.6302766238491515,27.450980392156865,22.179807128761425
motion_s1,motion,green,alın+yanaklar,snr,argmax,green|forehead+left_cheek+right_cheek|snr|argmax,35.34009230431564,44.46540554401117,45.48790205473004,0.015189850372199972,21.568627450980394,27.080920765431202
motion_s1,motion,green,alın+yanaklar,snr,viterbi,green|forehead+left_cheek+right_cheek|snr|viterbi+ma,6.249465094702223,8.487866002493194,7.964178990073872,0.29645735888801406,54.90196078431373,4.566157909287611
motion_s1,motion,green,4_bölge,mean,argmax,green|forehead+left_cheek+right_cheek+full|mean|argmax,36.90904413212268,46.032622985663,47.45724440397584,0.03603841500958123,19.607843137254903,28.708885937901726
motion_s1,motion,green,4_bölge,mean,viterbi,green|forehead+left_cheek+right_cheek+full|mean|viterbi+ma,6.7386119980800006,8.732876861476779,8.599747296514671,0.32903014198735037,49.01960784313725,5.419089109337833
motion_s1,motion,green,4_bölge,snr,argmax,green|forehead+left_cheek+right_cheek+full|snr|argmax,32.90278193639545,42.30242561265433,42.268101428396946,0.027942818292118584,23.52941176470588,23.541380942333973
motion_s1,motion,green,4_bölge,snr,viterbi,green|forehead+left_cheek+right_cheek+full|snr|viterbi+ma,6.685725477406411,8.70733787784179,8.529219276716471,0.3239956040299565,49.01960784313725,5.387874785421687
motion_s1,motion,ica,alın,mean,argmax,ica|forehead|mean|argmax,1.0952280048416232,1.2827991003888826,1.425649981796509,0.9587842715943439,100.0,0.02063127016211297
motion_s1,motion,ica,alın,mean,viterbi,ica|forehead|mean|viterbi+ma,1.0952280048416232,1.2827991003888826,1.425649981796509,0.9587842715943439,100.0,0.02063127016211297
motion_s1,motion,ica,yanaklar,mean,argmax,ica|left_cheek+right_cheek|mean|argmax,1.0531600913890469,1.3226880928822788,1.374746679945483,0.9558061148253846,100.0,0.033587477898649354
motion_s1,motion,ica,yanaklar,mean,viterbi,ica|left_cheek+right_cheek|mean|viterbi+ma,1.0531600913890469,1.3226880928822788,1.374746679945483,0.9558061148253846,100.0,0.033587477898649354
motion_s1,motion,ica,yanaklar,snr,argmax,ica|left_cheek+right_cheek|snr|argmax,1.0293372307271762,1.3135640414399843,1.345014637152834,0.9573184649995404,100.0,0.035461471588291715
motion_s1,motion,ica,yanaklar,snr,viterbi,ica|left_cheek+right_cheek|snr|viterbi+ma,1.0293372307271762,1.3135640414399843,1.345014637152834,0.9573184649995404,100.0,0.035461471588291715
motion_s1,motion,ica,tüm_yüz,mean,argmax,ica|full|mean|argmax,1.0195012096589107,1.254593817903296,1.3284793943445072,0.9597061188934162,100.0,0.020335411595851838
motion_s1,motion,ica,tüm_yüz,mean,viterbi,ica|full|mean|viterbi+ma,1.0195012096589107,1.254593817903296,1.3284793943445072,0.9597061188934162,100.0,0.020335411595851838
motion_s1,motion,ica,alın+yanaklar,mean,argmax,ica|forehead+left_cheek+right_cheek|mean|argmax,1.0475488023422503,1.3140168408660782,1.3678595387146202,0.9575633577094194,100.0,0.02286722568673838
motion_s1,motion,ica,alın+yanaklar,mean,viterbi,ica|forehead+left_cheek+right_cheek|mean|viterbi+ma,1.0475488023422503,1.3140168408660782,1.3678595387146202,0.9575633577094194,100.0,0.02286722568673838
motion_s1,motion,ica,alın+yanaklar,snr,argmax,ica|forehead+left_cheek+right_cheek|snr|argmax,1.01356413939938,1.2864451600340847,1.3240315266491103,0.9591243697359885,100.0,0.032867546404574455
motion_s1,motion,ica,alın+yanaklar,snr,viterbi,ica|forehead+left_cheek+right_cheek|snr|viterbi+ma,1.018266605610748,1.294068332326854,1.3307771323050588,0.9591539658954777,100.0,0.028165080193204517
motion_s1,motion,ica,4_bölge,mean,argmax,ica|forehead+left_cheek+right_cheek+full|mean|argmax,1.039336041585613,1.3012566573246922,1.356862956322088,0.9580410933783511,100.0,0.022175933428727035
motion_s1,motion,ica,4_bölge,mean,viterbi,ica|forehead+left_cheek+right_cheek+full|mean|viterbi+ma,1.039336041585613,1.3012566573246922,1.356862956322088,0.9580410933783511,100.0,0.022175933428727035
motion_s1,motion,ica,4_bölge,snr,argmax,ica|forehead+left_cheek+right_cheek+full|snr|argmax,1.0124181809037502,1.268929204800096,1.3213043446752444,0.9597887412339104,100.0,0.023894895440605524
motion_s1,motion,ica,4_bölge,snr,viterbi,ica|forehead+left_cheek+right_cheek+full|snr|viterbi+ma,1.0124181809037502,1.268929204800096,1.3213043446752444,0.9597887412339104,100.0,0.023894895440605524
motion_s1,motion,chrom,alın,mean,argmax,chrom|forehead|mean|argmax,1.060924259347702,1.2845457507626474,1.3812261072519914,0.9548625692571899,100.0,0.012117459645409667
motion_s1,motion,chrom,alın,mean,viterbi,chrom|forehead|mean|viterbi+ma,1.060924259347702,1.2845457507626474,1.3812261072519914,0.9548625692571899,100.0,0.012117459645409667
motion_s1,motion,chrom,yanaklar,mean,argmax,chrom|left_cheek+right_cheek|mean|argmax,1.0677270969164192,1.3731706598434519,1.394513382985264,0.9508922715945316,100.0,0.04018777149663322
motion_s1,motion,chrom,yanaklar,mean,viterbi,chrom|left_cheek+right_cheek|mean|viterbi+ma,1.0677270969164192,1.3731706598434519,1.394513382985264,0.9508922715945316,100.0,0.04018777149663322
motion_s1,motion,chrom,yanaklar,snr,argmax,chrom|left_cheek+right_cheek|snr|argmax,1.0778726756555044,1.3867019452280003,1.4082319226249285,0.950362316843537,100.0,0.04220725314306151
motion_s1,motion,chrom,yanaklar,snr,viterbi,chrom|left_cheek+right_cheek|snr|viterbi+ma,1.0778726756555044,1.3867019452280003,1.4082319226249285,0.950362316843537,100.0,0.04220725314306151
motion_s1,motion,chrom,tüm_yüz,mean,argmax,chrom|full|mean|argmax,1.0380117677082763,1.289315164843554,1.3521184509654895,0.9549990831066318,100.0,0.05383379972056446
motion_s1,motion,chrom,tüm_yüz,mean,viterbi,chrom|full|mean|viterbi+ma,1.0380117677082763,1.289315164843554,1.3521184509654895,0.9549990831066318,100.0,0.05383379972056446
motion_s1,motion,chrom,alın+yanaklar,mean,argmax,chrom|forehead+left_cheek+right_cheek|mean|argmax,1.0537163078552345,1.3370935585664683,1.37877749716514,0.9555263214148458,100.0,0.009405580033075012
motion_s1,motion,chrom,alın+yanaklar,mean,viterbi,chrom|forehead+left_cheek+right_cheek|mean|viterbi+ma,1.0585542238789223,1.3446278618245486,1.3857174032113542,0.9555885785477596,100.0,0.004567664009400119
motion_s1,motion,chrom,alın+yanaklar,snr,argmax,chrom|forehead+left_cheek+right_cheek|snr|argmax,1.0523995543564644,1.3474862041225846,1.3749039714439046,0.9530496252002191,100.0,0.02979475409654242
motion_s1,motion,chrom,alın+yanaklar,snr,viterbi,chrom|forehead+left_cheek+right_cheek|snr|viterbi+ma,1.056532096835669,1.3539301088868416,1.3808320314592595,0.95308636447496,100.0,0.0256622116173304
motion_s1,motion,chrom,4_bölge,mean,argmax,chrom|forehead+left_cheek+right_cheek+full|mean|argmax,1.0487566221802007,1.3235998839440295,1.3714573130541525,0.9558089028458779,100.0,0.012125337136581038
motion_s1,motion,chrom,4_bölge,mean,viterbi,chrom|forehead+left_cheek+right_cheek+full|mean|viterbi+ma,1.0528540793398518,1.3301067110424367,1.3773350437913405,0.9558462498169285,100.0,0.008027879976921781
motion_s1,motion,chrom,4_bölge,snr,argmax,chrom|forehead+left_cheek+right_cheek+full|snr|argmax,1.0422753746793958,1.3212996272915083,1.3600428179568587,0.9543037560602858,100.0,0.046692838368841194
motion_s1,motion,chrom,4_bölge,snr,viterbi,chrom|forehead+left_cheek+right_cheek+full|snr|viterbi+ma,1.0422753746793958,1.3212996272915083,1.3600428179568587,0.9543037560602858,100.0,0.046692838368841194
motion_s1,motion,pos,alın,mean,argmax,pos|forehead|mean|argmax,1.0098487276981423,1.2037472164112983,1.31475878527224,0.958064325485561,100.0,0.06606921007819722
motion_s1,motion,pos,alın,mean,viterbi,pos|forehead|mean|viterbi+ma,1.012714215479173,1.2076412737679658,1.318869277451013,0.9580918056462111,100.0,0.06320372229716043
motion_s1,motion,pos,yanaklar,mean,argmax,pos|left_cheek+right_cheek|mean|argmax,1.0358710585029627,1.3184420175137483,1.3523056082711826,0.9553429014360008,100.0,0.03660008840383
motion_s1,motion,pos,yanaklar,mean,viterbi,pos|left_cheek+right_cheek|mean|viterbi+ma,1.0358710585029627,1.3184420175137483,1.3523056082711826,0.9553429014360008,100.0,0.03660008840383
motion_s1,motion,pos,yanaklar,snr,argmax,pos|left_cheek+right_cheek|snr|argmax,1.0432398576528534,1.3379934774093818,1.3630369972739844,0.9540348688697526,100.0,0.03808146704176352
motion_s1,motion,pos,yanaklar,snr,viterbi,pos|left_cheek+right_cheek|snr|viterbi+ma,1.0432398576528534,1.3379934774093818,1.3630369972739844,0.9540348688697526,100.0,0.03808146704176352
motion_s1,motion,pos,tüm_yüz,mean,argmax,pos|full|mean|argmax,0.9965731132489363,1.232132332122459,1.2992677925509442,0.9590468330933845,100.0,0.021521833767252474
motion_s1,motion,pos,tüm_yüz,mean,viterbi,pos|full|mean|viterbi+ma,0.9965731132489363,1.232132332122459,1.2992677925509442,0.9590468330933845,100.0,0.021521833767252474
motion_s1,motion,pos,alın+yanaklar,mean,argmax,pos|forehead+left_cheek+right_cheek|mean|argmax,1.005431096631093,1.2683767618530306,1.3119216257146564,0.9573053142969038,100.0,0.042285242452237526
motion_s1,motion,pos,alın+yanaklar,mean,viterbi,pos|forehead+left_cheek+right_cheek|mean|viterbi+ma,1.005431096631093,1.2683767618530306,1.3119216257146564,0.9573053142969038,100.0,0.042285242452237526
motion_s1,motion,pos,alın+yanaklar,snr,argmax,pos|forehead+left_cheek+right_cheek|snr|argmax,1.0054950310994866,1.2702850692734404,1.3132129731067341,0.9570493914579243,100.0,0.03431443925973099
motion_s1,motion,pos,alın+yanaklar,snr,viterbi,pos|forehead+left_cheek+right_cheek|snr|viterbi+ma,1.0093440003320395,1.276672622386018,1.318734252252114,0.9570400211777326,100.0,0.03046547002716693
motion_s1,motion,pos,4_bölge,mean,argmax,pos|forehead+left_cheek+right_cheek+full|mean|argmax,1.0002118298530454,1.256522787926582,1.3050295663932505,0.9579955696204767,100.0,0.036145183589738394
motion_s1,motion,pos,4_bölge,mean,viterbi,pos|forehead+left_cheek+right_cheek+full|mean|viterbi+ma,1.0002118298530454,1.256522787926582,1.3050295663932505,0.9579955696204767,100.0,0.036145183589738394
motion_s1,motion,pos,4_bölge,snr,argmax,pos|forehead+left_cheek+right_cheek+full|snr|argmax,0.998344824278033,1.2539975987995684,1.3031328697983862,0.9583573451165122,100.0,0.030189167489737656
motion_s1,motion,pos,4_bölge,snr,viterbi,pos|forehead+left_cheek+right_cheek+full|snr|viterbi+ma,1.0032185115891288,1.2620837464034906,1.3101240891316746,0.9583486731381504,100.0,0.02531548017864793
motion_s1,motion,lgi,alın,mean,argmax,lgi|forehead|mean|argmax,1.0171351757440823,1.2084633707173933,1.3242887279866493,0.9602660745324079,100.0,0.037404055461053076
motion_s1,motion,lgi,alın,mean,viterbi,lgi|forehead|mean|viterbi+ma,1.0171351757440823,1.2084633707173933,1.3242887279866493,0.9602660745324079,100.0,0.037404055461053076
motion_s1,motion,lgi,yanaklar,mean,argmax,lgi|left_cheek+right_cheek|mean|argmax,1.0529906631577577,1.3339870143110422,1.3751192395297138,0.9564809079924602,100.0,0.03670705633378191
motion_s1,motion,lgi,yanaklar,mean,viterbi,lgi|left_cheek+right_cheek|mean|viterbi+ma,1.0529906631577577,1.3339870143110422,1.3751192395297138,0.9564809079924602,100.0,0.03670705633378191
motion_s1,motion,lgi,yanaklar,snr,argmax,lgi|left_cheek+right_cheek|snr|argmax,1.0545192992616483,1.3386688625386296,1.378046804154446,0.956018281940677,100.0,0.02853027598317226
motion_s1,motion,lgi,yanaklar,snr,viterbi,lgi|left_cheek+right_cheek|snr|viterbi+ma,1.0545192992616483,1.3386688625386296,1.378046804154446,0.956018281940677,100.0,0.02853027598317226
motion_s1,motion,lgi,tüm_yüz,mean,argmax,lgi|full|mean|argmax,1.0191228093396099,1.2626533091040444,1.329128632507706,0.959373160526144,100.0,0.020883248807450627
motion_s1,motion,lgi,tüm_yüz,mean,viterbi,lgi|full|mean|viterbi+ma,1.0227237612813256,1.2686841351458928,1.3342941351807742,0.9593747568717352,100.0,0.017282296865730018
motion_s1,motion,lgi,alın+yanaklar,mean,argmax,lgi|forehead+left_cheek+right_cheek|mean|argmax,1.0184126573552517,1.2865388869194656,1.3296424698744418,0.9583547219112827,100.0,0.03847200442760368
motion_s1,motion,lgi,alın+yanaklar,mean,viterbi,lgi|forehead+left_cheek+right_cheek|mean|viterbi+ma,1.0230590566833306,1.2940760214957425,1.3363076485654686,0.9583760997293571,100.0,0.03382560509950849
motion_s1,motion,lgi,alın+yanaklar,snr,argmax,lgi|forehead+left_cheek+right_cheek|snr|argmax,1.0165277263699908,1.2802363043301834,1.328078885259389,0.958880237405244,100.0,0.021384253302016987
motion_s1,motion,lgi,alın+yanaklar,snr,viterbi,lgi|forehead+left_cheek+right_cheek|snr|viterbi+ma,1.0199390396374222,1.2858849403373187,1.3329723545660617,0.958890844962206,100.0,0.017972940034596263
motion_s1,motion,lgi,4_bölge,mean,argmax,lgi|forehead+left_cheek+right_cheek+full|mean|argmax,1.015564249241965,1.2791896273205503,1.3256511255969434,0.9587716194717764,100.0,0.03398632440776339
motion_s1,motion,lgi,4_bölge,mean,viterbi,lgi|forehead+left_cheek+right_cheek+full|mean|viterbi+ma,1.0199792348494197,1.2864135890805997,1.3319843453471627,0.9587875293375944,100.0,0.029571338800309377
motion_s1,motion,lgi,4_bölge,snr,argmax,lgi|forehead+left_cheek+right_cheek+full|snr|argmax,1.0169332190991864,1.2747917956197699,1.3275968937727822,0.9592522374395961,100.0,0.020080067641487176
motion_s1,motion,lgi,4_bölge,snr,viterbi,lgi|forehead+left_cheek+right_cheek+full|snr|viterbi+ma,1.020417887159481,1.2805810649867941,1.3325955892487429,0.9592618516117617,100.0,0.016595399581191828
motion_s2,motion,green,alın,mean,argmax,green|forehead|mean|argmax,51.59256946308606,64.79085272649831,68.92962130396425,-0.011096855562278015,13.725490196078432,48.71584391185523
motion_s2,motion,green,alın,mean,viterbi,green|forehead|mean|viterbi+ma,41.460841253174884,41.73613995388772,54.94022593451735,0.7406204846610333,0.0,41.46084125317489
motion_s2,motion,green,yanaklar,mean,argmax,green|left_cheek+right_cheek|mean|argmax,22.097198860043942,36.452222406931234,29.778761536171434,0.11179804913421064,45.09803921568628,17.158899113569532
motion_s2,motion,green,yanaklar,mean,viterbi,green|left_cheek+right_cheek|mean|viterbi+ma,5.049821502099895,6.265970208085357,6.727102030595056,0.7481463370848538,60.78431372549019,2.0963584669483595
motion_s2,motion,green,yanaklar,snr,argmax,green|left_cheek+right_cheek|snr|argmax,22.094693037672254,36.4469710605473,29.775551971477164,0.11183902577660454,45.09803921568628,17.156520696009295
motion_s2,motion,green,yanaklar,snr,viterbi,green|left_cheek+right_cheek|snr|viterbi+ma,5.0435932896986495,6.256070689703112,6.719154591659902,0.7488359215759259,60.78431372549019,2.1009440535079023
motion_s2,motion,green,tüm_yüz,mean,argmax,green|full|mean|argmax,27.646248069733957,42.557246229312995,36.65069688216933,0.14706950253087048,37.254901960784316,23.97561495524951
motion_s2,motion,green,tüm_yüz,mean,viterbi,green|full|mean|viterbi+ma,5.193829342030196,6.42824516548686,6.935388804749179,0.7340011004670103,56.86274509803921,2.1681810579627694
motion_s2,motion,green,alın+yanaklar,mean,argmax,green|forehead+left_cheek+right_cheek|mean|argmax,25.407293857701152,39.999380643851154,33.020710727205966,0.3281013195427872,37.254901960784316,18.285838220139183
motion_s2,motion,green,alın+yanaklar,mean,viterbi,green|forehead+left_cheek+right_cheek|mean|viterbi+ma,4.982389478788971,6.265386228846927,6.631935105532973,0.743852831413269,58.82352941176471,2.018611390022727
motion_s2,motion,green,alın+yanaklar,snr,argmax,green|forehead+left_cheek+right_cheek|snr|argmax,18.91186741826877,31.683717499551108,24.593286145287266,0.3612442456208195,39.21568627450981,11.992115993200656
motion_s2,motion,green,alın+yanaklar,snr,viterbi,green|forehead+left_cheek+right_cheek|snr|viterbi+ma,4.513890903765558,5.771804607481457,6.024344969516827,0.788834167088703,60.78431372549019,2.5888805765277567
motion_s2,motion,green,4_bölge,mean,argmax,green|forehead+left_cheek+right_cheek+full|mean|argmax,25.183342728734964,39.93231429871416,33.587153590089144,0.1825730064836412,39.21568627450981,19.13464015683371
motion_s2,motion,green,4_bölge,mean,viterbi,green|forehead+left_cheek+right_cheek+full|mean|viterbi+ma,5.043173035381016,6.306730856151905,6.716980742204583,0.7414084099274935,60.78431372549019,2.0354852183613446
motion_s2,motion,green,4_bölge,snr,argmax,green|forehead+left_cheek+right_cheek+full|snr|argmax,21.682994752017063,35.6231053446821,29.008409252979128,0.18008410032141456,39.21568627450981,16.01304557275715
motion_s2,motion,green,4_bölge,snr,viterbi,green|forehead+left_cheek+right_cheek+full|snr|viterbi+ma,4.60578341243795,5.87178058483795,6.1530906197353366,0.7806511721566832,60.78431372549019,2.588455844296746
motion_s2,motion,ica,alın,mean,argmax,ica|forehead|mean|argmax,0.49187675888492777,0.5699658451666737,0.6569754300058931,0.9966496078815285,100.0,0.06204538379910218
motion_s2,motion,ica,alın,mean,viterbi,ica|forehead|mean|viterbi+ma,0.49187675888492777,0.5699658451666737,0.6569754300058931,0.9966496078815285,100.0,0.06204538379910218
motion_s2,motion,ica,yanaklar,mean,argmax,ica|left_cheek+right_cheek|mean|argmax,0.4221807959942394,0.5319992338433158,0.5455645165251152,0.9972067561635671,100.0,0.03652932009089227
motion_s2,motion,ica,yanaklar,mean,viterbi,ica|left_cheek+right_cheek|mean|viterbi+ma,0.4221807959942394,0.5319992338433158,0.5455645165251152,0.9972067561635671,100.0,0.03652932009089227
motion_s2,motion,ica,yanaklar,snr,argmax,ica|left_cheek+right_cheek|snr|argmax,0.43061610475167755,0.5371101070980348,0.5610472655914436,0.9971878878892277,100.0,0.057162998809474175
motion_s2,motion,ica,yanaklar,snr,viterbi,ica|left_cheek+right_cheek|snr|viterbi+ma,0.43061610475167755,0.5371101070980348,0.5610472655914436,0.9971878878892277,100.0,0.057162998809474175
motion_s2,motion,ica,tüm_yüz,mean,argmax,ica|full|mean|argmax,0.38011710768740997,0.4921388939681284,0.48794157425231094,0.9976470953556973,100.0,0.05005577792540805
motion_s2,motion,ica,tüm_yüz,mean,viterbi,ica|full|mean|viterbi+ma,0.38011710768740997,0.4921388939681284,0.48794157425231094,0.9976470953556973,100.0,0.05005577792540805
motion_s2,motion,ica,alın+yanaklar,mean,argmax,ica|forehead+left_cheek+right_cheek|mean|argmax,0.4137902523171113,0.5089749351383371,0.5395544932697525,0.9974290286873931,100.0,0.03921651446616181
motion_s2,motion,ica,alın+yanaklar,mean,viterbi,ica|forehead+left_cheek+right_cheek|mean|viterbi+ma,0.4137902523171113,0.5089749351383371,0.5395544932697525,0.9974290286873931,100.0,0.03921651446616181
motion_s2,motion,ica,alın+yanaklar,snr,argmax,ica|forehead+left_cheek+right_cheek|snr|argmax,0.41061774731733014,0.5136718427024212,0.5369053859297129,0.9974207781890184,100.0,0.05631592801923091
motion_s2,motion,ica,alın+yanaklar,snr,viterbi,ica|forehead+left_cheek+right_cheek|snr|viterbi+ma,0.41061774731733014,0.5136718427024212,0.5369053859297129,0.9974207781890184,100.0,0.05631592801923091
motion_s2,motion,ica,4_bölge,mean,argmax,ica|forehead+left_cheek+right_cheek+full|mean|argmax,0.4569215602486447,0.5734133261670775,0.5930706317250622,0.996715667709091,100.0,0.033691706362318996
motion_s2,motion,ica,4_bölge,mean,viterbi,ica|forehead+left_cheek+right_cheek+full|mean|viterbi+ma,0.4569215602486447,0.5734133261670775,0.5930706317250622,0.996715667709091,100.0,0.033691706362318996
motion_s2,motion,ica,4_bölge,snr,argmax,ica|forehead+left_cheek+right_cheek+full|snr|argmax,0.3873903293765054,0.49029176310986067,0.5017710274817148,0.9976683541237764,100.0,0.05280928040708943
motion_s2,motion,ica,4_bölge,snr,viterbi,ica|forehead+left_cheek+right_cheek+full|snr|viterbi+ma,0.3873903293765054,0.49029176310986067,0.5017710274817148,0.9976683541237764,100.0,0.05280928040708943
motion_s2,motion,chrom,alın,mean,argmax,chrom|forehead|mean|argmax,0.5337395759134157,0.6727338467171605,0.7029244147424321,0.9954125658783912,100.0,0.008389997152974615
motion_s2,motion,chrom,alın,mean,viterbi,chrom|forehead|mean|viterbi+ma,0.5337395759134157,0.6727338467171605,0.7029244147424321,0.9954125658783912,100.0,0.008389997152974615
motion_s2,motion,chrom,yanaklar,mean,argmax,chrom|left_cheek+right_cheek|mean|argmax,0.3912737924135822,0.47921495652593576,0.5091707162362836,0.9977601854856467,100.0,0.01721348772001363
motion_s2,motion,chrom,yanaklar,mean,viterbi,chrom|left_cheek+right_cheek|mean|viterbi+ma,0.3912737924135822,0.47921495652593576,0.5091707162362836,0.9977601854856467,100.0,0.01721348772001363
motion_s2,motion,chrom,yanaklar,snr,argmax,chrom|left_cheek+right_cheek|snr|argmax,0.37984099462099724,0.4694218938256183,0.4952890841837467,0.9978915340449311,100.0,0.02557477389950691
motion_s2,motion,chrom,yanaklar,snr,viterbi,chrom|left_cheek+right_cheek|snr|viterbi+ma,0.37984099462099724,0.4694218938256183,0.4952890841837467,0.9978915340449311,100.0,0.02557477389950691
motion_s2,motion,chrom,tüm_yüz,mean,argmax,chrom|full|mean|argmax,0.4363744074344417,0.5228300496319264,0.5660836628980066,0.9973755675030258,100.0,0.015104766061071473
motion_s2,motion,chrom,tüm_yüz,mean,viterbi,chrom|full|mean|viterbi+ma,0.4363744074344417,0.5228300496319264,0.5660836628980066,0.9973755675030258,100.0,0.015104766061071473
motion_s2,motion,chrom,alın+yanaklar,mean,argmax,chrom|forehead+left_cheek+right_cheek|mean|argmax,0.40975431071475577,0.5344586940424264,0.5271810556190227,0.9970442276458337,100.0,0.0030851284037964888
motion_s2,motion,chrom,alın+yanaklar,mean,viterbi,chrom|forehead+left_cheek+right_cheek|mean|viterbi+ma,0.40975431071475577,0.5344586940424264,0.5271810556190227,0.9970442276458337,100.0,0.0030851284037964888
motion_s2,motion,chrom,alın+yanaklar,snr,argmax,chrom|forehead+left_cheek+right_cheek|snr|argmax,0.38159674403871763,0.47309179709846566,0.49783827154239785,0.9978610329596895,100.0,0.021250189478180914
motion_s2,motion,chrom,alın+yanaklar,snr,viterbi,chrom|forehead+left_cheek+right_cheek|snr|viterbi+ma,0.38159674403871763,0.47309179709846566,0.49783827154239785,0.9978610329596895,100.0,0.021250189478180914
motion_s2,motion,chrom,4_bölge,mean,argmax,chrom|forehead+left_cheek+right_cheek+full|mean|argmax,0.39062535889073774,0.4924696968446516,0.5039718530409403,0.9974957859450906,100.0,0.00127103913399651
motion_s2,motion,chrom,4_bölge,mean,viterbi,chrom|forehead+left_cheek+right_cheek+full|mean|viterbi+ma,0.39062535889073774,0.4924696968446516,0.5039718530409403,0.9974957859450906,100.0,0.00127103913399651
motion_s2,motion,chrom,4_bölge,snr,argmax,chrom|forehead+left_cheek+right_cheek+full|snr|argmax,0.39688284506523974,0.4774075256789989,0.5168585945311357,0.9978214251031123,100.0,0.0119295978719407
motion_s2,motion,chrom,4_bölge,snr,viterbi,chrom|forehead+left_cheek+right_cheek+full|snr|viterbi+ma,0.39688284506523974,0.4774075256789989,0.5168585945311357,0.9978214251031123,100.0,0.0119295978719407
motion_s2,motion,pos,alın,mean,argmax,pos|forehead|mean|argmax,0.5648467674058951,0.6400604751032382,0.7528953844758853,0.9957799139281477,100.0,0.05910966319844135
motion_s2,motion,pos,alın,mean,viterbi,pos|forehead|mean|viterbi+ma,0.5648467674058951,0.6400604751032382,0.7528953844758853,0.9957799139281477,100.0,0.05910966319844135
motion_s2,motion,pos,yanaklar,mean,argmax,pos|left_cheek+right_cheek|mean|argmax,0.3855901168520807,0.46639846627328163,0.5002454923192898,0.9978438397660396,100.0,0.028593584324539734
motion_s2,motion,pos,yanaklar,mean,viterbi,pos|left_cheek+right_cheek|mean|viterbi+ma,0.3855901168520807,0.46639846627328163,0.5002454923192898,0.9978438397660396,100.0,0.028593584324539734
motion_s2,motion,pos,yanaklar,snr,argmax,pos|left_cheek+right_cheek|snr|argmax,0.37359978999035914,0.4447783202728181,0.4876638981455538,0.9980619904348106,100.0,0.013041466370580679
motion_s2,motion,pos,yanaklar,snr,viterbi,pos|left_cheek+right_cheek|snr|viterbi+ma,0.37359978999035914,0.4447783202728181,0.4876638981455538,0.9980619904348106,100.0,0.013041466370580679
motion_s2,motion,pos,tüm_yüz,mean,argmax,pos|full|mean|argmax,0.39303419252929384,0.47981959114537787,0.5067203710278013,0.9977271121980812,100.0,0.03668042336396127
motion_s2,motion,pos,tüm_yüz,mean,viterbi,pos|full|mean|viterbi+ma,0.39303419252929384,0.47981959114537787,0.5067203710278013,0.9977271121980812,100.0,0.03668042336396127
motion_s2,motion,pos,alın+yanaklar,mean,argmax,pos|forehead+left_cheek+right_cheek|mean|argmax,0.4046948047886942,0.4764195764372483,0.5273479321649787,0.997735287838758,100.0,0.028266498224169823
motion_s2,motion,pos,alın+yanaklar,mean,viterbi,pos|forehead+left_cheek+right_cheek|mean|viterbi+ma,0.4046948047886942,0.4764195764372483,0.5273479321649787,0.997735287838758,100.0,0.028266498224169823
motion_s2,motion,pos,alın+yanaklar,snr,argmax,pos|forehead+left_cheek+right_cheek|snr|argmax,0.4005918773585161,0.45909582745514377,0.5252213664880816,0.9979099856673513,100.0,0.02458411611927147
motion_s2,motion,pos,alın+yanaklar,snr,viterbi,pos|forehead+left_cheek+right_cheek|snr|viterbi+ma,0.4005918773585161,0.45909582745514377,0.5252213664880816,0.9979099856673513,100.0,0.02458411611927147
motion_s2,motion,pos,4_bölge,mean,argmax,pos|forehead+left_cheek+right_cheek+full|mean|argmax,0.39917378578577445,0.4712444694387297,0.5184446128912331,0.9977930668445135,100.0,0.02962781780252044
motion_s2,motion,pos,4_bölge,mean,viterbi,pos|forehead+left_cheek+right_cheek+full|mean|viterbi+ma,0.39917378578577445,0.4712444694387297,0.5184446128912331,0.9977930668445135,100.0,0.02962781780252044
motion_s2,motion,pos,4_bölge,snr,argmax,pos|forehead+left_cheek+right_cheek+full|snr|argmax,0.3809180983235795,0.4390275924774085,0.49552956180150415,0.9980932831473711,100.0,0.01939183743115791
motion_s2,motion,pos,4_bölge,snr,viterbi,pos|forehead+left_cheek+right_cheek+full|snr|viterbi+ma,0.3809180983235795,0.4390275924774085,0.49552956180150415,0.9980932831473711,100.0,0.01939183743115791
motion_s2,motion,lgi,alın,mean,argmax,lgi|forehead|mean|argmax,0.48730508260227956,0.5956841204878243,0.6480195627536678,0.996307620808376,100.0,0.04331529297259351
motion_s2,motion,lgi,alın,mean,viterbi,lgi|forehead|mean|viterbi+ma,0.48730508260227956,0.5956841204878243,0.6480195627536678,0.996307620808376,100.0,0.04331529297259351
motion_s2,motion,lgi,yanaklar,mean,argmax,lgi|left_cheek+right_cheek|mean|argmax,0.42830013662208305,0.5319816652962518,0.5553379410174909,0.9972116460155959,100.0,0.03571198599527747
motion_s2,motion,lgi,yanaklar,mean,viterbi,lgi|left_cheek+right_cheek|mean|viterbi+ma,0.42830013662208305,0.5319816652962518,0.5553379410174909,0.9972116460155959,100.0,0.03571198599527747
motion_s2,motion,lgi,yanaklar,snr,argmax,lgi|left_cheek+right_cheek|snr|argmax,0.42456383929599323,0.5243161421708205,0.5532523094317916,0.9973145877836945,100.0,0.03458994098984647
motion_s2,motion,lgi,yanaklar,snr,viterbi,lgi|left_cheek+right_cheek|snr|viterbi+ma,0.42456383929599323,0.5243161421708205,0.5532523094317916,0.9973145877836945,100.0,0.03458994098984647
motion_s2,motion,lgi,tüm_yüz,mean,argmax,lgi|full|mean|argmax,0.3905433009764769,0.4999545540774678,0.502435259885445,0.997582549330642,100.0,0.04962553276816095
motion_s2,motion,lgi,tüm_yüz,mean,viterbi,lgi|full|mean|viterbi+ma,0.3905433009764769,0.4999545540774678,0.502435259885445,0.997582549330642,100.0,0.04962553276816095
motion_s2,motion,lgi,alın+yanaklar,mean,argmax,lgi|forehead+left_cheek+right_cheek|mean|argmax,0.4246652422921757,0.5236369557307202,0.5536224488945121,0.9972651495481258,100.0,0.0345598246932326
motion_s2,motion,lgi,alın+yanaklar,mean,viterbi,lgi|forehead+left_cheek+right_cheek|mean|viterbi+ma,0.4246652422921757,0.5236369557307202,0.5536224488945121,0.9972651495481258,100.0,0.0345598246932326
motion_s2,motion,lgi,alın+yanaklar,snr,argmax,lgi|forehead+left_cheek+right_cheek|snr|argmax,0.4192024596852961,0.5198873720763253,0.5475159883335727,0.9973326781980448,100.0,0.04023433632148965
motion_s2,motion,lgi,alın+yanaklar,snr,viterbi,lgi|forehead+left_cheek+right_cheek|snr|viterbi+ma,0.4192024596852961,0.5198873720763253,0.5475159883335727,0.9973326781980448,100.0,0.04023433632148965
motion_s2,motion,lgi,4_bölge,mean,argmax,lgi|forehead+left_cheek+right_cheek+full|mean|argmax,0.413476049506188,0.5134217812559067,0.5376589327600068,0.9973890627924286,100.0,0.03780338056391486
motion_s2,motion,lgi,4_bölge,mean,viterbi,lgi|forehead+left_cheek+right_cheek+full|mean|viterbi+ma,0.413476049506188,0.5134217812559067,0.5376589327600068,0.9973890627924286,100.0,0.03780338056391486
motion_s2,motion,lgi,4_bölge,snr,argmax,lgi|forehead+left_cheek+right_cheek+full|snr|argmax,0.39544156039659045,0.49819997194753407,0.5124707893537644,0.9975811310806023,100.0,0.044555839474625714
motion_s2,motion,lgi,4_bölge,snr,viterbi,lgi|forehead+left_cheek+right_cheek+full|snr|viterbi+ma,0.39544156039659045,0.49819997194753407,0.5124707893537644,0.9975811310806023,100.0,0.044555839474625714
occlusion_s0,occlusion,green,alın,mean,argmax,green|forehead|mean|argmax,36.01553616488341,43.66597639529217,44.80847795484459,0.02262331743855709,0.0,24.020710162343732
occlusion_s0,occlusion,green,alın,mean,viterbi,green|forehead|mean|viterbi+ma,31.712388919378625,34.150975631512914,37.776664806994475,0.9890590854642735,0.0,31.712388919378625
occlusion_s0,occlusion,green,yanaklar,mean,argmax,green|left_cheek+right_cheek|mean|argmax,0.25193976478673835,0.3172824245516135,0.32423752594198285,0.9993341412045688,100.0,0.05108461630221939
occlusion_s0,occlusion,green,yanaklar,mean,viterbi,green|left_cheek+right_cheek|mean|viterbi+ma,0.25193976478673835,0.3172824245516135,0.32423752594198285,0.9993341412045688,100.0,0.05108461630221939
occlusion_s0,occlusion,green,yanaklar,snr,argmax,green|left_cheek+right_cheek|snr|argmax,0.25298385203823526,0.3180937167364099,0.3252176734996005,0.9993337662944141,100.0,0.05388567362371077
occlusion_s0,occlusion,green,yanaklar,snr,viterbi,green|left_cheek+right_cheek|snr|viterbi+ma,0.25298385203823526,0.3180937167364099,0.3252176734996005,0.9993337662944141,100.0,0.05388567362371077
occlusion_s0,occlusion,green,tüm_yüz,mean,argmax,green|full|mean|argmax,1.868873826188303,6.482448802087045,2.1515815902135924,0.7547174008364231,96.07843137254902,1.2361389854116425
occlusion_s0,occlusion,green,tüm_yüz,mean,viterbi,green|full|mean|viterbi+ma,0.6322505041329484,0.8752826578513657,0.7999408503193667,0.9953269830306744,100.0,0.07221242398425431
occlusion_s0,occlusion,green,alın+yanaklar,mean,argmax,green|forehead+left_cheek+right_cheek|mean|argmax,0.2646462400981241,0.32279873015757043,0.3419114312297003,0.9993059681965846,100.0,0.04608436023153217
occlusion_s0,occlusion,green,alın+yanaklar,mean,viterbi,green|forehead+left_cheek+right_cheek|mean|viterbi+ma,0.2646462400981241,0.32279873015757043,0.3419114312297003,0.9993059681965846,100.0,0.04608436023153217
occlusion_s0,occlusion,green,alın+yanaklar,snr,argmax,green|forehead+left_cheek+right_cheek|snr|argmax,0.2528773666152548,0.31807318324510175,0.3250910488898437,0.9993338266604381,100.0,0.05384532137409792
occlusion_s0,occlusion,green,alın+yanaklar,snr,viterbi,green|forehead+left_cheek+right_cheek|snr|viterbi+ma,0.2528773666152548,0.31807318324510175,0.3250910488898437,0.9993338266604381,100.0,0.05384532137409792
occlusion_s0,occlusion,green,4_bölge,mean,argmax,green|forehead+left_cheek+right_cheek+full|mean|argmax,0.30930705761615046,0.4284195454414719,0.40208507930832493,0.9988071220363214,100.0,0.057585034485342135
occlusion_s0,occlusion,green,4_bölge,mean,viterbi,green|forehead+left_cheek+right_cheek+full|mean|viterbi+ma,0.30930705761615046,0.4284195454414719,0.40208507930832493,0.9988071220363214,100.0,0.057585034485342135
occlusion_s0,occlusion,green,4_bölge,snr,argmax,green|forehead+left_cheek+right_cheek+full|snr|argmax,0.25441761652444533,0.32487378362838665,0.32796820636626434,0.9993043515949382,100.0,0.052164722890751136
occlusion_s0,occlusion,green,4_bölge,snr,viterbi,green|forehead+left_cheek+right_cheek+full|snr|viterbi+ma,0.25441761652444533,0.32487378362838665,0.32796820636626434,0.9993043515949382,100.0,0.052164722890751136
occlusion_s0,occlusion,ica,alın,mean,argmax,ica|forehead|mean|argmax,32.217516779287166,38.81748436808565,39.861646366453996,0.1329066816212045,11.76470588235294,23.32889738100029
occlusion_s0,occlusion,ica,alın,mean,viterbi,ica|forehead|mean|viterbi+ma,15.254585336489535,18.242548504817652,20.055004095329636,-0.06510500554107537,27.450980392156865,14.740416302919073
occlusion_s0,occlusion,ica,yanaklar,mean,argmax,ica|left_cheek+right_cheek|mean|argmax,0.26874118093393395,0.33253818526136075,0.34008157588717675,0.9992605385516222,100.0,0.043978369511592064
occlusion_s0,occlusion,ica,yanaklar,mean,viterbi,ica|left_cheek+right_cheek|mean|viterbi+ma,0.26874118093393395,0.33253818526136075,0.34008157588717675,0.9992605385516222,100.0,0.043978369511592064
occlusion_s0,occlusion,ica,yanaklar,snr,argmax,ica|left_cheek+right_cheek|snr|argmax,0.2641960700183301,0.32647566851343723,0.335801612841121,0.9992879011658619,100.0,0.04369390287611452
occlusion_s0,occlusion,ica,yanaklar,snr,viterbi,ica|left_cheek+right_cheek|snr|viterbi+ma,0.2641960700183301,0.32647566851343723,0.335801612841121,0.9992879011658619,100.0,0.04369390287611452
occlusion_s0,occlusion,ica,tüm_yüz,mean,argmax,ica|full|mean|argmax,22.26912669525752,23.845546828331365,26.542689872780596,-0.11655844967174182,0.0,22.269126695257533
occlusion_s0,occlusion,ica,tüm_yüz,mean,viterbi,ica|full|mean|viterbi+ma,22.26912669525752,23.845546828331365,26.542689872780596,-0.11655844967174182,0.0,22.269126695257533
occlusion_s0,occlusion,ica,alın+yanaklar,mean,argmax,ica|forehead+left_cheek+right_cheek|mean|argmax,31.161934723943325,38.354970147337234,38.92168543400137,0.2007129009222102,7.8431372549019605,18.655247445219302
occlusion_s0,occlusion,ica,alın+yanaklar,mean,viterbi,ica|forehead+left_cheek+right_cheek|mean|viterbi+ma,62.1194422657244,62.82868211919291,78.13839303362379,0.2953301909918313,0.0,62.11944226572437
occlusion_s0,occlusion,ica,alın+yanaklar,snr,argmax,ica|forehead+left_cheek+right_cheek|snr|argmax,0.2641012699285468,0.3263083684508009,0.33566021841344124,0.9992886927019907,100.0,0.043845388348131564
occlusion_s0,occlusion,ica,alın+yanaklar,snr,viterbi,ica|forehead+left_cheek+right_cheek|snr|viterbi+ma,0.2641012699285468,0.3263083684508009,0.33566021841344124,0.9992886927019907,100.0,0.043845388348131564
occlusion_s0,occlusion,ica,4_bölge,mean,argmax,ica|forehead+left_cheek+right_cheek+full|mean|argmax,19.705480295171153,22.23971545818311,23.52652346711653,0.14532222103607317,7.8431372549019605,18.84562176689976
occlusion_s0,occlusion,ica,4_bölge,mean,viterbi,ica|forehead+left_cheek+right_cheek+full|mean|viterbi+ma,22.272181151485537,23.857605015839926,26.54282318370112,-0.10655141946937204,0.0,22.272181151485547
occlusion_s0,occlusion,ica,4_bölge,snr,argmax,ica|forehead+left_cheek+right_cheek+full|snr|argmax,0.26443676387696236,0.32772887204501455,0.3363219393247316,0.9992818672931384,100.0,0.042578245578482665
occlusion_s0,occlusion,ica,4_bölge,snr,viterbi,ica|forehead+left_cheek+right_cheek+full|snr|viterbi+ma,0.26443676387696236,0.32772887204501455,0.3363219393247316,0.9992818672931384,100.0,0.042578245578482665
occlusion_s0,occlusion,chrom,alın,mean,argmax,chrom|forehead|mean|argmax,39.34651218378749,44.907462691307,49.615071758769446,-0.17006887545474333,1.9607843137254901,23.268800510179517
occlusion_s0,occlusion,chrom,alın,mean,viterbi,chrom|forehead|mean|viterbi+ma,40.100267713833404,43.51964757422783,51.91275391669939,-0.666952804165161,0.0,40.100267713833375
occlusion_s0,occlusion,chrom,yanaklar,mean,argmax,chrom|left_cheek+right_cheek|mean|argmax,0.2580507356286425,0.3023742860994028,0.3275736311462953,0.9993905539062949,100.0,0.04402235025251855
occlusion_s0,occlusion,chrom,yanaklar,mean,viterbi,chrom|left_cheek+right_cheek|mean|viterbi+ma,0.2580507356286425,0.3023742860994028,0.3275736311462953,0.9993905539062949,100.0,0.04402235025251855
occlusion_s0,occlusion,chrom,yanaklar,snr,argmax,chrom|left_cheek+right_cheek|snr|argmax,0.29042664700867543,0.3380336017861198,0.3677618495213877,0.9992440101572689,100.0,0.028965036555590018
occlusion_s0,occlusion,chrom,yanaklar,snr,viterbi,chrom|left_cheek+right_cheek|snr|viterbi+ma,0.29042664700867543,0.3380336017861198,0.3677618495213877,0.9992440101572689,100.0,0.028965036555590018
occlusion_s0,occlusion,chrom,tüm_yüz,mean,argmax,chrom|full|mean|argmax,0.38440656541767054,0.491739909267507,0.5009926322694015,0.9983339588263327,100.0,0.02737798319117246
occlusion_s0,occlusion,chrom,tüm_yüz,mean,viterbi,chrom|full|mean|viterbi+ma,0.38440656541767054,0.491739909267507,0.5009926322694015,0.9983339588263327,100.0,0.02737798319117246
occlusion_s0,occlusion,chrom,alın+yanaklar,mean,argmax,chrom|forehead+left_cheek+right_cheek|mean|argmax,0.2445726707894412,0.31357399366809624,0.3203248565266481,0.9993337678985946,100.0,0.044261560746093664
occlusion_s0,occlusion,chrom,alın+yanaklar,mean,viterbi,chrom|forehead+left_cheek+right_cheek|mean|viterbi+ma,0.2445726707894412,0.31357399366809624,0.3203248565266481,0.9993337678985946,100.0,0.044261560746093664
occlusion_s0,occlusion,chrom,alın+yanaklar,snr,argmax,chrom|forehead+left_cheek+right_cheek|snr|argmax,0.29147628158697747,0.33904939973048953,0.3688784842076868,0.9992402611343386,100.0,0.029823057780376416
occlusion_s0,occlusion,chrom,alın+yanaklar,snr,viterbi,chrom|forehead+left_cheek+right_cheek|snr|viterbi+ma,0.29147628158697747,0.33904939973048953,0.3688784842076868,0.9992402611343386,100.0,0.029823057780376416
occlusion_s0,occlusion,chrom,4_bölge,mean,argmax,chrom|forehead+left_cheek+right_cheek+full|mean|argmax,0.2751138788684198,0.3604186166582239,0.36077340633351995,0.9991147965454681,100.0,0.04438597027706237
occlusion_s0,occlusion,chrom,4_bölge,mean,viterbi,chrom|forehead+left_cheek+right_cheek+full|mean|viterbi+ma,0.2751138788684198,0.3604186166582239,0.36077340633351995,0.9991147965454681,100.0,0.04438597027706237
occlusion_s0,occlusion,chrom,4_bölge,snr,argmax,chrom|forehead+left_cheek+right_cheek+full|snr|argmax,0.30514514105869134,0.3829187034080268,0.3939837388012793,0.9989932576470996,100.0,0.02023787824164458
occlusion_s0,occlusion,chrom,4_bölge,snr,viterbi,chrom|forehead+left_cheek+right_cheek+full|snr|viterbi+ma,0.30514514105869134,0.3829187034080268,0.3939837388012793,0.9989932576470996,100.0,0.02023787824164458
occlusion_s0,occlusion,pos,alın,mean,argmax,pos|forehead|mean|argmax,47.79201746429866,57.01591579519579,59.93252162964823,0.09109340021464833,0.0,43.22898221952762
occlusion_s0,occlusion,pos,alın,mean,viterbi,pos|forehead|mean|viterbi+ma,68.24900831403366,68.84856486392763,84.01902149115588,0.9201970162286042,0.0,68.24900831403365
occlusion_s0,occlusion,pos,yanaklar,mean,argmax,pos|left_cheek+right_cheek|mean|argmax,0.23212894345328225,0.27178676840391114,0.2912100391314846,0.9995054476203665,100.0,0.03772819152631257
occlusion_s0,occlusion,pos,yanaklar,mean,viterbi,pos|left_cheek+right_cheek|mean|viterbi+ma,0.23212894345328225,0.27178676840391114,0.2912100391314846,0.9995054476203665,100.0,0.03772819152631257
occlusion_s0,occlusion,pos,yanaklar,snr,argmax,pos|left_cheek+right_cheek|snr|argmax,0.23699762707918257,0.2761847829773468,0.2966016423512879,0.9994906435492623,100.0,0.040971125427290644
occlusion_s0,occlusion,pos,yanaklar,snr,viterbi,pos|left_cheek+right_cheek|snr|viterbi+ma,0.23699762707918257,0.2761847829773468,0.2966016423512879,0.9994906435492623,100.0,0.040971125427290644
occlusion_s0,occlusion,pos,tüm_yüz,mean,argmax,pos|full|mean|argmax,0.2988892884504037,0.35931427925590564,0.37961748984169286,0.9991154703942309,100.0,0.008847295565701074
occlusion_s0,occlusion,pos,tüm_yüz,mean,viterbi,pos|full|mean|viterbi+ma,0.2988892884504037,0.35931427925590564,0.37961748984169286,0.9991154703942309,100.0,0.008847295565701074
occlusion_s0,occlusion,pos,alın+yanaklar,mean,argmax,pos|forehead+left_cheek+right_cheek|mean|argmax,0.2286627153173116,0.275429683900704,0.29616649851300914,0.9994864949846991,100.0,0.03455905800979053
occlusion_s0,occlusion,pos,alın+yanaklar,mean,viterbi,pos|forehead+left_cheek+right_cheek|mean|viterbi+ma,0.2286627153173116,0.275429683900704,0.29616649851300914,0.9994864949846991,100.0,0.03455905800979053
occlusion_s0,occlusion,pos,alın+yanaklar,snr,argmax,pos|forehead+left_cheek+right_cheek|snr|argmax,0.23711285314497788,0.2764051797569363,0.29672893225263614,0.9994898486522898,100.0,0.04108179065420359
occlusion_s0,occlusion,pos,alın+yanaklar,snr,viterbi,pos|forehead+left_cheek+right_cheek|snr|viterbi+ma,0.23711285314497788,0.2764051797569363,0.29672893225263614,0.9994898486522898,100.0,0.04108179065420359
occlusion_s0,occlusion,pos,4_bölge,mean,argmax,pos|forehead+left_cheek+right_cheek+full|mean|argmax,0.23913132783953645,0.28405931723135647,0.30795597870126656,0.9994508834832038,100.0,0.02716314994785307
occlusion_s0,occlusion,pos,4_bölge,mean,viterbi,pos|forehead+left_cheek+right_cheek+full|mean|viterbi+ma,0.23913132783953645,0.28405931723135647,0.30795597870126656,0.9994508834832038,100.0,0.02716314994785307
occlusion_s0,occlusion,pos,4_bölge,snr,argmax,pos|forehead+left_cheek+right_cheek+full|snr|argmax,0.25227159238154473,0.29961500626176574,0.31807952198285755,0.9993864045283525,100.0,0.019317736460251922
occlusion_s0,occlusion,pos,4_bölge,snr,viterbi,pos|forehead+left_cheek+right_cheek+full|snr|viterbi+ma,0.25227159238154473,0.29961500626176574,0.31807952198285755,0.9993864045283525,100.0,0.019317736460251922
occlusion_s0,occlusion,lgi,alın,mean,argmax,lgi|forehead|mean|argmax,46.84119122066213,56.393891170811465,58.61672324927807,0.013469519495566072,3.9215686274509802,37.13499974609418
occlusion_s0,occlusion,lgi,alın,mean,viterbi,lgi|forehead|mean|viterbi+ma,71.41671174367671,71.86883840527237,88.17623133697661,0.8884756594437546,0.0,71.41671174367671
occlusion_s0,occlusion,lgi,yanaklar,mean,argmax,lgi|left_cheek+right_cheek|mean|argmax,0.25999382756774864,0.30038567002668276,0.3293043684496544,0.9994023134505945,100.0,0.04898143249955922
occlusion_s0,occlusion,lgi,yanaklar,mean,viterbi,lgi|left_cheek+right_cheek|mean|viterbi+ma,0.25999382756774864,0.30038567002668276,0.3293043684496544,0.9994023134505945,100.0,0.04898143249955922
occlusion_s0,occlusion,lgi,yanaklar,snr,argmax,lgi|left_cheek+right_cheek|snr|argmax,0.2791008426150428,0.3178264908892539,0.34966211328995755,0.9993249760637252,100.0,0.04665424439876631
occlusion_s0,occlusion,lgi,yanaklar,snr,viterbi,lgi|left_cheek+right_cheek|snr|viterbi+ma,0.2791008426150428,0.3178264908892539,0.34966211328995755,0.9993249760637252,100.0,0.04665424439876631
occlusion_s0,occlusion,lgi,tüm_yüz,mean,argmax,lgi|full|mean|argmax,0.2990720132080458,0.3596873517159191,0.38029885821289483,0.9991142825683414,100.0,0.008080480871257123
occlusion_s0,occlusion,lgi,tüm_yüz,mean,viterbi,lgi|full|mean|viterbi+ma,0.2990720132080458,0.3596873517159191,0.38029885821289483,0.9991142825683414,100.0,0.008080480871257123
occlusion_s0,occlusion,lgi,alın+yanaklar,mean,argmax,lgi|forehead+left_cheek+right_cheek|mean|argmax,0.249523205663617,0.3140111257112903,0.3275392994417088,0.999333740578009,100.0,0.04068219009546681
occlusion_s0,occlusion,lgi,alın+yanaklar,mean,viterbi,lgi|forehead+left_cheek+right_cheek|mean|viterbi+ma,0.249523205663617,0.3140111257112903,0.3275392994417088,0.999333740578009,100.0,0.04068219009546681
occlusion_s0,occlusion,lgi,alın+yanaklar,snr,argmax,lgi|forehead+left_cheek+right_cheek|snr|argmax,0.2793441254118166,0.3182404791575031,0.34991716625850827,0.9993233999151158,100.0,0.04694743409946511
occlusion_s0,occlusion,lgi,alın+yanaklar,snr,viterbi,lgi|forehead+left_cheek+right_cheek|snr|viterbi+ma,0.2793441254118166,0.3182404791575031,0.34991716625850827,0.9993233999151158,100.0,0.04694743409946511
occlusion_s0,occlusion,lgi,4_bölge,mean,argmax,lgi|forehead+left_cheek+right_cheek+full|mean|argmax,0.25047056776182164,0.30608624405638285,0.325800273608915,0.9993633024588051,100.0,0.03023731190373269
occlusion_s0,occlusion,lgi,4_bölge,mean,viterbi,lgi|forehead+left_cheek+right_cheek+full|mean|viterbi+ma,0.25047056776182164,0.30608624405638285,0.325800273608915,0.9993633024588051,100.0,0.03023731190373269
occlusion_s0,occlusion,lgi,4_bölge,snr,argmax,lgi|forehead+left_cheek+right_cheek+full|snr|argmax,0.26515065649591163,0.3170934949185086,0.33593906697172116,0.9993101003495478,100.0,0.015395902085828084
occlusion_s0,occlusion,lgi,4_bölge,snr,viterbi,lgi|forehead+left_cheek+right_cheek+full|snr|viterbi+ma,0.26515065649591163,0.3170934949185086,0.33593906697172116,0.9993101003495478,100.0,0.015395902085828084
occlusion_s1,occlusion,green,alın,mean,argmax,green|forehead|mean|argmax,44.901309726015576,56.166115654831465,58.77620376030717,-0.40880097559655465,0.0,38.99669121075753
occlusion_s1,occlusion,green,alın,mean,viterbi,green|forehead|mean|viterbi+ma,93.3220147255898,93.71757648170814,120.41767660953067,-0.4689838308247003,0.0,93.32201472558981
occlusion_s1,occlusion,green,yanaklar,mean,argmax,green|left_cheek+right_cheek|mean|argmax,0.9997126081966113,1.2195424307334304,1.3018057061822053,0.9622910890114645,100.0,0.012826992849497287
occlusion_s1,occlusion,green,yanaklar,mean,viterbi,green|left_cheek+right_cheek|mean|viterbi+ma,0.9997126081966113,1.2195424307334304,1.3018057061822053,0.9622910890114645,100.0,0.012826992849497287
occlusion_s1,occlusion,green,yanaklar,snr,argmax,green|left_cheek+right_cheek|snr|argmax,0.9987220991800804,1.218677731288928,1.300419099095915,0.9623225361529694,100.0,0.013396020121604124
occlusion_s1,occlusion,green,yanaklar,snr,viterbi,green|left_cheek+right_cheek|snr|viterbi+ma,0.9987220991800804,1.218677731288928,1.300419099095915,0.9623225361529694,100.0,0.013396020121604124
occlusion_s1,occlusion,green,tüm_yüz,mean,argmax,green|full|mean|argmax,0.9577045709394955,1.0901375558182087,1.2202849541371465,0.9604675026648605,100.0,0.062391276541632124
occlusion_s1,occlusion,green,tüm_yüz,mean,viterbi,green|full|mean|viterbi+ma,0.9577045709394955,1.0901375558182087,1.2202849541371465,0.9604675026648605,100.0,0.062391276541632124
occlusion_s1,occlusion,green,alın+yanaklar,mean,argmax,green|forehead+left_cheek+right_cheek|mean|argmax,1.0068411665289307,1.2292499114459385,1.310721921653141,0.9613392147839211,100.0,0.01930479535117513
occlusion_s1,occlusion,green,alın+yanaklar,mean,viterbi,green|forehead+left_cheek+right_cheek|mean|viterbi+ma,1.0068411665289307,1.2292499114459385,1.310721921653141,0.9613392147839211,100.0,0.01930479535117513
occlusion_s1,occlusion,green,alın+yanaklar,snr,argmax,green|forehead+left_cheek+right_cheek|snr|argmax,0.9990452185497412,1.2191154654487335,1.3008427141765424,0.96229122569585,100.0,0.013598512408478314
occlusion_s1,occlusion,green,alın+yanaklar,snr,viterbi,green|forehead+left_cheek+right_cheek|snr|viterbi+ma,0.9990452185497412,1.2191154654487335,1.3008427141765424,0.96229122569585,100.0,0.013598512408478314
occlusion_s1,occlusion,green,4_bölge,mean,argmax,green|forehead+left_cheek+right_cheek+full|mean|argmax,0.9496581958027068,1.1154969662192173,1.2292155788296653,0.9665402403718282,100.0,0.04081491591253439
occlusion_s1,occlusion,green,4_bölge,mean,viterbi,green|forehead+left_cheek+right_cheek+full|mean|viterbi+ma,0.9496581958027068,1.1154969662192173,1.2292155788296653,0.9665402403718282,100.0,0.04081491591253439
occlusion_s1,occlusion,green,4_bölge,snr,argmax,green|forehead+left_cheek+right_cheek+full|snr|argmax,0.9791445891139465,1.1919544906975121,1.2736457624552484,0.9632651097721658,100.0,0.014953560766230112
occlusion_s1,occlusion,green,4_bölge,snr,viterbi,green|forehead+left_cheek+right_cheek+full|snr|viterbi+ma,0.9791445891139465,1.1919544906975121,1.2736457624552484,0.9632651097721658,100.0,0.014953560766230112
occlusion_s1,occlusion,ica,alın,mean,argmax,ica|forehead|mean|argmax,48.217143299843435,56.1560118331095,62.07295469696488,0.06355745681605467,0.0,47.23943318991732
occlusion_s1,occlusion,ica,alın,mean,viterbi,ica|forehead|mean|viterbi+ma,24.641855395522782,26.05911456053777,31.962544682266735,-0.1874122438389113,0.0,24.641855395522796
occlusion_s1,occlusion,ica,yanaklar,mean,argmax,ica|left_cheek+right_cheek|mean|argmax,1.0104754148300825,1.2345745511571586,1.316322037345593,0.9611120486814718,100.0,0.012634531960145523
occlusion_s1,occlusion,ica,yanaklar,mean,viterbi,ica|left_cheek+right_cheek|mean|viterbi+ma,1.0104754148300825,1.2345745511571586,1.316322037345593,0.9611120486814718,100.0,0.012634531960145523
occlusion_s1,occlusion,ica,yanaklar,snr,argmax,ica|left_cheek+right_cheek|snr|argmax,0.9837014067017203,1.2009071451281972,1.2805077376779785,0.9633929381772545,100.0,0.011920674440531798
occlusion_s1,occlusion,ica,yanaklar,snr,viterbi,ica|left_cheek+right_cheek|snr|viterbi+ma,0.9837014067017203,1.2009071451281972,1.2805077376779785,0.9633929381772545,100.0,0.011920674440531798
occlusion_s1,occlusion,ica,tüm_yüz,mean,argmax,ica|full|mean|argmax,18.043235875700713,21.241040053669117,23.32766931828765,0.43410392978201207,19.607843137254903,18.043235875700717
occlusion_s1,occlusion,ica,tüm_yüz,mean,viterbi,ica|full|mean|viterbi+ma,27.867520116350516,28.06867692711015,35.66302423543707,-0.005037656830000374,0.0,27.86752011635052
occlusion_s1,occlusion,ica,alın+yanaklar,mean,argmax,ica|forehead+left_cheek+right_cheek|mean|argmax,0.9774713908256789,1.2029929846565954,1.2723735098715716,0.9636665611874737,100.0,0.016290867109020724
occlusion_s1,occlusion,ica,alın+yanaklar,mean,viterbi,ica|forehead+left_cheek+right_cheek|mean|viterbi+ma,0.9774713908256789,1.2029929846565954,1.2723735098715716,0.9636665611874737,100.0,0.016290867109020724
occlusion_s1,occlusion,ica,alın+yanaklar,snr,argmax,ica|forehead+left_cheek+right_cheek|snr|argmax,0.9840204848770949,1.201246053234591,1.2809204466243607,0.963364434762601,100.0,0.012197958396910735
occlusion_s1,occlusion,ica,alın+yanaklar,snr,viterbi,ica|forehead+left_cheek+right_cheek|snr|viterbi+ma,0.9840204848770949,1.201246053234591,1.2809204466243607,0.963364434762601,100.0,0.012197958396910735
occlusion_s1,occlusion,ica,4_bölge,mean,argmax,ica|forehead+left_cheek+right_cheek+full|mean|argmax,11.262397890261436,15.755551168452051,14.44827305395866,0.16300898604083802,47.05882352941176,9.841361396529365
occlusion_s1,occlusion,ica,4_bölge,mean,viterbi,ica|forehead+left_cheek+right_cheek+full|mean|viterbi+ma,4.13988551335314,4.822626002650684,5.2483510377771605,-0.40956382738463837,66.66666666666666,2.8332223265427388
occlusion_s1,occlusion,ica,4_bölge,snr,argmax,ica|forehead+left_cheek+right_cheek+full|snr|argmax,0.9820085557995893,1.1980959383504897,1.278159560037587,0.9634527403748994,100.0,0.011762355018916537
occlusion_s1,occlusion,ica,4_bölge,snr,viterbi,ica|forehead+left_cheek+right_cheek+full|snr|viterbi+ma,0.9820085557995893,1.1980959383504897,1.278159560037587,0.9634527403748994,100.0,0.011762355018916537
occlusion_s1,occlusion,chrom,alın,mean,argmax,chrom|forehead|mean|argmax,32.660072833020486,38.127044694232076,42.19434220629892,-0.08178750919063364,3.9215686274509802,25.470810165833058
occlusion_s1,occlusion,chrom,alın,mean,viterbi,chrom|forehead|mean|viterbi+ma,35.639075894779936,37.11074350218726,45.60131847769656,0.6415014690450933,0.0,35.63907589477995
occlusion_s1,occlusion,chrom,yanaklar,mean,argmax,chrom|left_cheek+right_cheek|mean|argmax,1.0646483438024277,1.3126816761940772,1.3901628131366541,0.9560865903444985,100.0,0.02093425150970063
occlusion_s1,occlusion,chrom,yanaklar,mean,viterbi,chrom|left_cheek+right_cheek|mean|viterbi+ma,1.0646483438024277,1.3126816761940772,1.3901628131366541,0.9560865903444985,100.0,0.02093425150970063
occlusion_s1,occlusion,chrom,yanaklar,snr,argmax,chrom|left_cheek+right_cheek|snr|argmax,1.0830543464832108,1.3357766168428695,1.4139765616289366,0.9550576374026162,100.0,0.003579111349083064
occlusion_s1,occlusion,chrom,yanaklar,snr,viterbi,chrom|left_cheek+right_cheek|snr|viterbi+ma,1.0830543464832108,1.3357766168428695,1.4139765616289366,0.9550576374026162,100.0,0.003579111349083064
occlusion_s1,occlusion,chrom,tüm_yüz,mean,argmax,chrom|full|mean|argmax,1.0086397938297387,1.2280818497910921,1.3115997988146626,0.9593356180593208,100.0,0.009292650685083004
occlusion_s1,occlusion,chrom,tüm_yüz,mean,viterbi,chrom|full|mean|viterbi+ma,1.0117834067245632,1.2322507574284138,1.3161092566119725,0.9594053684697473,100.0,0.006149037790265766
occlusion_s1,occlusion,chrom,alın+yanaklar,mean,argmax,chrom|forehead+left_cheek+right_cheek|mean|argmax,1.1056730657713134,1.3666818058039987,1.4420997282942711,0.9520653323832386,100.0,0.0095770146542975
occlusion_s1,occlusion,chrom,alın+yanaklar,mean,viterbi,chrom|forehead+left_cheek+right_cheek|mean|viterbi+ma,1.1056730657713134,1.3666818058039987,1.4420997282942711,0.9520653323832386,100.0,0.0095770146542975
occlusion_s1,occlusion,chrom,alın+yanaklar,snr,argmax,chrom|forehead+left_cheek+right_cheek|snr|argmax,1.0835676119500015,1.335784652735746,1.4146424333037844,0.9550920721759527,100.0,0.0030165185630437463
occlusion_s1,occlusion,chrom,alın+yanaklar,snr,viterbi,chrom|forehead+left_cheek+right_cheek|snr|viterbi+ma,1.0835676119500015,1.335784652735746,1.4146424333037844,0.9550920721759527,100.0,0.0030165185630437463
occlusion_s1,occlusion,chrom,4_bölge,mean,argmax,chrom|forehead+left_cheek+right_cheek+full|mean|argmax,1.0560811607597336,1.2992394846667779,1.377411091066532,0.9561402138388486,100.0,0.002667291612439726
occlusion_s1,occlusion,chrom,4_bölge,mean,viterbi,chrom|forehead+left_cheek+right_cheek+full|mean|viterbi+ma,1.0560811607597336,1.2992394846667779,1.377411091066532,0.9561402138388486,100.0,0.002667291612439726
occlusion_s1,occlusion,chrom,4_bölge,snr,argmax,chrom|forehead+left_cheek+right_cheek+full|snr|argmax,1.0324733033494484,1.255393259402105,1.3464177886636213,0.9596567792477932,100.0,0.006496099276404266
occlusion_s1,occlusion,chrom,4_bölge,snr,viterbi,chrom|forehead+left_cheek+right_cheek+full|snr|viterbi+ma,1.0324733033494484,1.255393259402105,1.3464177886636213,0.9596567792477932,100.0,0.006496099276404266
occlusion_s1,occlusion,pos,alın,mean,argmax,pos|forehead|mean|argmax,49.10336975375291,58.72521213554856,63.42144989833947,-0.0042354336273622934,0.0,45.65249250561891
occlusion_s1,occlusion,pos,alın,mean,viterbi,pos|forehead|mean|viterbi+ma,55.856722459818954,61.501315635870945,70.8871515276487,0.7328543752488388,0.0,55.85672245981897
occlusion_s1,occlusion,pos,yanaklar,mean,argmax,pos|left_cheek+right_cheek|mean|argmax,1.0445762925486293,1.2900967009809485,1.3634943810020714,0.9559902233116359,100.0,0.006783523866374708
occlusion_s1,occlusion,pos,yanaklar,mean,viterbi,pos|left_cheek+right_cheek|mean|viterbi+ma,1.0445762925486293,1.2900967009809485,1.3634943810020714,0.9559902233116359,100.0,0.006783523866374708
occlusion_s1,occlusion,pos,yanaklar,snr,argmax,pos|left_cheek+right_cheek|snr|argmax,1.0482990633233749,1.2891323222741904,1.3676566810802933,0.9569231043990755,100.0,0.00953427513897509
occlusion_s1,occlusion,pos,yanaklar,snr,viterbi,pos|left_cheek+right_cheek|snr|viterbi+ma,1.0482990633233749,1.2891323222741904,1.3676566810802933,0.9569231043990755,100.0,0.00953427513897509
occlusion_s1,occlusion,pos,tüm_yüz,mean,argmax,pos|full|mean|argmax,0.9837491069460205,1.2401191040923665,1.2813093836309828,0.9587032515242495,100.0,0.0381118533676954
occlusion_s1,occlusion,pos,tüm_yüz,mean,viterbi,pos|full|mean|viterbi+ma,0.9837491069460205,1.2401191040923665,1.2813093836309828,0.9587032515242495,100.0,0.0381118533676954
occlusion_s1,occlusion,pos,alın+yanaklar,mean,argmax,pos|forehead+left_cheek+right_cheek|mean|argmax,1.0902749483863603,1.3445087751618834,1.422300104613866,0.9527662465379207,100.0,0.004737042703325756
occlusion_s1,occlusion,pos,alın+yanaklar,mean,viterbi,pos|forehead+left_cheek+right_cheek|mean|viterbi+ma,1.0902749483863603,1.3445087751618834,1.422300104613866,0.9527662465379207,100.0,0.004737042703325756
occlusion_s1,occlusion,pos,alın+yanaklar,snr,argmax,pos|forehead+left_cheek+right_cheek|snr|argmax,1.048909680380385,1.2898763412529979,1.3684465090466391,0.9568516888376859,100.0,0.010139005734757234
occlusion_s1,occlusion,pos,alın+yanaklar,snr,viterbi,pos|forehead+left_cheek+right_cheek|snr|viterbi+ma,1.048909680380385,1.2898763412529979,1.3684465090466391,0.9568516888376859,100.0,0.010139005734757234
occlusion_s1,occlusion,pos,4_bölge,mean,argmax,pos|forehead+left_cheek+right_cheek+full|mean|argmax,1.0587536407759228,1.3124628033985895,1.381160259479135,0.9547308421133623,100.0,0.012478543802501463
occlusion_s1,occlusion,pos,4_bölge,mean,viterbi,pos|forehead+left_cheek+right_cheek+full|mean|viterbi+ma,1.0587536407759228,1.3124628033985895,1.381160259479135,0.9547308421133623,100.0,0.012478543802501463
occlusion_s1,occlusion,pos,4_bölge,snr,argmax,pos|forehead+left_cheek+right_cheek+full|snr|argmax,1.004660181720321,1.2516183683573767,1.310004079960784,0.9588896339909594,100.0,0.027057365314675508
occlusion_s1,occlusion,pos,4_bölge,snr,viterbi,pos|forehead+left_cheek+right_cheek+full|snr|viterbi+ma,1.004660181720321,1.2516183683573767,1.310004079960784,0.9588896339909594,100.0,0.027057365314675508
occlusion_s1,occlusion,lgi,alın,mean,argmax,lgi|forehead|mean|argmax,44.258061726567654,53.565660499102194,57.39034532721807,-0.2195676298778376,1.9607843137254901,42.285579847255335
occlusion_s1,occlusion,lgi,alın,mean,viterbi,lgi|forehead|mean|viterbi+ma,23.841210455614476,25.49964888153991,30.958534303579803,-0.23452150367759858,0.0,23.84121045561446
occlusion_s1,occlusion,lgi,yanaklar,mean,argmax,lgi|left_cheek+right_cheek|mean|argmax,1.059399975837407,1.3078718158095326,1.3822573944894812,0.9549090710494827,100.0,0.00659688913223988
occlusion_s1,occlusion,lgi,yanaklar,mean,viterbi,lgi|left_cheek+right_cheek|mean|viterbi+ma,1.059399975837407,1.3078718158095326,1.3822573944894812,0.9549090710494827,100.0,0.00659688913223988
occlusion_s1,occlusion,lgi,yanaklar,snr,argmax,lgi|left_cheek+right_cheek|snr|argmax,1.0650974256652705,1.313482738942179,1.3891529482113303,0.955517728480661,100.0,0.019469006429886804
occlusion_s1,occlusion,lgi,yanaklar,snr,viterbi,lgi|left_cheek+right_cheek|snr|viterbi+ma,1.0650974256652705,1.313482738942179,1.3891529482113303,0.955517728480661,100.0,0.019469006429886804
occlusion_s1,occlusion,lgi,tüm_yüz,mean,argmax,lgi|full|mean|argmax,0.9731105808252246,1.2277820659333691,1.2669406559841376,0.9591625280307335,100.0,0.04005354166950781
occlusion_s1,occlusion,lgi,tüm_yüz,mean,viterbi,lgi|full|mean|viterbi+ma,0.9760755736096429,1.2317263956296565,1.2711938863525063,0.9592203940611288,100.0,0.0370885488850945
occlusion_s1,occlusion,lgi,alın+yanaklar,mean,argmax,lgi|forehead+left_cheek+right_cheek|mean|argmax,1.1155230041931679,1.375887271972437,1.4545282024999793,0.9504567219497673,100.0,0.0019473042900983728
occlusion_s1,occlusion,lgi,alın+yanaklar,mean,viterbi,lgi|forehead+left_cheek+right_cheek|mean|viterbi+ma,1.1155230041931679,1.375887271972437,1.4545282024999793,0.9504567219497673,100.0,0.0019473042900983728
occlusion_s1,occlusion,lgi,alın+yanaklar,snr,argmax,lgi|forehead+left_cheek+right_cheek|snr|argmax,1.065403087623044,1.3138756129091518,1.3895408230699529,0.9555006602849353,100.0,0.01976420281557978
occlusion_s1,occlusion,lgi,alın+yanaklar,snr,viterbi,lgi|forehead+left_cheek+right_cheek|snr|viterbi+ma,1.065403087623044,1.3138756129091518,1.3895408230699529,0.9555006602849353,100.0,0.01976420281557978
occlusion_s1,occlusion,lgi,4_bölge,mean,argmax,lgi|forehead+left_cheek+right_cheek+full|mean|argmax,1.0685785819496474,1.325562689580682,1.39349718302175,0.9537811008671634,100.0,0.01166557683809799
occlusion_s1,occlusion,lgi,4_bölge,mean,viterbi,lgi|forehead+left_cheek+right_cheek+full|mean|viterbi+ma,1.0685785819496474,1.325562689580682,1.39349718302175,0.9537811008671634,100.0,0.01166557683809799
occlusion_s1,occlusion,lgi,4_bölge,snr,argmax,lgi|forehead+left_cheek+right_cheek+full|snr|argmax,0.9994702539675219,1.2470785187427211,1.302431407461089,0.9590340651408876,100.0,0.03505984214108082
occlusion_s1,occlusion,lgi,4_bölge,snr,viterbi,lgi|forehead+left_cheek+right_cheek+full|snr|viterbi+ma,0.9994702539675219,1.2470785187427211,1.302431407461089,0.9590340651408876,100.0,0.03505984214108082
occlusion_s2,occlusion,green,alın,mean,argmax,green|forehead|mean|argmax,48.18348513605014,59.13750271197603,64.41679490422172,-0.09789935547269273,5.88235294117647,46.34475101896213
occlusion_s2,occlusion,green,alın,mean,viterbi,green|forehead|mean|viterbi+ma,74.77671503615917,75.13146966735692,99.30329152644106,0.27650658284659335,0.0,74.77671503615919
occlusion_s2,occlusion,green,yanaklar,mean,argmax,green|left_cheek+right_cheek|mean|argmax,0.3968665683700262,0.49804897870355075,0.5158304820551353,0.9974891882557765,100.0,0.05113503534474262
occlusion_s2,occlusion,green,yanaklar,mean,viterbi,green|left_cheek+right_cheek|mean|viterbi+ma,0.3968665683700262,0.49804897870355075,0.5158304820551353,0.9974891882557765,100.0,0.05113503534474262
occlusion_s2,occlusion,green,yanaklar,snr,argmax,green|left_cheek+right_cheek|snr|argmax,0.3873336114723287,0.4837101193234631,0.5036990577769805,0.9976284630623865,100.0,0.04557983984244629
occlusion_s2,occlusion,green,yanaklar,snr,viterbi,green|left_cheek+right_cheek|snr|viterbi+ma,0.3873336114723287,0.4837101193234631,0.5036990577769805,0.9976284630623865,100.0,0.04557983984244629
occlusion_s2,occlusion,green,tüm_yüz,mean,argmax,green|full|mean|argmax,0.9453896898197912,1.216695049816741,1.2727179284331145,0.9838712823562438,100.0,0.004184924745445073
occlusion_s2,occlusion,green,tüm_yüz,mean,viterbi,green|full|mean|viterbi+ma,0.939689936168636,1.201413873876749,1.2653248836507374,0.9842706037508102,100.0,0.0015148289057123066
occlusion_s2,occlusion,green,alın+yanaklar,mean,argmax,green|forehead+left_cheek+right_cheek|mean|argmax,0.3932850186011739,0.49372589179702214,0.5109362972947378,0.9975686753042721,100.0,0.05774209928394214
occlusion_s2,occlusion,green,alın+yanaklar,mean,viterbi,green|forehead+left_cheek+right_cheek|mean|viterbi+ma,0.3932850186011739,0.49372589179702214,0.5109362972947378,0.9975686753042721,100.0,0.05774209928394214
occlusion_s2,occlusion,green,alın+yanaklar,snr,argmax,green|forehead+left_cheek+right_cheek|snr|argmax,0.38729508112765765,0.4837329390522235,0.5036483297799264,0.9976284884773814,100.0,0.04571566288885265
occlusion_s2,occlusion,green,alın+yanaklar,snr,viterbi,green|forehead+left_cheek+right_cheek|snr|viterbi+ma,0.38729508112765765,0.4837329390522235,0.5036483297799264,0.9976284884773814,100.0,0.04571566288885265
occlusion_s2,occlusion,green,4_bölge,mean,argmax,green|forehead+left_cheek+right_cheek+full|mean|argmax,0.48881637261213695,0.5965983731995594,0.6443970239887422,0.996256073080355,100.0,0.05519850406868443
occlusion_s2,occlusion,green,4_bölge,mean,viterbi,green|forehead+left_cheek+right_cheek+full|mean|viterbi+ma,0.48881637261213695,0.5965983731995594,0.6443970239887422,0.996256073080355,100.0,0.05519850406868443
occlusion_s2,occlusion,green,4_bölge,snr,argmax,green|forehead+left_cheek+right_cheek+full|snr|argmax,0.39586913236735577,0.4887726528247595,0.5158316921291117,0.9975648802597803,100.0,0.043590603807857065
occlusion_s2,occlusion,green,4_bölge,snr,viterbi,green|forehead+left_cheek+right_cheek+full|snr|viterbi+ma,0.39586913236735577,0.4887726528247595,0.5158316921291117,0.9975648802597803,100.0,0.043590603807857065
occlusion_s2,occlusion,ica,alın,mean,argmax,ica|forehead|mean|argmax,28.86089969506591,38.35665493099466,38.79828854968305,-0.029653793327599362,7.8431372549019605,22.694706940023195
occlusion_s2,occlusion,ica,alın,mean,viterbi,ica|forehead|mean|viterbi+ma,9.0918421961657,10.907860127846359,12.35558378208669,-0.11679727559280856,27.450980392156865,2.2022073950236916
occlusion_s2,occlusion,ica,yanaklar,mean,argmax,ica|left_cheek+right_cheek|mean|argmax,0.4012568439440275,0.5042658998964489,0.5216061818186339,0.9974429989083011,100.0,0.049961624567743
occlusion_s2,occlusion,ica,yanaklar,mean,viterbi,ica|left_cheek+right_cheek|mean|viterbi+ma,0.4012568439440275,0.5042658998964489,0.5216061818186339,0.9974429989083011,100.0,0.049961624567743
occlusion_s2,occlusion,ica,yanaklar,snr,argmax,ica|left_cheek+right_cheek|snr|argmax,0.39078527063398427,0.496037228110077,0.5071679461415629,0.9975038275017387,100.0,0.04564666731158695
occlusion_s2,occlusion,ica,yanaklar,snr,viterbi,ica|left_cheek+right_cheek|snr|viterbi+ma,0.39078527063398427,0.496037228110077,0.5071679461415629,0.9975038275017387,100.0,0.04564666731158695
occlusion_s2,occlusion,ica,tüm_yüz,mean,argmax,ica|full|mean|argmax,9.69718287781669,10.930303685569092,12.222874247062737,-0.13420182499527436,23.52941176470588,8.534412856448313
occlusion_s2,occlusion,ica,tüm_yüz,mean,viterbi,ica|full|mean|viterbi+ma,9.69718287781669,10.930303685569092,12.222874247062737,-0.13420182499527436,23.52941176470588,8.534412856448313
occlusion_s2,occlusion,ica,alın+yanaklar,mean,argmax,ica|forehead+left_cheek+right_cheek|mean|argmax,0.3918973875436514,0.49444497341434396,0.5069468552705183,0.9975921709552071,100.0,0.056999527487320734
occlusion_s2,occlusion,ica,alın+yanaklar,mean,viterbi,ica|forehead+left_cheek+right_cheek|mean|viterbi+ma,0.3918973875436514,0.49444497341434396,0.5069468552705183,0.9975921709552071,100.0,0.056999527487320734
occlusion_s2,occlusion,ica,alın+yanaklar,snr,argmax,ica|forehead+left_cheek+right_cheek|snr|argmax,0.39108234718585555,0.49645979229335924,0.507550430501636,0.9974998303973658,100.0,0.04585875913490156
occlusion_s2,occlusion,ica,alın+yanaklar,snr,viterbi,ica|forehead+left_cheek+right_cheek|snr|viterbi+ma,0.39108234718585555,0.49645979229335924,0.507550430501636,0.9974998303973658,100.0,0.04585875913490156
occlusion_s2,occlusion,ica,4_bölge,mean,argmax,ica|forehead+left_cheek+right_cheek+full|mean|argmax,17.277226166639807,22.663458791905285,22.115704194527588,0.043520424351264464,21.568627450980394,4.857455776961274
occlusion_s2,occlusion,ica,4_bölge,mean,viterbi,ica|forehead+left_cheek+right_cheek+full|mean|viterbi+ma,9.749216837011984,10.974818701106264,12.296980989321394,-0.2099750259375678,23.52941176470588,8.494845398476272
occlusion_s2,occlusion,ica,4_bölge,snr,argmax,ica|forehead+left_cheek+right_cheek+full|snr|argmax,0.3919710270838277,0.49697926813736326,0.5087995231495135,0.9974920997776903,100.0,0.04578597644979254
occlusion_s2,occlusion,ica,4_bölge,snr,viterbi,ica|forehead+left_cheek+right_cheek+full|snr|viterbi+ma,0.3919710270838277,0.49697926813736326,0.5087995231495135,0.9974920997776903,100.0,0.04578597644979254
occlusion_s2,occlusion,chrom,alın,mean,argmax,chrom|forehead|mean|argmax,51.89290819264005,58.748445597192095,70.31739021402007,-0.4262750526419549,0.0,47.11990188565059
occlusion_s2,occlusion,chrom,alın,mean,viterbi,chrom|forehead|mean|viterbi+ma,73.62365777618268,74.29223576521954,97.6271815528942,0.3084910153747658,0.0,73.62365777618267
occlusion_s2,occlusion,chrom,yanaklar,mean,argmax,chrom|left_cheek+right_cheek|mean|argmax,0.38788099217480765,0.4959029409007006,0.5130665972656924,0.997575659347224,100.0,0.03220665009604318
occlusion_s2,occlusion,chrom,yanaklar,mean,viterbi,chrom|left_cheek+right_cheek|mean|viterbi+ma,0.38788099217480765,0.4959029409007006,0.5130665972656924,0.997575659347224,100.0,0.03220665009604318
occlusion_s2,occlusion,chrom,yanaklar,snr,argmax,chrom|left_cheek+right_cheek|snr|argmax,0.3923871957247289,0.4885001142691815,0.5209203604349854,0.9976751407984551,100.0,0.02857359622065303
occlusion_s2,occlusion,chrom,yanaklar,snr,viterbi,chrom|left_cheek+right_cheek|snr|viterbi+ma,0.3923871957247289,0.4885001142691815,0.5209203604349854,0.9976751407984551,100.0,0.02857359622065303
occlusion_s2,occlusion,chrom,tüm_yüz,mean,argmax,chrom|full|mean|argmax,0.4837755288674642,0.6087222290834757,0.6324407109011801,0.9962745212008411,100.0,0.04157846047010594
occlusion_s2,occlusion,chrom,tüm_yüz,mean,viterbi,chrom|full|mean|viterbi+ma,0.4837755288674642,0.6087222290834757,0.6324407109011801,0.9962745212008411,100.0,0.04157846047010594
occlusion_s2,occlusion,chrom,alın+yanaklar,mean,argmax,chrom|forehead+left_cheek+right_cheek|mean|argmax,0.4405756599353279,0.5510541727696546,0.5809990187627038,0.996951533768441,100.0,0.04852658716887959
occlusion_s2,occlusion,chrom,alın+yanaklar,mean,viterbi,chrom|forehead+left_cheek+right_cheek|mean|viterbi+ma,0.4405756599353279,0.5510541727696546,0.5809990187627038,0.996951533768441,100.0,0.04852658716887959
occlusion_s2,occlusion,chrom,alın+yanaklar,snr,argmax,chrom|forehead+left_cheek+right_cheek|snr|argmax,0.3927376416627847,0.4885964670046794,0.5213521533888223,0.9976722227580926,100.0,0.02792947149829672
occlusion_s2,occlusion,chrom,alın+yanaklar,snr,viterbi,chrom|forehead+left_cheek+right_cheek|snr|viterbi+ma,0.3927376416627847,0.4885964670046794,0.5213521533888223,0.9976722227580926,100.0,0.02792947149829672
occlusion_s2,occlusion,chrom,4_bölge,mean,argmax,chrom|forehead+left_cheek+right_cheek+full|mean|argmax,0.4200329838911816,0.5377996425069198,0.5503307810833101,0.9971199574841603,100.0,0.044045084493987474
occlusion_s2,occlusion,chrom,4_bölge,mean,viterbi,chrom|forehead+left_cheek+right_cheek+full|mean|viterbi+ma,0.4200329838911816,0.5377996425069198,0.5503307810833101,0.9971199574841603,100.0,0.044045084493987474
occlusion_s2,occlusion,chrom,4_bölge,snr,argmax,chrom|forehead+left_cheek+right_cheek+full|snr|argmax,0.3923765953969568,0.5001537698483624,0.5133610836318191,0.9975668752845502,100.0,0.03308344677454045
occlusion_s2,occlusion,chrom,4_bölge,snr,viterbi,chrom|forehead+left_cheek+right_cheek+full|snr|viterbi+ma,0.3923765953969568,0.5001537698483624,0.5133610836318191,0.9975668752845502,100.0,0.03308344677454045
occlusion_s2,occlusion,pos,alın,mean,argmax,pos|forehead|mean|argmax,51.76362124269357,59.255334852816326,69.36411893791752,-0.12414853642951529,1.9607843137254901,49.37404866856963
occlusion_s2,occlusion,pos,alın,mean,viterbi,pos|forehead|mean|viterbi+ma,72.63358674917863,73.35831703321713,96.50806974065794,0.15423807095372538,0.0,72.63358674917863
occlusion_s2,occlusion,pos,yanaklar,mean,argmax,pos|left_cheek+right_cheek|mean|argmax,0.38957553594921296,0.5037126220833161,0.5139741016879712,0.9974948623875444,100.0,0.05538119099054484
occlusion_s2,occlusion,pos,yanaklar,mean,viterbi,pos|left_cheek+right_cheek|mean|viterbi+ma,0.38957553594921296,0.5037126220833161,0.5139741016879712,0.9974948623875444,100.0,0.05538119099054484
occlusion_s2,occlusion,pos,yanaklar,snr,argmax,pos|left_cheek+right_cheek|snr|argmax,0.3819950677797865,0.48551308190655257,0.5046896270908832,0.9976321867724056,100.0,0.03275812461663463
occlusion_s2,occlusion,pos,yanaklar,snr,viterbi,pos|left_cheek+right_cheek|snr|viterbi+ma,0.3819950677797865,0.48551308190655257,0.5046896270908832,0.9976321867724056,100.0,0.03275812461663463
occlusion_s2,occlusion,pos,tüm_yüz,mean,argmax,pos|full|mean|argmax,0.4190299458485285,0.5517131188205335,0.5436978264232096,0.9970336030847258,100.0,0.04295288231003269
occlusion_s2,occlusion,pos,tüm_yüz,mean,viterbi,pos|full|mean|viterbi+ma,0.4190299458485285,0.5517131188205335,0.5436978264232096,0.9970336030847258,100.0,0.04295288231003269
occlusion_s2,occlusion,pos,alın+yanaklar,mean,argmax,pos|forehead+left_cheek+right_cheek|mean|argmax,0.4164924266292989,0.5272162466390885,0.5501530661138443,0.9972081244003189,100.0,0.06829864547039222
occlusion_s2,occlusion,pos,alın+yanaklar,mean,viterbi,pos|forehead+left_cheek+right_cheek|mean|viterbi+ma,0.4164924266292989,0.5272162466390885,0.5501530661138443,0.9972081244003189,100.0,0.06829864547039222
occlusion_s2,occlusion,pos,alın+yanaklar,snr,argmax,pos|forehead+left_cheek+right_cheek|snr|argmax,0.3822741692915243,0.4857730158491353,0.505044683257529,0.9976283902347466,100.0,0.03190807082501124
occlusion_s2,occlusion,pos,alın+yanaklar,snr,viterbi,pos|forehead+left_cheek+right_cheek|snr|viterbi+ma,0.3822741692915243,0.4857730158491353,0.505044683257529,0.9976283902347466,100.0,0.03190807082501124
occlusion_s2,occlusion,pos,4_bölge,mean,argmax,pos|forehead+left_cheek+right_cheek+full|mean|argmax,0.3993408297398763,0.5211095830872599,0.5259664435088464,0.997290760992106,100.0,0.06301426421056533
occlusion_s2,occlusion,pos,4_bölge,mean,viterbi,pos|forehead+left_cheek+right_cheek+full|mean|viterbi+ma,0.3993408297398763,0.5211095830872599,0.5259664435088464,0.997290760992106,100.0,0.06301426421056533
occlusion_s2,occlusion,pos,4_bölge,snr,argmax,pos|forehead+left_cheek+right_cheek+full|snr|argmax,0.38273248999045695,0.5048673289578272,0.5002040872658275,0.9974782482122397,100.0,0.034447784842029705
occlusion_s2,occlusion,pos,4_bölge,snr,viterbi,pos|forehead+left_cheek+right_cheek+full|snr|viterbi+ma,0.38273248999045695,0.5048673289578272,0.5002040872658275,0.9974782482122397,100.0,0.034447784842029705
occlusion_s2,occlusion,lgi,alın,mean,argmax,lgi|forehead|mean|argmax,50.76163132877172,60.21416942707919,68.87221373963487,-0.41182468090019236,5.88235294117647,45.05346607855337
occlusion_s2,occlusion,lgi,alın,mean,viterbi,lgi|forehead|mean|viterbi+ma,73.73998637486577,74.4299121806678,97.7937206343934,0.29371768315185515,0.0,73.73998637486575
occlusion_s2,occlusion,lgi,yanaklar,mean,argmax,lgi|left_cheek+right_cheek|mean|argmax,0.38107709166965137,0.4996180850982615,0.5042103532959029,0.9975370344149432,100.0,0.0554606257675232
occlusion_s2,occlusion,lgi,yanaklar,mean,viterbi,lgi|left_cheek+right_cheek|mean|viterbi+ma,0.38107709166965137,0.4996180850982615,0.5042103532959029,0.9975370344149432,100.0,0.0554606257675232
occlusion_s2,occlusion,lgi,yanaklar,snr,argmax,lgi|left_cheek+right_cheek|snr|argmax,0.3777827988929509,0.487281534561683,0.5016358877674585,0.9976387474215752,100.0,0.03268691174923788
occlusion_s2,occlusion,lgi,yanaklar,snr,viterbi,lgi|left_cheek+right_cheek|snr|viterbi+ma,0.3777827988929509,0.487281534561683,0.5016358877674585,0.9976387474215752,100.0,0.03268691174923788
occlusion_s2,occlusion,lgi,tüm_yüz,mean,argmax,lgi|full|mean|argmax,0.4271380459375696,0.5636893290355363,0.5531803323291425,0.9969033509110742,100.0,0.04172747319256587
occlusion_s2,occlusion,lgi,tüm_yüz,mean,viterbi,lgi|full|mean|viterbi+ma,0.4271380459375696,0.5636893290355363,0.5531803323291425,0.9969033509110742,100.0,0.04172747319256587
occlusion_s2,occlusion,lgi,alın+yanaklar,mean,argmax,lgi|forehead+left_cheek+right_cheek|mean|argmax,0.43657888753583524,0.5499546673493882,0.576478971576909,0.9969253359157555,100.0,0.0677020201266032
occlusion_s2,occlusion,lgi,alın+yanaklar,mean,viterbi,lgi|forehead+left_cheek+right_cheek|mean|viterbi+ma,0.43657888753583524,0.5499546673493882,0.576478971576909,0.9969253359157555,100.0,0.0677020201266032
occlusion_s2,occlusion,lgi,alın+yanaklar,snr,argmax,lgi|forehead+left_cheek+right_cheek|snr|argmax,0.37809196911359166,0.4872717875679177,0.5020250543323554,0.9976364895717992,100.0,0.031522293100806564
occlusion_s2,occlusion,lgi,alın+yanaklar,snr,viterbi,lgi|forehead+left_cheek+right_cheek|snr|viterbi+ma,0.37809196911359166,0.4872717875679177,0.5020250543323554,0.9976364895717992,100.0,0.031522293100806564
occlusion_s2,occlusion,lgi,4_bölge,mean,argmax,lgi|forehead+left_cheek+right_cheek+full|mean|argmax,0.4129973265562226,0.5334285160197347,0.5434859965771822,0.997135240955896,100.0,0.06173153424542477
occlusion_s2,occlusion,lgi,4_bölge,mean,viterbi,lgi|forehead+left_cheek+right_cheek+full|mean|viterbi+ma,0.4129973265562226,0.5334285160197347,0.5434859965771822,0.997135240955896,100.0,0.06173153424542477
occlusion_s2,occlusion,lgi,4_bölge,snr,argmax,lgi|forehead+left_cheek+right_cheek+full|snr|argmax,0.39174379972385076,0.5177941019968217,0.5115787180808239,0.9973629683912281,100.0,0.035210200261801106
occlusion_s2,occlusion,lgi,4_bölge,snr,viterbi,lgi|forehead+left_cheek+right_cheek+full|snr|viterbi+ma,0.39174379972385076,0.5177941019968217,0.5115787180808239,0.9973629683912281,100.0,0.035210200261801106
local_flicker_s0,local_flicker,green,alın,mean,argmax,green|forehead|mean|argmax,20.33228806342925,24.107292608988885,23.934011144815827,-0.23530471868522743,19.607843137254903,13.774397202740289
local_flicker_s0,local_flicker,green,alın,mean,viterbi,green|forehead|mean|viterbi+ma,22.203651894088008,23.783869639151202,26.463144947807294,0.0013274179501125353,0.0,22.20365189408802
local_flicker_s0,local_flicker,green,yanaklar,mean,argmax,green|left_cheek+right_cheek|mean|argmax,24.42129409520283,26.34397222337149,30.679627581391888,0.005052581783968093,0.0,19.27157297552924
local_flicker_s0,local_flicker,green,yanaklar,mean,viterbi,green|left_cheek+right_cheek|mean|viterbi+ma,21.450274200791828,23.788585755579444,27.313756310628985,0.13741538544165174,11.76470588235294,20.11839866313285
local_flicker_s0,local_flicker,green,yanaklar,snr,argmax,green|left_cheek+right_cheek|snr|argmax,22.442527258285192,25.337650832075578,28.499497771197753,-0.10400656479959007,7.8431372549019605,18.088639186493936
local_flicker_s0,local_flicker,green,yanaklar,snr,viterbi,green|left_cheek+right_cheek|snr|viterbi+ma,21.251751047201232,23.748163600106306,27.096230439302797,0.1386934953910041,15.686274509803921,20.11766602942258
local_flicker_s0,local_flicker,green,tüm_yüz,mean,argmax,green|full|mean|argmax,23.94442748232174,26.08025990682908,30.156100042314883,-0.03768380868270595,1.9607843137254901,18.687286236866356
local_flicker_s0,local_flicker,green,tüm_yüz,mean,viterbi,green|full|mean|viterbi+ma,21.46353021533304,23.84363269637023,27.33394268669742,0.13782127579587827,11.76470588235294,20.16896544251196
local_flicker_s0,local_flicker,green,alın+yanaklar,mean,argmax,green|forehead+left_cheek+right_cheek|mean|argmax,23.348681351327684,25.803578864335144,29.422627662347583,-0.06291389551187332,5.88235294117647,17.32086800784576
local_flicker_s0,local_flicker,green,alın+yanaklar,mean,viterbi,green|forehead+left_cheek+right_cheek|mean|viterbi+ma,21.432446142306752,23.785758169824643,27.293600973812726,0.1414752133786128,11.76470588235294,20.146135238897926
local_flicker_s0,local_flicker,green,alın+yanaklar,snr,argmax,green|forehead+left_cheek+right_cheek|snr|argmax,18.96267203330007,21.87823955572101,23.312851176909433,0.056842103813108585,15.686274509803921,2.446770923197974
local_flicker_s0,local_flicker,green,alın+yanaklar,snr,viterbi,green|forehead+left_cheek+right_cheek|snr|viterbi+ma,23.602943430180915,26.44225406057801,30.56970899152226,-0.22757264125894686,15.686274509803921,22.629187481418782
local_flicker_s0,local_flicker,green,4_bölge,mean,argmax,green|forehead+left_cheek+right_cheek+full|mean|argmax,23.047987491591687,25.601705869352692,29.095391609829036,-0.04247248088124855,5.88235294117647,17.610979376790368
local_flicker_s0,local_flicker,green,4_bölge,mean,viterbi,green|forehead+left_cheek+right_cheek+full|mean|viterbi+ma,21.429220535097404,23.78662458007506,27.2903815640886,0.14059095511131547,11.76470588235294,20.141317450814654
local_flicker_s0,local_flicker,green,4_bölge,snr,argmax,green|forehead+left_cheek+right_cheek+full|snr|argmax,19.574535485056778,22.10177729712402,24.163332768137487,0.11346302124719243,9.803921568627452,7.061744951769327
local_flicker_s0,local_flicker,green,4_bölge,snr,viterbi,green|forehead+left_cheek+right_cheek+full|snr|viterbi+ma,23.55665816178828,26.361710082577776,30.50263372544311,-0.22647116360856417,15.686274509803921,22.52140842352388
local_flicker_s0,local_flicker,ica,alın,mean,argmax,ica|forehead|mean|argmax,20.255683319098264,22.078136039034757,24.219413148050815,0.24404816695647927,0.0,20.25568331909828
local_flicker_s0,local_flicker,ica,alın,mean,viterbi,ica|forehead|mean|viterbi+ma,22.27890165025453,23.838656074379152,26.56055723369982,0.13486536615402822,0.0,22.278901650254554
local_flicker_s0,local_flicker,ica,yanaklar,mean,argmax,ica|left_cheek+right_cheek|mean|argmax,0.34028924035455455,0.46187362529071085,0.4419092272605357,0.9985778280964469,100.0,0.06691202543638042
local_flicker_s0,local_flicker,ica,yanaklar,mean,viterbi,ica|left_cheek+right_cheek|mean|viterbi+ma,0.34028924035455455,0.46187362529071085,0.4419092272605357,0.9985778280964469,100.0,0.06691202543638042
local_flicker_s0,local_flicker,ica,yanaklar,snr,argmax,ica|left_cheek+right_cheek|snr|argmax,0.36187184469587774,0.4683065664372321,0.4650144758562182,0.9985123888996267,100.0,0.06473233305857207
local_flicker_s0,local_flicker,ica,yanaklar,snr,viterbi,ica|left_cheek+right_cheek|snr|viterbi+ma,0.36187184469587774,0.4683065664372321,0.4650144758562182,0.9985123888996267,100.0,0.06473233305857207
local_flicker_s0,local_flicker,ica,tüm_yüz,mean,argmax,ica|full|mean|argmax,22.01423336616048,23.556811231494944,26.27574916417585,0.14627862297139715,0.0,21.390259390622667
local_flicker_s0,local_flicker,ica,tüm_yüz,mean,viterbi,ica|full|mean|viterbi+ma,22.2884119851928,23.821887446995525,26.583087190555144,0.23062127044358,0.0,22.288411985192823
local_flicker_s0,local_flicker,ica,alın+yanaklar,mean,argmax,ica|forehead+left_cheek+right_cheek|mean|argmax,14.804387401237994,16.111731262122237,17.97872117629155,0.3975576472847073,1.9607843137254901,13.537317728709908
local_flicker_s0,local_flicker,ica,alın+yanaklar,mean,viterbi,ica|forehead+left_cheek+right_cheek|mean|viterbi+ma,9.42759619093184,11.34440340781855,11.05180060448801,-0.09155385656037353,33.33333333333333,7.467123029456559
local_flicker_s0,local_flicker,ica,alın+yanaklar,snr,argmax,ica|forehead+left_cheek+right_cheek|snr|argmax,0.3633221433715509,0.47136608611678993,0.4670125639235694,0.9984910765936069,100.0,0.06302351845846488
local_flicker_s0,local_flicker,ica,alın+yanaklar,snr,viterbi,ica|forehead+left_cheek+right_cheek|snr|viterbi+ma,0.3633221433715509,0.47136608611678993,0.4670125639235694,0.9984910765936069,100.0,0.06302351845846488
local_flicker_s0,local_flicker,ica,4_bölge,mean,argmax,ica|forehead+left_cheek+right_cheek+full|mean|argmax,14.414651442928939,15.849435766619154,17.464110666768153,0.3274505690567078,5.88235294117647,12.93963297866064
local_flicker_s0,local_flicker,ica,4_bölge,mean,viterbi,ica|forehead+left_cheek+right_cheek+full|mean|viterbi+ma,9.429943492453667,11.345435200199816,11.055047436938944,-0.08598253435918207,35.294117647058826,7.463111663964156
local_flicker_s0,local_flicker,ica,4_bölge,snr,argmax,ica|forehead+left_cheek+right_cheek+full|snr|argmax,0.3670029537771755,0.4789273640950271,0.47304564714522335,0.9984387477772626,100.0,0.05606318161227364
local_flicker_s0,local_flicker,ica,4_bölge,snr,viterbi,ica|forehead+left_cheek+right_cheek+full|snr|viterbi+ma,0.3670029537771755,0.4789273640950271,0.47304564714522335,0.9984387477772626,100.0,0.05606318161227364
local_flicker_s0,local_flicker,chrom,alın,mean,argmax,chrom|forehead|mean|argmax,4.914880604511055,17.082075731344997,7.036803479324681,0.16062304460472696,94.11764705882352,4.156359382025627
local_flicker_s0,local_flicker,chrom,alın,mean,viterbi,chrom|forehead|mean|viterbi+ma,0.8517632043166298,1.030927103546398,1.1006178679014373,0.993248131469043,100.0,0.0924522645694168
local_flicker_s0,local_flicker,chrom,yanaklar,mean,argmax,chrom|left_cheek+right_cheek|mean|argmax,0.4847183378611467,0.588806134796631,0.6106591779227575,0.9976244215379543,100.0,0.009825592235955583
local_flicker_s0,local_flicker,chrom,yanaklar,mean,viterbi,chrom|left_cheek+right_cheek|mean|viterbi+ma,0.4881024849048703,0.5942876374002148,0.6159023034968951,0.997573240214895,100.0,0.006441445192237438
local_flicker_s0,local_flicker,chrom,yanaklar,snr,argmax,chrom|left_cheek+right_cheek|snr|argmax,0.4929572859443662,0.6322394374624529,0.6209792141968951,0.9973597225405817,100.0,0.04160546713590918
local_flicker_s0,local_flicker,chrom,yanaklar,snr,viterbi,chrom|left_cheek+right_cheek|snr|viterbi+ma,0.4929572859443662,0.6322394374624529,0.6209792141968951,0.9973597225405817,100.0,0.04160546713590918
local_flicker_s0,local_flicker,chrom,tüm_yüz,mean,argmax,chrom|full|mean|argmax,0.3651532532634899,0.458107257326094,0.45092493631941344,0.9985855569720866,100.0,0.013081171154283311
local_flicker_s0,local_flicker,chrom,tüm_yüz,mean,viterbi,chrom|full|mean|viterbi+ma,0.3651532532634899,0.458107257326094,0.45092493631941344,0.9985855569720866,100.0,0.013081171154283311
local_flicker_s0,local_flicker,chrom,alın+yanaklar,mean,argmax,chrom|forehead+left_cheek+right_cheek|mean|argmax,0.70024459358955,0.8697279385969208,0.8928757255839581,0.9948913877019975,100.0,0.0464541527728386
local_flicker_s0,local_flicker,chrom,alın+yanaklar,mean,viterbi,chrom|forehead+left_cheek+right_cheek|mean|viterbi+ma,0.699712301135114,0.8681609552836306,0.8920510344151892,0.994907535079784,100.0,0.045921860318387075
local_flicker_s0,local_flicker,chrom,alın+yanaklar,snr,argmax,chrom|forehead+left_cheek+right_cheek|snr|argmax,0.5077689210289428,0.6160873953699267,0.6436841654467289,0.9974038639649095,100.0,0.04618914780462546
local_flicker_s0,local_flicker,chrom,alın+yanaklar,snr,viterbi,chrom|forehead+left_cheek+right_cheek|snr|viterbi+ma,0.5077689210289428,0.6160873953699267,0.6436841654467289,0.9974038639649095,100.0,0.04618914780462546
local_flicker_s0,local_flicker,chrom,4_bölge,mean,argmax,chrom|forehead+left_cheek+right_cheek+full|mean|argmax,0.591331457279978,0.7301506053875217,0.7523149684968516,0.9963692159868218,100.0,0.01992135846489873
local_flicker_s0,local_flicker,chrom,4_bölge,mean,viterbi,chrom|forehead+left_cheek+right_cheek+full|mean|viterbi+ma,0.5885543909872427,0.7220605185688908,0.7480124050702651,0.9964416260142773,100.0,0.01714429217217628
local_flicker_s0,local_flicker,chrom,4_bölge,snr,argmax,chrom|forehead+left_cheek+right_cheek+full|snr|argmax,0.40681739790988053,0.5076601210549658,0.5066825530210587,0.9982213806414673,100.0,0.00482251142085488
local_flicker_s0,local_flicker,chrom,4_bölge,snr,viterbi,chrom|forehead+left_cheek+right_cheek+full|snr|viterbi+ma,0.40681739790988053,0.5076601210549658,0.5066825530210587,0.9982213806414673,100.0,0.00482251142085488
local_flicker_s0,local_flicker,pos,alın,mean,argmax,pos|forehead|mean|argmax,0.5919463987711533,0.7231583438526592,0.748873022623366,0.9965802537546362,100.0,0.1050112674190018
local_flicker_s0,local_flicker,pos,alın,mean,viterbi,pos|forehead|mean|viterbi+ma,0.5919463987711533,0.7231583438526592,0.748873022623366,0.9965802537546362,100.0,0.1050112674190018
local_flicker_s0,local_flicker,pos,yanaklar,mean,argmax,pos|left_cheek+right_cheek|mean|argmax,0.4648341720107587,0.5836388020647482,0.5881057255553072,0.9976444401194763,100.0,0.021214341281933002
local_flicker_s0,local_flicker,pos,yanaklar,mean,viterbi,pos|left_cheek+right_cheek|mean|viterbi+ma,0.4648341720107587,0.5836388020647482,0.5881057255553072,0.9976444401194763,100.0,0.021214341281933002
local_flicker_s0,local_flicker,pos,yanaklar,snr,argmax,pos|left_cheek+right_cheek|snr|argmax,0.46241949375234964,0.5948350537826174,0.5829541248449633,0.9975563378402544,100.0,0.01352380743236381
local_flicker_s0,local_flicker,pos,yanaklar,snr,viterbi,pos|left_cheek+right_cheek|snr|viterbi+ma,0.46241949375234964,0.5948350537826174,0.5829541248449633,0.9975563378402544,100.0,0.01352380743236381
local_flicker_s0,local_flicker,pos,tüm_yüz,mean,argmax,pos|full|mean|argmax,0.37139112115813333,0.48365257487763935,0.4640982623283969,0.9984022711784846,100.0,0.020197951430333205
local_flicker_s0,local_flicker,pos,tüm_yüz,mean,viterbi,pos|full|mean|viterbi+ma,0.37139112115813333,0.48365257487763935,0.4640982623283969,0.9984022711784846,100.0,0.020197951430333205
local_flicker_s0,local_flicker,pos,alın+yanaklar,mean,argmax,pos|forehead+left_cheek+right_cheek|mean|argmax,0.48133597025678976,0.5788753902535974,0.6108512855721264,0.9976968665148577,100.0,0.04386052408412411
local_flicker_s0,local_flicker,pos,alın+yanaklar,mean,viterbi,pos|forehead+left_cheek+right_cheek|mean|viterbi+ma,0.48133597025678976,0.5788753902535974,0.6108512855721264,0.9976968665148577,100.0,0.04386052408412411
local_flicker_s0,local_flicker,pos,alın+yanaklar,snr,argmax,pos|forehead+left_cheek+right_cheek|snr|argmax,0.45789920817547697,0.5611682978530979,0.5810350950056797,0.9978634860538664,100.0,0.07141829962912993
local_flicker_s0,local_flicker,pos,alın+yanaklar,snr,viterbi,pos|forehead+left_cheek+right_cheek|snr|viterbi+ma,0.45789920817547697,0.5611682978530979,0.5810350950056797,0.9978634860538664,100.0,0.07141829962912993
local_flicker_s0,local_flicker,pos,4_bölge,mean,argmax,pos|forehead+left_cheek+right_cheek+full|mean|argmax,0.45396318484369613,0.5541012432198372,0.5750912406674743,0.997890960690099,100.0,0.038611727970334186
local_flicker_s0,local_flicker,pos,4_bölge,mean,viterbi,pos|forehead+left_cheek+right_cheek+full|mean|viterbi+ma,0.45396318484369613,0.5541012432198372,0.5750912406674743,0.997890960690099,100.0,0.038611727970334186
local_flicker_s0,local_flicker,pos,4_bölge,snr,argmax,pos|forehead+left_cheek+right_cheek+full|snr|argmax,0.4012932319616924,0.5048260519060634,0.5069889044293161,0.9982719138625082,100.0,0.05264000357189502
local_flicker_s0,local_flicker,pos,4_bölge,snr,viterbi,pos|forehead+left_cheek+right_cheek+full|snr|viterbi+ma,0.4012932319616924,0.5048260519060634,0.5069889044293161,0.9982719138625082,100.0,0.05264000357189502
local_flicker_s0,local_flicker,lgi,alın,mean,argmax,lgi|forehead|mean|argmax,0.6730069282321837,0.8160771637672319,0.8345755848137972,0.9956521045565796,100.0,0.15505153765637658
local_flicker_s0,local_flicker,lgi,alın,mean,viterbi,lgi|forehead|mean|viterbi+ma,0.6730069282321837,0.8160771637672319,0.8345755848137972,0.9956521045565796,100.0,0.15505153765637658
local_flicker_s0,local_flicker,lgi,yanaklar,mean,argmax,lgi|left_cheek+right_cheek|mean|argmax,23.30280876501758,25.398148083581532,29.146071911552596,-0.1135050115634466,0.0,14.924986040578148
local_flicker_s0,local_flicker,lgi,yanaklar,mean,viterbi,lgi|left_cheek+right_cheek|mean|viterbi+ma,24.165273073912136,26.854789342897675,30.781873232030737,0.002248634394121862,3.9215686274509802,22.341089908338986
local_flicker_s0,local_flicker,lgi,yanaklar,snr,argmax,lgi|left_cheek+right_cheek|snr|argmax,10.105090569950027,16.445708545747124,12.512593214468573,0.16795512204813579,60.78431372549019,4.266048310417048
local_flicker_s0,local_flicker,lgi,yanaklar,snr,viterbi,lgi|left_cheek+right_cheek|snr|viterbi+ma,1.881682305722532,3.20481970216679,2.3714867804443203,0.9285261364943699,88.23529411764706,0.5211873201096608
local_flicker_s0,local_flicker,lgi,tüm_yüz,mean,argmax,lgi|full|mean|argmax,22.342398617311332,24.847181108974745,27.907969852664216,-0.1427716580190064,3.9215686274509802,13.13652707626261
local_flicker_s0,local_flicker,lgi,tüm_yüz,mean,viterbi,lgi|full|mean|viterbi+ma,24.195476297386097,26.843338398199823,30.815240718139076,-0.0020125440577802183,3.9215686274509802,22.29636810196864
local_flicker_s0,local_flicker,lgi,alın+yanaklar,mean,argmax,lgi|forehead+left_cheek+right_cheek|mean|argmax,24.32447095774032,26.30938299684236,30.355320056365976,-0.13151184497792887,0.0,15.550443697672335
local_flicker_s0,local_flicker,lgi,alın+yanaklar,mean,viterbi,lgi|forehead+left_cheek+right_cheek|mean|viterbi+ma,24.174368500111207,26.84618621174665,30.787585775153197,0.003620253816740419,3.9215686274509802,22.326833077388144
local_flicker_s0,local_flicker,lgi,alın+yanaklar,snr,argmax,lgi|forehead+left_cheek+right_cheek|snr|argmax,1.4196277508609911,3.947075505479146,1.6684921317920616,0.9260804567734666,96.07843137254902,0.9188721023664215
local_flicker_s0,local_flicker,lgi,alın+yanaklar,snr,viterbi,lgi|forehead+left_cheek+right_cheek|snr|viterbi+ma,0.6725974417244727,0.8394013954123248,0.8335564919046459,0.9953705164487913,100.0,0.16434819347429652
local_flicker_s0,local_flicker,lgi,4_bölge,mean,argmax,lgi|forehead+left_cheek+right_cheek+full|mean|argmax,24.32783966948706,26.31348567774402,30.360083612909534,-0.13192450065782513,0.0,15.561422847222488
local_flicker_s0,local_flicker,lgi,4_bölge,mean,viterbi,lgi|forehead+left_cheek+right_cheek+full|mean|viterbi+ma,24.196128437985774,26.868946368130935,30.816296722233012,0.0022787394676298004,3.9215686274509802,22.345710551823956
local_flicker_s0,local_flicker,lgi,4_bölge,snr,argmax,lgi|forehead+left_cheek+right_cheek+full|snr|argmax,2.4083290213374577,6.6674260886251835,2.925330396715247,0.8164801623934663,92.15686274509804,1.902985504334893
local_flicker_s0,local_flicker,lgi,4_bölge,snr,viterbi,lgi|forehead+left_cheek+right_cheek+full|snr|viterbi+ma,0.6829312964111489,0.853316466236586,0.8459448079912151,0.9952180757193284,100.0,0.17108186007399695
local_flicker_s1,local_flicker,green,alın,mean,argmax,green|forehead|mean|argmax,16.287285528484144,19.46157172605033,21.030133288999583,0.35513185660968305,7.8431372549019605,1.9861604729917417
local_flicker_s1,local_flicker,green,alın,mean,viterbi,green|forehead|mean|viterbi+ma,15.298037145057673,15.759973183841216,19.47290318357356,-0.32721257639764856,0.0,15.298037145057684
local_flicker_s1,local_flicker,green,yanaklar,mean,argmax,green|left_cheek+right_cheek|mean|argmax,21.796933175725805,26.822052167460747,28.098089506544767,0.011001695136574367,7.8431372549019605,19.767601827049717
local_flicker_s1,local_flicker,green,yanaklar,mean,viterbi,green|left_cheek+right_cheek|mean|viterbi+ma,12.46230347693515,14.631870022499037,15.915631384649947,0.5905811552809465,15.686274509803921,12.462303476935148
local_flicker_s1,local_flicker,green,yanaklar,snr,argmax,green|left_cheek+right_cheek|snr|argmax,20.83060873394068,26.40110530923161,26.782746519921762,0.08876978901743132,9.803921568627452,18.856660559275724
local_flicker_s1,local_flicker,green,yanaklar,snr,viterbi,green|left_cheek+right_cheek|snr|viterbi+ma,12.386085367482783,14.617456860752867,15.829049616007085,0.5682608573209376,15.686274509803921,12.386085367482806
local_flicker_s1,local_flicker,green,tüm_yüz,mean,argmax,green|full|mean|argmax,21.791885597321446,26.817933513748955,28.09148162459995,0.01093590527731444,7.8431372549019605,19.76290812825401
local_flicker_s1,local_flicker,green,tüm_yüz,mean,viterbi,green|full|mean|viterbi+ma,12.480022767626153,14.65027501967551,15.941202235756682,0.5860722804434295,15.686274509803921,12.480022767626139
local_flicker_s1,local_flicker,green,alın+yanaklar,mean,argmax,green|forehead+left_cheek+right_cheek|mean|argmax,22.119613468565575,27.04446724908763,28.557839826815208,-0.03311418487613257,5.88235294117647,20.101823039783753
local_flicker_s1,local_flicker,green,alın+yanaklar,mean,viterbi,green|forehead+left_cheek+right_cheek|mean|viterbi+ma,12.51043480670916,14.704626300363866,15.97910610415942,0.5850189505491679,15.686274509803921,12.510434806709142
local_flicker_s1,local_flicker,green,alın+yanaklar,snr,argmax,green|forehead+left_cheek+right_cheek|snr|argmax,17.78805641324617,22.488641344233006,23.030356024316305,0.049450487595249226,7.8431372549019605,14.262017781461225
local_flicker_s1,local_flicker,green,alın+yanaklar,snr,viterbi,green|forehead+left_cheek+right_cheek|snr|viterbi+ma,12.503725416173648,14.699974097865162,15.990133425919012,0.5552905789269118,17.647058823529413,12.503725416173637
local_flicker_s1,local_flicker,green,4_bölge,mean,argmax,green|forehead+left_cheek+right_cheek+full|mean|argmax,22.116976837852263,27.041703785044678,28.554816561443936,-0.03368596685125598,5.88235294117647,20.096672598002826
local_flicker_s1,local_flicker,green,4_bölge,mean,viterbi,green|forehead+left_cheek+right_cheek+full|mean|viterbi+ma,12.509671781084464,14.702925506333289,15.978148872906104,0.5850879239195974,15.686274509803921,12.509671781084478
local_flicker_s1,local_flicker,green,4_bölge,snr,argmax,green|forehead+left_cheek+right_cheek+full|snr|argmax,19.500249973345415,24.41736153869466,25.216193766145363,-0.024347849576968124,5.88235294117647,17.291386324871
local_flicker_s1,local_flicker,green,4_bölge,snr,viterbi,green|forehead+left_cheek+right_cheek+full|snr|viterbi+ma,12.481250905979438,14.67650729108625,15.955969169949444,0.563716246652498,15.686274509803921,12.481250905979437
local_flicker_s1,local_flicker,ica,alın,mean,argmax,ica|forehead|mean|argmax,15.465014584380862,15.827099822219914,19.707337833788277,0.019398925833246577,0.0,15.465014584380846
local_flicker_s1,local_flicker,ica,alın,mean,viterbi,ica|forehead|mean|viterbi+ma,15.465014584380862,15.827099822219914,19.707337833788277,0.019398925833246577,0.0,15.465014584380846
local_flicker_s1,local_flicker,ica,yanaklar,mean,argmax,ica|left_cheek+right_cheek|mean|argmax,1.0151575309713554,1.2255144794083412,1.32114735003829,0.961489196689377,100.0,0.008263643686518662
local_flicker_s1,local_flicker,ica,yanaklar,mean,viterbi,ica|left_cheek+right_cheek|mean|viterbi+ma,1.0151575309713554,1.2255144794083412,1.32114735003829,0.961489196689377,100.0,0.008263643686518662
local_flicker_s1,local_flicker,ica,yanaklar,snr,argmax,ica|left_cheek+right_cheek|snr|argmax,1.0114860731207775,1.2130221191555939,1.3153224276133035,0.9618570626076072,100.0,0.013110224098738854
local_flicker_s1,local_flicker,ica,yanaklar,snr,viterbi,ica|left_cheek+right_cheek|snr|viterbi+ma,1.0114860731207775,1.2130221191555939,1.3153224276133035,0.9618570626076072,100.0,0.013110224098738854
local_flicker_s1,local_flicker,ica,tüm_yüz,mean,argmax,ica|full|mean|argmax,27.30132370012111,27.60978971657569,34.942445522115925,0.04219337794544413,0.0,27.30132370012111
local_flicker_s1,local_flicker,ica,tüm_yüz,mean,viterbi,ica|full|mean|viterbi+ma,27.804529449683812,28.005839893511514,35.58661800156212,0.09758418555497338,0.0,27.80452944968382
local_flicker_s1,local_flicker,ica,alın+yanaklar,mean,argmax,ica|forehead+left_cheek+right_cheek|mean|argmax,15.504040644786237,15.868661928162977,19.757894376610324,-0.24616214044410004,0.0,14.492812240163758
local_flicker_s1,local_flicker,ica,alın+yanaklar,mean,viterbi,ica|forehead+left_cheek+right_cheek|mean|viterbi+ma,15.443531232606217,15.822511304986874,19.67560251656834,-0.1221517196304421,0.0,15.443531232606226
local_flicker_s1,local_flicker,ica,alın+yanaklar,snr,argmax,ica|forehead+left_cheek+right_cheek|snr|argmax,1.0135006145644596,1.2152228687746913,1.3179625177196712,0.9618669042905459,100.0,0.013862798689459055
local_flicker_s1,local_flicker,ica,alın+yanaklar,snr,viterbi,ica|forehead+left_cheek+right_cheek|snr|viterbi+ma,1.0135006145644596,1.2152228687746913,1.3179625177196712,0.9618669042905459,100.0,0.013862798689459055
local_flicker_s1,local_flicker,ica,4_bölge,mean,argmax,ica|forehead+left_cheek+right_cheek+full|mean|argmax,15.452006600787703,15.80365374154796,19.701021245719957,-0.014171328086160756,0.0,11.991869226507148
local_flicker_s1,local_flicker,ica,4_bölge,mean,viterbi,ica|forehead+left_cheek+right_cheek+full|mean|viterbi+ma,15.443335319995118,15.823923310395577,19.67533031862464,-0.11154069161940701,0.0,15.443335319995128
local_flicker_s1,local_flicker,ica,4_bölge,snr,argmax,ica|forehead+left_cheek+right_cheek+full|snr|argmax,1.0124810936067103,1.213636930224282,1.316553783489282,0.9620349345631546,100.0,0.01580496264887188
local_flicker_s1,local_flicker,ica,4_bölge,snr,viterbi,ica|forehead+left_cheek+right_cheek+full|snr|viterbi+ma,1.0124810936067103,1.213636930224282,1.316553783489282,0.9620349345631546,100.0,0.01580496264887188
local_flicker_s1,local_flicker,chrom,alın,mean,argmax,chrom|forehead|mean|argmax,2.5288763400283063,10.072490885455803,3.353055097590417,0.23300753098710916,98.0392156862745,1.5081513913142999
local_flicker_s1,local_flicker,chrom,alın,mean,viterbi,chrom|forehead|mean|viterbi+ma,1.1379751312193058,1.4675095319794644,1.4854879104654943,0.9375184460683395,100.0,0.13237617301204807
local_flicker_s1,local_flicker,chrom,yanaklar,mean,argmax,chrom|left_cheek+right_cheek|mean|argmax,1.3978724437551375,1.6155004863414208,1.8136332633376182,0.9384225026581593,100.0,0.07882419568244359
local_flicker_s1,local_flicker,chrom,yanaklar,mean,viterbi,chrom|left_cheek+right_cheek|mean|viterbi+ma,1.3978724437551375,1.6155004863414208,1.8136332633376182,0.9384225026581593,100.0,0.07882419568244359
local_flicker_s1,local_flicker,chrom,yanaklar,snr,argmax,chrom|left_cheek+right_cheek|snr|argmax,1.3455492284538866,1.5408720932287092,1.7440732126680996,0.9443307774971926,100.0,0.07873073557293253
local_flicker_s1,local_flicker,chrom,yanaklar,snr,viterbi,chrom|left_cheek+right_cheek|snr|viterbi+ma,1.3500200888694576,1.547084882025203,1.7499760826227742,0.9436360908862874,100.0,0.07425987515735244
local_flicker_s1,local_flicker,chrom,tüm_yüz,mean,argmax,chrom|full|mean|argmax,1.3868544036350035,1.6414923619228818,1.8067693207595645,0.9422828891268444,100.0,0.04847316483613895
local_flicker_s1,local_flicker,chrom,tüm_yüz,mean,viterbi,chrom|full|mean|viterbi+ma,1.3868544036350035,1.6414923619228818,1.8067693207595645,0.9422828891268444,100.0,0.04847316483613895
local_flicker_s1,local_flicker,chrom,alın+yanaklar,mean,argmax,chrom|forehead+left_cheek+right_cheek|mean|argmax,1.3095825229851032,1.517232917685013,1.6959366475424096,0.9367277091770156,100.0,0.012413270433981438
local_flicker_s1,local_flicker,chrom,alın+yanaklar,mean,viterbi,chrom|forehead+left_cheek+right_cheek|mean|viterbi+ma,1.3176618635642205,1.5320000943435998,1.706757025770445,0.9355586945763292,100.0,0.010754957368760643
local_flicker_s1,local_flicker,chrom,alın+yanaklar,snr,argmax,chrom|forehead+left_cheek+right_cheek|snr|argmax,1.2262061361163858,1.4357889709540466,1.589370389507151,0.9500475852924923,100.0,0.041926735629701284
local_flicker_s1,local_flicker,chrom,alın+yanaklar,snr,viterbi,chrom|forehead+left_cheek+right_cheek|snr|viterbi+ma,1.2262061361163858,1.4357889709540466,1.589370389507151,0.9500475852924923,100.0,0.041926735629701284
local_flicker_s1,local_flicker,chrom,4_bölge,mean,argmax,chrom|forehead+left_cheek+right_cheek+full|mean|argmax,1.3096798076310239,1.5207880460812555,1.699374814079916,0.9390459168977221,100.0,0.026480351961453152
local_flicker_s1,local_flicker,chrom,4_bölge,mean,viterbi,chrom|forehead+left_cheek+right_cheek+full|mean|viterbi+ma,1.3141021047806165,1.5294438721476633,1.7054246419759362,0.9386982351510866,100.0,0.03090264911105578
local_flicker_s1,local_flicker,chrom,4_bölge,snr,argmax,chrom|forehead+left_cheek+right_cheek+full|snr|argmax,1.2839633690515977,1.5193869209658906,1.66868000779726,0.9481991059808433,100.0,0.04190652314741783
local_flicker_s1,local_flicker,chrom,4_bölge,snr,viterbi,chrom|forehead+left_cheek+right_cheek+full|snr|viterbi+ma,1.2839633690515977,1.5193869209658906,1.66868000779726,0.9481991059808433,100.0,0.04190652314741783
local_flicker_s1,local_flicker,pos,alın,mean,argmax,pos|forehead|mean|argmax,1.1446325743998726,1.3924943771767522,1.4969918862383356,0.9502514112790404,100.0,0.03149334152382721
local_flicker_s1,local_flicker,pos,alın,mean,viterbi,pos|forehead|mean|viterbi+ma,1.1446325743998726,1.3924943771767522,1.4969918862383356,0.9502514112790404,100.0,0.03149334152382721
local_flicker_s1,local_flicker,pos,yanaklar,mean,argmax,pos|left_cheek+right_cheek|mean|argmax,1.389223174492171,1.6163667459387767,1.8043755053766077,0.9392138455101782,100.0,0.03371585021125156
local_flicker_s1,local_flicker,pos,yanaklar,mean,viterbi,pos|left_cheek+right_cheek|mean|viterbi+ma,1.389223174492171,1.6163667459387767,1.8043755053766077,0.9392138455101782,100.0,0.03371585021125156
local_flicker_s1,local_flicker,pos,yanaklar,snr,argmax,pos|left_cheek+right_cheek|snr|argmax,1.3819436186578262,1.6041084002560386,1.79528199574652,0.9388546883137571,100.0,0.03363661273958485
local_flicker_s1,local_flicker,pos,yanaklar,snr,viterbi,pos|left_cheek+right_cheek|snr|viterbi+ma,1.3819436186578262,1.6041084002560386,1.79528199574652,0.9388546883137571,100.0,0.03363661273958485
local_flicker_s1,local_flicker,pos,tüm_yüz,mean,argmax,pos|full|mean|argmax,1.3613795337350934,1.600413327742148,1.771177680752244,0.9414487307557782,100.0,0.008730043164078438
local_flicker_s1,local_flicker,pos,tüm_yüz,mean,viterbi,pos|full|mean|viterbi+ma,1.3613795337350934,1.600413327742148,1.771177680752244,0.9414487307557782,100.0,0.008730043164078438
local_flicker_s1,local_flicker,pos,alın+yanaklar,mean,argmax,pos|forehead+left_cheek+right_cheek|mean|argmax,1.3424438030413637,1.5768345651223905,1.746847888547534,0.9422045468885548,100.0,0.0161888532796155
local_flicker_s1,local_flicker,pos,alın+yanaklar,mean,viterbi,pos|forehead+left_cheek+right_cheek|mean|viterbi+ma,1.3449863989806932,1.5808212615016697,1.7503529652243686,0.9421287017937671,100.0,0.018731449218932994
local_flicker_s1,local_flicker,pos,alın+yanaklar,snr,argmax,pos|forehead+left_cheek+right_cheek|snr|argmax,1.282676401879767,1.5141935714996742,1.6692131896509002,0.9450782209992643,100.0,0.002129984401534557
local_flicker_s1,local_flicker,pos,alın+yanaklar,snr,viterbi,pos|forehead+left_cheek+right_cheek|snr|viterbi+ma,1.282676401879767,1.5141935714996742,1.6692131896509002,0.9450782209992643,100.0,0.002129984401534557
local_flicker_s1,local_flicker,pos,4_bölge,mean,argmax,pos|forehead+left_cheek+right_cheek+full|mean|argmax,1.3471174108616897,1.5810224572099187,1.7527821990907178,0.9422799882245985,100.0,0.014386273158237373
local_flicker_s1,local_flicker,pos,4_bölge,mean,viterbi,pos|forehead+left_cheek+right_cheek+full|mean|viterbi+ma,1.3471174108616897,1.5810224572099187,1.7527821990907178,0.9422799882245985,100.0,0.014386273158237373
local_flicker_s1,local_flicker,pos,4_bölge,snr,argmax,pos|forehead+left_cheek+right_cheek+full|snr|argmax,1.3103852869163086,1.5443139375080488,1.705145560741732,0.9439986223968526,100.0,0.003978438675275697
local_flicker_s1,local_flicker,pos,4_bölge,snr,viterbi,pos|forehead+left_cheek+right_cheek+full|snr|viterbi+ma,1.3103852869163086,1.5443139375080488,1.705145560741732,0.9439986223968526,100.0,0.003978438675275697
local_flicker_s1,local_flicker,lgi,alın,mean,argmax,lgi|forehead|mean|argmax,1.2769535699493557,1.6788092758542015,1.6773321655727462,0.9233161193709831,100.0,0.0765173986928005
local_flicker_s1,local_flicker,lgi,alın,mean,viterbi,lgi|forehead|mean|viterbi+ma,1.2149594272439503,1.5524968065032356,1.5935559394729353,0.9361738607879128,100.0,0.039568765876850875
local_flicker_s1,local_flicker,lgi,yanaklar,mean,argmax,lgi|left_cheek+right_cheek|mean|argmax,20.661443714895814,25.85555759632891,26.47578217849118,0.14775100929360577,9.803921568627452,18.311642022597212
local_flicker_s1,local_flicker,lgi,yanaklar,mean,viterbi,lgi|left_cheek+right_cheek|mean|viterbi+ma,11.592987209030506,14.367223187529772,14.802456197587993,0.3991683398380094,23.52941176470588,10.547926083049447
local_flicker_s1,local_flicker,lgi,yanaklar,snr,argmax,lgi|left_cheek+right_cheek|snr|argmax,10.028655555933723,16.461901940153883,12.781806091666164,0.2774073841317886,50.98039215686274,8.110865651223591
local_flicker_s1,local_flicker,lgi,yanaklar,snr,viterbi,lgi|left_cheek+right_cheek|snr|viterbi+ma,3.504328716627273,5.186107067367735,4.575735756044144,0.2876960935551331,74.50980392156863,1.8063754025361902
local_flicker_s1,local_flicker,lgi,tüm_yüz,mean,argmax,lgi|full|mean|argmax,21.985880914927467,29.305959689136092,28.06006335059695,0.22181346174141492,11.76470588235294,19.641577685635497
local_flicker_s1,local_flicker,lgi,tüm_yüz,mean,viterbi,lgi|full|mean|viterbi+ma,11.490790700500508,14.31711903858358,14.670742300870995,0.39867869679242046,25.49019607843137,10.47015343645053
local_flicker_s1,local_flicker,lgi,alın+yanaklar,mean,argmax,lgi|forehead+left_cheek+right_cheek|mean|argmax,19.831374589074006,25.189505762073207,25.387107576315636,0.1690317651552102,11.76470588235294,17.448505106495418
local_flicker_s1,local_flicker,lgi,alın+yanaklar,mean,viterbi,lgi|forehead+left_cheek+right_cheek|mean|viterbi+ma,11.557189774477795,14.35044529038486,14.752499025062912,0.4000387308470096,23.52941176470588,10.500423992682386
local_flicker_s1,local_flicker,lgi,alın+yanaklar,snr,argmax,lgi|forehead+left_cheek+right_cheek|snr|argmax,2.2596330318076037,4.088240821159035,2.9874944118087927,0.5294493564796632,90.19607843137256,1.3096858368104307
local_flicker_s1,local_flicker,lgi,alın+yanaklar,snr,viterbi,lgi|forehead+left_cheek+right_cheek|snr|viterbi+ma,1.9498570660790222,3.3842467382160173,2.6066611115228344,0.5629285574392003,92.15686274509804,1.0075942229150314
local_flicker_s1,local_flicker,lgi,4_bölge,mean,argmax,lgi|forehead+left_cheek+right_cheek+full|mean|argmax,20.91748712039703,27.35452101978413,26.732436096442243,0.19767060390666474,11.76470588235294,18.542783913403568
local_flicker_s1,local_flicker,lgi,4_bölge,mean,viterbi,lgi|forehead+left_cheek+right_cheek+full|mean|viterbi+ma,11.540345440475955,14.3513560504091,14.730014858556231,0.40049783257541716,23.52941176470588,10.48284564622628
local_flicker_s1,local_flicker,lgi,4_bölge,snr,argmax,lgi|forehead+left_cheek+right_cheek+full|snr|argmax,2.9352709810586775,5.016799798331301,3.8447934975604037,0.4453502001153377,84.31372549019608,1.776373104642758
local_flicker_s1,local_flicker,lgi,4_bölge,snr,viterbi,lgi|forehead+left_cheek+right_cheek+full|snr|viterbi+ma,2.0977627815486457,3.5214650757326345,2.7930083240617263,0.5353153855871114,92.15686274509804,1.0544814791756352
local_flicker_s2,local_flicker,green,alın,mean,argmax,green|forehead|mean|argmax,11.009866518163918,12.390319979426616,14.339573696003383,-0.5434470912928107,17.647058823529413,7.161034980781338
local_flicker_s2,local_flicker,green,alın,mean,viterbi,green|forehead|mean|viterbi+ma,9.769006418404773,10.881458255054428,12.368699141018448,-0.07138950039385361,17.647058823529413,8.401895080540484
local_flicker_s2,local_flicker,green,yanaklar,mean,argmax,green|left_cheek+right_cheek|mean|argmax,31.806565467720908,36.15703246664682,43.202941609342915,-0.1826480600326539,1.9607843137254901,29.101375717330555
local_flicker_s2,local_flicker,green,yanaklar,mean,viterbi,green|left_cheek+right_cheek|mean|viterbi+ma,30.214177814352663,33.973594396331166,41.52766042224819,-0.652600407125575,0.0,30.21417781435268
local_flicker_s2,local_flicker,green,yanaklar,snr,argmax,green|left_cheek+right_cheek|snr|argmax,30.773327038334717,35.30723859604805,41.962492406671394,-0.24578148430472951,3.9215686274509802,28.080981949825286
local_flicker_s2,local_flicker,green,yanaklar,snr,viterbi,green|left_cheek+right_cheek|snr|viterbi+ma,29.229932945528454,33.662347619022725,40.35446290088868,-0.6910193749764381,7.8431372549019605,29.229932945528475
local_flicker_s2,local_flicker,green,tüm_yüz,mean,argmax,green|full|mean|argmax,31.80829677225079,36.14564367147207,43.201496394667316,-0.18125272723362515,1.9607843137254901,29.106653726581527
local_flicker_s2,local_flicker,green,tüm_yüz,mean,viterbi,green|full|mean|viterbi+ma,30.2113167229069,33.962053383476714,41.521218112101835,-0.651632405469554,0.0,30.2113167229069
local_flicker_s2,local_flicker,green,alın+yanaklar,mean,argmax,green|forehead+left_cheek+right_cheek|mean|argmax,31.780870426578403,36.15361665992974,43.176119812408906,-0.18540440615248485,1.9607843137254901,29.089302206026076
local_flicker_s2,local_flicker,green,alın+yanaklar,mean,viterbi,green|forehead+left_cheek+right_cheek|mean|viterbi+ma,30.204688738291694,33.97042666277578,41.51837399769991,-0.6545809887618651,0.0,30.204688738291694
local_flicker_s2,local_flicker,green,alın+yanaklar,snr,argmax,green|forehead+left_cheek+right_cheek|snr|argmax,21.42013046308006,27.33640554429582,30.0112317951077,-0.7169572528204806,3.9215686274509802,8.285247778044393
local_flicker_s2,local_flicker,green,alın+yanaklar,snr,viterbi,green|forehead+left_cheek+right_cheek|snr|viterbi+ma,9.666861404478686,10.89416119664097,12.180485369589512,0.2905596079314581,25.49019607843137,8.701849132004398
local_flicker_s2,local_flicker,green,4_bölge,mean,argmax,green|forehead+left_cheek+right_cheek+full|mean|argmax,31.787601733605545,36.15277966743051,43.18275859597622,-0.18453787113788986,1.9607843137254901,29.09382807366964
local_flicker_s2,local_flicker,green,4_bölge,mean,viterbi,green|forehead+left_cheek+right_cheek+full|mean|viterbi+ma,30.203732535684722,33.96626978071971,41.515952612513814,-0.6540719705856354,0.0,30.203732535684722
local_flicker_s2,local_flicker,green,4_bölge,snr,argmax,green|forehead+left_cheek+right_cheek+full|snr|argmax,22.8251531788777,28.40134554571768,32.038590886915834,-0.7857432458055162,1.9607843137254901,10.44896946364338
local_flicker_s2,local_flicker,green,4_bölge,snr,viterbi,green|forehead+left_cheek+right_cheek+full|snr|viterbi+ma,22.067229535078663,27.80455637315556,30.955544137751406,-0.9198747505347358,1.9607843137254901,5.57790818778011
local_flicker_s2,local_flicker,ica,alın,mean,argmax,ica|forehead|mean|argmax,9.6998918553063,10.941157619127868,12.228268592103671,-0.1561382956862424,23.52941176470588,8.55324534014845
local_flicker_s2,local_flicker,ica,alın,mean,viterbi,ica|forehead|mean|viterbi+ma,9.6998918553063,10.941157619127868,12.228268592103671,-0.1561382956862424,23.52941176470588,8.55324534014845
local_flicker_s2,local_flicker,ica,yanaklar,mean,argmax,ica|left_cheek+right_cheek|mean|argmax,31.27883815324302,36.762672448939526,41.93572958348311,-0.14027802840287024,5.88235294117647,23.478155963755327
local_flicker_s2,local_flicker,ica,yanaklar,mean,viterbi,ica|left_cheek+right_cheek|mean|viterbi+ma,26.30849725483815,27.364483849830602,35.52804166250212,0.008737554204545885,0.0,26.308497254838173
local_flicker_s2,local_flicker,ica,yanaklar,snr,argmax,ica|left_cheek+right_cheek|snr|argmax,0.4103517514377576,0.49505224679283705,0.5285930801330934,0.9975075274980717,100.0,0.0072741234247644115
local_flicker_s2,local_flicker,ica,yanaklar,snr,viterbi,ica|left_cheek+right_cheek|snr|viterbi+ma,0.4103517514377576,0.49505224679283705,0.5285930801330934,0.9975075274980717,100.0,0.0072741234247644115
local_flicker_s2,local_flicker,ica,tüm_yüz,mean,argmax,ica|full|mean|argmax,9.663598255771003,10.969618590610274,12.168571457192591,-0.043912962334213074,19.607843137254903,8.580668715409772
local_flicker_s2,local_flicker,ica,tüm_yüz,mean,viterbi,ica|full|mean|viterbi+ma,9.663598255771003,10.969618590610274,12.168571457192591,-0.043912962334213074,19.607843137254903,8.580668715409772
local_flicker_s2,local_flicker,ica,alın+yanaklar,mean,argmax,ica|forehead+left_cheek+right_cheek|mean|argmax,11.765813443122326,13.015072668639792,15.468223068186497,-0.4851968524212292,9.803921568627452,3.533379905018677
local_flicker_s2,local_flicker,ica,alın+yanaklar,mean,viterbi,ica|forehead+left_cheek+right_cheek|mean|viterbi+ma,9.720766321881126,10.9581512846907,12.25909162047096,-0.2664687337738617,19.607843137254903,8.52462651715959
local_flicker_s2,local_flicker,ica,alın+yanaklar,snr,argmax,ica|forehead+left_cheek+right_cheek|snr|argmax,0.4120388411789501,0.49593209717146125,0.531011276658359,0.9974972144563422,100.0,0.009345295499613826
local_flicker_s2,local_flicker,ica,alın+yanaklar,snr,viterbi,ica|forehead+left_cheek+right_cheek|snr|viterbi+ma,0.4120388411789501,0.49593209717146125,0.531011276658359,0.9974972144563422,100.0,0.009345295499613826
local_flicker_s2,local_flicker,ica,4_bölge,mean,argmax,ica|forehead+left_cheek+right_cheek+full|mean|argmax,11.93234240359793,13.118879017644907,15.711576556470655,-0.4961973973184576,7.8431372549019605,2.8779236128305143
local_flicker_s2,local_flicker,ica,4_bölge,mean,viterbi,ica|forehead+left_cheek+right_cheek+full|mean|viterbi+ma,9.7177984399657,10.957458104832558,12.255334480669953,-0.2509509876873326,21.568627450980394,8.520156282487577
local_flicker_s2,local_flicker,ica,4_bölge,snr,argmax,ica|forehead+left_cheek+right_cheek+full|snr|argmax,0.4208502352381537,0.5002534474365624,0.5435785774656472,0.997417459010943,100.0,0.01594344724765051
local_flicker_s2,local_flicker,ica,4_bölge,snr,viterbi,ica|forehead+left_cheek+right_cheek+full|snr|viterbi+ma,0.4208502352381537,0.5002534474365624,0.5435785774656472,0.997417459010943,100.0,0.01594344724765051
local_flicker_s2,local_flicker,chrom,alın,mean,argmax,chrom|forehead|mean|argmax,1.995254406639131,8.93401308420905,2.9779289911749487,0.44295433552540275,98.0392156862745,1.1613212773781498
local_flicker_s2,local_flicker,chrom,alın,mean,viterbi,chrom|forehead|mean|viterbi+ma,0.7803476586722897,0.9278996678635315,1.0249518231395653,0.9911621475086582,100.0,0.11297312031267381
local_flicker_s2,local_flicker,chrom,yanaklar,mean,argmax,chrom|left_cheek+right_cheek|mean|argmax,0.4852897639120563,0.5752609270564749,0.6290562706494764,0.9966874726050526,100.0,0.030974916335125613
local_flicker_s2,local_flicker,chrom,yanaklar,mean,viterbi,chrom|left_cheek+right_cheek|mean|viterbi+ma,0.4852897639120563,0.5752609270564749,0.6290562706494764,0.9966874726050526,100.0,0.030974916335125613
local_flicker_s2,local_flicker,chrom,yanaklar,snr,argmax,chrom|left_cheek+right_cheek|snr|argmax,0.5201234293092337,0.6066236488063013,0.676955352470824,0.9963151078486949,100.0,0.054892346283750726
local_flicker_s2,local_flicker,chrom,yanaklar,snr,viterbi,chrom|left_cheek+right_cheek|snr|viterbi+ma,0.5201234293092337,0.6066236488063013,0.676955352470824,0.9963151078486949,100.0,0.054892346283750726
local_flicker_s2,local_flicker,chrom,tüm_yüz,mean,argmax,chrom|full|mean|argmax,0.5441356748794117,0.6432437894828053,0.7019994937043378,0.9961353025842263,100.0,0.06778926054600731
local_flicker_s2,local_flicker,chrom,tüm_yüz,mean,viterbi,chrom|full|mean|viterbi+ma,0.5441356748794117,0.6432437894828053,0.7019994937043378,0.9961353025842263,100.0,0.06778926054600731
local_flicker_s2,local_flicker,chrom,alın+yanaklar,mean,argmax,chrom|forehead+left_cheek+right_cheek|mean|argmax,0.8670727502479112,1.0432048147827373,1.1385861892686164,0.9882770231497693,100.0,0.0582008907049385
local_flicker_s2,local_flicker,chrom,alın+yanaklar,mean,viterbi,chrom|forehead+left_cheek+right_cheek|mean|viterbi+ma,0.8670727502479112,1.0432048147827373,1.1385861892686164,0.9882770231497693,100.0,0.0582008907049385
local_flicker_s2,local_flicker,chrom,alın+yanaklar,snr,argmax,chrom|forehead+left_cheek+right_cheek|snr|argmax,0.5004379004029144,0.5951510339438606,0.6511507000967613,0.9964185003590029,100.0,0.053829091695874354
local_flicker_s2,local_flicker,chrom,alın+yanaklar,snr,viterbi,chrom|forehead+left_cheek+right_cheek|snr|viterbi+ma,0.5004379004029144,0.5951510339438606,0.6511507000967613,0.9964185003590029,100.0,0.053829091695874354
local_flicker_s2,local_flicker,chrom,4_bölge,mean,argmax,chrom|forehead+left_cheek+right_cheek+full|mean|argmax,0.7416307241482476,0.9082507969201539,0.9661184136977504,0.9912066868869488,100.0,0.06681649104803
local_flicker_s2,local_flicker,chrom,4_bölge,mean,viterbi,chrom|forehead+left_cheek+right_cheek+full|mean|viterbi+ma,0.7416307241482476,0.9082507969201539,0.9661184136977504,0.9912066868869488,100.0,0.06681649104803
local_flicker_s2,local_flicker,chrom,4_bölge,snr,argmax,chrom|forehead+left_cheek+right_cheek+full|snr|argmax,0.49599627941555197,0.5889441077964094,0.6418612340675768,0.9966745307372694,100.0,0.01661534654711261
local_flicker_s2,local_flicker,chrom,4_bölge,snr,viterbi,chrom|forehead+left_cheek+right_cheek+full|snr|viterbi+ma,0.49599627941555197,0.5889441077964094,0.6418612340675768,0.9966745307372694,100.0,0.01661534654711261
local_flicker_s2,local_flicker,pos,alın,mean,argmax,pos|forehead|mean|argmax,0.7032588644425917,0.8041590540938272,0.9109368182799898,0.9933862190871061,100.0,0.07274310071926493
local_flicker_s2,local_flicker,pos,alın,mean,viterbi,pos|forehead|mean|viterbi+ma,0.7032588644425917,0.8041590540938272,0.9109368182799898,0.9933862190871061,100.0,0.07274310071926493
local_flicker_s2,local_flicker,pos,yanaklar,mean,argmax,pos|left_cheek+right_cheek|mean|argmax,0.4697485900513533,0.568534430741599,0.605902079453819,0.9969223939671092,100.0,0.08451396341109785
local_flicker_s2,local_flicker,pos,yanaklar,mean,viterbi,pos|left_cheek+right_cheek|mean|viterbi+ma,0.4697485900513533,0.568534430741599,0.605902079453819,0.9969223939671092,100.0,0.08451396341109785
local_flicker_s2,local_flicker,pos,yanaklar,snr,argmax,pos|left_cheek+right_cheek|snr|argmax,0.48305356468139055,0.5847011573744118,0.6210814090392911,0.9967877699739351,100.0,0.0844362674825021
local_flicker_s2,local_flicker,pos,yanaklar,snr,viterbi,pos|left_cheek+right_cheek|snr|viterbi+ma,0.48305356468139055,0.5847011573744118,0.6210814090392911,0.9967877699739351,100.0,0.0844362674825021
local_flicker_s2,local_flicker,pos,tüm_yüz,mean,argmax,pos|full|mean|argmax,0.5362295638990133,0.6507856808210769,0.6920138268189411,0.9961184053602445,100.0,0.10064366483641152
local_flicker_s2,local_flicker,pos,tüm_yüz,mean,viterbi,pos|full|mean|viterbi+ma,0.5362295638990133,0.6507856808210769,0.6920138268189411,0.9961184053602445,100.0,0.10064366483641152
local_flicker_s2,local_flicker,pos,alın+yanaklar,mean,argmax,pos|forehead+left_cheek+right_cheek|mean|argmax,0.5027703986856378,0.590427281830587,0.6464462747170051,0.9966170729081495,100.0,0.08307577078450379
local_flicker_s2,local_flicker,pos,alın+yanaklar,mean,viterbi,pos|forehead+left_cheek+right_cheek|mean|viterbi+ma,0.5027703986856378,0.590427281830587,0.6464462747170051,0.9966170729081495,100.0,0.08307577078450379
local_flicker_s2,local_flicker,pos,alın+yanaklar,snr,argmax,pos|forehead+left_cheek+right_cheek|snr|argmax,0.5276011636034442,0.6207897326706412,0.6794237685056863,0.9963575830001267,100.0,0.08410099930482318
local_flicker_s2,local_flicker,pos,alın+yanaklar,snr,viterbi,pos|forehead+left_cheek+right_cheek|snr|viterbi+ma,0.5276011636034442,0.6207897326706412,0.6794237685056863,0.9963575830001267,100.0,0.08410099930482318
local_flicker_s2,local_flicker,pos,4_bölge,mean,argmax,pos|forehead+left_cheek+right_cheek+full|mean|argmax,0.5025095475679339,0.5927675733495993,0.6463416125945248,0.9966430092278913,100.0,0.0872828793722249
local_flicker_s2,local_flicker,pos,4_bölge,mean,viterbi,pos|forehead+left_cheek+right_cheek+full|mean|viterbi+ma,0.5025095475679339,0.5927675733495993,0.6463416125945248,0.9966430092278913,100.0,0.0872828793722249
local_flicker_s2,local_flicker,pos,4_bölge,snr,argmax,pos|forehead+left_cheek+right_cheek+full|snr|argmax,0.5194484152055576,0.6190808126944678,0.6693924189966707,0.9964579282572621,100.0,0.09855583821705238
local_flicker_s2,local_flicker,pos,4_bölge,snr,viterbi,pos|forehead+left_cheek+right_cheek+full|snr|viterbi+ma,0.5194484152055576,0.6190808126944678,0.6693924189966707,0.9964579282572621,100.0,0.09855583821705238
local_flicker_s2,local_flicker,lgi,alın,mean,argmax,lgi|forehead|mean|argmax,0.6575035702159653,0.7660241715910915,0.8547883128985072,0.9936981527079128,100.0,0.003145154634893288
local_flicker_s2,local_flicker,lgi,alın,mean,viterbi,lgi|forehead|mean|viterbi+ma,0.6575035702159653,0.7660241715910915,0.8547883128985072,0.9936981527079128,100.0,0.003145154634893288
local_flicker_s2,local_flicker,lgi,yanaklar,mean,argmax,lgi|left_cheek+right_cheek|mean|argmax,30.68908693973828,35.72593225415143,41.73546194672215,-0.1739403515868429,3.9215686274509802,27.326969369116355
local_flicker_s2,local_flicker,lgi,yanaklar,mean,viterbi,lgi|left_cheek+right_cheek|mean|viterbi+ma,30.062034622125335,33.88567475670698,41.34211125642823,-0.6568356703848884,0.0,30.06203462212534
local_flicker_s2,local_flicker,lgi,yanaklar,snr,argmax,lgi|left_cheek+right_cheek|snr|argmax,13.935986109009402,24.74369712875528,19.88558864546925,-0.2839756585870139,60.78431372549019,10.442744877556848
local_flicker_s2,local_flicker,lgi,yanaklar,snr,viterbi,lgi|left_cheek+right_cheek|snr|viterbi+ma,2.7719554838055336,4.9460093958598375,3.5870163863554976,0.8157385154678394,82.35294117647058,2.123499996632063
local_flicker_s2,local_flicker,lgi,tüm_yüz,mean,argmax,lgi|full|mean|argmax,30.17365489217143,35.6350296037284,41.08978284485648,-0.18439798435267726,11.76470588235294,26.69906562042941
local_flicker_s2,local_flicker,lgi,tüm_yüz,mean,viterbi,lgi|full|mean|viterbi+ma,30.076165237495143,33.91628262425337,41.36354851867745,-0.6559733630392207,0.0,30.07616523749516
local_flicker_s2,local_flicker,lgi,alın+yanaklar,mean,argmax,lgi|forehead+left_cheek+right_cheek|mean|argmax,30.185593491917853,35.61743265212172,41.10143192927613,-0.1836543184484508,7.8431372549019605,26.671353043546972
local_flicker_s2,local_flicker,lgi,alın+yanaklar,mean,viterbi,lgi|forehead+left_cheek+right_cheek|mean|viterbi+ma,30.059536267622185,33.89846755052841,41.34128126645625,-0.6562476698666564,0.0,30.05953626762222
local_flicker_s2,local_flicker,lgi,alın+yanaklar,snr,argmax,lgi|forehead+left_cheek+right_cheek|snr|argmax,0.8328731540588656,1.836691311483962,1.0851038851420234,0.96524777576377,98.0392156862745,0.25196159018975095
local_flicker_s2,local_flicker,lgi,alın+yanaklar,snr,viterbi,lgi|forehead+left_cheek+right_cheek|snr|viterbi+ma,0.607984137157538,0.7573669643498001,0.797868894192483,0.9938193754844535,100.0,0.00784725678539644
local_flicker_s2,local_flicker,lgi,4_bölge,mean,argmax,lgi|forehead+left_cheek+right_cheek+full|mean|argmax,30.183022232535194,35.62131868158186,41.09890326029483,-0.18379588213347708,7.8431372549019605,26.677542007131038
local_flicker_s2,local_flicker,lgi,4_bölge,mean,viterbi,lgi|forehead+left_cheek+right_cheek+full|mean|viterbi+ma,30.059636251602004,33.89984274411727,41.34163682984384,-0.65620749182721,0.0,30.05963625160203
local_flicker_s2,local_flicker,lgi,4_bölge,snr,argmax,lgi|forehead+left_cheek+right_cheek+full|snr|argmax,1.8828789932519827,5.010080320907827,2.447248971093234,0.8000011540978383,92.15686274509804,0.36254847815416724
local_flicker_s2,local_flicker,lgi,4_bölge,snr,viterbi,lgi|forehead+left_cheek+right_cheek+full|snr|viterbi+ma,0.6393912350377698,0.8460424567269073,0.8387008591132354,0.9923252890894209,100.0,0.022884250035687614
hard_s0,hard,green,alın,mean,argmax,green|forehead|mean|argmax,22.367861205970645,27.020131980218842,27.572368729243756,0.3609710006718529,9.803921568627452,17.405145379727585
hard_s0,hard,green,alın,mean,viterbi,green|forehead|mean|viterbi+ma,33.32542154893535,33.827357591252095,41.5925094949976,0.8004420897016404,0.0,33.32542154893535
hard_s0,hard,green,yanaklar,mean,argmax,green|left_cheek+right_cheek|mean|argmax,21.879857587566512,25.718854308133043,26.926108333879682,0.32368296361815513,13.725490196078432,17.334117737394465
hard_s0,hard,green,yanaklar,mean,viterbi,green|left_cheek+right_cheek|mean|viterbi+ma,16.004047267687973,17.90830127018095,20.463225665731766,-0.6017681035876097,11.76470588235294,6.887596675319713
hard_s0,hard,green,yanaklar,snr,argmax,green|left_cheek+right_cheek|snr|argmax,20.401110014805173,24.022083476252796,25.207822822349186,0.17416319344777306,13.725490196078432,9.507434822363578
hard_s0,hard,green,yanaklar,snr,viterbi,green|left_cheek+right_cheek|snr|viterbi+ma,15.853007999325385,17.810672941996366,20.259965163720047,-0.5893740111152487,11.76470588235294,6.800568866014572
hard_s0,hard,green,tüm_yüz,mean,argmax,green|full|mean|argmax,22.84503624065496,26.924607930159155,28.09011373848318,0.4045223627423598,11.76470588235294,16.656926785734285
hard_s0,hard,green,tüm_yüz,mean,viterbi,green|full|mean|viterbi+ma,16.00900733909902,17.905678630729113,20.47006798495657,-0.6044695110411442,11.76470588235294,6.884488917522276
hard_s0,hard,green,alın+yanaklar,mean,argmax,green|forehead+left_cheek+right_cheek|mean|argmax,21.370437451411767,25.155766587326386,26.221082407067804,0.38916648849146646,11.76470588235294,15.655466879679139
hard_s0,hard,green,alın+yanaklar,mean,viterbi,green|forehead+left_cheek+right_cheek|mean|viterbi+ma,15.990099968472874,17.87492327131393,20.44465065643655,-0.6039126080704942,11.76470588235294,6.86882255261493
hard_s0,hard,green,alın+yanaklar,snr,argmax,green|forehead+left_cheek+right_cheek|snr|argmax,20.110838560550757,23.82869558375894,24.360050997661332,0.4441640230017196,15.686274509803921,11.005544962207608
hard_s0,hard,green,alın+yanaklar,snr,viterbi,green|forehead+left_cheek+right_cheek|snr|viterbi+ma,30.60171866283117,31.885716923374,36.954789841492754,0.9798084914173253,0.0,30.60171866283116
hard_s0,hard,green,4_bölge,mean,argmax,green|forehead+left_cheek+right_cheek+full|mean|argmax,22.686798816228038,26.840515373212636,27.972465860758238,0.3813187279357173,11.76470588235294,16.47392433877667
hard_s0,hard,green,4_bölge,mean,viterbi,green|forehead+left_cheek+right_cheek+full|mean|viterbi+ma,15.99540517591185,17.877946612725584,20.451434539120662,-0.6041914655082654,11.76470588235294,6.873939306954739
hard_s0,hard,green,4_bölge,snr,argmax,green|forehead+left_cheek+right_cheek+full|snr|argmax,21.579180961081715,25.221482001666118,26.320723847257778,0.3742873107037197,11.76470588235294,12.832243750847468
hard_s0,hard,green,4_bölge,snr,viterbi,green|forehead+left_cheek+right_cheek+full|snr|viterbi+ma,15.814286950778298,17.70164625725044,20.203132741501285,-0.5921015188748289,11.76470588235294,6.67183110701653
hard_s0,hard,ica,alın,mean,argmax,ica|forehead|mean|argmax,22.06402488265063,29.209822686732814,26.74545512466835,0.03634813183192419,13.725490196078432,2.49991666437694
hard_s0,hard,ica,alın,mean,viterbi,ica|forehead|mean|viterbi+ma,17.212153137010162,19.391517402519806,20.89354418829494,-0.7373551889261516,5.88235294117647,7.030321291664876
hard_s0,hard,ica,yanaklar,mean,argmax,ica|left_cheek+right_cheek|mean|argmax,16.72971119112062,31.611414854268194,22.047058371522514,-0.07975073625938704,70.58823529411765,15.752942387435652
hard_s0,hard,ica,yanaklar,mean,viterbi,ica|left_cheek+right_cheek|mean|viterbi+ma,2.557640105838089,3.8826939414637947,3.3761110368937635,0.8974974775088119,86.27450980392157,0.3983608293652452
hard_s0,hard,ica,yanaklar,snr,argmax,ica|left_cheek+right_cheek|snr|argmax,30.570773859981767,36.07129267931883,38.68937966871706,0.13932359482445428,1.9607843137254901,23.57015953305816
hard_s0,hard,ica,yanaklar,snr,viterbi,ica|left_cheek+right_cheek|snr|viterbi+ma,44.578788794439966,50.77457538877296,58.580721534061844,-0.9481946541145627,0.0,44.57878879443996
hard_s0,hard,ica,tüm_yüz,mean,argmax,ica|full|mean|argmax,2.3813680284078247,4.763517856472941,3.045431042164059,0.8835203822800937,90.19607843137256,1.451994161138046
hard_s0,hard,ica,tüm_yüz,mean,viterbi,ica|full|mean|viterbi+ma,1.1080836246137755,1.3861817824455496,1.405481465785653,0.9867745313741664,100.0,0.12005208463082795
hard_s0,hard,ica,alın+yanaklar,mean,argmax,ica|forehead+left_cheek+right_cheek|mean|argmax,15.580305904315312,23.277363755214765,19.46170135983604,0.3759945181441528,50.98039215686274,14.916255922140948
hard_s0,hard,ica,alın+yanaklar,mean,viterbi,ica|forehead+left_cheek+right_cheek|mean|viterbi+ma,4.123231033181563,6.044736796204011,5.32939844348056,0.7158338310807069,74.50980392156863,1.1333286422842548
hard_s0,hard,ica,alın+yanaklar,snr,argmax,ica|forehead+left_cheek+right_cheek|snr|argmax,26.1389139576766,30.72504212529992,32.29129806522015,-0.09600476840035098,3.9215686274509802,3.860821635266248
hard_s0,hard,ica,alın+yanaklar,snr,viterbi,ica|forehead+left_cheek+right_cheek|snr|viterbi+ma,17.49424272100987,19.442797845517113,20.888343492298052,0.3399179709353373,1.9607843137254901,17.494242721009876
hard_s0,hard,ica,4_bölge,mean,argmax,ica|forehead+left_cheek+right_cheek+full|mean|argmax,19.774086379181565,27.080586034622414,24.802479475041146,-0.020262892443380226,37.254901960784316,12.701674963622736
hard_s0,hard,ica,4_bölge,mean,viterbi,ica|forehead+left_cheek+right_cheek+full|mean|viterbi+ma,9.828446380588494,14.246285005141855,12.656620297160295,0.24223044997378315,50.98039215686274,7.6156541207663935
hard_s0,hard,ica,4_bölge,snr,argmax,ica|forehead+left_cheek+right_cheek+full|snr|argmax,8.956902180563752,18.97681290651604,11.587820236262676,0.25583738174804976,72.54901960784314,2.1289135684184117
hard_s0,hard,ica,4_bölge,snr,viterbi,ica|forehead+left_cheek+right_cheek+full|snr|viterbi+ma,2.5730929027351563,4.7683527230753215,3.4120481855783487,0.915882306876303,88.23529411764706,1.7244959010701564
hard_s0,hard,chrom,alın,mean,argmax,chrom|forehead|mean|argmax,25.895296111928673,33.74868265704018,32.0519249553691,0.0864536470400581,9.803921568627452,4.278704853726808
hard_s0,hard,chrom,alın,mean,viterbi,chrom|forehead|mean|viterbi+ma,22.603049557360986,25.07719600777376,26.788109714874196,-0.25699898307531877,1.9607843137254901,22.603049557361004
hard_s0,hard,chrom,yanaklar,mean,argmax,chrom|left_cheek+right_cheek|mean|argmax,27.159781177370174,30.651855254120274,33.39018624884305,0.3732924101778128,7.8431372549019605,21.574076597783588
hard_s0,hard,chrom,yanaklar,mean,viterbi,chrom|left_cheek+right_cheek|mean|viterbi+ma,34.479595075177514,35.27887163647428,42.60433112442947,0.8325165740508179,0.0,34.4795950751775
hard_s0,hard,chrom,yanaklar,snr,argmax,chrom|left_cheek+right_cheek|snr|argmax,21.520918099428247,26.076472998812402,25.543045433321886,0.3190806003368137,23.52941176470588,9.93374060203179
hard_s0,hard,chrom,yanaklar,snr,viterbi,chrom|left_cheek+right_cheek|snr|viterbi+ma,10.832826515548556,13.331455982805924,12.653827954442084,-0.12985910723908997,35.294117647058826,5.619968145546366
hard_s0,hard,chrom,tüm_yüz,mean,argmax,chrom|full|mean|argmax,29.489307246157296,33.07261306305637,36.87502060142063,0.035152615462937256,5.88235294117647,20.7102764794097
hard_s0,hard,chrom,tüm_yüz,mean,viterbi,chrom|full|mean|viterbi+ma,34.35851400163729,35.10006487850995,42.44275501469362,0.8449390030666503,0.0,34.358514001637275
hard_s0,hard,chrom,alın+yanaklar,mean,argmax,chrom|forehead+left_cheek+right_cheek|mean|argmax,28.86647510357644,33.77901393532282,36.276561106551284,0.03284418655292259,9.803921568627452,21.03219833317567
hard_s0,hard,chrom,alın+yanaklar,mean,viterbi,chrom|forehead+left_cheek+right_cheek|mean|viterbi+ma,34.477234252449406,35.260437627534536,42.58376639526058,0.8394824153078752,0.0,34.47723425244939
hard_s0,hard,chrom,alın+yanaklar,snr,argmax,chrom|forehead+left_cheek+right_cheek|snr|argmax,20.987202782714924,25.033756560958754,24.98689238849248,0.19558214328335133,23.52941176470588,1.1300561341413982
hard_s0,hard,chrom,alın+yanaklar,snr,viterbi,chrom|forehead+left_cheek+right_cheek|snr|viterbi+ma,21.784524897922456,24.197249958341267,25.745243211043274,-0.389631537286134,13.725490196078432,21.51636840374404
hard_s0,hard,chrom,4_bölge,mean,argmax,chrom|forehead+left_cheek+right_cheek+full|mean|argmax,28.827547352181536,33.23050145961869,36.20341582255047,0.0032040281468421134,7.8431372549019605,20.038046068106894
hard_s0,hard,chrom,4_bölge,mean,viterbi,chrom|forehead+left_cheek+right_cheek+full|mean|viterbi+ma,34.40542654505434,35.178991297564075,42.49056868142871,0.8422188736793327,0.0,34.40542654505434
hard_s0,hard,chrom,4_bölge,snr,argmax,chrom|forehead+left_cheek+right_cheek+full|snr|argmax,21.21962552726123,24.921979373880756,25.315838674653307,0.15391274916527362,21.568627450980394,1.5236894903195122
hard_s0,hard,chrom,4_bölge,snr,viterbi,chrom|forehead+left_cheek+right_cheek+full|snr|viterbi+ma,14.544172867444894,17.757326090124593,17.120281614908876,0.07539211160510934,33.33333333333333,13.891247457174131
hard_s0,hard,pos,alın,mean,argmax,pos|forehead|mean|argmax,26.408620784304393,34.572374058007796,32.13942566830294,0.10601464157285048,11.76470588235294,8.63707261029819
hard_s0,hard,pos,alın,mean,viterbi,pos|forehead|mean|viterbi+ma,15.412219157138635,19.845780278464456,17.99666017962448,-0.1672518028493807,19.607843137254903,13.579361193533742
hard_s0,hard,pos,yanaklar,mean,argmax,pos|left_cheek+right_cheek|mean|argmax,17.54637866228801,34.896530458059665,23.081683276819117,-0.07640283229537265,76.47058823529412,16.834830668165665
hard_s0,hard,pos,yanaklar,mean,viterbi,pos|left_cheek+right_cheek|mean|viterbi+ma,0.9373882788783223,1.0688288764354317,1.171578199779403,0.9925878664299832,100.0,0.10387346902710703
hard_s0,hard,pos,yanaklar,snr,argmax,pos|left_cheek+right_cheek|snr|argmax,10.509105388504656,25.97323325559748,13.778597293653974,0.10701020075709027,86.27450980392157,9.671033312246351
hard_s0,hard,pos,yanaklar,snr,viterbi,pos|left_cheek+right_cheek|snr|viterbi+ma,1.1574615961261034,1.3885523710443153,1.447506009827976,0.98755329792739,100.0,0.08722020650492368
hard_s0,hard,pos,tüm_yüz,mean,argmax,pos|full|mean|argmax,7.479653684777595,24.22250075173,8.674406219558094,0.49749068984976363,92.15686274509804,6.709629346359037
hard_s0,hard,pos,tüm_yüz,mean,viterbi,pos|full|mean|viterbi+ma,0.7621563371363743,0.9506147493602314,0.9512931409720762,0.9937329618948973,100.0,0.00786800128216214
hard_s0,hard,pos,alın+yanaklar,mean,argmax,pos|forehead+left_cheek+right_cheek|mean|argmax,21.77175685644981,38.00302017871054,28.563156085990222,-0.20254741467758258,68.62745098039215,18.10276098694122
hard_s0,hard,pos,alın+yanaklar,mean,viterbi,pos|forehead+left_cheek+right_cheek|mean|viterbi+ma,1.465054187888673,1.7154396547654267,1.8282146706086835,0.9823787500989363,100.0,0.13616744038083084
hard_s0,hard,pos,alın+yanaklar,snr,argmax,pos|forehead+left_cheek+right_cheek|snr|argmax,5.737226468188597,17.102979272794208,7.673638760439861,0.31063516515089007,88.23529411764706,3.5260984041885166
hard_s0,hard,pos,alın+yanaklar,snr,viterbi,pos|forehead+left_cheek+right_cheek|snr|viterbi+ma,1.1860051072078173,1.3764515311611145,1.5052414092752364,0.9875425285534655,100.0,0.1420342128922556
hard_s0,hard,pos,4_bölge,mean,argmax,pos|forehead+left_cheek+right_cheek+full|mean|argmax,22.36527951322983,40.26793189799228,28.91754253788315,-0.02474566200226489,70.58823529411765,21.7102690463757
hard_s0,hard,pos,4_bölge,mean,viterbi,pos|forehead+left_cheek+right_cheek+full|mean|viterbi+ma,1.1244646798579905,1.266906335800494,1.3973294483624312,0.9899829693196714,100.0,0.12491805913793996
hard_s0,hard,pos,4_bölge,snr,argmax,pos|forehead+left_cheek+right_cheek+full|snr|argmax,4.876174712551033,17.013181348913353,6.533989881545012,0.2811906677773642,94.11764705882352,4.2923053132232525
hard_s0,hard,pos,4_bölge,snr,viterbi,pos|forehead+left_cheek+right_cheek+full|snr|viterbi+ma,0.8478749928972459,1.032482897382031,1.0636838880689923,0.9927674407161031,100.0,0.1308362688718745
hard_s0,hard,lgi,alın,mean,argmax,lgi|forehead|mean|argmax,31.13737657272297,38.23997884450124,38.41994444677437,-0.12384556585983449,5.88235294117647,2.885456137330209
hard_s0,hard,lgi,alın,mean,viterbi,lgi|forehead|mean|viterbi+ma,22.52001464803621,25.029645872019927,26.682214695110652,-0.26216177952269226,1.9607843137254901,22.520014648036224
hard_s0,hard,lgi,yanaklar,mean,argmax,lgi|left_cheek+right_cheek|mean|argmax,26.041273256131472,29.584011016965558,32.22510512758593,0.3380185824247922,5.88235294117647,22.577074170416225
hard_s0,hard,lgi,yanaklar,mean,viterbi,lgi|left_cheek+right_cheek|mean|viterbi+ma,16.045930966432362,17.9143555636441,20.505124684257215,-0.5899872864388338,9.803921568627452,6.911011873241719
hard_s0,hard,lgi,yanaklar,snr,argmax,lgi|left_cheek+right_cheek|snr|argmax,25.672890736364096,30.84730837032345,31.598422359544976,0.34108851188991424,11.76470588235294,22.00639614938322
hard_s0,hard,lgi,yanaklar,snr,viterbi,lgi|left_cheek+right_cheek|snr|viterbi+ma,17.06409520869736,18.62568950713154,21.720079302313415,-0.5282091861111841,5.88235294117647,7.88728449662986
hard_s0,hard,lgi,tüm_yüz,mean,argmax,lgi|full|mean|argmax,24.910345126203755,28.23079753547292,30.938487026535732,0.26351288430392655,5.88235294117647,21.230913033423974
hard_s0,hard,lgi,tüm_yüz,mean,viterbi,lgi|full|mean|viterbi+ma,16.932352926039517,18.5713893888034,21.589042315754746,-0.547422364783758,7.8431372549019605,7.870868191380026
hard_s0,hard,lgi,alın+yanaklar,mean,argmax,lgi|forehead+left_cheek+right_cheek|mean|argmax,26.04949345406562,29.19878229751999,32.46628041606103,0.2152623859353446,3.9215686274509802,22.271161370029674
hard_s0,hard,lgi,alın+yanaklar,mean,viterbi,lgi|forehead+left_cheek+right_cheek|mean|viterbi+ma,17.029480915547836,18.632248568880357,21.70282206258142,-0.5468476822394945,7.8431372549019605,7.897203032945811
hard_s0,hard,lgi,alın+yanaklar,snr,argmax,lgi|forehead+left_cheek+right_cheek|snr|argmax,23.50904705624614,29.126408793545902,29.067941604935655,0.22846517464988758,11.76470588235294,14.60639992729925
hard_s0,hard,lgi,alın+yanaklar,snr,viterbi,lgi|forehead+left_cheek+right_cheek|snr|viterbi+ma,17.542583513962217,18.915503249267985,22.28992771831283,-0.42165530954705466,3.9215686274509802,9.586817490502526
hard_s0,hard,lgi,4_bölge,mean,argmax,lgi|forehead+left_cheek+right_cheek+full|mean|argmax,25.037005558502724,28.194138695658253,31.36017965954101,0.13129119238086334,3.9215686274509802,20.81420244719321
hard_s0,hard,lgi,4_bölge,mean,viterbi,lgi|forehead+left_cheek+right_cheek+full|mean|viterbi+ma,16.98577130558276,18.602578226746775,21.650436562181923,-0.5473133022807993,7.8431372549019605,7.876644752350657
hard_s0,hard,lgi,4_bölge,snr,argmax,lgi|forehead+left_cheek+right_cheek+full|snr|argmax,22.551168738795873,28.23567402882834,27.601739295729388,0.32868903842215275,15.686274509803921,15.56510695348166
hard_s0,hard,lgi,4_bölge,snr,viterbi,lgi|forehead+left_cheek+right_cheek+full|snr|viterbi+ma,17.688007585964765,19.009082769584023,22.476859615440365,-0.42560451188643555,3.9215686274509802,9.736942338424072
hard_s1,hard,green,alın,mean,argmax,green|forehead|mean|argmax,31.267410290412215,37.478072479497094,39.88359759242918,0.3741418742369295,3.9215686274509802,25.16258898075145
hard_s1,hard,green,alın,mean,viterbi,green|forehead|mean|viterbi+ma,44.22503234020938,45.19023467026148,56.614081373466576,0.73112156427287,0.0,44.225032340209395
hard_s1,hard,green,yanaklar,mean,argmax,green|left_cheek+right_cheek|mean|argmax,22.38333965524554,28.11670599946471,28.992699638776788,0.1792809674221209,5.88235294117647,17.56610369585681
hard_s1,hard,green,yanaklar,mean,viterbi,green|left_cheek+right_cheek|mean|viterbi+ma,13.813909342779708,14.722934753211021,17.61907875588528,0.7552865383959982,3.9215686274509802,8.605816161914063
hard_s1,hard,green,yanaklar,snr,argmax,green|left_cheek+right_cheek|snr|argmax,17.924295833565157,22.20660991233175,23.06381151663521,0.35383228568833847,3.9215686274509802,8.60692772932235
hard_s1,hard,green,yanaklar,snr,viterbi,green|left_cheek+right_cheek|snr|viterbi+ma,14.20739714737081,14.929684781883232,18.150729177103933,0.8641916418197206,1.9607843137254901,5.469118269061497
hard_s1,hard,green,tüm_yüz,mean,argmax,green|full|mean|argmax,22.389761363386928,28.04178414179051,29.017287274614525,0.22643262566473257,5.88235294117647,16.951710913861803
hard_s1,hard,green,tüm_yüz,mean,viterbi,green|full|mean|viterbi+ma,13.828822823680037,14.740099404419396,17.63965968259139,0.7537833057941047,3.9215686274509802,8.595258736814614
hard_s1,hard,green,alın+yanaklar,mean,argmax,green|forehead+left_cheek+right_cheek|mean|argmax,23.64975576042096,29.984290501515456,30.80371565323281,0.044764447747251426,5.88235294117647,18.79342328871006
hard_s1,hard,green,alın+yanaklar,mean,viterbi,green|forehead+left_cheek+right_cheek|mean|viterbi+ma,13.818605544248417,14.72932038478673,17.626058606600985,0.7543897773895722,3.9215686274509802,8.60341520662142
hard_s1,hard,green,alın+yanaklar,snr,argmax,green|forehead+left_cheek+right_cheek|snr|argmax,19.163180208093365,23.743601452539327,24.767930750815,0.26845162993285443,5.88235294117647,8.980975446219801
hard_s1,hard,green,alın+yanaklar,snr,viterbi,green|forehead+left_cheek+right_cheek|snr|viterbi+ma,13.80843092220991,14.515646136827943,17.725076283133994,0.8721105634741603,5.88235294117647,0.18761803512865072
hard_s1,hard,green,4_bölge,mean,argmax,green|forehead+left_cheek+right_cheek+full|mean|argmax,23.54679848800232,29.836403201160845,30.677578606896628,0.04057287952953924,5.88235294117647,18.685801703462047
hard_s1,hard,green,4_bölge,mean,viterbi,green|forehead+left_cheek+right_cheek+full|mean|viterbi+ma,13.822918569946205,14.73361035416046,17.63164256760875,0.7542729100460833,3.9215686274509802,8.602902296992227
hard_s1,hard,green,4_bölge,snr,argmax,green|forehead+left_cheek+right_cheek+full|snr|argmax,19.376948835514117,23.182742130989617,24.987225383967708,0.35505673437719176,0.0,8.502180446721724
hard_s1,hard,green,4_bölge,snr,viterbi,green|forehead+left_cheek+right_cheek+full|snr|viterbi+ma,13.94257462829927,14.5983464714725,17.889421451338762,0.8672786364099863,3.9215686274509802,0.13164294735845772
hard_s1,hard,ica,alın,mean,argmax,ica|forehead|mean|argmax,23.962640930690462,31.38915511089907,31.07163047215899,-0.15612311030263468,15.686274509803921,15.383991539344251
hard_s1,hard,ica,alın,mean,viterbi,ica|forehead|mean|viterbi+ma,8.15860555319124,9.587203989470813,10.396585590142376,0.4626455881596684,33.33333333333333,0.314898933417183
hard_s1,hard,ica,yanaklar,mean,argmax,ica|left_cheek+right_cheek|mean|argmax,11.474206670099251,17.025256374091853,14.709559197294405,0.5257652393896152,45.09803921568628,8.178670498659429
hard_s1,hard,ica,yanaklar,mean,viterbi,ica|left_cheek+right_cheek|mean|viterbi+ma,4.523665648701097,5.98745656305083,5.9197562382604545,0.27953002772723345,66.66666666666666,3.9168908305432097
hard_s1,hard,ica,yanaklar,snr,argmax,ica|left_cheek+right_cheek|snr|argmax,10.351613274293106,19.682164958873244,13.705863345606522,-0.18729447547416986,72.54901960784314,8.978539959972125
hard_s1,hard,ica,yanaklar,snr,viterbi,ica|left_cheek+right_cheek|snr|viterbi+ma,1.8574459102596819,2.4517822436149714,2.4380620765075345,0.8782656621791824,94.11764705882352,0.5452977397430345
hard_s1,hard,ica,tüm_yüz,mean,argmax,ica|full|mean|argmax,13.658866386179728,20.862245033144,17.62354582744137,0.20671947260434842,47.05882352941176,11.579967023473571
hard_s1,hard,ica,tüm_yüz,mean,viterbi,ica|full|mean|viterbi+ma,4.189427581062415,5.5678015049752645,5.518938536754696,0.2053369546186633,62.745098039215684,3.6783760561360594
hard_s1,hard,ica,alın+yanaklar,mean,argmax,ica|forehead+left_cheek+right_cheek|mean|argmax,13.079867683214024,20.514689837835558,17.061953299839384,0.10868167366505777,39.21568627450981,8.254040304854797
hard_s1,hard,ica,alın+yanaklar,mean,viterbi,ica|forehead+left_cheek+right_cheek|mean|viterbi+ma,5.37833637270048,7.279820538088995,6.913299471475691,-0.31867822068358675,56.86274509803921,0.01648281663767648
hard_s1,hard,ica,alın+yanaklar,snr,argmax,ica|forehead+left_cheek+right_cheek|snr|argmax,10.408396879446936,17.01526952957435,13.580051686216542,0.01465871353835599,60.78431372549019,5.8529183940601115
hard_s1,hard,ica,alın+yanaklar,snr,viterbi,ica|forehead+left_cheek+right_cheek|snr|viterbi+ma,3.046997798194076,4.592216261939902,3.9806843039142135,0.7846165034208545,82.35294117647058,2.3208718984612773
hard_s1,hard,ica,4_bölge,mean,argmax,ica|forehead+left_cheek+right_cheek+full|mean|argmax,13.756391449919729,21.863643683686192,17.927407236352362,0.11950865025880618,41.17647058823529,8.92290927808125
hard_s1,hard,ica,4_bölge,mean,viterbi,ica|forehead+left_cheek+right_cheek+full|mean|viterbi+ma,5.272336594871464,7.199682594908568,6.77701754836695,-0.3249127955172959,62.745098039215684,0.05148535078561167
hard_s1,hard,ica,4_bölge,snr,argmax,ica|forehead+left_cheek+right_cheek+full|snr|argmax,6.775542746979807,11.984973919039739,8.878314579201032,0.1839103148815922,72.54901960784314,2.0398094111404106
hard_s1,hard,ica,4_bölge,snr,viterbi,ica|forehead+left_cheek+right_cheek+full|snr|viterbi+ma,1.8396751742699724,2.3005431118947484,2.401645522327385,0.8977000412664324,96.07843137254902,0.4790939532001346
hard_s1,hard,chrom,alın,mean,argmax,chrom|forehead|mean|argmax,25.82872992284589,31.84682897573193,32.969960840225255,-0.2144134883233991,15.686274509803921,2.3289561204314992
hard_s1,hard,chrom,alın,mean,viterbi,chrom|forehead|mean|viterbi+ma,17.571150187966158,19.80279726006784,22.23232977696306,-0.4445806746312018,11.76470588235294,17.57115018796616
hard_s1,hard,chrom,yanaklar,mean,argmax,chrom|left_cheek+right_cheek|mean|argmax,35.38913999820569,46.31925618272511,45.82235603682719,-0.10794970317599775,35.294117647058826,31.918480827095948
hard_s1,hard,chrom,yanaklar,mean,viterbi,chrom|left_cheek+right_cheek|mean|viterbi+ma,47.38559963253042,53.21652158077881,61.96026832572541,-0.6576254585900214,1.9607843137254901,47.38559963253043
hard_s1,hard,chrom,yanaklar,snr,argmax,chrom|left_cheek+right_cheek|snr|argmax,16.180950076613847,24.78044700401237,20.643606280984645,0.35648809713897245,33.33333333333333,5.962977349438333
hard_s1,hard,chrom,yanaklar,snr,viterbi,chrom|left_cheek+right_cheek|snr|viterbi+ma,9.620383057570379,11.570480230365552,12.319078902211743,0.3456952074840544,31.372549019607842,9.620383057570379
hard_s1,hard,chrom,tüm_yüz,mean,argmax,chrom|full|mean|argmax,32.88478920925208,43.72240827225512,41.99194968414795,0.37087547134127263,21.568627450980394,25.46340412531562
hard_s1,hard,chrom,tüm_yüz,mean,viterbi,chrom|full|mean|viterbi+ma,7.433667463885613,9.220294829994087,9.556824942253504,0.45975994163065836,45.09803921568628,7.093018278391668
hard_s1,hard,chrom,alın+yanaklar,mean,argmax,chrom|forehead+left_cheek+right_cheek|mean|argmax,29.71997519423831,41.7724854497032,38.585968449018644,-0.09644480355369935,33.33333333333333,22.660339265170734
hard_s1,hard,chrom,alın+yanaklar,mean,viterbi,chrom|forehead+left_cheek+right_cheek|mean|viterbi+ma,8.253260548217606,9.747970106591037,10.64788139246617,0.597696601450234,35.294117647058826,8.253260548217611
hard_s1,hard,chrom,alın+yanaklar,snr,argmax,chrom|forehead+left_cheek+right_cheek|snr|argmax,12.327219536687158,16.993602646454022,15.660654183985645,-0.07609678365885124,37.254901960784316,9.563529649241943
hard_s1,hard,chrom,alın+yanaklar,snr,viterbi,chrom|forehead+left_cheek+right_cheek|snr|viterbi+ma,12.094114947439607,14.543296751458003,15.315219730477885,-0.1429330722492208,29.411764705882355,12.094114947439593
hard_s1,hard,chrom,4_bölge,mean,argmax,chrom|forehead+left_cheek+right_cheek+full|mean|argmax,29.2507370830796,40.72902434976766,37.74914721636163,0.10152497307686932,31.372549019607842,21.321906371136606
hard_s1,hard,chrom,4_bölge,mean,viterbi,chrom|forehead+left_cheek+right_cheek+full|mean|viterbi+ma,6.764540783314347,8.76934986973192,8.681340456998921,0.3653185521524887,52.94117647058824,6.138906722108345
hard_s1,hard,chrom,4_bölge,snr,argmax,chrom|forehead+left_cheek+right_cheek+full|snr|argmax,14.674603754383437,22.448424603465547,18.73833771111994,-0.11884607738678074,41.17647058823529,5.865623828919453
hard_s1,hard,chrom,4_bölge,snr,viterbi,chrom|forehead+left_cheek+right_cheek+full|snr|viterbi+ma,11.98042036643843,14.509709277883172,15.16226619148975,-0.1590847759055429,29.411764705882355,11.980420366438437
hard_s1,hard,pos,alın,mean,argmax,pos|forehead|mean|argmax,24.43238381409251,30.037341196164334,31.216356914232563,-0.27211480235085794,11.76470588235294,2.1715980841300677
hard_s1,hard,pos,alın,mean,viterbi,pos|forehead|mean|viterbi+ma,18.642209265791912,20.879654618198483,23.666411625666875,-0.2733735914130496,15.686274509803921,18.642209265791905
hard_s1,hard,pos,yanaklar,mean,argmax,pos|left_cheek+right_cheek|mean|argmax,28.647488085565637,43.46614334879328,36.463159950962876,0.35759952070431095,54.90196078431373,24.98193694583904
hard_s1,hard,pos,yanaklar,mean,viterbi,pos|left_cheek+right_cheek|mean|viterbi+ma,2.05116139063593,2.308504364979378,2.652172849364321,0.8653072814638625,100.0,0.16475432043303329
hard_s1,hard,pos,yanaklar,snr,argmax,pos|left_cheek+right_cheek|snr|argmax,19.71887974536137,34.75164328595706,25.39350761254509,0.21459031788766184,58.82352941176471,14.891752189719071
hard_s1,hard,pos,yanaklar,snr,viterbi,pos|left_cheek+right_cheek|snr|viterbi+ma,6.0906191506925795,9.278242760395763,8.067023039555304,-0.11926133595182112,68.62745098039215,4.95874440496101
hard_s1,hard,pos,tüm_yüz,mean,argmax,pos|full|mean|argmax,18.778640256130245,37.402253848523465,24.348305801189944,0.0055310187850021,76.47058823529412,17.031849745345184
hard_s1,hard,pos,tüm_yüz,mean,viterbi,pos|full|mean|viterbi+ma,1.8347970456915264,2.2356184373364476,2.3745240269099073,0.8596672517089856,98.0392156862745,0.17199058557406488
hard_s1,hard,pos,alın+yanaklar,mean,argmax,pos|forehead+left_cheek+right_cheek|mean|argmax,28.53704337727069,40.08288796418272,36.74949749165371,0.07447831171674503,43.13725490196079,21.929812884796803
hard_s1,hard,pos,alın+yanaklar,mean,viterbi,pos|forehead+left_cheek+right_cheek|mean|viterbi+ma,5.050354393162584,7.843394514958298,6.698079233783025,-0.10894170346460544,76.47058823529412,3.474879530978356
hard_s1,hard,pos,alın+yanaklar,snr,argmax,pos|forehead+left_cheek+right_cheek|snr|argmax,17.482683292554455,28.150185762312383,22.70115780719658,-0.05182045144902164,49.01960784313725,3.5778250962851246
hard_s1,hard,pos,alın+yanaklar,snr,viterbi,pos|forehead+left_cheek+right_cheek|snr|viterbi+ma,6.176967836023643,9.679941396371655,8.06781568968174,0.6105962407997939,70.58823529411765,5.1692747776473595
hard_s1,hard,pos,4_bölge,mean,argmax,pos|forehead+left_cheek+right_cheek+full|mean|argmax,25.59199327209019,39.66332643126539,32.85087304351046,0.14782248447317187,54.90196078431373,20.432048896487956
hard_s1,hard,pos,4_bölge,mean,viterbi,pos|forehead+left_cheek+right_cheek+full|mean|viterbi+ma,2.0236233449186654,2.3665366846757694,2.6161577542839,0.8588923010754365,100.0,0.19436133173607573
hard_s1,hard,pos,4_bölge,snr,argmax,pos|forehead+left_cheek+right_cheek+full|snr|argmax,11.063445001025002,23.40303514614462,14.386060672048082,-0.07243351139266124,76.47058823529412,5.055898926089
hard_s1,hard,pos,4_bölge,snr,viterbi,pos|forehead+left_cheek+right_cheek+full|snr|viterbi+ma,1.8241786821717638,2.1573201476034773,2.3595323833523114,0.8733063424736176,100.0,0.21006344008880262
hard_s1,hard,lgi,alın,mean,argmax,lgi|forehead|mean|argmax,27.072487590795454,34.29569868054991,34.84133300873108,-0.31235639781342045,11.76470588235294,3.011233711094306
hard_s1,hard,lgi,alın,mean,viterbi,lgi|forehead|mean|viterbi+ma,18.651710362881108,20.94825553607238,23.684798987983967,-0.25320538990270997,11.76470588235294,18.65171036288111
hard_s1,hard,lgi,yanaklar,mean,argmax,lgi|left_cheek+right_cheek|mean|argmax,26.603233766324752,30.485590702006366,34.597020020172906,-0.1747506734228106,1.9607843137254901,24.643001866098018
hard_s1,hard,lgi,yanaklar,mean,viterbi,lgi|left_cheek+right_cheek|mean|viterbi+ma,27.16034870969928,29.204011756770466,35.45670826296258,-0.6990072054473313,0.0,27.160348709699278
hard_s1,hard,lgi,yanaklar,snr,argmax,lgi|left_cheek+right_cheek|snr|argmax,21.00411877258036,26.147106572740963,27.226960915632613,0.054043835457447134,9.803921568627452,16.803267601453143
hard_s1,hard,lgi,yanaklar,snr,viterbi,lgi|left_cheek+right_cheek|snr|viterbi+ma,27.06759784060495,29.137837476179563,35.34075353565824,-0.7005839027101963,0.0,27.067597840604932
hard_s1,hard,lgi,tüm_yüz,mean,argmax,lgi|full|mean|argmax,26.818246206194612,31.345874586420017,34.839946774769615,0.020358385257211925,0.0,22.232929599242112
hard_s1,hard,lgi,tüm_yüz,mean,viterbi,lgi|full|mean|viterbi+ma,27.167716725998332,29.22210503670222,35.46724340590407,-0.6980808814411258,0.0,27.167716725998304
hard_s1,hard,lgi,alın+yanaklar,mean,argmax,lgi|forehead+left_cheek+right_cheek|mean|argmax,26.103065532439878,30.286978172523227,33.935208278937836,-0.13881997325545445,1.9607843137254901,23.848972765552205
hard_s1,hard,lgi,alın+yanaklar,mean,viterbi,lgi|forehead+left_cheek+right_cheek|mean|viterbi+ma,27.174229578190364,29.217618524792904,35.47518319621124,-0.7005210092879901,0.0,27.174229578190364
hard_s1,hard,lgi,alın+yanaklar,snr,argmax,lgi|forehead+left_cheek+right_cheek|snr|argmax,18.060924747337964,21.174004956971967,23.27882930317896,-0.16667181387447827,13.725490196078432,4.419479954652715
hard_s1,hard,lgi,alın+yanaklar,snr,viterbi,lgi|forehead+left_cheek+right_cheek|snr|viterbi+ma,14.972502638639446,16.678611473875467,18.91986886507992,-0.5323701080637344,13.725490196078432,14.972502638639448
hard_s1,hard,lgi,4_bölge,mean,argmax,lgi|forehead+left_cheek+right_cheek+full|mean|argmax,26.503151490435844,30.738038982012007,34.44766505612715,-0.13000613896339647,1.9607843137254901,23.69847276992229
hard_s1,hard,lgi,4_bölge,mean,viterbi,lgi|forehead+left_cheek+right_cheek+full|mean|viterbi+ma,27.173776873378774,29.21958082252948,35.474674449951515,-0.6998727594268228,0.0,27.173776873378756
hard_s1,hard,lgi,4_bölge,snr,argmax,lgi|forehead+left_cheek+right_cheek+full|snr|argmax,18.0783596523673,21.219996161008872,23.233362844961448,-0.003038597530295938,11.76470588235294,4.633189805009465
hard_s1,hard,lgi,4_bölge,snr,viterbi,lgi|forehead+left_cheek+right_cheek+full|snr|viterbi+ma,13.228958150979588,14.374130375330687,16.81546547680685,0.8689714790158508,9.803921568627452,4.351593254431393
hard_s2,hard,green,alın,mean,argmax,green|forehead|mean|argmax,33.93579058496106,38.530913195027,44.62405130205114,0.2939775951747245,1.9607843137254901,29.78735997234037
hard_s2,hard,green,alın,mean,viterbi,green|forehead|mean|viterbi+ma,37.56608003459418,39.629765222679794,49.76605327894579,0.4249385673052482,0.0,37.56608003459421
hard_s2,hard,green,yanaklar,mean,argmax,green|left_cheek+right_cheek|mean|argmax,21.520469927860862,25.28449731045711,28.394509215277708,0.2856241706526297,15.686274509803921,18.363376526599723
hard_s2,hard,green,yanaklar,mean,viterbi,green|left_cheek+right_cheek|mean|viterbi+ma,14.39705280730328,17.67738136153469,18.505970711071498,0.771923738056519,25.49019607843137,14.392832258576547
hard_s2,hard,green,yanaklar,snr,argmax,green|left_cheek+right_cheek|snr|argmax,24.275162882858847,27.389993991846193,32.16403119463848,0.14343670609057013,5.88235294117647,18.6591629275172
hard_s2,hard,green,yanaklar,snr,viterbi,green|left_cheek+right_cheek|snr|viterbi+ma,35.61701140726783,36.45848075441343,47.49854440878181,0.3624856521698817,0.0,35.61701140726784
hard_s2,hard,green,tüm_yüz,mean,argmax,green|full|mean|argmax,23.208832963309597,27.030393866363593,30.747420896012795,0.24785533973686213,13.725490196078432,20.797952161698618
hard_s2,hard,green,tüm_yüz,mean,viterbi,green|full|mean|viterbi+ma,20.852047137949025,25.19008483990695,28.195394590212697,0.164727606426931,17.647058823529413,20.851033639214734
hard_s2,hard,green,alın+yanaklar,mean,argmax,green|forehead+left_cheek+right_cheek|mean|argmax,22.069446586309013,25.586936677954938,29.099235160723225,0.29423296650197994,13.725490196078432,18.92830696750144
hard_s2,hard,green,alın+yanaklar,mean,viterbi,green|forehead+left_cheek+right_cheek|mean|viterbi+ma,14.429878623346221,17.664986159607984,18.550101369154845,0.7741314117204368,25.49019607843137,14.42647968556119
hard_s2,hard,green,alın+yanaklar,snr,argmax,green|forehead+left_cheek+right_cheek|snr|argmax,26.663994779246636,30.541264433764464,35.47695636432999,0.021727517724466645,3.9215686274509802,19.307699137689383
hard_s2,hard,green,alın+yanaklar,snr,viterbi,green|forehead+left_cheek+right_cheek|snr|viterbi+ma,30.9495167207804,32.51220646150776,41.871936737665266,-0.212035688729911,0.0,30.94951672078041
hard_s2,hard,green,4_bölge,mean,argmax,green|forehead+left_cheek+right_cheek+full|mean|argmax,22.05246678887659,25.568755756372944,29.074897082677957,0.295376026061937,13.725490196078432,18.921277763511142
hard_s2,hard,green,4_bölge,mean,viterbi,green|forehead+left_cheek+right_cheek+full|mean|viterbi+ma,15.651318777547598,18.43471567202845,20.132816947044315,0.7967599427410904,17.647058823529413,15.64853671064671
hard_s2,hard,green,4_bölge,snr,argmax,green|forehead+left_cheek+right_cheek+full|snr|argmax,24.797861688513873,28.226982556581017,32.813525847269716,0.15380481393695547,5.88235294117647,19.104796592008825
hard_s2,hard,green,4_bölge,snr,viterbi,green|forehead+left_cheek+right_cheek+full|snr|viterbi+ma,29.25433178073383,30.42894260985357,39.340867615969174,0.17351202341331734,0.0,29.254331780733835
hard_s2,hard,ica,alın,mean,argmax,ica|forehead|mean|argmax,24.984585131781145,30.382434825783392,32.8215906379943,0.21660468669649946,17.647058823529413,20.31376788004684
hard_s2,hard,ica,alın,mean,viterbi,ica|forehead|mean|viterbi+ma,11.74865404422184,14.180267452718853,16.046660310857327,0.08247333530497364,27.450980392156865,5.898358090066196
hard_s2,hard,ica,yanaklar,mean,argmax,ica|left_cheek+right_cheek|mean|argmax,11.167354424025035,22.814723894803755,16.6664466764295,-0.6310952942391976,72.54901960784314,7.648575529836691
hard_s2,hard,ica,yanaklar,mean,viterbi,ica|left_cheek+right_cheek|mean|viterbi+ma,1.1984739190206557,1.6079526434084155,1.5559415855854748,0.9773027705633132,100.0,0.07318430280722055
hard_s2,hard,ica,yanaklar,snr,argmax,ica|left_cheek+right_cheek|snr|argmax,22.346343555926683,27.308218754634748,30.33367381520509,-0.23844676050945968,11.76470588235294,15.893195745478295
hard_s2,hard,ica,yanaklar,snr,viterbi,ica|left_cheek+right_cheek|snr|viterbi+ma,14.523652573945853,20.4589567264689,20.88489893894504,-0.8347154863028501,35.294117647058826,13.388339728329711
hard_s2,hard,ica,tüm_yüz,mean,argmax,ica|full|mean|argmax,17.159405035324852,30.809804069148225,23.32680988887782,0.07879606037395198,70.58823529411765,16.289425143975294
hard_s2,hard,ica,tüm_yüz,mean,viterbi,ica|full|mean|viterbi+ma,1.3095253890285545,1.6641735186508484,1.673265384843244,0.9734927634959513,100.0,0.011016135327068355
hard_s2,hard,ica,alın+yanaklar,mean,argmax,ica|forehead+left_cheek+right_cheek|mean|argmax,15.917045824644386,21.87260022742893,21.14550180960473,0.19174207510074265,41.17647058823529,11.234579972196471
hard_s2,hard,ica,alın+yanaklar,mean,viterbi,ica|forehead+left_cheek+right_cheek|mean|viterbi+ma,13.633346060532581,19.390009384644777,18.697577998527294,-0.917637183969098,49.01960784313725,0.9410899816257796
hard_s2,hard,ica,alın+yanaklar,snr,argmax,ica|forehead+left_cheek+right_cheek|snr|argmax,17.974627394798404,22.281794853187712,24.085594435820802,-0.047141054118358575,17.647058823529413,11.449295952265459
hard_s2,hard,ica,alın+yanaklar,snr,viterbi,ica|forehead+left_cheek+right_cheek|snr|viterbi+ma,5.4586917849927445,7.1366805332166825,7.65660571428929,0.49084779278538276,58.82352941176471,3.895249340430965
hard_s2,hard,ica,4_bölge,mean,argmax,ica|forehead+left_cheek+right_cheek+full|mean|argmax,28.24406313566534,32.059037326533975,37.4878609241935,0.14727918386039304,9.803921568627452,23.95277711697831
hard_s2,hard,ica,4_bölge,mean,viterbi,ica|forehead+left_cheek+right_cheek+full|mean|viterbi+ma,39.953694305729925,40.82536003641809,53.32671791664117,0.23560528548824206,0.0,39.953694305729925
hard_s2,hard,ica,4_bölge,snr,argmax,ica|forehead+left_cheek+right_cheek+full|snr|argmax,11.315764856479728,23.175154738172683,16.16503478593368,-0.2793398206673162,72.54901960784314,6.95882450079057
hard_s2,hard,ica,4_bölge,snr,viterbi,ica|forehead+left_cheek+right_cheek+full|snr|viterbi+ma,1.1938543266406998,1.7122411588288917,1.5255451533579762,0.9697543741812693,94.11764705882352,0.33017102448462765
hard_s2,hard,chrom,alın,mean,argmax,chrom|forehead|mean|argmax,30.754920489208118,38.13259506441212,39.93292713271167,0.06870579006670961,5.88235294117647,12.554120926374893
hard_s2,hard,chrom,alın,mean,viterbi,chrom|forehead|mean|viterbi+ma,17.20188124594937,19.956486531620897,21.884208505834124,0.0016489349882329205,5.88235294117647,17.201881245949366
hard_s2,hard,chrom,yanaklar,mean,argmax,chrom|left_cheek+right_cheek|mean|argmax,33.97726862992992,38.2971234136051,45.21923485467305,-0.24155277091696176,7.8431372549019605,24.12643694379632
hard_s2,hard,chrom,yanaklar,mean,viterbi,chrom|left_cheek+right_cheek|mean|viterbi+ma,25.292083746026197,30.19893103148959,34.64177621012791,-0.867116602480443,13.725490196078432,11.809895579147422
hard_s2,hard,chrom,yanaklar,snr,argmax,chrom|left_cheek+right_cheek|snr|argmax,27.692894085986996,32.645947641647716,36.76832214693047,-0.23203302861352823,11.76470588235294,15.718424866705405
hard_s2,hard,chrom,yanaklar,snr,viterbi,chrom|left_cheek+right_cheek|snr|viterbi+ma,26.60337693933627,30.626350315819582,36.264962513275755,-0.8375303826838055,13.725490196078432,12.803686568919957
hard_s2,hard,chrom,tüm_yüz,mean,argmax,chrom|full|mean|argmax,36.543626475254655,39.923636832065114,49.23945912862193,-0.561353416305011,7.8431372549019605,23.46543418336202
hard_s2,hard,chrom,tüm_yüz,mean,viterbi,chrom|full|mean|viterbi+ma,50.50186686052835,50.877115983617905,66.70470540312868,0.7069844488844422,0.0,50.50186686052835
hard_s2,hard,chrom,alın+yanaklar,mean,argmax,chrom|forehead+left_cheek+right_cheek|mean|argmax,36.99484264197621,40.99361146670214,49.361758098033505,-0.18423779156290027,9.803921568627452,31.196708602488982
hard_s2,hard,chrom,alın+yanaklar,mean,viterbi,chrom|forehead+left_cheek+right_cheek|mean|viterbi+ma,32.35131434134979,37.35930508012853,44.32867085590502,-0.6988561260424108,11.76470588235294,24.240126791199472
hard_s2,hard,chrom,alın+yanaklar,snr,argmax,chrom|forehead+left_cheek+right_cheek|snr|argmax,25.932074053063456,31.329973289423286,34.01284075239368,-0.1720670006865437,13.725490196078432,8.664803142696272
hard_s2,hard,chrom,alın+yanaklar,snr,viterbi,chrom|forehead+left_cheek+right_cheek|snr|viterbi+ma,27.472993153972283,33.72057214707316,37.76576125218735,-0.8718058581133431,21.568627450980394,12.269968246484268
hard_s2,hard,chrom,4_bölge,mean,argmax,chrom|forehead+left_cheek+right_cheek+full|mean|argmax,37.55212534963576,41.249513208741455,50.09570139110902,-0.2428863801873933,9.803921568627452,28.925806023889507
hard_s2,hard,chrom,4_bölge,mean,viterbi,chrom|forehead+left_cheek+right_cheek+full|mean|viterbi+ma,32.45211380371489,37.43054044934027,44.45556272271696,-0.7000002682545083,11.76470588235294,24.16698135289832
hard_s2,hard,chrom,4_bölge,snr,argmax,chrom|forehead+left_cheek+right_cheek+full|snr|argmax,31.117046037819716,36.209470091146194,41.40072357402491,-0.31638690002141057,13.725490196078432,16.210072333295884
hard_s2,hard,chrom,4_bölge,snr,viterbi,chrom|forehead+left_cheek+right_cheek+full|snr|viterbi+ma,27.21934290220222,33.5426091785279,37.46123154013458,-0.8695673343771702,21.568627450980394,12.55720635463355
hard_s2,hard,pos,alın,mean,argmax,pos|forehead|mean|argmax,21.617010126024052,27.93427203771847,28.235218269320438,0.06486817234527444,15.686274509803921,11.288853311559436
hard_s2,hard,pos,alın,mean,viterbi,pos|forehead|mean|viterbi+ma,13.498753852896966,16.259128566240165,18.28853048604955,0.05882606026165472,23.52941176470588,5.326633211163539
hard_s2,hard,pos,yanaklar,mean,argmax,pos|left_cheek+right_cheek|mean|argmax,4.298758724978072,13.264264048389085,6.301071433810303,0.5001329469022021,84.31372549019608,0.22886169533967404
hard_s2,hard,pos,yanaklar,mean,viterbi,pos|left_cheek+right_cheek|mean|viterbi+ma,1.0631244350571176,1.3355130885083433,1.4251619325561649,0.9839150465886357,100.0,0.07556234538625972
hard_s2,hard,pos,yanaklar,snr,argmax,pos|left_cheek+right_cheek|snr|argmax,2.5965583010585873,4.628300322038703,3.729756471860031,0.9290374806046764,86.27450980392157,0.9315983448461225
hard_s2,hard,pos,yanaklar,snr,viterbi,pos|left_cheek+right_cheek|snr|viterbi+ma,1.0959082107656033,1.352631793510433,1.4604742195739284,0.9841397706564687,100.0,0.12676984160044924
hard_s2,hard,pos,tüm_yüz,mean,argmax,pos|full|mean|argmax,8.62269988901333,24.587612783420724,10.702881043149866,0.48155341080101094,88.23529411764706,8.000176518254904
hard_s2,hard,pos,tüm_yüz,mean,viterbi,pos|full|mean|viterbi+ma,0.8435683776912026,1.1524454082635973,1.0960175299754336,0.987474782447841,100.0,0.08998440447183498
hard_s2,hard,pos,alın+yanaklar,mean,argmax,pos|forehead+left_cheek+right_cheek|mean|argmax,4.729929386361294,9.492704752618371,6.658079483122391,0.7533545986867003,76.47058823529412,0.5408599239116256
hard_s2,hard,pos,alın+yanaklar,mean,viterbi,pos|forehead+left_cheek+right_cheek|mean|viterbi+ma,2.767420476739409,4.722862404322046,4.022582869986755,0.9570268763140459,84.31372549019608,1.634115582536623
hard_s2,hard,pos,alın+yanaklar,snr,argmax,pos|forehead+left_cheek+right_cheek|snr|argmax,5.1437429952017,9.378514403068896,7.299641159658242,0.4973427448822526,78.43137254901961,2.26932976091247
hard_s2,hard,pos,alın+yanaklar,snr,viterbi,pos|forehead+left_cheek+right_cheek|snr|viterbi+ma,1.2704717286345157,1.5433155001895746,1.6889191707228384,0.9806307730566082,100.0,0.19363668998515493
hard_s2,hard,pos,4_bölge,mean,argmax,pos|forehead+left_cheek+right_cheek+full|mean|argmax,5.1290555981936095,11.59232593396629,7.146246515082098,0.6415635222113373,78.43137254901961,1.0388676831926489
hard_s2,hard,pos,4_bölge,mean,viterbi,pos|forehead+left_cheek+right_cheek+full|mean|viterbi+ma,1.1109385416459017,1.374409536794508,1.4769024153321817,0.9830002959685842,100.0,0.029761769673683602
hard_s2,hard,pos,4_bölge,snr,argmax,pos|forehead+left_cheek+right_cheek+full|snr|argmax,3.6711233134092143,12.710443725547318,5.114629047615396,0.3569632171764799,92.15686274509804,2.9026184051970034
hard_s2,hard,pos,4_bölge,snr,viterbi,pos|forehead+left_cheek+right_cheek+full|snr|viterbi+ma,0.9795222769715796,1.2604116889170471,1.2763175096781363,0.9858797971330698,100.0,0.16823922140380887
hard_s2,hard,lgi,alın,mean,argmax,lgi|forehead|mean|argmax,34.7095582138163,42.59475643810316,45.82123363017672,-0.14988239867047293,9.803921568627452,21.426689540918815
hard_s2,hard,lgi,alın,mean,viterbi,lgi|forehead|mean|viterbi+ma,12.034238279972968,14.887689095451483,16.431906185341077,0.21447433672603847,21.568627450980394,9.717285141453956
hard_s2,hard,lgi,yanaklar,mean,argmax,lgi|left_cheek+right_cheek|mean|argmax,23.271841834386105,27.700857289018273,31.02305166473562,0.057201636037750865,5.88235294117647,19.769055546612265
hard_s2,hard,lgi,yanaklar,mean,viterbi,lgi|left_cheek+right_cheek|mean|viterbi+ma,42.841232812518065,44.5302484823804,57.774980993088434,-0.5135585722274593,0.0,42.84123281251806
hard_s2,hard,lgi,yanaklar,snr,argmax,lgi|left_cheek+right_cheek|snr|argmax,21.467127208239866,26.957036095084806,28.87273313127824,-0.03276935300693497,19.607843137254903,18.105785396749823
hard_s2,hard,lgi,yanaklar,snr,viterbi,lgi|left_cheek+right_cheek|snr|viterbi+ma,5.718577941134813,7.503629759427875,7.984755121815692,0.503977460114281,52.94117647058824,4.338127956728357
hard_s2,hard,lgi,tüm_yüz,mean,argmax,lgi|full|mean|argmax,27.936347198655167,33.15529023929588,37.25695837403178,0.028612377448637476,5.88235294117647,24.933400059894836
hard_s2,hard,lgi,tüm_yüz,mean,viterbi,lgi|full|mean|viterbi+ma,42.012782864376284,43.758075665232916,56.700539245173175,-0.5197099179788762,0.0,42.012782864376305
hard_s2,hard,lgi,alın+yanaklar,mean,argmax,lgi|forehead+left_cheek+right_cheek|mean|argmax,27.45028747854991,32.29550583021777,36.52832182397023,0.0379191364499713,3.9215686274509802,24.690972745679602
hard_s2,hard,lgi,alın+yanaklar,mean,viterbi,lgi|forehead+left_cheek+right_cheek|mean|viterbi+ma,42.81164296557241,44.50539061160354,57.73702981114942,-0.5136571325228486,0.0,42.811642965572375
hard_s2,hard,lgi,alın+yanaklar,snr,argmax,lgi|forehead+left_cheek+right_cheek|snr|argmax,22.374351205054086,27.393241799445953,29.930233141383006,-0.4228508488214323,13.725490196078432,10.299040710200515
hard_s2,hard,lgi,alın+yanaklar,snr,viterbi,lgi|forehead+left_cheek+right_cheek|snr|viterbi+ma,9.380571064586833,10.890412220004144,12.3485500403808,-0.7662778604047799,27.450980392156865,3.351728223860377
hard_s2,hard,lgi,4_bölge,mean,argmax,lgi|forehead+left_cheek+right_cheek+full|mean|argmax,26.765857216708447,31.598436261921577,35.65408512072719,0.029446668738878863,3.9215686274509802,23.996938484492887
hard_s2,hard,lgi,4_bölge,mean,viterbi,lgi|forehead+left_cheek+right_cheek+full|mean|viterbi+ma,42.79439741070402,44.48836898037974,57.716165046241585,-0.5166360653950867,0.0,42.79439741070401
hard_s2,hard,lgi,4_bölge,snr,argmax,lgi|forehead+left_cheek+right_cheek+full|snr|argmax,23.79726195650497,28.152032134483303,31.762838419669492,-0.3363595744766155,9.803921568627452,13.536241011227034
hard_s2,hard,lgi,4_bölge,snr,viterbi,lgi|forehead+left_cheek+right_cheek+full|snr|viterbi+ma,9.267712392543483,10.833121790366855,12.209334638296891,-0.3635397935906788,25.49019607843137,0.8864030863749264
