source,video,ok_frac,snr_med,agree_frac,agree_ok_frac,r0,lag_best,r_best,lag_pos,r_pos,keep
mcd,1156_FullHDwebcam_after,0.9763313609467456,3.5093869567256313,0.8888888888888888,0.875,-0.3548372710671202,22,-0.43647485258917756,8,0.35452500354409194,1
mcd,1156_FullHDwebcam_before,0.9763313609467456,7.157515400482559,1.0,1.0,-0.6110638251322916,-5,-0.6358992925917502,-21,0.6335500771696801,1
mcd,1156_IriunWebcam_after,0.9763313609467456,3.6484827880627897,0.3888888888888889,0.3125,0.16548253411214306,25,0.20885359552732363,25,0.20885359552732363,1
mcd,1156_IriunWebcam_before,0.975609756097561,7.2542524506644295,0.6111111111111112,0.6111111111111112,0.3787066994155671,-24,0.39758594557710475,-24,0.39758594557710475,1
mcd,1176_FullHDwebcam_after,0.9763313609467456,6.7877152468459006,0.7222222222222222,0.7222222222222222,-0.40486509624646033,-13,0.510761849109138,-13,0.510761849109138,1
mcd,1176_FullHDwebcam_before,0.9763313609467456,10.094242266647193,0.8888888888888888,0.8888888888888888,-0.4976878645480521,-1,-0.4976878645480521,6,0.48846406516047963,1
mcd,1176_IriunWebcam_after,0.9763313609467456,6.669719979083704,0.2777777777777778,0.2777777777777778,0.3538839192264574,3,0.3538839192264574,3,0.3538839192264574,1
mcd,1176_IriunWebcam_before,0.9763313609467456,10.20976581760791,0.6666666666666666,0.6666666666666666,0.42279948064422407,3,0.42279948064422407,3,0.42279948064422407,1
mcd,1176_USBVideo_after,0.975609756097561,6.688741270865688,0.2777777777777778,0.2777777777777778,0.23589361414423335,25,-0.295344048343306,15,0.24547760400741633,1
mcd,1176_USBVideo_before,0.9763313609467456,10.12738870218361,0.0,0.0,0.22393728255643996,-2,0.22393728255643996,-2,0.22393728255643996,1
mcd,1180_FullHDwebcam_after,0.9763313609467456,4.636546219736397,1.0,1.0,-0.598934222204353,-2,-0.598934222204353,7,0.5564739845534408,1
mcd,1180_FullHDwebcam_before,0.9763313609467456,5.2496207496106315,0.9444444444444444,0.9411764705882353,-0.6530387482610897,-1,-0.6530387482610897,8,0.5620814288444959,1
mcd,1180_IriunWebcam_after,0.9763313609467456,4.520892110070846,0.4444444444444444,0.4444444444444444,0.1805254362670112,24,0.26900155862108577,24,0.26900155862108577,1
mcd,1180_IriunWebcam_before,0.9770540340488527,5.209442464698206,0.2777777777777778,0.29411764705882354,0.17361953718371065,10,-0.2103373787236181,21,0.19354623638978682,1
mcd,1181_FullHDwebcam_after,0.8431952662721893,4.743887226839215,0.2777777777777778,0.3333333333333333,0.32006398527063146,4,0.32006398527063146,4,0.32006398527063146,1
mcd,1181_FullHDwebcam_before,0.7544378698224852,4.334050824280768,0.2777777777777778,0.4166666666666667,-0.3188049616214052,-4,-0.3188049616214052,5,0.3096679339031137,1
mcd,1181_IriunWebcam_after,0.8425720620842572,4.418044630618823,0.0,0.0,0.1720980451572888,12,-0.19335471139747276,5,0.1737112018299141,1
mcd,1181_IriunWebcam_before,0.753880266075388,4.152467366214763,0.0,0.0,0.06578923337773723,17,-0.09258324138562048,-19,0.09233770752248673,1
mcd,1181_USBVideo_after,0.8431952662721893,4.649676942422206,0.0,0.0,0.1755840056319633,17,0.21761773020737327,17,0.21761773020737327,1
mcd,1181_USBVideo_before,0.753880266075388,4.313628251957635,0.2222222222222222,0.16666666666666666,0.3123266721507432,-9,-0.342849856582929,-19,0.3198203988537876,1
mcd,1213_FullHDwebcam_after,0.9763313609467456,4.922505703734601,0.2222222222222222,0.2222222222222222,-0.533184523137224,-2,-0.533184523137224,8,0.45410228834274224,1
mcd,1213_FullHDwebcam_before,0.9763313609467456,7.223992413983854,0.8888888888888888,0.8888888888888888,-0.6470190401537022,-1,-0.6470190401537022,-14,0.5440891405387248,1
mcd,1213_IriunWebcam_after,0.975609756097561,4.888462264347831,0.1111111111111111,0.1111111111111111,0.22975428196815778,-6,-0.23753676424724188,-20,0.23642888156753875,1
mcd,1213_IriunWebcam_before,0.975609756097561,7.196035195307539,0.6111111111111112,0.6111111111111112,0.47914271561634864,3,0.47914271561634864,3,0.47914271561634864,1
mcd,1213_USBVideo_after,0.9763313609467456,4.777474927286269,0.05555555555555555,0.05555555555555555,0.37257164699112966,0,0.37257164699112966,0,0.37257164699112966,1
mcd,1213_USBVideo_before,0.9763313609467456,7.321433222956649,0.4444444444444444,0.4444444444444444,0.3463139908708163,10,-0.36385156100268207,-1,0.3463139908708163,1
mcd,1217_FullHDwebcam_after,0.9763313609467456,10.721250699241136,1.0,1.0,-0.6831172467343487,-1,-0.6831172467343487,-16,0.5767250575797055,1
mcd,1217_FullHDwebcam_before,0.9763313609467456,10.503676755827644,1.0,1.0,-0.7645773549251579,27,-0.7675829446100716,-17,0.6597296141100197,1
mcd,1217_IriunWebcam_after,0.9770540340488527,10.741711352799799,1.0,1.0,0.5845724834436868,-7,-0.6804143163701806,6,0.6198161817646349,1
mcd,1217_IriunWebcam_before,0.9763313609467456,10.530233863223575,0.8333333333333334,0.8333333333333334,0.43288590963068346,-8,-0.46180040524436505,-24,0.4362574693268446,1
mcd,1217_USBVideo_after,0.975609756097561,10.686800845612709,0.9444444444444444,0.9444444444444444,0.5318280064073795,-27,0.5452689791473072,-27,0.5452689791473072,1
mcd,1217_USBVideo_before,0.975609756097561,10.464096544217753,1.0,1.0,0.574759570887347,15,-0.6049973804144045,29,0.57799254032114,1
mcd,1234_FullHDwebcam_after,0.9763313609467456,5.366714769129555,0.7777777777777778,0.7777777777777778,-0.5616150981748481,-3,-0.5616150981748481,6,0.545337880820834,1
mcd,1234_FullHDwebcam_before,0.9763313609467456,6.665455083217273,1.0,1.0,-0.5929728624029829,-5,-0.5967405637067377,6,0.5913220304043445,1
mcd,1234_IriunWebcam_after,0.975609756097561,5.087585337849854,0.4444444444444444,0.4444444444444444,0.25747573653896105,-20,0.3170239286191337,-20,0.3170239286191337,1
mcd,1234_IriunWebcam_before,0.975609756097561,6.397324079268145,0.5555555555555556,0.5555555555555556,0.3263640171923292,17,-0.3771887778794041,3,0.3263640171923292,1
mcd,1234_USBVideo_after,0.9763313609467456,4.995610974607039,0.6111111111111112,0.6111111111111112,0.4280010528407403,1,0.4280010528407403,1,0.4280010528407403,1
mcd,1234_USBVideo_before,0.9763313609467456,6.532333464661362,0.2222222222222222,0.2222222222222222,0.2739200302155628,-22,0.34949000737453656,-22,0.34949000737453656,1
mcd,1259_FullHDwebcam_after,0.7100591715976331,4.071219596273344,0.7222222222222222,0.8461538461538461,-0.41317579720372594,-2,-0.41317579720372594,-13,0.3308472235887659,1
mcd,1259_FullHDwebcam_before,0.9763313609467456,7.127993634096258,0.7222222222222222,0.7222222222222222,-0.5025536906223188,-2,-0.5025536906223188,-16,0.3499410861049838,1
mcd,1259_IriunWebcam_after,0.7100591715976331,3.571097234827742,0.3888888888888889,0.5384615384615384,0.27873088272717267,15,-0.29439082234952263,3,0.27873088272717267,1
mcd,1259_IriunWebcam_before,0.9763313609467456,7.059245297071398,0.7777777777777778,0.7777777777777778,0.43817098864363635,2,0.43817098864363635,2,0.43817098864363635,1
mcd,1259_USBVideo_after,0.7095343680709535,3.8104575652685355,0.16666666666666666,0.15384615384615385,0.1534091299601341,7,-0.20176805663949324,-3,0.1534091299601341,1
mcd,1259_USBVideo_before,0.9763313609467456,7.134992280488268,0.5555555555555556,0.5555555555555556,0.3708385383345863,-13,-0.42952101927361813,-3,0.3708385383345863,1
mcd,1266_FullHDwebcam_after,0.9763313609467456,8.337795932097396,0.8333333333333334,0.8333333333333334,-0.5744762796876273,-2,-0.5744762796876273,8,0.5183821391792871,1
mcd,1266_FullHDwebcam_before,0.9763313609467456,5.399360487937855,0.8888888888888888,0.875,-0.630772306083068,-5,-0.6713757475093731,6,0.5659663814506325,1
mcd,1266_IriunWebcam_after,0.975609756097561,8.236833136857996,0.05555555555555555,0.05555555555555555,0.1372885279669628,-21,0.17146611105097062,-21,0.17146611105097062,1
mcd,1266_IriunWebcam_before,0.975609756097561,5.245985950671804,0.5,0.47058823529411764,0.3736220781704719,-8,-0.38249351662637454,4,0.3736220781704719,1
mcd,1266_USBVideo_before,0.975609756097561,5.092639938389279,0.7777777777777778,0.875,0.594376288661186,0,0.594376288661186,0,0.594376288661186,1
mcd,1275_FullHDwebcam_after,0.9763313609467456,5.3567004871047486,0.5,0.5,-0.3340480821918785,17,-0.33834130498104614,8,0.33421204208480026,1
mcd,1275_FullHDwebcam_before,0.9763313609467456,6.663463994971076,0.5555555555555556,0.5555555555555556,-0.3625518444447908,7,0.38576100791242196,7,0.38576100791242196,1
mcd,1275_IriunWebcam_after,0.9763313609467456,5.350338426770904,0.3888888888888889,0.3888888888888889,-0.09764434574936921,-5,-0.10830251717014312,-12,0.10798606799396464,1
mcd,1275_IriunWebcam_before,0.975609756097561,6.584663008582927,0.0,0.0,-0.13885775672232822,-11,0.1521546448961699,-11,0.1521546448961699,1
mcd,1285_FullHDwebcam_after,0.9763313609467456,8.575595374818452,0.7222222222222222,0.7222222222222222,-0.5164798605805757,5,0.5344460824106775,5,0.5344460824106775,1
mcd,1285_FullHDwebcam_before,0.9763313609467456,6.755366411692066,0.7222222222222222,0.7222222222222222,-0.47908740701377955,6,0.48865759921734797,6,0.48865759921734797,1
mcd,1285_IriunWebcam_after,0.9763313609467456,8.539785857308885,0.05555555555555555,0.05555555555555555,-0.1853167309060255,-4,-0.1853167309060255,-12,0.1837113830604681,1
mcd,1285_IriunWebcam_before,0.9763313609467456,6.60145895978199,0.05555555555555555,0.05555555555555555,-0.13415833605203245,-22,-0.16326994758162391,-30,0.15147013087463546,1
mcd,1285_USBVideo_before,0.9763313609467456,6.5846122530348365,0.05555555555555555,0.05555555555555555,0.2651205693652421,7,-0.26793807620221644,-2,0.2651205693652421,1
mcd,1287_FullHDwebcam_after,0.9763313609467456,6.252079900913495,0.05555555555555555,0.05555555555555555,0.1429652719919063,12,-0.15280300001980332,4,0.1429652719919063,1
mcd,1287_FullHDwebcam_before,0.5769230769230769,4.842979058654743,0.0,0.0,0.05688768644359953,-27,0.2113055500148106,-27,0.2113055500148106,1
mcd,1287_IriunWebcam_after,0.9763313609467456,6.162669836064648,0.1111111111111111,0.1111111111111111,0.23763429321908472,4,0.23763429321908472,4,0.23763429321908472,1
mcd,1287_IriunWebcam_before,0.5769230769230769,4.855587825190222,0.3333333333333333,0.36363636363636365,0.09339461900942858,-26,0.2151029303558662,-26,0.2151029303558662,1
mcd,1287_USBVideo_after,0.9763313609467456,6.336316904726397,0.1111111111111111,0.1111111111111111,-0.17795517233603164,-23,0.2149990481618176,-23,0.2149990481618176,1
mcd,1287_USBVideo_before,0.5769230769230769,4.924695813700555,0.0,0.0,-0.0807124220180001,-29,-0.12793158023316464,-20,0.11208371964286026,1
mcd,1292_FullHDwebcam_after,0.9763313609467456,8.911738469439683,0.2222222222222222,0.2222222222222222,-0.39320829699475,-1,-0.39320829699475,7,0.3278495514114185,1
mcd,1292_FullHDwebcam_before,0.7544378698224852,3.188908142395416,0.9444444444444444,1.0,-0.603920521249276,-1,-0.603920521249276,8,0.455653848611101,1
mcd,1292_IriunWebcam_after,0.975609756097561,8.993128682536337,0.2222222222222222,0.2222222222222222,0.20313940999336838,3,0.20313940999336838,3,0.20313940999336838,1
mcd,1292_IriunWebcam_before,0.7544378698224852,3.2646754250472565,0.7222222222222222,0.7333333333333333,0.30408926260811275,16,-0.3186221723531227,3,0.30408926260811275,1
mcd,1292_USBVideo_after,0.9763313609467456,9.138787528385851,0.0,0.0,0.14012251331152215,16,0.15809426014029104,16,0.15809426014029104,1
mcd,1292_USBVideo_before,0.753880266075388,3.338670548382928,0.5555555555555556,0.6,0.30046720293473933,0,0.30046720293473933,0,0.30046720293473933,1
mcd,1298_FullHDwebcam_after,0.9763313609467456,5.541979261567462,0.2777777777777778,0.2777777777777778,-0.3023011812041851,-2,-0.3023011812041851,-14,0.23928163777914158,1
mcd,1298_FullHDwebcam_before,0.9763313609467456,7.828658134769466,0.1111111111111111,0.1111111111111111,-0.18270558638050105,-1,-0.18270558638050105,11,0.1327616961256102,1
mcd,1298_IriunWebcam_after,0.975609756097561,5.332538500416144,0.05555555555555555,0.05555555555555555,-0.18817610919752342,-25,-0.22794647835194928,-16,0.1980851541564031,1
mcd,1298_IriunWebcam_before,0.975609756097561,7.605248734788817,0.16666666666666666,0.16666666666666666,0.1719913959022573,-1,0.1719913959022573,-1,0.1719913959022573,1
mcd,1298_USBVideo_after,0.9763313609467456,5.544262273920855,0.16666666666666666,0.16666666666666666,0.1175413638651282,28,-0.18650237673877093,16,0.16969441395070434,1
mcd,1298_USBVideo_before,0.9763313609467456,7.8723150143518215,0.0,0.0,0.17131241850089773,19,0.22444264802604577,19,0.22444264802604577,1
mcd,1305_FullHDwebcam_after,0.9763313609467456,6.84624824760472,0.6666666666666666,0.6470588235294118,-0.507060757666182,6,0.51967922029678,6,0.51967922029678,1
mcd,1305_FullHDwebcam_before,0.9763313609467456,6.889725510895175,0.4444444444444444,0.4444444444444444,-0.3359652690655567,-20,-0.34485817152119436,23,0.3430211766844345,1
mcd,1305_IriunWebcam_after,0.975609756097561,6.827010294933279,0.05555555555555555,0.058823529411764705,0.06306290499310169,-22,-0.08432697006626404,19,0.08182809625404483,1
mcd,1305_IriunWebcam_before,0.975609756097561,6.7359101834021615,0.05555555555555555,0.05555555555555555,0.04474755192677139,26,-0.09254351630629509,18,0.08269484512691946,1
mcd,1314_FullHDwebcam_after,0.9763313609467456,11.189033265893439,0.9444444444444444,0.9444444444444444,-0.822428232094451,-1,-0.822428232094451,8,0.7410267842593464,1
mcd,1314_FullHDwebcam_before,0.9763313609467456,11.17855042214417,1.0,1.0,-0.8488812251790885,-2,-0.8488812251790885,7,0.8139300839957315,1
mcd,1314_IriunWebcam_after,0.975609756097561,11.062771367281012,0.6111111111111112,0.6111111111111112,0.4515408830641122,2,0.4515408830641122,2,0.4515408830641122,1
mcd,1314_IriunWebcam_before,0.975609756097561,11.040891021130403,0.7777777777777778,0.7777777777777778,0.4634759106720371,2,0.4634759106720371,2,0.4634759106720371,1
mcd,1314_USBVideo_after,0.9763313609467456,11.274916621909355,0.16666666666666666,0.16666666666666666,0.3451476311004311,-1,0.3451476311004311,-1,0.3451476311004311,1
mcd,1314_USBVideo_before,0.9763313609467456,11.164363661732112,0.4444444444444444,0.4444444444444444,0.43473560679371703,15,0.43548965114988164,15,0.43548965114988164,1
mcd,1360_FullHDwebcam_after,0.9763313609467456,6.312902045298316,1.0,1.0,-0.7572539844251122,-3,-0.7572539844251122,9,0.6197125297941615,1
mcd,1360_FullHDwebcam_before,0.9763313609467456,5.66023469292443,1.0,1.0,-0.7501947653199585,-4,-0.7501947653199585,9,0.651858445733137,1
mcd,1360_IriunWebcam_after,0.9763313609467456,6.258693429587575,0.3333333333333333,0.3333333333333333,0.1307363272249511,16,-0.1760918375266487,3,0.1307363272249511,1
mcd,1360_IriunWebcam_before,0.9763313609467456,5.514016542097785,0.5,0.5,0.18570544809636327,-21,0.3249455390894379,-21,0.3249455390894379,1
mcd,1362_FullHDwebcam_after,0.9763313609467456,9.116911557521348,0.9444444444444444,0.9444444444444444,-0.4732173693407978,5,0.509804742949695,5,0.509804742949695,1
mcd,1362_FullHDwebcam_before,0.9763313609467456,8.47479941476754,0.8888888888888888,0.8888888888888888,0.6448868194014736,5,0.6451807572227876,5,0.6451807572227876,1
mcd,1362_IriunWebcam_before,0.9763313609467456,8.33104857421972,0.1111111111111111,0.1111111111111111,-0.03433831255289592,-9,0.046149003501282974,-9,0.046149003501282974,1
mcd,1386_FullHDwebcam_after,0.621301775147929,5.421634273229412,0.8333333333333334,0.9166666666666666,-0.4147749930390634,-20,-0.4428329402844059,6,0.3989302027599034,1
mcd,1386_FullHDwebcam_before,0.8875739644970414,2.586144754227794,0.9444444444444444,0.9333333333333333,-0.5138032709847351,7,0.5397780459727034,7,0.5397780459727034,1
mcd,1386_IriunWebcam_after,0.6208425720620843,5.161703375344226,0.0,0.0,0.13035418377634797,20,0.19783372581192332,20,0.19783372581192332,1
mcd,1386_IriunWebcam_before,0.8869179600886918,2.7459332524976023,0.05555555555555555,0.06666666666666667,-0.14595458926725885,-25,-0.2046284546447235,-16,0.17080557712364852,1
mcd,1399_FullHDwebcam_after,0.9763313609467456,9.017169876567387,0.8888888888888888,0.8888888888888888,-0.5999240250453038,-3,-0.5999240250453038,-22,0.5778274971858381,1
mcd,1399_FullHDwebcam_before,0.9763313609467456,9.067920351437696,1.0,1.0,-0.6475433108891936,-3,-0.6475433108891936,12,0.5884898446986884,1
mcd,1399_IriunWebcam_after,0.975609756097561,9.052672115978702,0.5555555555555556,0.5555555555555556,0.20247859063157328,-29,0.27408890206917425,-29,0.27408890206917425,1
mcd,1399_IriunWebcam_before,0.9763313609467456,9.119647880387351,0.6666666666666666,0.6666666666666666,0.3597392385440366,-12,-0.42735204454296216,2,0.3597392385440366,1
mcd,1399_USBVideo_after,0.9763313609467456,8.981831263579185,0.4444444444444444,0.4444444444444444,0.35586444873701345,18,-0.3859716809870222,0,0.35586444873701345,1
mcd,1399_USBVideo_before,0.9763313609467456,9.041305440976728,0.8888888888888888,0.8888888888888888,0.4855919776100501,21,-0.5008684246953835,4,0.4855919776100501,1
mcd,1414_FullHDwebcam_after,0.9763313609467456,6.428159698172413,1.0,1.0,-0.6550261886124322,-4,-0.6550261886124322,7,0.6366413922541908,1
mcd,1414_FullHDwebcam_before,0.9763313609467456,7.947866483923001,1.0,1.0,-0.682693736877558,-4,-0.682693736877558,8,0.5935302562483665,1
mcd,1414_IriunWebcam_after,0.975609756097561,6.375803700405406,0.7777777777777778,0.7777777777777778,-0.4534985422293825,-5,-0.4643343080799755,7,0.44478908988212845,1
mcd,1414_IriunWebcam_before,0.9770540340488527,7.975033522008081,0.4444444444444444,0.4444444444444444,0.3955718918888777,5,0.40948546805906616,5,0.40948546805906616,1
mcd,1442_FullHDwebcam_after,0.9763313609467456,6.391224801274044,0.4444444444444444,0.4444444444444444,-0.4114118610264642,-3,-0.4114118610264642,6,0.40657316755951495,1
mcd,1442_FullHDwebcam_before,0.9763313609467456,7.629588438348964,0.8888888888888888,0.8888888888888888,-0.4342138412986694,6,0.45081274778457137,6,0.45081274778457137,1
mcd,1442_IriunWebcam_after,0.9763313609467456,6.391744142885793,0.05555555555555555,0.05555555555555555,0.29566077258357376,1,0.29566077258357376,1,0.29566077258357376,1
mcd,1442_IriunWebcam_before,0.975609756097561,7.76870147232731,0.16666666666666666,0.16666666666666666,0.20858894715493198,1,0.20858894715493198,1,0.20858894715493198,1
mcd,1442_USBVideo_after,0.975609756097561,6.46573848107497,0.16666666666666666,0.16666666666666666,0.1863579110691638,23,0.2800209533243501,23,0.2800209533243501,1
mcd,1442_USBVideo_before,0.9763313609467456,7.735065098895912,0.3333333333333333,0.3333333333333333,0.2471199643089618,-1,0.2471199643089618,-1,0.2471199643089618,1
mcd,1474_FullHDwebcam_after,0.9319526627218935,7.2633674045607375,1.0,1.0,-0.707435041943507,6,0.7079771480648827,6,0.7079771480648827,1
mcd,1474_FullHDwebcam_before,0.9763313609467456,6.402952084762273,1.0,1.0,-0.6754167582728989,-2,-0.6754167582728989,6,0.6333244080902912,1
mcd,1474_IriunWebcam_after,0.9312638580931264,6.881353453820961,0.0,0.0,0.18599758850531617,19,0.23527624885198606,19,0.23527624885198606,1
mcd,1474_IriunWebcam_before,0.975609756097561,6.289580399587407,0.05555555555555555,0.05555555555555555,0.14815709103172464,20,0.18903593128023896,20,0.18903593128023896,1
mcd,1477_FullHDwebcam_after,0.5769230769230769,2.3363865597144993,0.5555555555555556,0.6666666666666666,-0.5379680782771686,-3,-0.5379680782771686,7,0.4858714630514604,1
mcd,1477_FullHDwebcam_before,0.9763313609467456,8.852214457435704,0.8888888888888888,0.8888888888888888,-0.5749298842905275,-4,-0.5749298842905275,8,0.51711032790727,1
mcd,1477_IriunWebcam_after,0.5769230769230769,2.146424473881255,0.16666666666666666,0.1111111111111111,-0.22985542394564593,-5,-0.2586697112473388,4,0.22679589195802752,1
mcd,1477_IriunWebcam_before,0.9763313609467456,8.952117505235655,0.2222222222222222,0.2222222222222222,0.3425701245866534,5,0.3640183896776387,5,0.3640183896776387,1
mcd,1513_FullHDwebcam_after,0.7100591715976331,2.8756755335237196,0.0,0.0,-0.29814206372949154,6,0.3186921433886931,6,0.3186921433886931,1
mcd,1513_FullHDwebcam_before,0.7100591715976331,4.890783789672925,0.5555555555555556,0.5714285714285714,0.47355535034376045,-6,-0.49060490871989904,4,0.47355535034376045,1
mcd,1513_IriunWebcam_after,0.7095343680709535,2.824622968780339,0.1111111111111111,0.16666666666666666,0.17893170816703605,-16,0.2167266966275403,-16,0.2167266966275403,1
mcd,1513_IriunWebcam_before,0.7105847520355293,4.916950353482987,0.16666666666666666,0.14285714285714285,0.250012569889145,-3,0.250012569889145,-3,0.250012569889145,1
mcd,1513_USBVideo_after,0.7100591715976331,2.7513271105241794,0.16666666666666666,0.25,0.30752996176580083,-1,0.30752996176580083,-1,0.30752996176580083,1
mcd,1513_USBVideo_before,0.7100591715976331,4.8844198253324524,0.5,0.5714285714285714,0.43463326809509195,0,0.43463326809509195,0,0.43463326809509195,1
mcd,1531_FullHDwebcam_after,0.9763313609467456,6.365715834096788,0.2222222222222222,0.17647058823529413,-0.23371685726761304,27,0.297154717117406,27,0.297154717117406,1
mcd,1531_FullHDwebcam_before,0.9763313609467456,8.211047921363834,0.5555555555555556,0.5555555555555556,-0.3660558788140689,-14,0.38093875232020535,-14,0.38093875232020535,1
mcd,1531_IriunWebcam_after,0.975609756097561,6.269761439198578,0.3333333333333333,0.35294117647058826,0.12019499562958873,-22,0.16457634504543908,-22,0.16457634504543908,1
mcd,1531_IriunWebcam_before,0.9763313609467456,8.022922752799348,0.1111111111111111,0.1111111111111111,0.1665321005584587,2,0.1665321005584587,2,0.1665321005584587,1
mcd,1531_USBVideo_after,0.9763313609467456,6.357151043900683,0.1111111111111111,0.11764705882352941,0.2890767273115597,-22,0.3000629338223072,-22,0.3000629338223072,1
mcd,1531_USBVideo_before,0.975609756097561,8.14717620525753,0.1111111111111111,0.1111111111111111,0.2656682824715274,20,0.2744500912932235,20,0.2744500912932235,1
mcd,1541_FullHDwebcam_after,0.9763313609467456,8.106712051759121,1.0,1.0,-0.6930635071231258,-3,-0.6930635071231258,8,0.6677764531479087,1
mcd,1541_FullHDwebcam_before,0.9763313609467456,9.35647653803634,1.0,1.0,-0.8264969341428963,-3,-0.8264969341428963,8,0.7316443327147906,1
mcd,1541_IriunWebcam_after,0.9763313609467456,8.19815205658957,1.0,1.0,0.5719090938162514,5,0.5871623013093336,5,0.5871623013093336,1
mcd,1541_IriunWebcam_before,0.975609756097561,9.29507885438942,0.05555555555555555,0.05555555555555555,0.09829320870726267,-4,0.09829320870726267,-4,0.09829320870726267,1
mcd,1541_USBVideo_after,0.975609756097561,8.141746791070293,0.8888888888888888,0.8888888888888888,0.4491076623710582,-11,-0.5162376540733579,1,0.4491076623710582,1
mcd,1543_FullHDwebcam_after,0.8431952662721893,5.272666566679373,0.7777777777777778,0.875,0.5205669514899207,5,0.5517409424650149,5,0.5517409424650149,1
mcd,1543_FullHDwebcam_before,0.8431952662721893,3.9932354695765686,0.8888888888888888,0.9285714285714286,-0.5806313951257542,-6,-0.6628403026152855,7,0.6313448747502461,1
mcd,1543_IriunWebcam_after,0.8425720620842572,5.252125476170142,0.5,0.5625,0.28535903124397105,30,0.2862401902568266,30,0.2862401902568266,1
mcd,1543_IriunWebcam_before,0.7544378698224852,4.024785493970585,0.2777777777777778,0.23076923076923078,0.03230163502642422,-24,0.13717896140407693,-24,0.13717896140407693,1
mcd,1563_FullHDwebcam_after,0.9763313609467456,8.286368714163203,0.8888888888888888,0.8888888888888888,-0.5888012054250371,-3,-0.5888012054250371,6,0.4814483442639439,1
mcd,1563_FullHDwebcam_before,0.8431952662721893,8.642704946373392,0.6666666666666666,0.75,-0.5516688206218376,-2,-0.5516688206218376,6,0.46907456834644995,1
mcd,1563_IriunWebcam_after,0.975609756097561,8.320984778930036,0.16666666666666666,0.16666666666666666,0.2959303041990905,28,0.33052308772923644,28,0.33052308772923644,1
mcd,1563_IriunWebcam_before,0.843819393042191,8.7923312080156,0.05555555555555555,0.0625,0.22956433062095555,-6,-0.27955607029344853,3,0.22956433062095555,1
mcd,1563_USBVideo_after,0.9763313609467456,8.14643043562485,0.4444444444444444,0.4444444444444444,0.24374397056824013,-25,0.32219440028211394,-25,0.32219440028211394,1
mcd,1563_USBVideo_before,0.8425720620842572,8.721930856362338,0.16666666666666666,0.1875,0.10322563502729215,-25,0.12823748925963088,-25,0.12823748925963088,1
mcd,1581_FullHDwebcam_after,0.9763313609467456,5.680055332881538,0.4444444444444444,0.4444444444444444,0.42703203763432435,4,0.42703203763432435,4,0.42703203763432435,1
mcd,1581_FullHDwebcam_before,0.9763313609467456,8.138759722121844,0.3888888888888889,0.3888888888888889,0.39581528536892685,4,0.39581528536892685,4,0.39581528536892685,1
mcd,1581_IriunWebcam_after,0.975609756097561,5.602621957546825,0.16666666666666666,0.16666666666666666,0.1523674812236944,1,0.1523674812236944,1,0.1523674812236944,1
mcd,1581_IriunWebcam_before,0.975609756097561,8.114858592720172,0.05555555555555555,0.05555555555555555,0.14317520497663547,2,0.14317520497663547,2,0.14317520497663547,1
mcd,1589_FullHDwebcam_after,0.9763313609467456,8.238507284649312,0.5555555555555556,0.5882352941176471,-0.4091222915647229,-3,-0.4091222915647229,-15,0.3434599862472204,1
mcd,1589_FullHDwebcam_before,0.9319526627218935,8.691288744537225,0.7777777777777778,0.7647058823529411,-0.381494076168739,-4,-0.381494076168739,-17,0.34346889998944347,1
mcd,1589_IriunWebcam_after,0.975609756097561,8.214301276119524,0.4444444444444444,0.47058823529411764,0.3770822820272242,14,-0.3973365250953617,3,0.3770822820272242,1
mcd,1589_IriunWebcam_before,0.9319526627218935,8.737420965651646,0.4444444444444444,0.47058823529411764,0.37234905529423185,19,-0.4391565237169287,-20,0.38082527638136604,1
mcd,1589_USBVideo_after,0.975609756097561,8.090293266360435,0.4444444444444444,0.47058823529411764,0.40167043277044073,-3,0.40167043277044073,-3,0.40167043277044073,1
mcd,1589_USBVideo_before,0.9319526627218935,8.45796743421534,0.8333333333333334,0.8235294117647058,0.43829530066897376,-1,0.43829530066897376,-1,0.43829530066897376,1
mcd,1601_FullHDwebcam_after,0.9319526627218935,1.0095875280684545,0.8888888888888888,0.9230769230769231,-0.645979836520329,-1,-0.645979836520329,-14,0.5301632751075005,1
mcd,1601_FullHDwebcam_before,0.9763313609467456,4.278025566446786,0.8333333333333334,0.8333333333333334,-0.5545657924093725,-2,-0.5545657924093725,-13,0.4467922062685271,1
mcd,1601_IriunWebcam_after,0.9319526627218935,1.065341463105808,0.05555555555555555,0.07692307692307693,0.09819566617666396,19,-0.11312003696624431,4,0.09819566617666396,1
mcd,1601_IriunWebcam_before,0.9770540340488527,4.168682920055901,0.05555555555555555,0.05555555555555555,-0.16291796943744558,-5,-0.17192227198739596,4,0.1311368707804364,1
mcd,1609_FullHDwebcam_after,0.9763313609467456,10.069278778743179,0.5555555555555556,0.5555555555555556,-0.41172324171460606,-3,-0.41172324171460606,6,0.3234225123559471,1
mcd,1609_FullHDwebcam_before,0.9763313609467456,7.460017364928969,0.7222222222222222,0.7222222222222222,-0.4542439417144293,6,0.46013608872036654,6,0.46013608872036654,1
mcd,1609_IriunWebcam_after,0.9763313609467456,9.943945451979147,0.0,0.0,0.1790852906418592,12,-0.1866230892791876,2,0.1790852906418592,1
mcd,1609_IriunWebcam_before,0.975609756097561,7.456751820949885,0.1111111111111111,0.1111111111111111,0.28792559702988346,2,0.28792559702988346,2,0.28792559702988346,1
mcd,1609_USBVideo_after,0.9763313609467456,10.089629993064896,0.2777777777777778,0.2777777777777778,0.152552453534664,-1,0.152552453534664,-1,0.152552453534664,1
mcd,1609_USBVideo_before,0.9763313609467456,7.253804063169861,0.2777777777777778,0.2777777777777778,0.16679998018461267,-2,0.16679998018461267,-2,0.16679998018461267,1
mcd,1610_FullHDwebcam_after,0.9763313609467456,7.522549815684803,0.7222222222222222,0.7222222222222222,-0.4906492873808205,-2,-0.4906492873808205,6,0.4563078517097048,1
mcd,1610_FullHDwebcam_before,0.9763313609467456,5.821403860680524,0.7222222222222222,0.7222222222222222,-0.4724888601898591,6,0.47328357021874695,6,0.47328357021874695,1
mcd,1610_IriunWebcam_after,0.9763313609467456,7.6083736530178765,0.1111111111111111,0.1111111111111111,0.19077341612757226,21,0.22334798358461996,21,0.22334798358461996,1
mcd,1610_IriunWebcam_before,0.9763313609467456,5.597249037838919,0.05555555555555555,0.05555555555555555,-0.08684660344624189,20,-0.1131862722762874,29,0.1061832241489436,1
mcd,1649_FullHDwebcam_after,0.7544378698224852,3.83644245154385,0.8333333333333334,0.8666666666666667,-0.4214312113508026,5,0.42969721626849494,5,0.42969721626849494,1
mcd,1649_FullHDwebcam_before,0.9763313609467456,4.135808936628627,0.8888888888888888,0.9375,-0.6327096976564173,-3,-0.6327096976564173,-15,0.570354974920356,1
mcd,1649_IriunWebcam_after,0.7544378698224852,3.9306159988240865,0.16666666666666666,0.13333333333333333,0.14972552878751047,-14,0.2602725092188825,-14,0.2602725092188825,1
mcd,1649_IriunWebcam_before,0.975609756097561,4.2646940346706,0.5,0.5625,0.34653883776132116,3,0.34653883776132116,3,0.34653883776132116,1
mcd,1649_USBVideo_after,0.7544378698224852,4.037693967552753,0.3888888888888889,0.4,0.33924793529637876,-9,-0.3689554174148738,-2,0.33924793529637876,1
mcd,1649_USBVideo_before,0.9763313609467456,4.048570201769578,0.6111111111111112,0.6875,0.37594575120902174,-10,-0.47043575483115246,21,0.39986888067391246,1
mcd,1672_FullHDwebcam_after,0.9763313609467456,7.42236491514301,0.8333333333333334,0.8333333333333334,-0.6713020592501147,-3,-0.6713020592501147,-17,0.5467454700116127,1
mcd,1672_FullHDwebcam_before,0.9763313609467456,7.6106267002248575,1.0,1.0,-0.6862269850305119,-2,-0.6862269850305119,10,0.5944507627663811,1
mcd,1672_IriunWebcam_after,0.975609756097561,7.555051527731203,0.9444444444444444,0.9444444444444444,0.5088060115296106,4,0.5088060115296106,4,0.5088060115296106,1
mcd,1672_IriunWebcam_before,0.975609756097561,7.498978757245837,0.7222222222222222,0.7222222222222222,0.4725273584110635,-7,-0.5701434243762632,-20,0.5043455467039998,1
mcd,1672_USBVideo_after,0.9763313609467456,7.331753834845811,0.8888888888888888,0.8888888888888888,0.4728118607753186,-15,-0.5177125514604405,-29,0.479554040817479,1
mcd,1672_USBVideo_before,0.9763313609467456,7.634052374155852,0.3888888888888889,0.3888888888888889,0.42834133747400405,-14,-0.4596189692093311,-1,0.42834133747400405,1
mcd,1715_FullHDwebcam_after,0.7544378698224852,6.904011556297245,0.6666666666666666,0.7333333333333333,-0.5090641387254538,-2,-0.5090641387254538,29,0.44928383286669893,1
mcd,1715_FullHDwebcam_before,0.9763313609467456,7.230568940799461,0.6111111111111112,0.6111111111111112,-0.5256224058806894,-3,-0.5256224058806894,-15,0.5118758987885677,1
mcd,1715_IriunWebcam_after,0.753880266075388,6.773064627276552,0.16666666666666666,0.2,0.2423439565859524,26,0.28097617078604936,26,0.28097617078604936,1
mcd,1715_IriunWebcam_before,0.975609756097561,6.870502487596541,0.4444444444444444,0.4444444444444444,0.2755208531622428,-18,0.30205237488206393,-18,0.30205237488206393,1
mcd,1745_FullHDwebcam_after,0.9763313609467456,8.039512091163862,0.8333333333333334,0.8333333333333334,-0.5973854278381893,-3,-0.5973854278381893,8,0.5457953906782972,1
mcd,1745_FullHDwebcam_before,0.9763313609467456,8.371791695087186,0.9444444444444444,0.9444444444444444,-0.7136076503147284,-4,-0.7136076503147284,-17,0.6864146613798339,1
mcd,1745_IriunWebcam_after,0.9763313609467456,8.007800487529346,0.2777777777777778,0.2777777777777778,0.18070211121754265,-21,0.18624899978272352,-21,0.18624899978272352,1
mcd,1745_IriunWebcam_before,0.975609756097561,8.267848796132954,0.4444444444444444,0.4444444444444444,0.2696737070385483,15,-0.30306835395654586,25,0.283550515422411,1
mcd,1745_USBVideo_before,0.9763313609467456,8.324895212166595,0.6666666666666666,0.6666666666666666,0.3893174312987119,0,0.3893174312987119,0,0.3893174312987119,1
mcd,1749_FullHDwebcam_after,0.9763313609467456,9.03435817754598,0.3333333333333333,0.3333333333333333,-0.3493783859689292,-4,-0.3493783859689292,5,0.2962809064657068,1
mcd,1749_FullHDwebcam_before,0.9763313609467456,4.678165390901658,0.8333333333333334,0.8333333333333334,0.4204433629593317,-19,0.4396383826789927,-19,0.4396383826789927,1
mcd,1749_IriunWebcam_after,0.9763313609467456,9.174173883992172,0.2222222222222222,0.2222222222222222,0.11766014906526673,30,-0.15057833820026442,20,0.12831067417337097,1
mcd,1749_IriunWebcam_before,0.975609756097561,4.515829826598042,0.16666666666666666,0.16666666666666666,0.09922530436286288,-25,0.1430654756277014,-25,0.1430654756277014,1
mcd,1749_USBVideo_after,0.9763313609467456,9.038333764781967,0.3888888888888889,0.3888888888888889,0.4353338873360025,0,0.4353338873360025,0,0.4353338873360025,1
mcd,1749_USBVideo_before,0.9763313609467456,4.635352457612894,0.8888888888888888,0.8888888888888888,0.5152497582195394,-11,-0.541764281478516,0,0.5152497582195394,1
mcd,1760_FullHDwebcam_after,0.9319526627218935,6.711903077139553,0.7777777777777778,0.7647058823529411,-0.3822012352755745,-15,0.42142792722512074,-15,0.42142792722512074,1
mcd,1760_FullHDwebcam_before,0.9763313609467456,5.290246152368157,0.7222222222222222,0.7222222222222222,-0.46791786696050236,-2,-0.46791786696050236,-15,0.38238304229242676,1
mcd,1760_IriunWebcam_after,0.9326424870466321,6.654581008058133,0.5,0.5294117647058824,0.3213527900168199,3,0.3213527900168199,3,0.3213527900168199,1
mcd,1760_IriunWebcam_before,0.9763313609467456,5.283715465191314,0.3333333333333333,0.3333333333333333,0.29521783663071927,2,0.29521783663071927,2,0.29521783663071927,1
mcd,1760_USBVideo_after,0.9312638580931264,6.760865192939876,0.2222222222222222,0.23529411764705882,0.2631379249827047,-1,0.2631379249827047,-1,0.2631379249827047,1
mcd,1760_USBVideo_before,0.9763313609467456,5.31847862949583,0.4444444444444444,0.4444444444444444,0.25877636245881963,-10,-0.2780675575790258,-1,0.25877636245881963,1
mcd,1765_FullHDwebcam_after,0.9763313609467456,7.452865560654159,0.7222222222222222,0.7222222222222222,-0.6687922440086186,-3,-0.6687922440086186,14,0.5327274918246999,1
mcd,1765_FullHDwebcam_before,0.9763313609467456,7.939854101459997,0.7777777777777778,0.7777777777777778,-0.6701407487685598,-2,-0.6701407487685598,13,0.5617847782771911,1
mcd,1765_IriunWebcam_after,0.9763313609467456,7.391783188166761,0.7222222222222222,0.7222222222222222,0.37742162631226556,-26,0.42488330073066166,-26,0.42488330073066166,1
mcd,1765_IriunWebcam_before,0.9763313609467456,8.009292753048147,0.4444444444444444,0.4444444444444444,0.2778005909466423,24,-0.3260398240602767,6,0.3003194891591737,1
mcd,1765_USBVideo_after,0.9763313609467456,7.445485282404795,0.7222222222222222,0.7222222222222222,0.45163815637743776,-13,-0.4606613896209304,2,0.45163815637743776,1
mcd,1765_USBVideo_before,0.9763313609467456,7.8625391801497315,0.6666666666666666,0.6666666666666666,0.4022485088092868,18,-0.4679702919955865,2,0.4022485088092868,1
mcd,1785_FullHDwebcam_after,0.9763313609467456,7.119006770050579,1.0,1.0,-0.6127128772633379,7,0.6583561726191683,7,0.6583561726191683,1
mcd,1785_FullHDwebcam_before,0.9319526627218935,5.468313007777756,1.0,1.0,-0.5904748765293647,8,0.6153841285888787,8,0.6153841285888787,1
mcd,1785_IriunWebcam_after,0.975609756097561,6.980847998741647,0.5,0.5,0.27389748658732616,4,0.27389748658732616,4,0.27389748658732616,1
mcd,1785_IriunWebcam_before,0.9319526627218935,5.634463175959803,0.3888888888888889,0.4117647058823529,0.14719209879881984,28,0.18847224544914648,28,0.18847224544914648,1
mcd,1790_FullHDwebcam_after,0.9763313609467456,6.6759205714772545,0.8333333333333334,0.8333333333333334,-0.6115669799938184,-1,-0.6115669799938184,7,0.5648395444970933,1
mcd,1790_FullHDwebcam_before,0.8875739644970414,2.8905107203452785,0.6666666666666666,0.7333333333333333,-0.6683931805313373,-3,-0.6683931805313373,6,0.5542957478180588,1
mcd,1790_IriunWebcam_after,0.975609756097561,6.556882899376615,0.2222222222222222,0.2222222222222222,0.27332405588164965,5,0.29498881601448906,5,0.29498881601448906,1
mcd,1790_IriunWebcam_before,0.8869179600886918,2.8863560631342233,0.3333333333333333,0.4,0.3658071442803877,3,0.3658071442803877,3,0.3658071442803877,1
mcd,1838_FullHDwebcam_after,0.9763313609467456,6.419608004207374,0.7222222222222222,0.7222222222222222,-0.4757113019930083,-2,-0.4757113019930083,21,0.47487550480860136,1
mcd,1838_FullHDwebcam_before,0.8431952662721893,4.619230881808585,0.2777777777777778,0.35714285714285715,-0.24141504319874316,6,0.2756884884219668,6,0.2756884884219668,1
mcd,1838_IriunWebcam_after,0.975609756097561,6.126272102040718,0.05555555555555555,0.05555555555555555,-0.24753763928589007,-21,-0.2892111982161,-29,0.27155686305999593,1
mcd,1838_IriunWebcam_before,0.8431952662721893,4.67370761191289,0.0,0.0,0.1940389585404104,11,-0.20245805553739332,3,0.1940389585404104,1
mcd,1859_FullHDwebcam_after,0.9763313609467456,4.734355815973106,0.4444444444444444,0.4444444444444444,-0.38501235301498327,6,0.4022218847118731,6,0.4022218847118731,1
mcd,1859_FullHDwebcam_before,0.7988165680473372,2.0815144703269186,0.8333333333333334,1.0,-0.6759301073551139,-2,-0.6759301073551139,9,0.5768996670782115,1
mcd,1859_IriunWebcam_after,0.975609756097561,4.683001579733114,0.3333333333333333,0.3333333333333333,0.321792535322408,1,0.321792535322408,1,0.321792535322408,1
mcd,1859_IriunWebcam_before,0.7982261640798226,2.162692646527269,0.2222222222222222,0.16666666666666666,-0.0949271599366329,-7,-0.14592617159129528,-19,0.08400907636360082,1
mcd,1859_USBVideo_after,0.9763313609467456,4.6658239859576796,0.05555555555555555,0.05555555555555555,0.04606040628489129,11,-0.08928934226038007,19,0.05467637758962387,1
mcd,1859_USBVideo_before,0.7988165680473372,2.1588451211406303,0.3333333333333333,0.5,0.2823083690889102,-1,0.2823083690889102,-1,0.2823083690889102,1
mcd,1922_FullHDwebcam_after,0.9763313609467456,5.489521403242636,0.1111111111111111,0.1111111111111111,-0.3058012274092474,6,0.319991144082439,6,0.319991144082439,1
mcd,1922_FullHDwebcam_before,0.9763313609467456,5.497267875130117,0.5,0.5,-0.4836746466930011,6,0.5082637726808188,6,0.5082637726808188,1
mcd,1922_IriunWebcam_after,0.975609756097561,5.498160054934173,0.05555555555555555,0.05555555555555555,0.0414347849256073,-6,0.07855226614501355,-6,0.07855226614501355,1
mcd,1922_IriunWebcam_before,0.9763313609467456,5.299392293326026,0.16666666666666666,0.16666666666666666,0.04004628449210737,-12,-0.09364760391811298,-20,0.08630301062945889,1
mcd,1922_USBVideo_after,0.975609756097561,5.449247590628538,0.5555555555555556,0.5555555555555556,0.29203202646673526,-18,0.3240917927646073,-18,0.3240917927646073,1
mcd,1922_USBVideo_before,0.9763313609467456,5.259282622709534,0.6666666666666666,0.6666666666666666,0.3699521993857702,2,0.3699521993857702,2,0.3699521993857702,1
mcd,1932_FullHDwebcam_after,0.08875739644970414,-1.3614007385547575,0.3333333333333333,0.3333333333333333,-0.2853295709016674,-3,-0.2853295709016674,9,0.16230691478296966,0
mcd,1932_FullHDwebcam_before,0.08875739644970414,-1.705045331340268,0.3888888888888889,0.3333333333333333,-0.22567699985045284,-18,0.2883739761510833,-18,0.2883739761510833,0
mcd,1932_IriunWebcam_after,0.13303769401330376,-1.381442536398446,0.1111111111111111,0.0,-0.20826522102291903,-6,-0.2560005154358252,-18,0.20552204221918025,0
mcd,1932_IriunWebcam_before,0.08869179600886919,-1.667732456447562,0.4444444444444444,0.3333333333333333,0.2603742231849543,16,-0.26948555891587184,5,0.26460911343592886,0
mcd,1932_USBVideo_after,0.13303769401330376,-1.415555737427649,0.1111111111111111,0.25,0.1312155074123197,-15,-0.21683033765429252,-28,0.1749555877084732,0
mcd,1932_USBVideo_before,0.08875739644970414,-1.7161200353165103,0.2777777777777778,0.6666666666666666,0.08101328379010038,-16,-0.14500091467073462,-24,0.09094201852369614,0
mcd,1943_FullHDwebcam_after,0.9763313609467456,9.307101094879428,1.0,1.0,0.7106045983575668,-12,0.7145593360473871,-12,0.7145593360473871,1
mcd,1943_FullHDwebcam_before,0.9763313609467456,8.493200047220366,1.0,1.0,-0.7162852220076164,-4,-0.7162852220076164,6,0.6967161946454041,1
mcd,1943_IriunWebcam_after,0.975609756097561,9.416776468210614,0.0,0.0,0.17162621056381086,-26,-0.17391421978391627,-1,0.17162621056381086,1
mcd,1943_IriunWebcam_before,0.9770540340488527,8.463245611254315,0.3333333333333333,0.3333333333333333,0.31672121094770006,-7,-0.35760272353784245,-21,0.3267066879191482,1
mcd,1973_FullHDwebcam_after,0.9763313609467456,7.239202850649366,1.0,1.0,-0.644511557017167,6,0.6636733460213187,6,0.6636733460213187,1
mcd,1973_FullHDwebcam_before,0.9763313609467456,6.46770766938514,1.0,1.0,-0.7079561145850719,-3,-0.7079561145850719,7,0.6481312373380028,1
mcd,1973_IriunWebcam_after,0.975609756097561,7.093309881619534,0.2222222222222222,0.2222222222222222,0.254394327179493,3,0.254394327179493,3,0.254394327179493,1
mcd,1973_IriunWebcam_before,0.9763313609467456,6.822771657268453,0.0,0.0,0.16133467086075726,-30,-0.17396088344708344,2,0.16133467086075726,1
mcd,1981_FullHDwebcam_after,0.9763313609467456,7.586964809707256,0.4444444444444444,0.4444444444444444,-0.3975300689417018,-4,-0.3975300689417018,5,0.3825778154606445,1
mcd,1981_FullHDwebcam_before,0.9763313609467456,8.985740291979823,0.7222222222222222,0.7222222222222222,-0.48476387052931563,-4,-0.48476387052931563,6,0.4574026637161404,1
mcd,1981_IriunWebcam_after,0.975609756097561,7.430854673138618,0.16666666666666666,0.16666666666666666,0.11444025007707988,-12,-0.1317561934344845,-1,0.11444025007707988,1
mcd,1981_IriunWebcam_before,0.9763313609467456,9.15836058517204,0.0,0.0,0.0838265655272095,23,0.10417107444812937,23,0.10417107444812937,1
mcd,2003_FullHDwebcam_after,0.9763313609467456,8.703384579565105,1.0,1.0,-0.6099800269091626,8,0.6768981946692838,8,0.6768981946692838,1
mcd,2003_FullHDwebcam_before,0.9763313609467456,7.129172408590998,1.0,1.0,-0.6859161600517589,-5,-0.6880302214146437,8,0.6285227735062143,1
mcd,2003_IriunWebcam_after,0.975609756097561,8.84518621720419,0.6111111111111112,0.6111111111111112,0.45123361444045423,5,0.46016671381129953,5,0.46016671381129953,1
mcd,2003_IriunWebcam_before,0.975609756097561,7.187038619865524,0.5555555555555556,0.5555555555555556,0.4854355792507266,-26,0.5003730159392511,-26,0.5003730159392511,1
mcd,2022_FullHDwebcam_after,0.9763313609467456,7.006867711076598,0.8333333333333334,0.8333333333333334,-0.5580428792916452,-1,-0.5580428792916452,8,0.5101255920385442,1
mcd,2022_FullHDwebcam_before,0.9763313609467456,7.170172511137345,0.9444444444444444,0.9444444444444444,-0.4803362942185999,-2,-0.4803362942185999,-16,0.457083016854965,1
mcd,2022_IriunWebcam_after,0.975609756097561,7.048449914708824,0.3888888888888889,0.3888888888888889,-0.2895264767168918,-6,-0.3475921258967666,-17,0.2917650636258814,1
mcd,2022_IriunWebcam_before,0.9763313609467456,7.08259873287424,0.3333333333333333,0.3333333333333333,0.35632257766188674,-20,0.3798403803848026,-20,0.3798403803848026,1
mcd,2022_USBVideo_after,0.9763313609467456,6.852710145857987,0.3333333333333333,0.3333333333333333,0.33272764718688613,1,0.33272764718688613,1,0.33272764718688613,1
mcd,2022_USBVideo_before,0.9763313609467456,6.965424017625361,0.3888888888888889,0.3888888888888889,0.2700326954892678,-14,-0.31762078354937,-27,0.2862116120007088,1
mcd,2091_FullHDwebcam_after,0.9763313609467456,2.930493573903371,0.16666666666666666,0.16666666666666666,-0.30583989641590376,-3,-0.30583989641590376,-14,0.248719424743551,1
mcd,2091_FullHDwebcam_before,0.9763313609467456,7.789077978330745,0.6666666666666666,0.6666666666666666,-0.4711713611150583,18,-0.48528165826388975,6,0.46628993933904495,1
mcd,2091_IriunWebcam_after,0.975609756097561,2.9367716017156154,0.16666666666666666,0.16666666666666666,0.10919235344037266,-16,0.21693478301792238,-16,0.21693478301792238,1
mcd,2091_IriunWebcam_before,0.975609756097561,7.613856476383089,0.2777777777777778,0.2777777777777778,0.1434795042486323,-23,0.18181647355136865,-23,0.18181647355136865,1
mcd,2110_FullHDwebcam_after,0.9763313609467456,7.557214329350602,0.5,0.5,-0.3466678341156911,-17,0.37189960189603766,-17,0.37189960189603766,1
mcd,2110_FullHDwebcam_before,0.9763313609467456,7.621828980234149,0.4444444444444444,0.4444444444444444,-0.3621731271721467,-1,-0.3621731271721467,-17,0.2892236402148259,1
mcd,2110_IriunWebcam_after,0.975609756097561,7.7915348521108845,0.6111111111111112,0.6111111111111112,0.4340632618451148,-8,-0.47702164736083214,-21,0.45436634468967274,1
mcd,2110_IriunWebcam_before,0.975609756097561,7.702692317080505,0.3888888888888889,0.3888888888888889,0.3015738262214147,-7,-0.39372911920858084,-22,0.35915450611328964,1
mcd,2110_USBVideo_after,0.9763313609467456,7.620352497312752,0.6111111111111112,0.6111111111111112,0.37747442812348786,12,-0.4036760309650497,26,0.3855651842259801,1
mcd,2110_USBVideo_before,0.9763313609467456,7.644407330405549,0.2777777777777778,0.2777777777777778,0.31130681106567915,-28,0.3131652732488023,-28,0.3131652732488023,1
mcd,2120_FullHDwebcam_after,0.3106508875739645,0.6734963852867246,0.2222222222222222,0.14285714285714285,-0.24768386448872312,9,0.264679013557335,9,0.264679013557335,0
mcd,2120_FullHDwebcam_before,0.9763313609467456,6.554738121877808,0.7777777777777778,0.7777777777777778,-0.4925627700639403,-3,-0.4925627700639403,9,0.4407465894237977,1
mcd,2120_IriunWebcam_after,0.31042128603104213,0.5039448216938515,0.16666666666666666,0.14285714285714285,0.10708661270748979,3,0.10708661270748979,3,0.10708661270748979,0
mcd,2120_IriunWebcam_before,0.9763313609467456,6.593614237514583,0.4444444444444444,0.4444444444444444,-0.2589167911350295,-5,-0.2807082418905076,6,0.23307312633975077,1
mcd,2120_USBVideo_before,0.9763313609467456,6.623345539769355,0.7777777777777778,0.7777777777777778,0.43079358063472895,26,0.47631982211962165,26,0.47631982211962165,1
mcd,2147_FullHDwebcam_after,0.9763313609467456,3.4711686015291314,0.8888888888888888,0.9285714285714286,-0.6146688493055554,-2,-0.6146688493055554,7,0.553588122239529,1
mcd,2147_FullHDwebcam_before,0.9319526627218935,5.213594858613439,0.8888888888888888,0.9411764705882353,-0.7377715186561126,-2,-0.7377715186561126,9,0.5438832106679858,1
mcd,2147_IriunWebcam_after,0.975609756097561,3.504150927210487,0.5,0.5,0.3195799256141136,3,0.3195799256141136,3,0.3195799256141136,1
mcd,2147_IriunWebcam_before,0.9319526627218935,5.240210959001655,0.7777777777777778,0.8235294117647058,0.46576113067997676,-7,-0.5338034190198447,4,0.46576113067997676,1
mcd,2147_USBVideo_after,0.9763313609467456,3.6289972711212313,0.3333333333333333,0.35714285714285715,0.3668901542926224,-2,0.3668901542926224,-2,0.3668901542926224,1
mcd,2147_USBVideo_before,0.9319526627218935,5.408770933572176,0.6111111111111112,0.6470588235294118,0.4741248488681151,-14,-0.4834363017680568,-2,0.4741248488681151,1
mcd,2149_FullHDwebcam_after,0.9763313609467456,4.9774926309638285,0.6666666666666666,0.6666666666666666,-0.5025470637193352,6,0.572669779015478,6,0.572669779015478,1
mcd,2149_FullHDwebcam_before,0.9763313609467456,5.619362911989825,0.9444444444444444,0.9444444444444444,-0.530649391851483,-21,0.587633365805123,-21,0.587633365805123,1
mcd,2149_IriunWebcam_after,0.975609756097561,5.078671034409499,0.5,0.5,-0.05532678595464278,-14,0.11879268008603888,-14,0.11879268008603888,1
mcd,2149_IriunWebcam_before,0.9763313609467456,5.607710758066174,0.2777777777777778,0.2777777777777778,-0.02739551939051644,-20,0.08300488060139112,-20,0.08300488060139112,1
mcd,2153_FullHDwebcam_after,0.9763313609467456,9.34334433198726,0.5555555555555556,0.5555555555555556,-0.3836026788803339,-3,-0.3836026788803339,-15,0.37243676957273203,1
mcd,2153_FullHDwebcam_before,0.9763313609467456,9.891789644993896,0.5555555555555556,0.5555555555555556,0.39749532564424783,-18,0.42507125520082184,-18,0.42507125520082184,1
mcd,2153_IriunWebcam_after,0.9763313609467456,9.275375717477623,0.0,0.0,-0.05406244288041075,11,0.11550006922345209,11,0.11550006922345209,1
mcd,2153_IriunWebcam_before,0.9763313609467456,9.831274008982625,0.16666666666666666,0.16666666666666666,0.04398146064636112,24,0.09804097583453159,24,0.09804097583453159,1
mcd,2153_USBVideo_after,0.9763313609467456,9.286314925636185,0.5555555555555556,0.5555555555555556,0.5042820041106805,2,0.5042820041106805,2,0.5042820041106805,1
mcd,2153_USBVideo_before,0.9763313609467456,9.865742142925576,0.5,0.5,0.29118868433466333,-10,-0.2948762374847268,0,0.29118868433466333,1
mcd,2161_FullHDwebcam_after,0.9763313609467456,6.895039849671155,0.2777777777777778,0.2777777777777778,0.345797656192568,4,0.345797656192568,4,0.345797656192568,1
mcd,2161_FullHDwebcam_before,0.9763313609467456,8.101653360052508,0.8333333333333334,0.8333333333333334,-0.5430351901193831,5,0.5615289335821763,5,0.5615289335821763,1
mcd,2161_IriunWebcam_after,0.9763313609467456,6.697111509575482,0.0,0.0,0.06814898587381389,30,0.07105523441874385,30,0.07105523441874385,1
mcd,2161_IriunWebcam_before,0.975609756097561,8.0858416066479,0.2222222222222222,0.2222222222222222,0.18136905068083534,-8,-0.2378502507979865,23,0.18513242701951224,1
mcd,2161_USBVideo_after,0.9763313609467456,6.939295323500624,0.2777777777777778,0.2777777777777778,0.31899702847479944,-1,0.31899702847479944,-1,0.31899702847479944,1
mcd,2161_USBVideo_before,0.9763313609467456,8.054569467583633,0.5555555555555556,0.5555555555555556,0.5107736727832438,-21,0.518928897123698,-21,0.518928897123698,1
mcd,2183_FullHDwebcam_after,0.9763313609467456,8.275586851226599,1.0,1.0,-0.7350930612623979,-2,-0.7350930612623979,10,0.7008486710039293,1
mcd,2183_FullHDwebcam_before,0.9763313609467456,9.595223941789703,1.0,1.0,-0.7333885755496243,-3,-0.7333885755496243,-15,0.6312077027022225,1
mcd,2183_IriunWebcam_after,0.975609756097561,8.10712862791696,0.7777777777777778,0.7777777777777778,0.41738067060441597,-21,0.4329492809251418,-21,0.4329492809251418,1
mcd,2183_IriunWebcam_before,0.9763313609467456,9.624208760626392,0.8888888888888888,0.8888888888888888,0.5159839567943607,-7,-0.5742465148744855,4,0.5159839567943607,1
mcd,2183_USBVideo_after,0.9763313609467456,8.048893080674135,0.7222222222222222,0.7222222222222222,0.443835674210184,-13,-0.4752943559765453,-1,0.443835674210184,1
mcd,2183_USBVideo_before,0.9763313609467456,9.52814609881733,0.6666666666666666,0.6666666666666666,0.5473121585816131,0,0.5473121585816131,0,0.5473121585816131,1
mcd,2187_FullHDwebcam_after,0.9763313609467456,8.515915494095317,0.7222222222222222,0.7647058823529411,-0.5372382742067788,-2,-0.5372382742067788,6,0.50720343092069,1
mcd,2187_FullHDwebcam_before,0.9319526627218935,5.2844003342863575,0.5555555555555556,0.5882352941176471,-0.4994143908834885,-2,-0.4994143908834885,7,0.3964744156825693,1
mcd,2187_IriunWebcam_after,0.9763313609467456,8.501992956427838,0.05555555555555555,0.058823529411764705,0.26908343888685937,-6,-0.2753968938723682,1,0.26908343888685937,1
mcd,2187_IriunWebcam_before,0.9312638580931264,5.505001537231846,0.3333333333333333,0.35294117647058826,0.37780572491481573,1,0.37780572491481573,1,0.37780572491481573,1
mcd,2187_USBVideo_after,0.9763313609467456,8.870914670588586,0.2222222222222222,0.23529411764705882,0.2548274566053238,-4,0.2548274566053238,-4,0.2548274566053238,1
mcd,2187_USBVideo_before,0.9312638580931264,5.474447247570248,0.05555555555555555,0.058823529411764705,0.22861857898101268,-15,-0.26117955212736105,-24,0.23180385911222415,1
mcd,2194_FullHDwebcam_after,0.9763313609467456,10.065091211467035,0.8888888888888888,0.8888888888888888,-0.6525389407029459,-3,-0.6525389407029459,7,0.6448011362812889,1
mcd,2194_FullHDwebcam_before,0.9763313609467456,10.369818560498295,0.9444444444444444,0.9444444444444444,-0.650463663639574,-2,-0.650463663639574,8,0.5771448267490018,1
mcd,2194_IriunWebcam_after,0.9763313609467456,10.013019968099721,0.2777777777777778,0.2777777777777778,0.3224900809583139,2,0.3224900809583139,2,0.3224900809583139,1
mcd,2194_IriunWebcam_before,0.9763313609467456,10.495591564585082,0.6666666666666666,0.6666666666666666,0.3230386219575254,5,0.32381688156812927,5,0.32381688156812927,1
mcd,2194_USBVideo_after,0.9763313609467456,9.953929452826367,0.5,0.5,0.34357067598150326,-13,-0.3909709820359875,-24,0.36645371576761215,1
mcd,2194_USBVideo_before,0.9763313609467456,10.38729782004442,0.16666666666666666,0.16666666666666666,0.32838505772439003,21,0.35679441657023403,21,0.35679441657023403,1
mcd,2221_FullHDwebcam_after,0.9763313609467456,7.423400810376323,0.7777777777777778,0.7777777777777778,-0.5827110165086404,-3,-0.5827110165086404,7,0.5066293854129025,1
mcd,2221_FullHDwebcam_before,0.9763313609467456,7.771706603333407,0.7222222222222222,0.7222222222222222,-0.4471745682979162,-5,-0.4570533123436297,6,0.4224014524186929,1
mcd,2221_IriunWebcam_after,0.9763313609467456,7.4999349424701425,0.0,0.0,-0.025071077176022208,-29,0.08297207233097603,-29,0.08297207233097603,1
mcd,2221_IriunWebcam_before,0.9763313609467456,7.828803747967476,0.1111111111111111,0.1111111111111111,0.07175095769073911,30,0.13340563746317183,30,0.13340563746317183,1
mcd,2233_FullHDwebcam_after,0.9763313609467456,6.139001011554564,0.3333333333333333,0.3333333333333333,-0.2681515425518216,6,0.2897577017330173,6,0.2897577017330173,1
mcd,2233_FullHDwebcam_before,0.9763313609467456,4.241944134419695,0.5555555555555556,0.5,-0.37988424367715856,-3,-0.37988424367715856,6,0.3292572477354829,1
mcd,2233_IriunWebcam_after,0.9763313609467456,6.265647017190725,0.1111111111111111,0.1111111111111111,-0.12183764453838418,7,0.1533002008171096,7,0.1533002008171096,1
mcd,2233_IriunWebcam_before,0.9763313609467456,4.0872479833709825,0.05555555555555555,0.0625,0.037190796394278025,-30,0.06548025087893813,-30,0.06548025087893813,1
mcd,2233_USBVideo_after,0.9763313609467456,6.239089573932572,0.05555555555555555,0.05555555555555555,0.23592377592940794,11,-0.24620585533086775,2,0.23592377592940794,1
mcd,2233_USBVideo_before,0.9763313609467456,4.103630845589409,0.16666666666666666,0.1875,0.05520467235638409,30,0.07090269034834505,30,0.07090269034834505,1
mcd,2242_FullHDwebcam_after,0.9763313609467456,8.458555793872442,0.6111111111111112,0.6111111111111112,-0.48469476395920374,-1,-0.48469476395920374,6,0.4005992220345793,1
mcd,2242_FullHDwebcam_before,0.9763313609467456,9.072744265042777,1.0,1.0,-0.5107926372968827,-16,0.5414765150271953,-16,0.5414765150271953,1
mcd,2242_IriunWebcam_after,0.9763313609467456,8.59874895924138,0.4444444444444444,0.4444444444444444,0.2663746614869434,22,0.27351127971985173,22,0.27351127971985173,1
mcd,2242_IriunWebcam_before,0.975609756097561,9.200171734980806,0.4444444444444444,0.4444444444444444,0.33121021338544987,-21,0.3488214543802993,-21,0.3488214543802993,1
mcd,2242_USBVideo_after,0.9763313609467456,8.49094629995489,0.2777777777777778,0.2777777777777778,0.26144863279972536,-2,0.26144863279972536,-2,0.26144863279972536,1
mcd,2242_USBVideo_before,0.9763313609467456,9.187542202209128,0.0,0.0,0.11269516925496609,-15,-0.11612142863065232,-3,0.11269516925496609,1
mcd,2245_FullHDwebcam_after,0.9763313609467456,9.593397048868788,0.5555555555555556,0.5555555555555556,-0.3208618582157029,-3,-0.3208618582157029,23,0.3044837971763069,1
mcd,2245_FullHDwebcam_before,0.7544378698224852,5.832436045027626,0.3333333333333333,0.4,-0.2499371924667532,-3,-0.2499371924667532,5,0.24778705899918227,1
mcd,2245_IriunWebcam_before,0.7544378698224852,5.772926966282639,0.1111111111111111,0.13333333333333333,0.09773239028907253,13,-0.14772758627338808,3,0.09773239028907253,1
mcd,2246_FullHDwebcam_after,0.9763313609467456,11.579439306533839,0.3333333333333333,0.3333333333333333,-0.3099469443687543,-2,-0.3099469443687543,8,0.23863578991014164,1
mcd,2246_FullHDwebcam_before,0.9763313609467456,11.121488565780215,1.0,1.0,-0.6372861621571823,-24,-0.6386419034220497,8,0.593001971813174,1
mcd,2246_IriunWebcam_before,0.975609756097561,11.036189194483226,0.0,0.0,0.27225079715619777,-29,-0.28442445590545645,25,0.2776246503628908,1
mcd,2246_USBVideo_before,0.9763313609467456,11.136644714112364,0.4444444444444444,0.4444444444444444,0.3118386009173826,-10,-0.32693530505823726,0,0.3118386009173826,1
mcd,2247_FullHDwebcam_after,0.9763313609467456,5.761748735481431,0.5,0.5,0.3638312943232095,5,0.37036730645079835,5,0.37036730645079835,1
mcd,2247_FullHDwebcam_before,0.9763313609467456,7.624621260438639,0.8333333333333334,0.8333333333333334,-0.4592001286015365,20,-0.5249514335231217,6,0.5014706524387234,1
mcd,2247_IriunWebcam_after,0.9763313609467456,6.026441407797866,0.16666666666666666,0.16666666666666666,0.20963448321064887,-13,-0.22079117453651156,-24,0.21926231854204498,1
mcd,2247_IriunWebcam_before,0.975609756097561,7.617994076721183,0.16666666666666666,0.16666666666666666,0.18022037166968485,-10,-0.20383420153644305,1,0.18022037166968485,1
mcd,2247_USBVideo_after,0.9763313609467456,5.787817430362049,0.5555555555555556,0.5555555555555556,0.4252179626603633,-1,0.4252179626603633,-1,0.4252179626603633,1
mcd,2247_USBVideo_before,0.9763313609467456,7.515709523734408,0.5,0.5,0.3630879174533294,-27,0.3746235918253747,-27,0.3746235918253747,1
mcd,2253_FullHDwebcam_after,0.7988165680473372,2.678191350541324,0.7222222222222222,0.7142857142857143,-0.4144282579152766,-2,-0.4144282579152766,-14,0.3702843170654986,1
mcd,2253_FullHDwebcam_before,0.621301775147929,2.2556859242941023,0.16666666666666666,0.08333333333333333,-0.2591398665389553,-4,-0.2591398665389553,-14,0.23258707224912645,1
mcd,2253_IriunWebcam_after,0.7544378698224852,2.7374078584790116,0.2222222222222222,0.23076923076923078,0.1774578463523975,2,0.1774578463523975,2,0.1774578463523975,1
mcd,2253_IriunWebcam_before,0.621301775147929,2.4701189485194974,0.16666666666666666,0.08333333333333333,-0.10125781574189,30,-0.1350942317346991,-13,0.11112046181438753,1
mcd,2253_USBVideo_after,0.7544378698224852,2.8005206297053475,0.3333333333333333,0.23076923076923078,0.25983252755563535,13,-0.275030047024019,1,0.25983252755563535,1
mcd,2284_FullHDwebcam_after,0.9763313609467456,8.710345875357227,0.05555555555555555,0.05555555555555555,0.30722287137099014,-16,0.30825292695592504,-16,0.30825292695592504,1
mcd,2284_FullHDwebcam_before,0.9763313609467456,9.573673886342647,0.5555555555555556,0.5555555555555556,-0.36432232136154696,26,0.4135796824158397,26,0.4135796824158397,1
mcd,2284_IriunWebcam_after,0.975609756097561,8.637081642289253,0.16666666666666666,0.16666666666666666,0.16857445095216347,13,-0.22577608929606316,21,0.16912652186528426,1
mcd,2284_IriunWebcam_before,0.975609756097561,9.567461590619681,0.05555555555555555,0.05555555555555555,0.27403721528161934,-16,0.2759046348559283,-16,0.2759046348559283,1
mcd,2284_USBVideo_after,0.9763313609467456,8.546258871417974,0.0,0.0,0.08381825643482103,-25,0.12459476745550814,-25,0.12459476745550814,1
mcd,2285_FullHDwebcam_after,0.9763313609467456,6.722675545730091,1.0,1.0,-0.6698794297286309,-4,-0.6698794297286309,6,0.5903315055783306,1
mcd,2285_FullHDwebcam_before,0.9763313609467456,4.146401475582511,0.7222222222222222,0.7058823529411765,-0.43666262701265063,-6,-0.4904872953987593,5,0.4337203284852335,1
mcd,2285_IriunWebcam_after,0.975609756097561,6.611404425368358,0.05555555555555555,0.058823529411764705,0.0779341984301217,-29,-0.15397914224754575,25,0.10335524170524094,1
mcd,2285_IriunWebcam_before,0.975609756097561,4.388253880769298,0.16666666666666666,0.16666666666666666,0.15922951998216042,-9,-0.19154779720844176,-23,0.17573257443342194,1
mcd,2291_FullHDwebcam_after,0.9763313609467456,8.429508221060729,0.8333333333333334,0.8333333333333334,0.5351850172299688,5,0.566575923092553,5,0.566575923092553,1
mcd,2291_FullHDwebcam_before,0.9763313609467456,7.34469962343716,0.8333333333333334,0.875,-0.6112972835819274,-5,-0.645411818159875,5,0.6354561293960589,1
mcd,2291_IriunWebcam_after,0.9763313609467456,8.487977931145142,0.16666666666666666,0.16666666666666666,0.08692652563547512,20,0.13094733063494501,20,0.13094733063494501,1
mcd,2291_IriunWebcam_before,0.975609756097561,7.241902582379709,0.1111111111111111,0.0625,0.19988435877464109,-25,0.20656595361328564,-25,0.20656595361328564,1
mcd,2323_FullHDwebcam_after,0.9763313609467456,7.878831633971757,0.2777777777777778,0.2777777777777778,-0.2549338083414203,-2,-0.2549338083414203,27,0.17592515395166472,1
mcd,2323_FullHDwebcam_before,0.9319526627218935,6.897827671609717,0.3888888888888889,0.4375,-0.30208592507546955,-4,-0.30208592507546955,-16,0.2687630160011778,1
mcd,2323_IriunWebcam_after,0.9763313609467456,7.772284395370285,0.0,0.0,0.06836092478424872,-29,-0.15501982939469075,30,0.12302899339425762,1
mcd,2323_IriunWebcam_before,0.9319526627218935,6.7238479711338925,0.2222222222222222,0.25,0.17333129722522064,3,0.17333129722522064,3,0.17333129722522064,1
mcd,2323_USBVideo_after,0.9763313609467456,7.95501543197312,0.2222222222222222,0.2222222222222222,0.11752237137724923,27,-0.1675754487990573,19,0.15130866550266017,1
mcd,2323_USBVideo_before,0.9319526627218935,6.7794267889378474,0.05555555555555555,0.0625,0.17275658410580483,19,0.17696496952925095,19,0.17696496952925095,1
mcd,2339_FullHDwebcam_after,0.9763313609467456,5.066325362124626,0.9444444444444444,0.9444444444444444,-0.5079326505471665,6,0.5563502102714649,6,0.5563502102714649,1
mcd,2339_FullHDwebcam_before,0.9763313609467456,8.023502324321262,0.6666666666666666,0.6666666666666666,0.5081219372579384,4,0.5081219372579384,4,0.5081219372579384,1
mcd,2339_IriunWebcam_after,0.9763313609467456,4.92967664316893,0.0,0.0,0.09502801534172856,23,0.12016464832267577,23,0.12016464832267577,1
mcd,2375_FullHDwebcam_after,0.9763313609467456,6.220714042521925,0.8333333333333334,0.8333333333333334,-0.6116810296361885,-1,-0.6116810296361885,-14,0.47573900301708244,1
mcd,2375_FullHDwebcam_before,0.9763313609467456,8.099023993560863,1.0,1.0,-0.7420947205552313,-2,-0.7420947205552313,8,0.5667149942075136,1
mcd,2375_IriunWebcam_after,0.975609756097561,6.15817976095754,0.2777777777777778,0.2777777777777778,0.4081988716344778,4,0.4081988716344778,4,0.4081988716344778,1
mcd,2375_IriunWebcam_before,0.975609756097561,8.27052116453339,0.2222222222222222,0.2222222222222222,0.17903304440403278,-6,-0.20455651792574436,3,0.17903304440403278,1
mcd,2375_USBVideo_after,0.9763313609467456,6.176264375519526,0.4444444444444444,0.4444444444444444,0.291945214038508,-10,-0.3428369002438283,-22,0.3098904821914539,1
mcd,2375_USBVideo_before,0.9763313609467456,8.20362413832558,0.1111111111111111,0.1111111111111111,0.1646202348246433,-23,0.1981186777651977,-23,0.1981186777651977,1
mcd,2414_FullHDwebcam_after,0.9763313609467456,5.465006118385135,1.0,1.0,-0.6677915236194552,-3,-0.6677915236194552,-16,0.5775621805818902,1
mcd,2414_FullHDwebcam_before,0.9763313609467456,4.469254436542565,1.0,1.0,-0.6126190558284389,-2,-0.6126190558284389,-14,0.5070842924308798,1
mcd,2414_IriunWebcam_after,0.9763313609467456,5.4390571178327365,0.3333333333333333,0.35294117647058826,0.17936390600567936,5,0.1804862530930517,5,0.1804862530930517,1
mcd,2414_IriunWebcam_before,0.9763313609467456,3.421544057978024,0.16666666666666666,0.16666666666666666,-0.021200811685028874,-9,0.1302240357278197,-9,0.1302240357278197,1
mcd,2439_FullHDwebcam_after,0.9763313609467456,7.566110498671767,0.9444444444444444,0.9444444444444444,-0.6278330457363739,-2,-0.6278330457363739,7,0.5649486598249933,1
mcd,2439_FullHDwebcam_before,0.9763313609467456,4.024509436654903,0.7777777777777778,0.75,-0.6035059602836275,-2,-0.6035059602836275,7,0.5234074968897976,1
mcd,2439_IriunWebcam_after,0.9763313609467456,7.296242253148389,0.2777777777777778,0.2777777777777778,0.37742676923544694,2,0.37742676923544694,2,0.37742676923544694,1
mcd,2439_IriunWebcam_before,0.975609756097561,3.906094395715657,0.16666666666666666,0.1875,0.2252369314382653,-7,-0.3081186003068096,2,0.2252369314382653,1
mcd,2439_USBVideo_after,0.9763313609467456,7.641595474511652,0.1111111111111111,0.1111111111111111,0.1486364708942457,-30,-0.23450798620340316,-21,0.21062849620030433,1
mcd,2439_USBVideo_before,0.9763313609467456,4.0812458124579845,0.05555555555555555,0.0625,-0.18622676392917345,5,-0.19872149463759406,17,0.1609337136282581,1
mcd,2445_FullHDwebcam_after,0.9763313609467456,8.77562717195508,0.5555555555555556,0.5555555555555556,-0.3444232996026899,-14,0.38241587458432735,-14,0.38241587458432735,1
mcd,2445_FullHDwebcam_before,0.8431952662721893,2.90844857366373,0.8888888888888888,0.9333333333333333,-0.3905704066675078,20,-0.40211219281863686,-17,0.38592192106860457,1
mcd,2445_IriunWebcam_after,0.9763313609467456,8.718624292968496,0.1111111111111111,0.1111111111111111,0.11553025804245562,19,-0.1688562166244915,7,0.15229384477937638,1
mcd,2445_IriunWebcam_before,0.8425720620842572,2.7789418095028795,0.05555555555555555,0.06666666666666667,0.1876823417879045,-21,0.21347100513132775,-21,0.21347100513132775,1
mcd,2446_FullHDwebcam_after,0.35502958579881655,-0.39307710313610456,0.3333333333333333,0.5714285714285714,-0.3630559857135097,-2,-0.3630559857135097,8,0.31711540280183115,0
mcd,2446_FullHDwebcam_before,0.9319526627218935,3.221324981400474,0.3333333333333333,0.3333333333333333,-0.45669539215230975,-2,-0.45669539215230975,8,0.3744731394276819,1
mcd,2446_IriunWebcam_after,0.35502958579881655,-0.38993345320665646,0.2777777777777778,0.14285714285714285,-0.07127643918902661,-28,-0.09162444369268875,20,0.054223786402909153,0
mcd,2446_IriunWebcam_before,0.7544378698224852,3.422240788592302,0.4444444444444444,0.42857142857142855,-0.29188149803359703,-6,-0.35495304593410504,6,0.3078493103656496,1
mcd,2446_USBVideo_after,0.35502958579881655,-0.3397729088450144,0.3333333333333333,0.5714285714285714,0.13238563823634097,-23,0.19512727364647833,-23,0.19512727364647833,0
mcd,2446_USBVideo_before,0.753880266075388,3.353959085381905,0.3888888888888889,0.42857142857142855,0.21309559554391613,-16,-0.22055149329375115,-26,0.21989194117226096,1
mcd,2459_FullHDwebcam_after,0.8431952662721893,3.863904485790831,0.7777777777777778,0.8,-0.46330223603330223,7,0.5016917367698397,7,0.5016917367698397,1
mcd,2459_FullHDwebcam_before,0.9319526627218935,6.563376369404457,0.7777777777777778,0.7647058823529411,-0.6313125873036964,-2,-0.6313125873036964,8,0.5434204815758507,1
mcd,2459_IriunWebcam_after,0.8425720620842572,3.7210602190718487,0.16666666666666666,0.2,0.17995142263021532,23,0.20651822989362134,23,0.20651822989362134,1
mcd,2459_IriunWebcam_before,0.9312638580931264,6.443072638910447,0.3333333333333333,0.35294117647058826,-0.33528357971001777,-5,-0.34974045723244657,-15,0.345886894662808,1
mcd,2462_FullHDwebcam_after,0.8431952662721893,8.50023229555131,0.7777777777777778,0.75,-0.518419922144378,-1,-0.518419922144378,-10,0.4973928602422235,1
mcd,2462_FullHDwebcam_before,0.9763313609467456,9.225346821771952,0.6111111111111112,0.6111111111111112,-0.4235412738498431,-1,-0.4235412738498431,27,0.41844137980126556,1
mcd,2462_IriunWebcam_after,0.8431952662721893,8.503471670634362,0.05555555555555555,0.0625,-0.3287690109515942,-4,-0.3287690109515942,5,0.3248740788265325,1
mcd,2462_IriunWebcam_before,0.975609756097561,9.266810391859998,0.2777777777777778,0.2777777777777778,0.326110493755677,-6,-0.3654484024329278,-15,0.328536476698721,1
mcd,2462_USBVideo_after,0.8431952662721893,8.583701764546525,0.0,0.0,0.3007707288186655,1,0.3007707288186655,1,0.3007707288186655,1
mcd,2462_USBVideo_before,0.9763313609467456,9.214262609223137,0.2222222222222222,0.2222222222222222,0.23508801548980285,-17,0.2720280685521271,-17,0.2720280685521271,1
mcd,2463_FullHDwebcam_after,0.9763313609467456,6.563655626903105,0.2777777777777778,0.3125,-0.23830029973631775,-1,-0.23830029973631775,-13,0.2182441429349298,1
mcd,2463_FullHDwebcam_before,0.9763313609467456,10.59147826586636,0.5,0.5,-0.3389076605408939,-2,-0.3389076605408939,7,0.3204833138976823,1
mcd,2463_IriunWebcam_after,0.9763313609467456,6.5767911526585205,0.05555555555555555,0.058823529411764705,0.1265288255110093,-8,-0.13495747803261843,3,0.1265288255110093,1
mcd,2463_IriunWebcam_before,0.975609756097561,10.494209026822308,0.0,0.0,0.1683245893830608,-26,-0.18858613378149985,-17,0.17593257741733356,1
mcd,2463_USBVideo_after,0.9763313609467456,6.699194910320106,0.05555555555555555,0.058823529411764705,0.12723134156118152,-22,0.16254563509187492,-22,0.16254563509187492,1
mcd,2463_USBVideo_before,0.9763313609467456,10.570702626404175,0.3888888888888889,0.3888888888888889,0.2102943518353823,-23,0.22066066441438204,-23,0.22066066441438204,1
mcd,2508_FullHDwebcam_after,0.9763313609467456,7.1090222554979725,0.3333333333333333,0.375,-0.32474878736365526,24,-0.3388747378597866,7,0.29905325522077425,1
mcd,2508_FullHDwebcam_before,0.9763313609467456,7.097700958066479,0.9444444444444444,0.9444444444444444,-0.5758291327475296,-2,-0.5758291327475296,12,0.5047196593791206,1
mcd,2508_IriunWebcam_after,0.975609756097561,7.189579872000461,0.5,0.5625,-0.25336606502700043,20,-0.3463544313571926,8,0.27525526141884965,1
mcd,2508_IriunWebcam_before,0.975609756097561,7.174175728447263,0.7777777777777778,0.7777777777777778,0.46107992857167374,6,0.49490762122304555,6,0.49490762122304555,1
mcd,2508_USBVideo_after,0.9763313609467456,7.175624056245886,0.5555555555555556,0.5625,0.38152762913992727,-27,0.4057797771026721,-27,0.4057797771026721,1
mcd,2527_FullHDwebcam_after,0.9763313609467456,9.983486882421456,0.8333333333333334,0.8333333333333334,-0.4602063832241557,6,0.4866658173331242,6,0.4866658173331242,1
mcd,2527_FullHDwebcam_before,0.9763313609467456,7.3899883897393845,0.6111111111111112,0.6111111111111112,-0.37453293890651984,-2,-0.37453293890651984,7,0.3724037382453667,1
mcd,2527_IriunWebcam_after,0.975609756097561,9.65588940527511,0.0,0.0,-0.04371960418043799,-27,-0.0867411184832,-12,0.0499055585949918,1
mcd,2527_IriunWebcam_before,0.9770540340488527,7.061335847324354,0.05555555555555555,0.05555555555555555,0.13219557602114604,-21,0.1578245744284445,-21,0.1578245744284445,1
mcd,2527_USBVideo_before,0.975609756097561,7.526112258511681,0.16666666666666666,0.16666666666666666,0.22508353053955368,-2,0.22508353053955368,-2,0.22508353053955368,1
mcd,2558_FullHDwebcam_after,0.9763313609467456,8.07094823054179,0.5555555555555556,0.5555555555555556,0.4064405830726103,4,0.4064405830726103,4,0.4064405830726103,1
mcd,2558_FullHDwebcam_before,0.9763313609467456,10.544125200093863,0.6666666666666666,0.6666666666666666,0.5058821974826269,4,0.5058821974826269,4,0.5058821974826269,1
mcd,2558_IriunWebcam_after,0.975609756097561,7.950847241939389,0.05555555555555555,0.05555555555555555,0.08992925926382554,1,0.08992925926382554,1,0.08992925926382554,1
mcd,2558_IriunWebcam_before,0.9763313609467456,10.48927405493589,0.0,0.0,-0.16456658164835955,-5,-0.18081672994234002,3,0.1554798001616769,1
mcd,2619_FullHDwebcam_after,0.9763313609467456,7.565600763786559,0.9444444444444444,1.0,-0.6351329415325959,-2,-0.6351329415325959,-14,0.5201519724472622,1
mcd,2619_FullHDwebcam_before,0.9319526627218935,2.5296380769810725,0.8333333333333334,0.8666666666666667,-0.42235409414448716,-5,-0.45478406984497394,8,0.32539599436021405,1
mcd,2619_IriunWebcam_after,0.975609756097561,7.60508253535583,0.0,0.0,0.13266918070803352,22,0.16275113910734673,22,0.16275113910734673,1
mcd,2619_IriunWebcam_before,0.7982261640798226,2.2615703478737736,0.5,0.5714285714285714,0.2553747724315744,3,0.2553747724315744,3,0.2553747724315744,1
mcd,2625_FullHDwebcam_after,0.9763313609467456,7.968211205626495,0.8888888888888888,0.9375,-0.65656712296011,-2,-0.65656712296011,7,0.6478523661669866,1
mcd,2625_FullHDwebcam_before,0.9763313609467456,4.7677027980239615,0.7777777777777778,0.8235294117647058,-0.7002794111126471,-2,-0.7002794111126471,-15,0.5890712788719243,1
mcd,2625_IriunWebcam_after,0.9763313609467456,7.894950610068316,0.7222222222222222,0.8125,0.467412933815183,-8,-0.5477758545908995,2,0.467412933815183,1
mcd,2625_IriunWebcam_before,0.975609756097561,4.683816635580246,0.7222222222222222,0.7647058823529411,0.40536208068702045,3,0.40536208068702045,3,0.40536208068702045,1
mcd,2625_USBVideo_after,0.9763313609467456,7.887376137370335,0.5,0.5,0.34965828723757025,8,-0.39848804086763895,20,0.35507530920385183,1
mcd,2625_USBVideo_before,0.9763313609467456,4.461465905368709,0.3888888888888889,0.4117647058823529,0.3609003848282602,-13,-0.38643300028118216,-3,0.3609003848282602,1
mcd,2638_FullHDwebcam_after,0.9763313609467456,8.451700714820937,0.8333333333333334,0.8333333333333334,-0.4117386433168354,6,0.5150856483408547,6,0.5150856483408547,1
mcd,2638_FullHDwebcam_before,0.9763313609467456,5.905383161610276,0.9444444444444444,0.9444444444444444,-0.4404684339517524,-16,0.48849537876552496,-16,0.48849537876552496,1
mcd,2638_IriunWebcam_after,0.975609756097561,8.449242453621945,0.2777777777777778,0.2777777777777778,0.29917684372110087,2,0.29917684372110087,2,0.29917684372110087,1
mcd,2638_IriunWebcam_before,0.975609756097561,5.646448380815297,0.3888888888888889,0.3888888888888889,0.27935434270202464,-6,-0.33372532896568724,28,0.2802720392205939,1
mcd,2638_USBVideo_after,0.9763313609467456,8.45042211301552,0.4444444444444444,0.4444444444444444,0.3103646797253852,-23,0.3236518028440522,-23,0.3236518028440522,1
mcd,2638_USBVideo_before,0.9763313609467456,5.5695151228127155,0.5,0.5,0.2249989764835029,-24,0.23526740074671215,-24,0.23526740074671215,1
mcd,2646_FullHDwebcam_after,0.9763313609467456,9.899810324527337,0.8888888888888888,0.8888888888888888,-0.5333940343682889,-13,0.5527558415268929,-13,0.5527558415268929,1
mcd,2646_FullHDwebcam_before,0.9763313609467456,9.401429792816263,0.8333333333333334,0.8333333333333334,0.46409101036599903,-17,0.5096700147011627,-17,0.5096700147011627,1
mcd,2646_IriunWebcam_after,0.9763313609467456,9.75090946914333,0.2777777777777778,0.2777777777777778,0.1661648394166304,9,-0.2059703000514234,18,0.1810381710878413,1
mcd,2646_IriunWebcam_before,0.975609756097561,9.263343800614319,0.3333333333333333,0.3333333333333333,-0.10367383936606643,-28,-0.20061778659208931,-16,0.13083598257954684,1
mcd,2646_USBVideo_after,0.9763313609467456,9.947745285444132,0.1111111111111111,0.1111111111111111,0.31842543659242495,-1,0.31842543659242495,-1,0.31842543659242495,1
mcd,2646_USBVideo_before,0.975609756097561,9.502940938471394,0.5,0.5,0.4639409757248219,-1,0.4639409757248219,-1,0.4639409757248219,1
mcd,2651_FullHDwebcam_after,0.9763313609467456,6.649167964163114,0.5555555555555556,0.5555555555555556,-0.4711733956869845,5,0.47914363487764317,5,0.47914363487764317,1
mcd,2651_FullHDwebcam_before,0.9763313609467456,5.739788804958019,0.4444444444444444,0.4444444444444444,-0.3111340035357631,-2,-0.3111340035357631,5,0.2915176803204088,1
mcd,2651_IriunWebcam_after,0.9763313609467456,6.47212138541164,0.0,0.0,0.23884633378097103,23,-0.26779939906788575,16,0.24397803777880708,1
mcd,2651_IriunWebcam_before,0.9763313609467456,5.3698817575403055,0.0,0.0,0.09200100758289899,-17,0.15199972603246273,-17,0.15199972603246273,1
mcd,2659_FullHDwebcam_after,0.9763313609467456,8.448179635477636,0.7777777777777778,0.7777777777777778,-0.4405238743227164,6,0.46067603121552375,6,0.46067603121552375,1
mcd,2659_FullHDwebcam_before,0.9763313609467456,8.279591333664891,0.2222222222222222,0.2222222222222222,-0.29172701069178286,-5,-0.3182070172819516,4,0.2911968364339296,1
mcd,2659_IriunWebcam_after,0.975609756097561,8.32632748353197,0.16666666666666666,0.16666666666666666,0.17353324290936517,13,-0.1926180578705901,23,0.18822962422894457,1
mcd,2659_IriunWebcam_before,0.975609756097561,8.201504370366774,0.1111111111111111,0.1111111111111111,0.23884925505308532,2,0.23884925505308532,2,0.23884925505308532,1
mcd,2672_FullHDwebcam_after,0.9763313609467456,1.5378603810667402,0.8333333333333334,0.8235294117647058,-0.7245195937855105,-2,-0.7245195937855105,9,0.6313804353814627,1
mcd,2672_FullHDwebcam_before,0.9763313609467456,3.9422227013405173,1.0,1.0,-0.8013657323231318,-3,-0.8013657323231318,10,0.6954044530926853,1
mcd,2672_IriunWebcam_after,0.975609756097561,1.3306782087974194,0.0,0.0,0.14832514167051614,-10,-0.20180569084876615,-21,0.1742812022651552,1
mcd,2672_IriunWebcam_before,0.975609756097561,3.8538862138883454,0.2222222222222222,0.2222222222222222,0.2689457342054741,-8,-0.3286758358913619,5,0.2791590710567094,1
mcd,2676_FullHDwebcam_after,0.9763313609467456,6.799356673769832,0.3888888888888889,0.3888888888888889,-0.33358495418268636,0,-0.33358495418268636,9,0.2994914835903471,1
mcd,2676_FullHDwebcam_before,0.9763313609467456,6.746042485959228,0.4444444444444444,0.4444444444444444,-0.29872653685484113,22,-0.3222293197874478,9,0.3150532348500882,1
mcd,2676_IriunWebcam_after,0.9763313609467456,6.66237246783945,0.6666666666666666,0.6666666666666666,-0.22393021362240814,-30,-0.3262945796736888,30,0.2763685643337946,1
mcd,2676_IriunWebcam_before,0.975609756097561,6.808046000869786,0.8333333333333334,0.8333333333333334,-0.36539976294987214,-19,0.38980184291154546,-19,0.38980184291154546,1
mcd,2676_USBVideo_before,0.9763313609467456,6.800533350872979,0.3888888888888889,0.3888888888888889,0.17762713836089605,29,0.2123764345334286,29,0.2123764345334286,1
mcd,2704_FullHDwebcam_after,0.9763313609467456,8.359684389185198,0.8888888888888888,0.8888888888888888,-0.4989671340370635,-4,-0.4989671340370635,5,0.49332557118884174,1
mcd,2704_FullHDwebcam_before,0.9763313609467456,5.731504003320706,0.3888888888888889,0.3888888888888889,-0.3500149609925738,-5,-0.3764409652786764,26,0.34626030652223966,1
mcd,2704_IriunWebcam_after,0.9763313609467456,8.23414544217938,0.05555555555555555,0.05555555555555555,0.05646018332745248,5,-0.06292854242412892,18,0.060363274974461284,1
mcd,2704_IriunWebcam_before,0.9763313609467456,6.077905799823834,0.1111111111111111,0.1111111111111111,0.27474688172695705,-7,-0.31325495303033724,2,0.27474688172695705,1
mcd,2732_FullHDwebcam_after,0.9763313609467456,4.331903952228436,0.4444444444444444,0.47058823529411764,0.2785394202269516,-18,0.34584356308974734,-18,0.34584356308974734,1
mcd,2732_FullHDwebcam_before,0.9763313609467456,5.909765429355076,0.6666666666666666,0.6666666666666666,-0.45835516528648673,-4,-0.45835516528648673,-19,0.40913059532393514,1
mcd,2732_IriunWebcam_after,0.9763313609467456,4.324670301401552,0.1111111111111111,0.058823529411764705,0.16940271876581767,-27,0.1947369666750753,-27,0.1947369666750753,1
mcd,2732_IriunWebcam_before,0.9770540340488527,6.226062238835617,0.5,0.5,0.29027697329726115,13,-0.29958145512475404,2,0.29027697329726115,1
mcd,2732_USBVideo_after,0.975609756097561,4.254845200301581,0.5,0.5294117647058824,0.3965213563227203,-8,-0.40520739271579054,3,0.3965213563227203,1
mcd,2732_USBVideo_before,0.9763313609467456,5.92867614590657,0.5,0.5,0.3515877604317732,-11,-0.37088746279871254,-23,0.3634561904240829,1
mcd,2751_FullHDwebcam_after,0.9763313609467456,5.976371285130826,0.8333333333333334,1.0,-0.5946438958263188,-3,-0.5946438958263188,8,0.5062210505856528,1
mcd,2751_FullHDwebcam_before,0.9763313609467456,7.964626921593652,0.6111111111111112,0.5882352941176471,0.4215327284733537,-18,0.4284306554316934,-18,0.4284306554316934,1
mcd,2751_IriunWebcam_after,0.9763313609467456,5.9146930639417254,0.1111111111111111,0.13333333333333333,0.050768856163326485,-28,-0.08086763335528277,-13,0.05650569707805043,1
mcd,2751_IriunWebcam_before,0.975609756097561,7.828743022697376,0.3333333333333333,0.35294117647058826,0.2436648739750232,2,0.2436648739750232,2,0.2436648739750232,1
mcd,2755_FullHDwebcam_after,0.9763313609467456,8.92343598563922,1.0,1.0,-0.7734178839435066,-2,-0.7734178839435066,-15,0.6421645777718684,1
mcd,2755_FullHDwebcam_before,0.9763313609467456,6.620387183729379,1.0,1.0,-0.6932243035789752,-1,-0.6932243035789752,-14,0.578966646187461,1
mcd,2755_IriunWebcam_after,0.9763313609467456,8.970596106400976,0.6666666666666666,0.6666666666666666,0.4393647819050085,4,0.4393647819050085,4,0.4393647819050085,1
mcd,2755_IriunWebcam_before,0.975609756097561,6.6932574875198165,0.3888888888888889,0.4375,-0.18343158735476342,-28,-0.2541779376580466,-17,0.20883741729366478,1
mcd,2755_USBVideo_after,0.9763313609467456,8.890567078601265,0.6666666666666666,0.6666666666666666,0.4874766371550882,1,0.4874766371550882,1,0.4874766371550882,1
mcd,2755_USBVideo_before,0.9763313609467456,6.7526839768892115,0.8888888888888888,0.8823529411764706,0.39383120693097673,1,0.39383120693097673,1,0.39383120693097673,1
mcd,2778_FullHDwebcam_after,0.9319526627218935,6.984538092239531,0.6111111111111112,0.625,-0.4042433798850158,6,0.4309504723511464,6,0.4309504723511464,1
mcd,2778_FullHDwebcam_before,0.7544378698224852,2.5161588066311054,0.3888888888888889,0.42857142857142855,-0.36353534044035857,-4,-0.36353534044035857,-14,0.33128325121210916,1
mcd,2778_IriunWebcam_after,0.9319526627218935,7.190939614393948,0.2222222222222222,0.25,0.16145678653542647,-26,-0.23242213602673534,-15,0.2001415610111908,1
mcd,2778_IriunWebcam_before,0.7544378698224852,2.758692193535497,0.3333333333333333,0.35714285714285715,-0.1575706627834598,-15,0.17300248885406155,-15,0.17300248885406155,1
mcd,2778_USBVideo_after,0.9763313609467456,7.092823440758003,0.0,0.0,0.2960593156513227,1,0.2960593156513227,1,0.2960593156513227,1
mcd,2778_USBVideo_before,0.7544378698224852,2.534563992430977,0.6666666666666666,0.6923076923076923,0.42940078956503835,1,0.42940078956503835,1,0.42940078956503835,1
mcd,2801_FullHDwebcam_after,0.9763313609467456,8.513099270478504,0.7777777777777778,0.7777777777777778,-0.5771498010604725,-3,-0.5771498010604725,9,0.49181199655674246,1
mcd,2801_FullHDwebcam_before,0.9319526627218935,7.026541490053432,0.6111111111111112,0.5882352941176471,-0.4423834145500941,-3,-0.4423834145500941,8,0.37722427640978917,1
mcd,2801_IriunWebcam_after,0.975609756097561,8.55993933034577,0.2222222222222222,0.2222222222222222,0.25676629380310045,-9,-0.28585128110653607,2,0.25676629380310045,1
mcd,2801_IriunWebcam_before,0.9319526627218935,6.963497034981154,0.2222222222222222,0.23529411764705882,0.1654078102803026,5,0.1770519567154569,5,0.1770519567154569,1
mcd,2801_USBVideo_after,0.9763313609467456,8.628227772410366,0.7222222222222222,0.7222222222222222,0.4999090274474882,0,0.4999090274474882,0,0.4999090274474882,1
mcd,2801_USBVideo_before,0.9319526627218935,6.965309581150905,0.3333333333333333,0.35294117647058826,0.2747347163399342,-12,-0.2956734831926822,-2,0.2747347163399342,1
mcd,2802_FullHDwebcam_after,0.9763313609467456,4.881902407573949,0.9444444444444444,0.9411764705882353,-0.6530410832346341,-3,-0.6530410832346341,7,0.6219920811934072,1
mcd,2802_FullHDwebcam_before,0.8431952662721893,3.016556874016414,0.5555555555555556,0.5333333333333333,-0.5911269323029676,-4,-0.5911269323029676,6,0.5657098686860524,1
mcd,2802_IriunWebcam_after,0.975609756097561,4.930281271738657,0.3333333333333333,0.35294117647058826,0.2756017994885907,4,0.2756017994885907,4,0.2756017994885907,1
mcd,2802_IriunWebcam_before,0.8431952662721893,3.2252817219800267,0.7222222222222222,0.8,0.42391374710434643,-8,-0.45948410515115945,4,0.42391374710434643,1
mcd,2802_USBVideo_after,0.9763313609467456,4.957871195373345,0.1111111111111111,0.11764705882352941,0.284474931736769,12,-0.2864903865840503,1,0.284474931736769,1
mcd,2802_USBVideo_before,0.8431952662721893,3.045584451279748,0.7777777777777778,0.8666666666666667,0.4340411766234081,-2,0.4340411766234081,-2,0.4340411766234081,1
mcd,2818_FullHDwebcam_after,0.7544378698224852,3.004734234365876,1.0,1.0,-0.7524688486710089,0,-0.7524688486710089,-11,0.5667498449521507,1
mcd,2818_FullHDwebcam_before,0.9763313609467456,6.7144290073827015,0.7777777777777778,0.7777777777777778,-0.5865952030890252,-1,-0.5865952030890252,8,0.556750031170476,1
mcd,2818_IriunWebcam_after,0.9326424870466321,2.668878788763148,0.5555555555555556,0.6428571428571429,-0.48860175538388756,-4,-0.48860175538388756,6,0.4396463825116604,1
mcd,2818_IriunWebcam_before,0.975609756097561,6.713937314058484,0.4444444444444444,0.4444444444444444,0.34515396483016436,4,0.34515396483016436,4,0.34515396483016436,1
mcd,2818_USBVideo_after,0.753880266075388,2.781751604068223,0.6666666666666666,0.7692307692307693,0.4087738834889851,-9,-0.4296069194058223,1,0.4087738834889851,1
mcd,2818_USBVideo_before,0.9763313609467456,7.029271366386765,0.3333333333333333,0.3333333333333333,0.349279804091169,-1,0.349279804091169,-1,0.349279804091169,1
mcd,2823_FullHDwebcam_after,0.9763313609467456,4.664536184319173,0.0,0.0,-0.14747878935157102,-10,0.1750816278833894,-10,0.1750816278833894,1
mcd,2823_FullHDwebcam_before,0.8875739644970414,1.3947835916131595,0.2222222222222222,0.2857142857142857,-0.21375784569487905,-13,0.2524250361910895,-13,0.2524250361910895,1
mcd,2823_IriunWebcam_after,0.975609756097561,4.461889257837821,0.05555555555555555,0.05555555555555555,0.08797611771572694,-20,-0.11003514659645679,-27,0.10105868042710474,1
mcd,2823_IriunWebcam_before,0.8869179600886918,1.3959394926871114,0.05555555555555555,0.07142857142857142,0.1521867521356717,1,0.1521867521356717,1,0.1521867521356717,1
mcd,2823_USBVideo_after,0.9763313609467456,4.5243316264116125,0.16666666666666666,0.16666666666666666,0.17091197271768532,28,0.19072060695445386,28,0.19072060695445386,1
mcd,2823_USBVideo_before,0.8875739644970414,1.4279835002723478,0.0,0.0,0.13360296484516312,-20,0.18949442575049188,-20,0.18949442575049188,1
mcd,2842_FullHDwebcam_after,0.9763313609467456,8.260050843987804,0.6666666666666666,0.6666666666666666,0.5235467529740915,5,0.5287943124628975,5,0.5287943124628975,1
mcd,2842_FullHDwebcam_before,0.9763313609467456,5.24593675776517,0.8888888888888888,0.9375,-0.5366866225003044,-4,-0.5366866225003044,5,0.49073284348301366,1
mcd,2842_IriunWebcam_after,0.9763313609467456,8.134259523910254,0.0,0.0,-0.12900400521728678,-24,-0.17656983678591784,2,0.12038001210805949,1
mcd,2842_IriunWebcam_before,0.975609756097561,5.4360838211919855,0.0,0.0,0.14835529010559964,-19,0.16135088876069817,-19,0.16135088876069817,1
mcd,2842_USBVideo_after,0.9763313609467456,8.25922246033678,0.6111111111111112,0.6111111111111112,0.35574426879349685,-20,0.41274893637997445,-20,0.41274893637997445,1
mcd,2842_USBVideo_before,0.9763313609467456,5.300049575531059,0.2777777777777778,0.3125,0.30408816052634696,-11,-0.3770989437261248,-20,0.3623881526709129,1
mcd,2851_FullHDwebcam_after,0.9319526627218935,1.6020100433334175,1.0,1.0,-0.7974824306512672,-1,-0.7974824306512672,-14,0.6713302110359717,1
mcd,2851_FullHDwebcam_before,0.9319526627218935,4.490614451416975,1.0,1.0,-0.7788170701155049,0,-0.7788170701155049,-13,0.6313912069724584,1
mcd,2851_IriunWebcam_after,0.9319526627218935,1.6613739237879965,0.7777777777777778,0.8666666666666667,0.5444315066255848,4,0.5444315066255848,4,0.5444315066255848,1
mcd,2851_IriunWebcam_before,0.9312638580931264,4.540513683840667,0.3333333333333333,0.42857142857142855,0.4416455678240643,5,0.46821042248319117,5,0.46821042248319117,1
mcd,2851_USBVideo_after,0.9319526627218935,1.7056198202066348,0.7222222222222222,0.8,0.5142236269262404,-12,-0.5898673088165023,1,0.5142236269262404,1
mcd,2851_USBVideo_before,0.9319526627218935,4.528214279553482,0.6111111111111112,0.7857142857142857,0.41916017153847335,0,0.41916017153847335,0,0.41916017153847335,1
mcd,2852_FullHDwebcam_after,0.9763313609467456,4.838809884330234,0.8888888888888888,0.8823529411764706,-0.5867794777016668,-5,-0.5925498571945282,7,0.5196553303096932,1
mcd,2852_FullHDwebcam_before,0.9763313609467456,5.733726117732322,1.0,1.0,-0.7349655843599321,-4,-0.7349655843599321,9,0.655721722502472,1
mcd,2857_FullHDwebcam_after,0.9763313609467456,7.78255066209437,0.9444444444444444,0.9444444444444444,-0.5945131749574372,-3,-0.5945131749574372,-14,0.5713209858546934,1
mcd,2857_FullHDwebcam_before,0.9763313609467456,6.980284222660268,1.0,1.0,-0.6035208769984358,-18,0.64574291511565,-18,0.64574291511565,1
mcd,2857_IriunWebcam_after,0.975609756097561,7.883059043044707,0.16666666666666666,0.16666666666666666,0.27080147401933446,-18,0.3078346933787233,-18,0.3078346933787233,1
mcd,2857_IriunWebcam_before,0.975609756097561,7.182566401202271,0.4444444444444444,0.47058823529411764,0.3460890571473568,4,0.3460890571473568,4,0.3460890571473568,1
mcd,2874_FullHDwebcam_after,0.9763313609467456,9.268400161772107,0.8888888888888888,0.8888888888888888,-0.5392303946360606,-2,-0.5392303946360606,8,0.5219433761550235,1
mcd,2874_FullHDwebcam_before,0.9763313609467456,7.233131953040719,0.8333333333333334,0.8333333333333334,-0.6072844411792124,-2,-0.6072844411792124,8,0.5089962560057038,1
mcd,2874_IriunWebcam_after,0.975609756097561,9.008570688176135,0.6666666666666666,0.6666666666666666,0.39435491246720755,-6,-0.42901013793224985,4,0.39435491246720755,1
mcd,2874_IriunWebcam_before,0.9763313609467456,7.214088003694423,0.6111111111111112,0.6111111111111112,0.39412298718445404,-17,0.3949500133572923,-17,0.3949500133572923,1
mcd,2874_USBVideo_after,0.9763313609467456,9.421942779779048,0.16666666666666666,0.16666666666666666,0.28808133509293465,-3,0.28808133509293465,-3,0.28808133509293465,1
mcd,2874_USBVideo_before,0.9763313609467456,7.116634586725876,0.16666666666666666,0.16666666666666666,0.23203321334845814,-1,0.23203321334845814,-1,0.23203321334845814,1
mcd,2875_FullHDwebcam_after,0.9763313609467456,7.270585344199365,0.1111111111111111,0.1111111111111111,-0.1418338597601768,6,0.16726676743374372,6,0.16726676743374372,1
mcd,2875_FullHDwebcam_before,0.9763313609467456,3.800913591034828,0.0,0.0,-0.0995401950169635,-1,-0.0995401950169635,7,0.07301118258118286,1
mcd,2875_IriunWebcam_after,0.9763313609467456,7.088978098643222,0.2222222222222222,0.2222222222222222,0.19279144735900142,3,0.19279144735900142,3,0.19279144735900142,1
mcd,2875_IriunWebcam_before,0.975609756097561,3.4555308362401354,0.05555555555555555,0.058823529411764705,-0.05603986912420767,30,-0.06157374210259999,5,0.060064828963717606,1
mcd,2895_FullHDwebcam_after,0.9763313609467456,4.567071876493644,0.2222222222222222,0.23529411764705882,-0.28634886159538364,-2,-0.28634886159538364,-14,0.2572427735226597,1
mcd,2895_FullHDwebcam_before,0.9763313609467456,4.599570412945251,0.6666666666666666,0.7058823529411765,-0.4221424363705026,21,-0.43232233577453577,-13,0.37279612280614755,1
mcd,2895_IriunWebcam_after,0.9763313609467456,4.453375353669438,0.16666666666666666,0.17647058823529413,-0.2690264461067277,-6,-0.3180722985172433,5,0.26493010979945525,1
mcd,2895_IriunWebcam_before,0.975609756097561,4.4477540840779515,0.1111111111111111,0.11764705882352941,0.24300438523574017,4,0.24300438523574017,4,0.24300438523574017,1
mcd,2895_USBVideo_after,0.9763313609467456,4.515151164039073,0.3333333333333333,0.29411764705882354,0.28072640572467694,-1,0.28072640572467694,-1,0.28072640572467694,1
mcd,2895_USBVideo_before,0.9763313609467456,4.454327602414086,0.05555555555555555,0.0625,0.19771960316711196,27,0.21518116521902222,27,0.21518116521902222,1
mcd,2907_FullHDwebcam_after,0.9763313609467456,9.84388886497308,1.0,1.0,-0.7424536606319752,-1,-0.7424536606319752,9,0.6396339142485805,1
mcd,2907_FullHDwebcam_before,0.9763313609467456,9.170038458546513,1.0,1.0,-0.7591033455560492,-1,-0.7591033455560492,9,0.7238445037710606,1
mcd,2907_IriunWebcam_after,0.9763313609467456,9.942361457822681,0.4444444444444444,0.4444444444444444,0.4023441563318116,-6,-0.43642217994271726,-17,0.41458258975736445,1
mcd,2907_IriunWebcam_before,0.975609756097561,9.386725500614126,0.8888888888888888,0.8888888888888888,0.5640458851778059,-8,-0.5832809559374925,3,0.5640458851778059,1
mcd,2907_USBVideo_after,0.9763313609467456,9.81049406161775,0.3888888888888889,0.3888888888888889,0.3856741388191838,0,0.3856741388191838,0,0.3856741388191838,1
mcd,2907_USBVideo_before,0.9763313609467456,9.289781664883021,0.6666666666666666,0.6666666666666666,0.3495304223151647,0,0.3495304223151647,0,0.3495304223151647,1
mcd,2916_FullHDwebcam_before,0.9763313609467456,5.246002853105626,0.05555555555555555,0.058823529411764705,0.2045322365611372,6,0.2731306953380861,6,0.2731306953380861,1
mcd,2916_IriunWebcam_after,0.8875739644970414,5.984555049188854,0.05555555555555555,0.0,0.02345157350916921,24,0.11384696327834631,24,0.11384696327834631,1
mcd,2916_IriunWebcam_before,0.975609756097561,5.163186650758107,0.2222222222222222,0.23529411764705882,0.090765135592346,-9,-0.1364828486031057,-17,0.12912412837871953,1
mcd,2928_FullHDwebcam_after,0.9763313609467456,6.815257133707249,0.8888888888888888,0.8888888888888888,-0.6460549738500148,-3,-0.6460549738500148,6,0.6346934060488948,1
mcd,2928_FullHDwebcam_before,0.8431952662721893,5.538357334091076,0.8333333333333334,0.8666666666666667,-0.6285330866338189,-3,-0.6285330866338189,-16,0.5894365522206827,1
mcd,2928_IriunWebcam_after,0.975609756097561,6.767860452893919,0.5,0.5294117647058824,0.4631672156642844,3,0.4631672156642844,3,0.4631672156642844,1
mcd,2928_IriunWebcam_before,0.8431952662721893,5.531607140532617,0.5,0.5333333333333333,-0.42467792296144585,-5,-0.4455616912251697,6,0.4432264689696946,1
mcd,2928_USBVideo_after,0.9763313609467456,6.853680624036058,0.16666666666666666,0.16666666666666666,0.1483585365943533,-26,0.15404546709250116,-26,0.15404546709250116,1
mcd,2928_USBVideo_before,0.8431952662721893,5.422058805695969,0.6666666666666666,0.7333333333333333,0.5041223451846356,-10,-0.5053894518505138,1,0.5041223451846356,1
mcd,2948_FullHDwebcam_after,0.9763313609467456,7.120960665057954,0.6111111111111112,0.6111111111111112,-0.46133201221281994,5,0.4793826683663121,5,0.4793826683663121,1
mcd,2948_FullHDwebcam_before,0.9319526627218935,6.9483543894729,0.8888888888888888,0.8823529411764706,0.436265274396601,4,0.436265274396601,4,0.436265274396601,1
mcd,2948_IriunWebcam_after,0.975609756097561,7.393669896008975,0.05555555555555555,0.05555555555555555,0.2027449226702378,2,0.2027449226702378,2,0.2027449226702378,1
mcd,2948_IriunWebcam_before,0.9312638580931264,6.815804400346476,0.0,0.0,0.03509386563041632,30,-0.05919668289417731,0,0.03509386563041632,1
mcd,2962_FullHDwebcam_after,0.9763313609467456,6.118668199062247,0.6666666666666666,0.7058823529411765,-0.35904416059422367,0,-0.35904416059422367,7,0.3456972449553746,1
mcd,2962_FullHDwebcam_before,0.9763313609467456,6.738662131110521,0.7777777777777778,0.7777777777777778,-0.35299903623982193,-14,0.4006366808625394,-14,0.4006366808625394,1
mcd,2962_IriunWebcam_after,0.975609756097561,6.188779659004426,0.1111111111111111,0.11764705882352941,0.06486163651447385,-17,0.13668038049599684,-17,0.13668038049599684,1
mcd,2962_IriunWebcam_before,0.975609756097561,7.047757869417667,0.3888888888888889,0.3888888888888889,0.30965519719707774,-19,0.31677457953020477,-19,0.31677457953020477,1
mcd,2962_USBVideo_after,0.9763313609467456,6.015188348372858,0.1111111111111111,0.11764705882352941,0.17550531458672847,14,-0.18283193082516885,1,0.17550531458672847,1
mcd,2962_USBVideo_before,0.9763313609467456,6.999300722477376,0.0,0.0,0.18163514468435304,-25,0.2291044772191497,-25,0.2291044772191497,1
mcd,2964_FullHDwebcam_after,0.9319526627218935,6.014593581222566,0.9444444444444444,1.0,-0.7000282010436012,-3,-0.7000282010436012,8,0.5765857707665014,1
mcd,2964_FullHDwebcam_before,0.9763313609467456,6.633068924235442,0.8333333333333334,0.8333333333333334,-0.5916252590208362,-5,-0.598071623292246,8,0.5811444049175111,1
mcd,2964_IriunWebcam_after,0.9312638580931264,5.915947314986642,0.6111111111111112,0.6470588235294118,0.4466280498788581,2,0.4466280498788581,2,0.4466280498788581,1
mcd,2964_IriunWebcam_before,0.975609756097561,6.816798255706949,0.6111111111111112,0.6111111111111112,0.5007360342594434,2,0.5007360342594434,2,0.5007360342594434,1
mcd,2964_USBVideo_after,0.9319526627218935,5.7689343309713434,0.5555555555555556,0.5882352941176471,0.3312012714305476,15,-0.3594134223271182,-1,0.3312012714305476,1
mcd,2964_USBVideo_before,0.9763313609467456,6.729353708567597,0.4444444444444444,0.4444444444444444,0.29765329409095387,-16,-0.30182277160334836,1,0.29765329409095387,1
mcd,2967_FullHDwebcam_after,0.9763313609467456,6.663574666596893,0.8333333333333334,0.8333333333333334,-0.511147775825827,-4,-0.511147775825827,8,0.4786661955910948,1
mcd,2967_FullHDwebcam_before,0.9763313609467456,7.723488294978666,0.9444444444444444,0.9444444444444444,-0.639359586829892,-4,-0.639359586829892,9,0.5529932518732783,1
mcd,2967_IriunWebcam_after,0.975609756097561,6.67466898816066,0.4444444444444444,0.4444444444444444,0.3490141992924863,3,0.3490141992924863,3,0.3490141992924863,1
mcd,2967_IriunWebcam_before,0.975609756097561,7.660172342689521,0.3888888888888889,0.3888888888888889,0.3083819463172737,30,0.337394964885855,30,0.337394964885855,1
mcd,2967_USBVideo_after,0.9763313609467456,6.584426491813877,0.5555555555555556,0.5555555555555556,0.3520847600268529,-16,-0.35769385125865943,-2,0.3520847600268529,1
mcd,2967_USBVideo_before,0.9763313609467456,7.592172063475768,0.2222222222222222,0.2222222222222222,0.23323102324306536,-2,0.23323102324306536,-2,0.23323102324306536,1
mcd,2968_FullHDwebcam_after,0.9763313609467456,9.92518694324271,0.0,0.0,0.1871867634161986,-17,0.20119852604748523,-17,0.20119852604748523,1
mcd,2968_FullHDwebcam_before,0.9763313609467456,9.57077321172488,0.4444444444444444,0.4444444444444444,0.29029192224973355,25,0.3306307937592659,25,0.3306307937592659,1
mcd,2968_IriunWebcam_after,0.975609756097561,9.931620447513604,0.05555555555555555,0.05555555555555555,-0.1235231849081901,16,-0.14027261701234775,24,0.13021212919626132,1
mcd,2968_IriunWebcam_before,0.975609756097561,9.412593353743771,0.2777777777777778,0.2777777777777778,0.1129921255562951,30,-0.12047721335824485,3,0.1129921255562951,1
mcd,2968_USBVideo_after,0.9763313609467456,9.841514964092987,0.2222222222222222,0.2222222222222222,0.36555327906471863,3,0.36555327906471863,3,0.36555327906471863,1
mcd,2968_USBVideo_before,0.9763313609467456,9.654944610281841,0.5,0.5,0.359232075466176,1,0.359232075466176,1,0.359232075466176,1
mcd,3000_FullHDwebcam_after,0.8431952662721893,4.72969497288614,0.9444444444444444,1.0,-0.5994069733629127,-2,-0.5994069733629127,7,0.5556574955235154,1
mcd,3000_FullHDwebcam_before,0.7544378698224852,1.4779484913350998,0.7777777777777778,0.8461538461538461,-0.33386810160505986,-25,-0.3687195425463467,-15,0.35053646858451626,1
mcd,3000_IriunWebcam_after,0.8425720620842572,4.874604037862618,0.1111111111111111,0.13333333333333333,-0.12006872220214371,-5,-0.12145656053068751,-14,0.1097053173017077,1
mcd,3000_IriunWebcam_before,0.753880266075388,1.5245931709717317,0.3333333333333333,0.38461538461538464,0.2611903888743234,15,-0.2760565878493132,3,0.2611903888743234,1
mcd,3006_FullHDwebcam_after,0.9763313609467456,4.409362649934376,0.16666666666666666,0.1875,0.3547502177083461,-18,0.36038561293794036,-18,0.36038561293794036,1
mcd,3006_FullHDwebcam_before,0.9763313609467456,5.560522968119258,1.0,1.0,0.4682705238265458,21,-0.5422464686790733,6,0.5152267349293814,1
mcd,3006_IriunWebcam_after,0.9763313609467456,4.461182224668272,0.3333333333333333,0.3125,0.19540783769417183,13,-0.26161036868252024,1,0.19540783769417183,1
mcd,3006_IriunWebcam_before,0.9763313609467456,5.451504513132423,0.3888888888888889,0.3888888888888889,0.12008841806605922,-24,0.1377502655203062,-24,0.1377502655203062,1
mcd,3006_USBVideo_after,0.975609756097561,4.244715814871433,0.5555555555555556,0.5625,0.4069567660565338,12,-0.4298905995121775,-1,0.4069567660565338,1
mcd,3006_USBVideo_before,0.9763313609467456,5.507793749649595,0.8888888888888888,0.8888888888888888,0.42888279715905464,14,-0.4645938903236218,0,0.42888279715905464,1
mcd,3016_FullHDwebcam_after,0.9763313609467456,8.059194679045415,0.9444444444444444,0.9444444444444444,-0.6701069207194804,-3,-0.6701069207194804,6,0.6592777347337709,1
mcd,3016_FullHDwebcam_before,0.9763313609467456,6.015959644036333,1.0,1.0,-0.7146420443439746,-3,-0.7146420443439746,6,0.6743157708304272,1
mcd,3016_IriunWebcam_after,0.975609756097561,7.950773576089793,0.05555555555555555,0.05555555555555555,0.12530662144069385,-7,-0.146928403573001,-15,0.1416225949295848,1
mcd,3016_IriunWebcam_before,0.9763313609467456,6.341153963478289,0.05555555555555555,0.05555555555555555,0.15840705927625662,1,0.15840705927625662,1,0.15840705927625662,1
mcd,3059_FullHDwebcam_after,0.9763313609467456,3.188464227751304,0.6111111111111112,0.6428571428571429,-0.4543557840404779,6,0.4611269155752996,6,0.4611269155752996,1
mcd,3059_FullHDwebcam_before,0.5769230769230769,3.4688539501771887,0.3888888888888889,0.6363636363636364,-0.3924699397488942,-4,-0.3924699397488942,8,0.38649291334366576,1
mcd,3059_IriunWebcam_after,0.9763313609467456,3.042658257317293,0.6111111111111112,0.6428571428571429,0.4721486088314102,1,0.4721486088314102,1,0.4721486088314102,1
mcd,3059_IriunWebcam_before,0.5769230769230769,3.6072795233320654,0.5,0.45454545454545453,0.383029735288491,3,0.383029735288491,3,0.383029735288491,1
mcd,3059_USBVideo_after,0.9763313609467456,2.9550590871023825,0.2777777777777778,0.21428571428571427,0.33413632714720676,-2,0.33413632714720676,-2,0.33413632714720676,1
mcd,3059_USBVideo_before,0.5769230769230769,3.413961213808684,0.6666666666666666,1.0,0.3177121790557311,0,0.3177121790557311,0,0.3177121790557311,1
mcd,3066_FullHDwebcam_after,0.9763313609467456,6.813536121552746,0.5,0.5,-0.48933298380072066,-3,-0.48933298380072066,7,0.4394175039371439,1
mcd,3066_FullHDwebcam_before,0.9763313609467456,5.41943445094614,0.7777777777777778,0.7777777777777778,-0.621974352882873,-3,-0.621974352882873,8,0.6092565679156545,1
mcd,3066_IriunWebcam_after,0.9770540340488527,6.661308493713536,0.3333333333333333,0.3333333333333333,-0.3778310224397287,-26,-0.419222573908485,-15,0.3296071046575246,1
mcd,3066_IriunWebcam_before,0.975609756097561,5.384499354222385,0.1111111111111111,0.1111111111111111,0.030466217330450386,-22,0.0994856520799266,-22,0.0994856520799266,1
mcd,3077_FullHDwebcam_after,0.9763313609467456,6.845083444871969,0.7222222222222222,0.7222222222222222,-0.3531024999808848,6,0.3761238513991554,6,0.3761238513991554,1
mcd,3077_FullHDwebcam_before,0.3994082840236686,-1.4582793109809655,0.4444444444444444,0.8333333333333334,-0.3643214196861032,-9,0.39024509660190765,-9,0.39024509660190765,0
mcd,3077_IriunWebcam_after,0.975609756097561,6.8175384827052525,0.05555555555555555,0.05555555555555555,0.25443051578918496,3,0.25443051578918496,3,0.25443051578918496,1
mcd,3077_IriunWebcam_before,0.3991130820399113,-1.0851343478432063,0.2777777777777778,0.5,0.1760416925530525,-26,-0.2591398360393279,6,0.20694514045508347,0
mcd,3077_USBVideo_after,0.9763313609467456,6.77357929045071,0.3333333333333333,0.3333333333333333,-0.0822003587519876,28,0.15513797125495746,28,0.15513797125495746,1
mcd,3096_FullHDwebcam_after,0.9763313609467456,7.916415363364445,0.5,0.5,-0.35923111487524473,-2,-0.35923111487524473,26,0.33070598790629097,1
mcd,3096_FullHDwebcam_before,0.9763313609467456,11.210005803780433,0.6666666666666666,0.6666666666666666,-0.4047839124619682,-3,-0.4047839124619682,8,0.32674727767706346,1
mcd,3096_IriunWebcam_after,0.975609756097561,7.565513280749473,0.0,0.0,0.08284278327975796,-27,-0.12170824903559203,-18,0.08697687715792814,1
mcd,3096_IriunWebcam_before,0.975609756097561,11.352811680689328,0.2222222222222222,0.2222222222222222,0.2976051428968085,3,0.2976051428968085,3,0.2976051428968085,1
mcd,3133_FullHDwebcam_after,0.9319526627218935,1.9327846443081929,0.9444444444444444,1.0,-0.8178967450124651,-2,-0.8178967450124651,9,0.6332656887373854,1
mcd,3133_FullHDwebcam_before,0.621301775147929,1.9369700073529075,0.7222222222222222,0.8461538461538461,-0.6704270746579419,-1,-0.6704270746579419,10,0.5078740917022898,1
mcd,3133_IriunWebcam_after,0.9312638580931264,1.8540848521677136,0.6666666666666666,0.6666666666666666,0.4870517736661362,-7,-0.5070852855403222,4,0.4870517736661362,1
mcd,3133_IriunWebcam_before,0.6208425720620843,1.8834389620269438,0.7777777777777778,0.8461538461538461,-0.5112386684829522,-6,-0.626890171448036,5,0.5125851530789862,1
mcd,3133_USBVideo_after,0.9319526627218935,1.8493028654094856,0.7222222222222222,0.7333333333333333,0.41083357907619933,-12,-0.47124389928527916,1,0.41083357907619933,1
mcd,3133_USBVideo_before,0.621301775147929,1.8766333370505617,0.6666666666666666,0.8461538461538461,0.413350348324227,-10,-0.44720039481751145,2,0.413350348324227,1
mcd,3142_FullHDwebcam_after,0.9763313609467456,9.246079172542544,0.6111111111111112,0.6111111111111112,-0.321826545571502,-14,0.34200678306840193,-14,0.34200678306840193,1
mcd,3142_FullHDwebcam_before,0.9763313609467456,9.68473584412528,0.2222222222222222,0.2222222222222222,-0.2709118139951046,-3,-0.2709118139951046,5,0.24425726208633494,1
mcd,3142_IriunWebcam_after,0.975609756097561,9.125097992796384,0.2222222222222222,0.2222222222222222,0.26525370269768017,3,0.26525370269768017,3,0.26525370269768017,1
mcd,3142_IriunWebcam_before,0.9770540340488527,9.679057212554262,0.0,0.0,0.12372200958383965,1,0.12372200958383965,1,0.12372200958383965,1
mcd,3142_USBVideo_after,0.9763313609467456,9.196089552424594,0.05555555555555555,0.05555555555555555,0.19026575505307972,28,-0.2272077586311235,19,0.2070170445275216,1
mcd,3142_USBVideo_before,0.9763313609467456,9.59824872870779,0.0,0.0,0.21413379150689327,-3,0.21413379150689327,-3,0.21413379150689327,1
mcd,3150_FullHDwebcam_after,0.9763313609467456,7.7675894581904394,0.16666666666666666,0.16666666666666666,-0.3325023620199703,-1,-0.3325023620199703,5,0.3011212848547691,1
mcd,3150_FullHDwebcam_before,0.9763313609467456,9.051861329898049,0.6111111111111112,0.6111111111111112,-0.376530386036255,-1,-0.376530386036255,6,0.3556719533574261,1
mcd,3150_IriunWebcam_after,0.975609756097561,7.652430506815993,0.0,0.0,0.17600952124776445,2,0.17600952124776445,2,0.17600952124776445,1
mcd,3150_IriunWebcam_before,0.975609756097561,9.164285495327633,0.0,0.0,0.18203157396658082,-12,0.20130794084598416,-12,0.20130794084598416,1
mcd,3150_USBVideo_after,0.9763313609467456,7.730643357739142,0.0,0.0,-0.08288268862957794,11,0.08597386993914989,11,0.08597386993914989,1
mcd,3150_USBVideo_before,0.975609756097561,8.963348216248171,0.0,0.0,0.1398789540377532,30,0.140834589555499,30,0.140834589555499,1
mcd,3153_FullHDwebcam_after,0.9763313609467456,11.286679796615651,0.05555555555555555,0.05555555555555555,-0.1255918684450678,-8,0.14010638758601943,-8,0.14010638758601943,1
mcd,3153_FullHDwebcam_before,0.9763313609467456,10.595618173274563,0.0,0.0,-0.1655879009231756,-21,-0.19178034056725507,-11,0.19133574764806024,1
mcd,3153_IriunWebcam_after,0.9763313609467456,11.2171495824613,0.0,0.0,-0.057904994712665615,10,0.07778860428177747,10,0.07778860428177747,1
mcd,3153_IriunWebcam_before,0.975609756097561,10.59136570156202,0.05555555555555555,0.05555555555555555,0.02619775492543701,24,-0.03908690694160999,18,0.028859388894277704,1
mcd,3153_USBVideo_after,0.9763313609467456,11.264859540873147,0.1111111111111111,0.1111111111111111,0.15327833311038447,-2,0.15327833311038447,-2,0.15327833311038447,1
mcd,3153_USBVideo_before,0.9763313609467456,10.649223946809297,0.05555555555555555,0.05555555555555555,0.2006109354250283,0,0.2006109354250283,0,0.2006109354250283,1
mcd,3155_FullHDwebcam_after,0.9763313609467456,8.081208396548783,0.9444444444444444,0.9444444444444444,-0.49158069420669337,-3,-0.49158069420669337,8,0.48931922182033444,1
mcd,3155_FullHDwebcam_before,0.9763313609467456,8.791624292050027,0.6666666666666666,0.6666666666666666,-0.49521285127563625,-4,-0.49521285127563625,-19,0.4568976696462838,1
mcd,3155_IriunWebcam_after,0.975609756097561,7.548050254993051,0.3333333333333333,0.3333333333333333,0.3268447100126125,2,0.3268447100126125,2,0.3268447100126125,1
mcd,3155_IriunWebcam_before,0.9763313609467456,8.745102464370063,0.16666666666666666,0.16666666666666666,0.17847241249545434,-22,0.24775604986129846,-22,0.24775604986129846,1
mcd,3155_USBVideo_after,0.9763313609467456,7.880706272732876,0.3888888888888889,0.3888888888888889,0.28957563865362884,-27,0.32370681398487805,-27,0.32370681398487805,1
mcd,3155_USBVideo_before,0.9763313609467456,8.72475600035231,0.3888888888888889,0.3888888888888889,0.303089903016199,0,0.303089903016199,0,0.303089903016199,1
mcd,3180_FullHDwebcam_after,0.9763313609467456,6.9822261006416175,0.7222222222222222,0.7222222222222222,-0.46782167055741913,-14,0.48490145628088244,-14,0.48490145628088244,1
mcd,3180_FullHDwebcam_before,0.4437869822485207,-0.08195470461640456,0.6666666666666666,0.7777777777777778,-0.5464269733239134,-2,-0.5464269733239134,-14,0.4089102574513423,0
mcd,3180_IriunWebcam_after,0.9763313609467456,6.91884124114517,0.4444444444444444,0.4444444444444444,0.4368877110286371,3,0.4368877110286371,3,0.4368877110286371,1
mcd,3180_IriunWebcam_before,0.4434589800443459,0.022671293318657026,0.16666666666666666,0.1111111111111111,-0.1957145742383626,-6,-0.21813695192078478,-17,0.17734577223792172,0
mcd,3180_USBVideo_after,0.9763313609467456,6.872087793259537,0.1111111111111111,0.1111111111111111,0.24904114406489394,-23,0.28075885851346105,-23,0.28075885851346105,1
mcd,3180_USBVideo_before,0.4437869822485207,-0.1736019993851979,0.3888888888888889,0.3333333333333333,0.24839351401738505,-2,0.24839351401738505,-2,0.24839351401738505,0
mcd,3192_FullHDwebcam_after,0.5769230769230769,-0.4162169098450773,0.4444444444444444,0.5,-0.42007587734408913,12,0.427336108888592,12,0.427336108888592,1
mcd,3192_FullHDwebcam_before,0.9763313609467456,0.9296921818997415,0.6111111111111112,0.5625,-0.4356276005320709,-1,-0.4356276005320709,-13,0.418616093536702,1
mcd,3192_IriunWebcam_after,0.5769230769230769,-0.4425299495899979,0.2777777777777778,0.25,-0.3420574562420083,10,0.39116762632524354,10,0.39116762632524354,1
mcd,3192_IriunWebcam_before,0.9770540340488527,0.8698783057691365,0.0,0.0,-0.1913881489658036,-4,-0.1913881489658036,-18,0.14319417370626408,1
mcd,3192_USBVideo_after,0.5769230769230769,-0.29722267718462525,0.16666666666666666,0.25,0.12331265499084382,-8,-0.15527396865891724,5,0.12975358683143567,1
mcd,3192_USBVideo_before,0.9763313609467456,0.9844097799352028,0.0,0.0,0.23390104348637375,-14,-0.2829092866156644,-25,0.27329846798609153,1
mcd,3194_FullHDwebcam_after,0.9763313609467456,6.922127197788505,1.0,1.0,-0.6006959050068971,-1,-0.6006959050068971,8,0.5490796023610445,1
mcd,3194_FullHDwebcam_before,0.8875739644970414,6.023893895949,0.8888888888888888,0.875,-0.5226935732365592,-3,-0.5226935732365592,6,0.5124561340434189,1
mcd,3194_IriunWebcam_after,0.975609756097561,7.03282429236776,0.0,0.0,0.11635087261344426,-7,-0.15763742816127654,1,0.11635087261344426,1
mcd,3194_IriunWebcam_before,0.8875739644970414,6.057306523468226,0.1111111111111111,0.125,0.16619814384435255,2,0.16619814384435255,2,0.16619814384435255,1
mcd,3194_USBVideo_after,0.9763313609467456,6.98375848537113,0.0,0.0,0.1768111225313721,10,-0.18630678901494488,0,0.1768111225313721,1
mcd,3194_USBVideo_before,0.8875739644970414,5.9514565711077765,0.0,0.0,0.11271227862244322,-21,0.15663513447693986,-21,0.15663513447693986,1
mcd,3196_FullHDwebcam_after,0.9763313609467456,9.597794859340627,0.8888888888888888,0.8888888888888888,-0.7605771689772498,-2,-0.7605771689772498,8,0.5709400369561279,1
mcd,3196_FullHDwebcam_before,0.9763313609467456,9.796095004502574,1.0,1.0,-0.771254305616607,-1,-0.771254305616607,11,0.7000023955824543,1
mcd,3196_IriunWebcam_after,0.975609756097561,9.507346800306337,0.3888888888888889,0.3888888888888889,0.348026956783627,4,0.348026956783627,4,0.348026956783627,1
mcd,3196_IriunWebcam_before,0.9763313609467456,9.777914546538566,0.7222222222222222,0.7222222222222222,0.45412986482567913,-7,-0.4675889923091471,-19,0.46337833789294014,1
mcd,3196_USBVideo_after,0.9763313609467456,9.473022265020825,0.4444444444444444,0.4444444444444444,0.33995071020766227,-11,-0.35619551284388645,-2,0.33995071020766227,1
mcd,3196_USBVideo_before,0.975609756097561,9.867080911150284,0.8888888888888888,0.8888888888888888,0.5273871427949114,-22,0.5546434216232301,-22,0.5546434216232301,1
mcd,3220_FullHDwebcam_after,0.7988165680473372,6.0193126666150745,0.4444444444444444,0.5,-0.39633744880641913,-4,-0.39633744880641913,5,0.39623823491948007,1
mcd,3220_FullHDwebcam_before,0.9763313609467456,6.035858418287241,0.6111111111111112,0.6111111111111112,-0.4655179536668122,6,0.5119980014768218,6,0.5119980014768218,1
mcd,3220_IriunWebcam_after,0.8425720620842572,5.783008280519322,0.3333333333333333,0.4,0.06515390917452617,-27,0.08690697074843981,-27,0.08690697074843981,1
mcd,3220_IriunWebcam_before,0.9763313609467456,6.300917694088475,0.1111111111111111,0.1111111111111111,-0.0915719057128519,-16,0.09463697618875896,-16,0.09463697618875896,1
mcd,3232_FullHDwebcam_after,0.9763313609467456,3.07217088387611,0.9444444444444444,1.0,-0.8148119761721676,-2,-0.8148119761721676,10,0.6571273928051359,1
mcd,3232_FullHDwebcam_before,0.9763313609467456,4.437289274249121,0.9444444444444444,1.0,-0.709658122629695,-3,-0.709658122629695,10,0.6029694471997389,1
mcd,3232_IriunWebcam_after,0.975609756097561,3.1231878458278013,0.6111111111111112,0.625,0.42577666004968884,-8,-0.4772500334357838,5,0.43637704576199754,1
mcd,3232_IriunWebcam_before,0.975609756097561,4.435650103384731,0.7222222222222222,0.7647058823529411,0.3896385561380973,5,0.40075318611080923,5,0.40075318611080923,1
mcd,3232_USBVideo_after,0.9763313609467456,3.2378986291292087,0.3333333333333333,0.375,0.31104854405623594,-12,-0.4241254697656156,-25,0.32998222377449593,1
mcd,3232_USBVideo_before,0.9763313609467456,4.404015092175186,0.8333333333333334,0.8823529411764706,0.4560973347759216,-1,0.4560973347759216,-1,0.4560973347759216,1
mcd,3235_FullHDwebcam_after,0.9763313609467456,7.249427598646623,0.2222222222222222,0.2222222222222222,0.19820056637037112,15,-0.22557347030807542,5,0.21238258181773223,1
mcd,3235_FullHDwebcam_before,0.9763313609467456,7.125335128807551,0.8888888888888888,0.8888888888888888,-0.5315420429065572,-4,-0.5315420429065572,5,0.46054353677556137,1
mcd,3235_IriunWebcam_after,0.975609756097561,6.921460533864607,0.2222222222222222,0.2222222222222222,0.14158109332046578,-20,0.2230436108104408,-20,0.2230436108104408,1
mcd,3235_IriunWebcam_before,0.9763313609467456,7.391830428989315,0.16666666666666666,0.16666666666666666,0.1852057658970946,21,0.23423565000031796,21,0.23423565000031796,1
mcd,3235_USBVideo_after,0.9763313609467456,7.338788274328891,0.1111111111111111,0.1111111111111111,0.25236122522487026,-2,0.25236122522487026,-2,0.25236122522487026,1
mcd,3235_USBVideo_before,0.9763313609467456,7.282479160217214,0.16666666666666666,0.16666666666666666,0.1939784410754656,-1,0.1939784410754656,-1,0.1939784410754656,1
mcd,3245_FullHDwebcam_after,0.9763313609467456,6.2759661205559,0.6666666666666666,0.7058823529411765,-0.5746895507507417,-4,-0.5746895507507417,10,0.5067881670608517,1
mcd,3245_FullHDwebcam_before,0.9763313609467456,6.27767684548483,1.0,1.0,-0.7082739756608992,-2,-0.7082739756608992,11,0.5240452505314392,1
mcd,3245_IriunWebcam_after,0.9763313609467456,6.3321531370707875,0.4444444444444444,0.47058823529411764,0.3428771035158424,-9,-0.381765114346741,5,0.3497600015412385,1
mcd,3245_IriunWebcam_before,0.9763313609467456,6.396424104710037,0.8888888888888888,0.8888888888888888,0.5538663543062777,-8,-0.581860489224551,5,0.5595156013968589,1
mcd,3245_USBVideo_after,0.9763313609467456,6.291416061090888,0.4444444444444444,0.4117647058823529,0.27932658967618906,-15,-0.3311414889247715,-1,0.27932658967618906,1
mcd,3245_USBVideo_before,0.9763313609467456,6.316840575776917,0.6666666666666666,0.6666666666666666,0.5095797660205571,-13,-0.5124645489849763,1,0.5095797660205571,1
mcd,3254_FullHDwebcam_after,0.9763313609467456,8.777992419287273,0.7222222222222222,0.7222222222222222,-0.46296497956291505,6,0.47776283276838777,6,0.47776283276838777,1
mcd,3254_FullHDwebcam_before,0.9763313609467456,8.410810113833625,0.5555555555555556,0.5555555555555556,-0.449727372053505,-3,-0.449727372053505,7,0.42684708668832194,1
mcd,3254_IriunWebcam_after,0.9763313609467456,8.935122673508571,0.3333333333333333,0.3333333333333333,0.2619590978840519,4,0.2619590978840519,4,0.2619590978840519,1
mcd,3254_IriunWebcam_before,0.975609756097561,8.564010243153566,0.05555555555555555,0.05555555555555555,0.1985139997283482,2,0.1985139997283482,2,0.1985139997283482,1
mcd,3254_USBVideo_after,0.975609756097561,8.902522768551654,0.0,0.0,0.12420762345160137,-22,0.1630263416842603,-22,0.1630263416842603,1
mcd,3315_FullHDwebcam_after,0.9763313609467456,6.629408216742825,0.7777777777777778,0.7777777777777778,-0.5330445752303827,-3,-0.5330445752303827,6,0.5106668492805523,1
mcd,3315_FullHDwebcam_before,0.9763313609467456,6.720383769677739,0.6666666666666666,0.6666666666666666,-0.47863094732388695,6,0.5033302046714998,6,0.5033302046714998,1
mcd,3315_IriunWebcam_after,0.975609756097561,6.702818716132321,0.5,0.5,0.18650491947386627,-17,0.22403581712569498,-17,0.22403581712569498,1
mcd,3315_IriunWebcam_before,0.9763313609467456,6.657425499011202,0.2777777777777778,0.2777777777777778,0.3368009738605749,2,0.3368009738605749,2,0.3368009738605749,1
mcd,3326_FullHDwebcam_after,0.9763313609467456,8.576358224989185,0.6666666666666666,0.6666666666666666,-0.5073739211048879,-26,-0.5113424872008471,-14,0.4640063806165745,1
mcd,3326_FullHDwebcam_before,0.9763313609467456,7.0344154385738324,0.8333333333333334,0.8125,-0.5429421279412637,-2,-0.5429421279412637,-14,0.48880119484299933,1
mcd,3326_IriunWebcam_after,0.975609756097561,8.590250086908373,0.2777777777777778,0.2777777777777778,-0.28746755043235334,-28,-0.34490986015983105,-16,0.3327189037243657,1
mcd,3326_IriunWebcam_before,0.975609756097561,6.958876771748452,0.2222222222222222,0.25,0.22544445360021678,5,0.24673971580663506,5,0.24673971580663506,1
mcd,3326_USBVideo_after,0.9763313609467456,8.656074816265066,0.6666666666666666,0.6666666666666666,0.37432022860195724,-13,-0.3748588056900618,0,0.37432022860195724,1
mcd,3326_USBVideo_before,0.9763313609467456,7.016912030180902,0.16666666666666666,0.1875,0.1859691302345498,-25,0.2335392054194979,-25,0.2335392054194979,1
mcd,3342_FullHDwebcam_after,0.9763313609467456,7.633831706393499,0.7222222222222222,0.7222222222222222,-0.49411003121171304,7,0.5090421715585213,7,0.5090421715585213,1
mcd,3342_FullHDwebcam_before,0.7988165680473372,2.107642052483916,0.5,0.6666666666666666,-0.34022926029673517,-3,-0.34022926029673517,-13,0.3045977494882171,1
mcd,3342_IriunWebcam_after,0.975609756097561,7.193835758676867,0.05555555555555555,0.05555555555555555,0.2089580982812976,-20,0.24352147283744863,-20,0.24352147283744863,1
mcd,3342_IriunWebcam_before,0.8875739644970414,2.182788717121868,0.0,0.0,0.17806855167226335,2,0.17806855167226335,2,0.17806855167226335,1
mcd,3342_USBVideo_after,0.9763313609467456,7.465784696517581,0.16666666666666666,0.16666666666666666,0.19884381835575854,-2,0.19884381835575854,-2,0.19884381835575854,1
mcd,3342_USBVideo_before,0.665680473372781,2.1942226606493533,0.05555555555555555,0.0,0.1629359725775496,-13,-0.17454437437037978,1,0.1629359725775496,1
mcd,3345_FullHDwebcam_after,0.9763313609467456,7.251217073215733,0.3333333333333333,0.3333333333333333,0.3094648640817574,4,0.3094648640817574,4,0.3094648640817574,1
mcd,3345_FullHDwebcam_before,0.9763313609467456,4.549523845129199,0.7777777777777778,0.7777777777777778,0.5307541477344548,5,0.5567211757055969,5,0.5567211757055969,1
mcd,3345_IriunWebcam_after,0.9763313609467456,7.330567262756221,0.0,0.0,0.08054987272774362,-20,-0.08681435472786257,-12,0.085308424839123,1
mcd,3345_IriunWebcam_before,0.975609756097561,4.70538115623861,0.16666666666666666,0.16666666666666666,0.15900868087483466,-12,-0.18565367323883977,-1,0.15900868087483466,1
mcd,3348_FullHDwebcam_after,0.9319526627218935,9.172670530745453,0.7777777777777778,0.8235294117647058,-0.4876386553013857,-1,-0.4876386553013857,7,0.45430552282148046,1
mcd,3348_FullHDwebcam_before,0.9763313609467456,8.104733747883266,0.7777777777777778,0.7777777777777778,-0.5482939452920574,-1,-0.5482939452920574,7,0.5085877114868785,1
mcd,3348_IriunWebcam_after,0.9319526627218935,9.070127640104179,0.05555555555555555,0.058823529411764705,0.1578311759543011,19,0.24256312675623148,19,0.24256312675623148,1
mcd,3348_IriunWebcam_before,0.9763313609467456,8.063963756157717,0.1111111111111111,0.1111111111111111,0.14304920813892938,3,0.14304920813892938,3,0.14304920813892938,1
mcd,3351_FullHDwebcam_after,0.9763313609467456,6.378513602973527,0.8888888888888888,1.0,-0.5830677993792615,20,-0.596110093329692,7,0.5106271220466786,1
mcd,3351_FullHDwebcam_before,0.7988165680473372,0.9110300665916685,0.8888888888888888,0.8461538461538461,-0.7557655364461466,-2,-0.7557655364461466,10,0.6386869725840426,1
mcd,3351_IriunWebcam_after,0.9312638580931264,6.609014377126492,0.2222222222222222,0.26666666666666666,0.2816880443906687,14,-0.297615446619678,3,0.2816880443906687,1
mcd,3351_IriunWebcam_before,0.6651884700665188,0.8994965540877369,0.5,0.5454545454545454,0.5120357046249383,6,0.5633758908062103,6,0.5633758908062103,1
mcd,3351_USBVideo_after,0.9763313609467456,6.66838164195709,0.16666666666666666,0.1875,0.29413138633308133,11,-0.3186138012069947,-1,0.29413138633308133,1
mcd,3351_USBVideo_before,0.7095343680709535,0.852903187073594,0.5555555555555556,0.7272727272727273,0.4710758531019731,2,0.4710758531019731,2,0.4710758531019731,1
mcd,3363_FullHDwebcam_after,0.9763313609467456,7.158204387032043,1.0,1.0,-0.8186688116568006,-3,-0.8186688116568006,10,0.7367441652254932,1
mcd,3363_FullHDwebcam_before,0.9763313609467456,6.100485499919876,1.0,1.0,-0.7291002223986659,-4,-0.7291002223986659,9,0.6909731654207354,1
mcd,3363_IriunWebcam_after,0.975609756097561,7.250346605085272,0.4444444444444444,0.47058823529411764,0.05431799725281266,10,-0.07397348224074438,29,0.07343333537388894,1
mcd,3363_IriunWebcam_before,0.9770540340488527,6.1436067552547655,0.7222222222222222,0.7647058823529411,0.5660967069767304,5,0.589841068483015,5,0.589841068483015,1
mcd,3364_FullHDwebcam_after,0.9763313609467456,7.892686270671474,0.8888888888888888,0.8888888888888888,-0.5511643115738364,-2,-0.5511643115738364,6,0.510193559147999,1
mcd,3364_FullHDwebcam_before,0.9763313609467456,5.184804959874692,0.7777777777777778,0.8666666666666667,-0.5518884029750368,-3,-0.5518884029750368,-15,0.5035435795600377,1
mcd,3364_IriunWebcam_after,0.975609756097561,8.044234151081909,0.4444444444444444,0.4444444444444444,0.2791369416268505,3,0.2791369416268505,3,0.2791369416268505,1
mcd,3364_IriunWebcam_before,0.975609756097561,5.296135350018659,0.3333333333333333,0.4,0.40547343080213594,3,0.40547343080213594,3,0.40547343080213594,1
mcd,3375_FullHDwebcam_after,0.9763313609467456,7.9027649275918215,0.2777777777777778,0.2777777777777778,0.2688858261379841,5,0.2832502996811042,5,0.2832502996811042,1
mcd,3375_FullHDwebcam_before,0.9763313609467456,8.502690588042704,0.5555555555555556,0.5555555555555556,-0.3746951657162819,-3,-0.3746951657162819,7,0.3141637009974435,1
mcd,3375_IriunWebcam_after,0.9763313609467456,8.070986381778223,0.16666666666666666,0.16666666666666666,0.22494860873570469,-7,-0.22684109773943623,3,0.22494860873570469,1
mcd,3375_IriunWebcam_before,0.9763313609467456,8.605494381273,0.16666666666666666,0.16666666666666666,0.21726687458671862,14,-0.23978397462832868,3,0.21726687458671862,1
mcd,3375_USBVideo_after,0.9763313609467456,8.014374809947405,0.0,0.0,0.10502404398519538,-13,-0.12150137446507399,-2,0.10502404398519538,1
mcd,3375_USBVideo_before,0.975609756097561,8.478686410924045,0.2222222222222222,0.2222222222222222,0.2069928893789344,-14,-0.219162187543311,-24,0.21310270916897078,1
mcd,3385_FullHDwebcam_after,0.9319526627218935,4.795094557216975,0.7222222222222222,0.7058823529411765,-0.5320284948329602,7,0.532353939265593,7,0.532353939265593,1
mcd,3385_FullHDwebcam_before,0.9763313609467456,5.855351707343977,0.8888888888888888,0.8888888888888888,-0.5165056139837123,6,0.5480033622639048,6,0.5480033622639048,1
mcd,3385_IriunWebcam_after,0.9312638580931264,4.764088072287176,0.2222222222222222,0.17647058823529413,0.16441822383854968,11,-0.18737070615851606,2,0.16441822383854968,1
mcd,3385_IriunWebcam_before,0.975609756097561,5.6254438930331006,0.3888888888888889,0.3888888888888889,-0.25633196461605506,-6,-0.3212241977872438,-20,0.23053848496234305,1
mcd,3394_FullHDwebcam_after,0.9763313609467456,9.083141293866197,0.5,0.5,-0.44092992382072327,-3,-0.44092992382072327,7,0.4104256830368552,1
mcd,3394_FullHDwebcam_before,0.9763313609467456,5.811016455386427,0.5555555555555556,0.5294117647058824,-0.49994562805862186,-3,-0.49994562805862186,7,0.4697443750832721,1
mcd,3394_IriunWebcam_after,0.9763313609467456,8.957749194140119,0.0,0.0,0.18705053067657623,12,-0.1961731738796942,2,0.18705053067657623,1
mcd,3394_IriunWebcam_before,0.975609756097561,5.60005743468849,0.4444444444444444,0.47058823529411764,-0.05297435899315821,-13,0.0819156271170655,-13,0.0819156271170655,1
mcd,3394_USBVideo_after,0.9763313609467456,9.019338457775696,0.1111111111111111,0.1111111111111111,0.27134070437612445,-19,0.28792236766639634,-19,0.28792236766639634,1
mcd,3394_USBVideo_before,0.9763313609467456,5.5960386641961835,0.16666666666666666,0.17647058823529413,0.39771566195986063,0,0.39771566195986063,0,0.39771566195986063,1
mcd,3401_FullHDwebcam_after,0.9763313609467456,7.525765406040183,0.2777777777777778,0.2777777777777778,-0.2544856709350125,13,-0.25958897605785736,4,0.24396390882245883,1
mcd,3401_FullHDwebcam_before,0.8431952662721893,2.8024422413351613,0.16666666666666666,0.125,0.23445859428590518,-26,-0.25591128153917864,2,0.23445859428590518,1
mcd,3401_IriunWebcam_after,0.975609756097561,7.513371226024739,0.0,0.0,-0.029046447126207152,21,0.10158466905973082,21,0.10158466905973082,1
mcd,3401_IriunWebcam_before,0.8425720620842572,3.0198163684937462,0.0,0.0,0.04138306449844689,7,0.0699803601130474,7,0.0699803601130474,1
mcd,3401_USBVideo_after,0.9763313609467456,7.450393768630757,0.0,0.0,0.15703839162815805,8,-0.16554067891732802,-2,0.15703839162815805,1
mcd,3401_USBVideo_before,0.8431952662721893,2.602994394250152,0.1111111111111111,0.125,0.09769598253799927,28,-0.20273764833899,-20,0.1365368420099399,1
mcd,3406_FullHDwebcam_after,0.9763313609467456,8.978159976820091,0.05555555555555555,0.05555555555555555,-0.22251353659578066,-3,-0.22251353659578066,5,0.2142343102769025,1
mcd,3406_FullHDwebcam_before,0.9763313609467456,11.052381061577067,0.3888888888888889,0.3888888888888889,0.36770582125209117,-17,0.39127198745284647,-17,0.39127198745284647,1
mcd,3406_IriunWebcam_after,0.975609756097561,9.082349854441102,0.0,0.0,0.07388603574960514,-1,0.07388603574960514,-1,0.07388603574960514,1
mcd,3406_IriunWebcam_before,0.9763313609467456,11.102471410181446,0.2222222222222222,0.2222222222222222,0.08508651252114176,-13,-0.09843566800570393,23,0.09420079582667468,1
mcd,3406_USBVideo_after,0.9763313609467456,9.10283468357296,0.05555555555555555,0.05555555555555555,0.11114902983968822,16,0.18539051976567356,16,0.18539051976567356,1
mcd,3406_USBVideo_before,0.9763313609467456,11.126763534547283,0.5555555555555556,0.5555555555555556,0.4372543958379528,21,0.46071607581111873,21,0.46071607581111873,1
mcd,3418_FullHDwebcam_after,0.9763313609467456,7.272224801693283,0.8333333333333334,0.8333333333333334,-0.5801520680341133,-3,-0.5801520680341133,-14,0.5454347766268937,1
mcd,3418_FullHDwebcam_before,0.9763313609467456,9.56256210427435,0.8333333333333334,0.8823529411764706,-0.6991615757929021,-3,-0.6991615757929021,8,0.6989545823742814,1
mcd,3418_IriunWebcam_after,0.975609756097561,7.392149869063285,0.8888888888888888,0.8888888888888888,0.47037887121962263,-20,0.4968306199326904,-20,0.4968306199326904,1
mcd,3418_IriunWebcam_before,0.9770540340488527,9.73204980922927,0.7777777777777778,0.8235294117647058,0.5546641640344888,2,0.5546641640344888,2,0.5546641640344888,1
mcd,3418_USBVideo_after,0.9763313609467456,7.275783295516484,0.5,0.5,0.4141277188638584,-25,0.4332362122106696,-25,0.4332362122106696,1
mcd,3418_USBVideo_before,0.9763313609467456,9.575979479465852,0.7222222222222222,0.7647058823529411,0.5195930553298143,-15,-0.5429445553299846,-3,0.5195930553298143,1
mcd,3420_FullHDwebcam_after,0.9763313609467456,8.665201048098274,0.9444444444444444,0.9444444444444444,-0.6316757546800007,-1,-0.6316757546800007,7,0.5854303528114373,1
mcd,3420_FullHDwebcam_before,0.9763313609467456,6.997460141681936,0.9444444444444444,0.9444444444444444,-0.5470639914411103,-2,-0.5470639914411103,7,0.5277349004170819,1
mcd,3420_IriunWebcam_after,0.975609756097561,8.563218787979487,0.05555555555555555,0.05555555555555555,0.13769103338662128,-26,-0.1891828814915638,-18,0.15460333965654066,1
mcd,3420_IriunWebcam_before,0.975609756097561,6.639770335937671,0.2222222222222222,0.2222222222222222,0.25402649712119546,-27,-0.2890255573869729,-17,0.28331819787520107,1
mcd,3420_USBVideo_after,0.9763313609467456,8.694666610094202,0.05555555555555555,0.05555555555555555,0.12952411863829374,20,0.1618579534496021,20,0.1618579534496021,1
mcd,3420_USBVideo_before,0.9763313609467456,6.958830880401822,0.2222222222222222,0.2222222222222222,0.17139371627641214,-2,0.17139371627641214,-2,0.17139371627641214,1
mcd,3448_FullHDwebcam_after,0.9763313609467456,4.729055241386831,0.3888888888888889,0.4117647058823529,-0.2725092913199243,18,-0.3281778714724667,28,0.30236560224455256,1
mcd,3448_FullHDwebcam_before,0.7544378698224852,3.469660714118062,0.2222222222222222,0.3076923076923077,0.1373851169945245,6,0.20332041067343418,6,0.20332041067343418,1
mcd,3448_IriunWebcam_after,0.9763313609467456,4.879139476435572,0.2222222222222222,0.23529411764705882,0.1043364818938121,24,0.1279067069398132,24,0.1279067069398132,1
mcd,3448_IriunWebcam_before,0.753880266075388,3.6859210368917843,0.16666666666666666,0.15384615384615385,-0.15170331755261365,18,-0.167316625721666,-16,0.16573516374685338,1
mcd,3448_USBVideo_before,0.8875739644970414,3.4712739795645824,0.16666666666666666,0.21428571428571427,0.11997200103365784,-21,0.13410740525957038,-21,0.13410740525957038,1
mcd,3465_FullHDwebcam_after,0.9763313609467456,4.605974337117449,0.6111111111111112,0.6470588235294118,-0.4619855408145827,-3,-0.4619855408145827,6,0.4119514148301032,1
mcd,3465_FullHDwebcam_before,0.9763313609467456,4.921455249522806,0.5555555555555556,0.5555555555555556,-0.5282867818818122,-2,-0.5282867818818122,10,0.4029525440195355,1
mcd,3465_IriunWebcam_after,0.975609756097561,4.551533883619692,0.2777777777777778,0.29411764705882354,0.37393417574008836,-7,-0.3887784068952758,-16,0.3744580465661417,1
mcd,3465_IriunWebcam_before,0.9763313609467456,4.836655930638663,0.6111111111111112,0.6111111111111112,0.39695277210794144,-7,-0.4841173872848003,-20,0.4179040748049387,1
mcd,3465_USBVideo_after,0.9763313609467456,4.549616101172688,0.16666666666666666,0.17647058823529413,0.2552339664899358,-14,-0.28469518615597295,-3,0.2552339664899358,1
mcd,3465_USBVideo_before,0.9319526627218935,4.852934261105755,0.3333333333333333,0.35294117647058826,0.4082691151227232,-1,0.4082691151227232,-1,0.4082691151227232,1
mcd,3494_FullHDwebcam_after,0.9763313609467456,5.710274694939304,0.6666666666666666,0.6875,-0.46940953318800366,-3,-0.46940953318800366,7,0.42937668786319,1
mcd,3494_FullHDwebcam_before,0.9763313609467456,8.052306430448104,0.5555555555555556,0.5555555555555556,-0.39904136408914054,7,0.41074757570078513,7,0.41074757570078513,1
mcd,3494_IriunWebcam_after,0.9763313609467456,5.761023351551767,0.1111111111111111,0.0625,-0.04383124196590787,-16,0.1351395097879651,-16,0.1351395097879651,1
mcd,3494_IriunWebcam_before,0.9763313609467456,7.981711699169802,0.05555555555555555,0.05555555555555555,0.10467555901578698,27,0.16641936503407198,27,0.16641936503407198,1
mcd,3508_FullHDwebcam_after,0.9763313609467456,3.567059328231868,0.5,0.5625,-0.43105266476261256,6,0.45843837867316806,6,0.45843837867316806,1
mcd,3508_FullHDwebcam_before,0.9763313609467456,5.324526790944714,0.8888888888888888,0.9411764705882353,-0.7636552085939128,-1,-0.7636552085939128,7,0.6359308694468806,1
mcd,3508_IriunWebcam_after,0.975609756097561,3.2533036336992875,0.05555555555555555,0.0625,0.14613459888095864,2,0.14613459888095864,2,0.14613459888095864,1
mcd,3508_IriunWebcam_before,0.975609756097561,5.225403347472627,0.05555555555555555,0.058823529411764705,0.13922030599478136,4,0.13922030599478136,4,0.13922030599478136,1
mcd,3508_USBVideo_after,0.9763313609467456,3.5580398908261115,0.3333333333333333,0.375,0.2888513582484556,-9,-0.3025256300517674,-1,0.2888513582484556,1
mcd,3520_FullHDwebcam_after,0.9763313609467456,7.468946682747705,0.7222222222222222,0.7222222222222222,-0.4324767261712213,6,0.474311441613692,6,0.474311441613692,1
mcd,3520_FullHDwebcam_before,0.9763313609467456,5.0415850581810915,0.8888888888888888,0.8888888888888888,-0.6436034810445767,-3,-0.6436034810445767,8,0.5920068806962158,1
mcd,3520_IriunWebcam_after,0.9763313609467456,7.277617498746854,0.2222222222222222,0.2222222222222222,-0.23596084488881988,16,-0.2650398767254154,4,0.1494419395564499,1
mcd,3520_IriunWebcam_before,0.975609756097561,5.185185919766612,0.5,0.5,0.21513143155115208,6,0.23004765684267367,6,0.23004765684267367,1
mcd,3520_USBVideo_after,0.9763313609467456,7.519770729461588,0.0,0.0,0.1331356133111989,-1,0.1331356133111989,-1,0.1331356133111989,1
mcd,3520_USBVideo_before,0.9763313609467456,4.989492605838526,0.3888888888888889,0.3888888888888889,0.21644594482848598,-13,-0.24597680225883858,27,0.22446389385974058,1
mcd,3523_FullHDwebcam_after,0.9763313609467456,7.3841334956689195,0.9444444444444444,1.0,-0.5342006221856205,-18,0.5627517099186737,-18,0.5627517099186737,1
mcd,3523_FullHDwebcam_before,0.9763313609467456,8.13972773983976,1.0,1.0,-0.6836393593427925,-4,-0.6836393593427925,-18,0.6404373796941686,1
mcd,3523_IriunWebcam_after,0.9763313609467456,7.355224327821537,0.5555555555555556,0.5625,-0.3810506639808091,6,0.4517624927546581,6,0.4517624927546581,1
mcd,3523_IriunWebcam_before,0.975609756097561,8.11484647619833,0.1111111111111111,0.1111111111111111,0.168633800991766,3,0.168633800991766,3,0.168633800991766,1
mcd,3523_USBVideo_before,0.9763313609467456,8.130018966958305,0.7777777777777778,0.7777777777777778,0.6306215835674299,2,0.6306215835674299,2,0.6306215835674299,1
mcd,3524_FullHDwebcam_after,0.9763313609467456,5.51595108965404,0.4444444444444444,0.5,-0.3533896260810341,-4,-0.3533896260810341,-15,0.34689291741724193,1
mcd,3524_FullHDwebcam_before,0.9763313609467456,7.8538106131929855,0.8333333333333334,0.8333333333333334,-0.4270360516661669,6,0.5201556211654386,6,0.5201556211654386,1
mcd,3524_IriunWebcam_after,0.9763313609467456,5.405911803550732,0.5,0.5625,0.27894534640265467,1,0.27894534640265467,1,0.27894534640265467,1
mcd,3524_IriunWebcam_before,0.975609756097561,7.698885465745589,0.4444444444444444,0.4444444444444444,0.3196266023827888,3,0.3196266023827888,3,0.3196266023827888,1
mcd,3526_FullHDwebcam_after,0.9763313609467456,7.246326567756839,0.8333333333333334,0.8823529411764706,-0.47928266166968686,6,0.5074178952432828,6,0.5074178952432828,1
mcd,3526_FullHDwebcam_before,0.9763313609467456,7.339578052895813,0.7777777777777778,0.7777777777777778,-0.48877908189831243,-2,-0.48877908189831243,7,0.4490511535600282,1
mcd,3526_IriunWebcam_after,0.9763313609467456,7.265390715812759,0.2222222222222222,0.23529411764705882,-0.20941961727491776,-6,-0.24315418418607027,-16,0.2247923563261184,1
mcd,3526_IriunWebcam_before,0.975609756097561,7.3686695744994655,0.4444444444444444,0.4444444444444444,-0.22951730281341137,-19,0.28217903489826673,-19,0.28217903489826673,1
mcd,3529_FullHDwebcam_after,0.9763313609467456,10.63026131197677,1.0,1.0,-0.6597754056391455,-2,-0.6597754056391455,10,0.5978383778907,1
mcd,3529_FullHDwebcam_before,0.9763313609467456,10.835555531821242,1.0,1.0,-0.8072709243995697,-1,-0.8072709243995697,11,0.6917719035535228,1
mcd,3529_IriunWebcam_after,0.975609756097561,10.699817161001194,0.6666666666666666,0.6666666666666666,0.4961565318367199,-24,0.502917764458714,-24,0.502917764458714,1
mcd,3529_IriunWebcam_before,0.9763313609467456,10.827704895862572,0.9444444444444444,0.9444444444444444,0.5988192131626793,5,0.633235401702748,5,0.633235401702748,1
mcd,3529_USBVideo_after,0.9763313609467456,10.623653605576148,0.2777777777777778,0.2777777777777778,0.2045902989706381,-13,-0.25182214402488506,0,0.2045902989706381,1
mcd,3529_USBVideo_before,0.9763313609467456,10.821377268575937,0.6111111111111112,0.6111111111111112,0.500749097441185,-11,-0.5045421778278405,2,0.500749097441185,1
mcd,3533_FullHDwebcam_after,0.9763313609467456,10.866923870944223,0.8888888888888888,0.8888888888888888,-0.565555694856546,8,0.5663167476710854,8,0.5663167476710854,1
mcd,3533_FullHDwebcam_before,0.9763313609467456,11.167652695916786,0.9444444444444444,0.9444444444444444,-0.6533931652488005,-3,-0.6533931652488005,9,0.5587805076789805,1
mcd,3533_IriunWebcam_after,0.9763313609467456,10.898476925228852,0.5555555555555556,0.5555555555555556,0.44643067365856914,-25,0.4558561782822043,-25,0.4558561782822043,1
mcd,3533_IriunWebcam_before,0.9763313609467456,11.181036280181921,0.7777777777777778,0.7777777777777778,0.4184232851623019,17,-0.4368974147525921,29,0.43675804945122243,1
mcd,3533_USBVideo_after,0.9763313609467456,10.89997046971172,0.5555555555555556,0.5555555555555556,0.39026779612882334,12,-0.43920449315228105,26,0.4270191384968334,1
mcd,3533_USBVideo_before,0.9763313609467456,11.198275326598061,0.8333333333333334,0.8333333333333334,0.5192603734664583,24,0.5292912898750359,24,0.5292912898750359,1
mcd,3554_FullHDwebcam_after,0.9763313609467456,10.057861664564363,0.4444444444444444,0.4444444444444444,-0.3401226333065711,14,-0.35607635597381554,23,0.3389200489370112,1
mcd,3554_FullHDwebcam_before,0.9763313609467456,9.648620652196053,0.5555555555555556,0.5555555555555556,-0.40424435950193616,6,0.4126518598316982,6,0.4126518598316982,1
mcd,3554_IriunWebcam_after,0.9770540340488527,9.759137403680342,0.05555555555555555,0.05555555555555555,-0.0576767145472295,-22,-0.11359750835727589,-15,0.10048439735448911,1
mcd,3554_IriunWebcam_before,0.9763313609467456,9.526575509682761,0.0,0.0,0.1835315338101237,3,0.1835315338101237,3,0.1835315338101237,1
mcd,3554_USBVideo_after,0.975609756097561,10.053892541683584,0.05555555555555555,0.05555555555555555,0.13207359047764392,-19,0.15559402343245726,-19,0.15559402343245726,1
mcd,3554_USBVideo_before,0.9763313609467456,9.817810878397456,0.0,0.0,0.10619367418145217,24,-0.12015505485558318,15,0.11525429892432125,1
mcd,3557_FullHDwebcam_after,0.9319526627218935,3.54650952487317,0.3888888888888889,0.35294117647058826,-0.339596208016277,-5,-0.37024427029584644,4,0.32287099593274915,1
mcd,3557_FullHDwebcam_before,0.9319526627218935,3.784882903000182,0.2777777777777778,0.29411764705882354,-0.24971394617925433,-5,-0.2558430357085355,7,0.22539292319452697,1
mcd,3557_IriunWebcam_after,0.9312638580931264,3.7070097901012717,0.1111111111111111,0.11764705882352941,0.1379661228001461,-8,-0.2026752881682299,6,0.15598165960581983,1
mcd,3557_IriunWebcam_before,0.8425720620842572,3.4697783754079765,0.2777777777777778,0.25,-0.05730786571886604,8,0.07537709940053161,8,0.07537709940053161,1
mcd,3571_FullHDwebcam_after,0.9763313609467456,7.461413207240635,0.4444444444444444,0.4444444444444444,0.3795324001072834,3,0.3795324001072834,3,0.3795324001072834,1
mcd,3571_FullHDwebcam_before,0.9763313609467456,6.22749889604788,0.3888888888888889,0.3888888888888889,0.42355702341135293,5,0.44224245531746864,5,0.44224245531746864,1
mcd,3581_FullHDwebcam_after,0.9763313609467456,10.756771727083986,0.7222222222222222,0.7222222222222222,-0.3801731712380906,-3,-0.3801731712380906,11,0.3704617305233744,1
mcd,3581_FullHDwebcam_before,0.9763313609467456,10.819107680034932,0.6666666666666666,0.6666666666666666,-0.4192497252192786,-18,0.454926150017742,-18,0.454926150017742,1
mcd,3581_IriunWebcam_after,0.9763313609467456,10.737927091118072,0.2222222222222222,0.2222222222222222,0.0734015850193686,19,-0.09719124561630221,4,0.0734015850193686,1
mcd,3581_IriunWebcam_before,0.975609756097561,10.754726709222291,0.7777777777777778,0.7777777777777778,0.4196248702970769,1,0.4196248702970769,1,0.4196248702970769,1
mcd,3581_USBVideo_after,0.9763313609467456,10.761270294104495,0.4444444444444444,0.4444444444444444,0.2769635691445188,-13,-0.3642716480840445,-27,0.27988137582574,1
mcd,3581_USBVideo_before,0.9763313609467456,10.757324957349308,0.5,0.5,0.28599793813391455,-2,0.28599793813391455,-2,0.28599793813391455,1
mcd,3593_FullHDwebcam_after,0.9763313609467456,6.559953558192421,0.8888888888888888,0.8888888888888888,-0.5873579551483348,-3,-0.5873579551483348,7,0.5522844655899851,1
mcd,3593_FullHDwebcam_before,0.4881656804733728,0.2710857842390648,0.3333333333333333,0.5,-0.3660674192643577,6,0.4351871953750812,6,0.4351871953750812,0
mcd,3593_IriunWebcam_after,0.975609756097561,6.75133753047041,0.5,0.5,0.3718847100480786,1,0.3718847100480786,1,0.3718847100480786,1
mcd,3593_IriunWebcam_before,0.4881656804733728,0.2691951840472804,0.3888888888888889,0.1,0.24343956217659565,-10,-0.2779382778518869,-20,0.2771188553560671,0
mcd,3600_FullHDwebcam_after,0.9763313609467456,8.933375119476086,0.5,0.5,-0.4780626926526242,-2,-0.4780626926526242,7,0.3430900712554064,1
mcd,3600_FullHDwebcam_before,0.9763313609467456,7.776592398418687,0.8888888888888888,0.8888888888888888,-0.5865366019612354,9,0.5875597377338296,9,0.5875597377338296,1
mcd,3600_IriunWebcam_after,0.9763313609467456,9.0871211468862,0.7222222222222222,0.7222222222222222,0.4508028767362662,3,0.4508028767362662,3,0.4508028767362662,1
mcd,3600_IriunWebcam_before,0.9763313609467456,7.815007199934766,0.3333333333333333,0.3333333333333333,0.2637301441114556,18,-0.32917917365373317,6,0.31108529737425983,1
mcd,3600_USBVideo_after,0.975609756097561,9.055605460013712,0.4444444444444444,0.4444444444444444,0.3974536221442897,-3,0.3974536221442897,-3,0.3974536221442897,1
mcd,3600_USBVideo_before,0.9763313609467456,7.775249695778157,0.2222222222222222,0.2222222222222222,0.2589627421774005,15,-0.2861471002538873,28,0.27800126669174346,1
mcd,3625_FullHDwebcam_after,0.9763313609467456,6.767012885211049,0.6111111111111112,0.6111111111111112,-0.4144122948163839,-4,-0.4144122948163839,5,0.41130544749517195,1
mcd,3625_FullHDwebcam_before,0.9763313609467456,5.774818580635108,0.5,0.5,0.3934418818130394,16,-0.4194571442757501,5,0.40559015387684216,1
mcd,3625_IriunWebcam_after,0.975609756097561,6.930046082433693,0.2222222222222222,0.2222222222222222,0.23063994981501368,-14,0.2552017160930741,-14,0.2552017160930741,1
mcd,3625_IriunWebcam_before,0.9763313609467456,5.574687187363123,0.0,0.0,0.06878489008670545,19,0.08498069378918137,19,0.08498069378918137,1
mcd,3625_USBVideo_after,0.975609756097561,6.864244136478996,0.05555555555555555,0.05555555555555555,0.2601746991940107,-10,-0.2705205205847294,-1,0.2601746991940107,1
mcd,3636_FullHDwebcam_after,0.9763313609467456,6.634294045805856,0.5555555555555556,0.5555555555555556,-0.4227372586790116,-2,-0.4227372586790116,6,0.41464519878956163,1
mcd,3636_FullHDwebcam_before,0.9763313609467456,6.597342134574067,0.8333333333333334,0.8333333333333334,-0.5234863196284494,-1,-0.5234863196284494,7,0.49559179903100187,1
mcd,3636_IriunWebcam_after,0.975609756097561,6.2584035042165995,0.1111111111111111,0.1111111111111111,0.18285184999876136,17,0.18904202923075444,17,0.18904202923075444,1
mcd,3636_IriunWebcam_before,0.9763313609467456,6.802960308704426,0.1111111111111111,0.1111111111111111,0.1894517902728168,29,-0.1999898011116845,1,0.1894517902728168,1
mcd,3636_USBVideo_after,0.9763313609467456,6.336712720728232,0.05555555555555555,0.05555555555555555,-0.14425480756005124,-5,0.15054927580018473,-5,0.15054927580018473,1
mcd,3636_USBVideo_before,0.9763313609467456,7.0180869873345895,0.05555555555555555,0.05555555555555555,0.2143896074097671,16,0.24338608818935079,16,0.24338608818935079,1
mcd,3656_FullHDwebcam_after,0.9763313609467456,2.7981799201107522,0.3888888888888889,0.4375,-0.3131279664919619,8,0.3740720179368725,8,0.3740720179368725,1
mcd,3656_FullHDwebcam_before,0.9763313609467456,5.714803455975849,0.3888888888888889,0.3888888888888889,-0.08672477830716678,-13,0.14433139918598425,-13,0.14433139918598425,1
mcd,3656_IriunWebcam_after,0.975609756097561,2.7377154508296337,0.05555555555555555,0.0625,-0.19504298850756338,-4,-0.19504298850756338,5,0.1695210312741068,1
mcd,3656_IriunWebcam_before,0.9763313609467456,5.548516110888329,0.16666666666666666,0.16666666666666666,0.1528608285353614,-18,0.20155784161854576,-18,0.20155784161854576,1
mcd,3656_USBVideo_after,0.9763313609467456,2.75969974872748,0.0,0.0,0.026229940286158965,22,0.07061382482706788,22,0.07061382482706788,1
mcd,3656_USBVideo_before,0.9763313609467456,5.727739392417758,0.3888888888888889,0.3888888888888889,0.22263424610839117,-24,0.27395955951400325,-24,0.27395955951400325,1
mcd,3658_FullHDwebcam_after,0.9763313609467456,6.642622214807039,0.3888888888888889,0.3888888888888889,0.4006745878970849,5,0.4194566635975785,5,0.4194566635975785,1
mcd,3658_FullHDwebcam_before,0.9763313609467456,7.886671586169374,0.1111111111111111,0.1111111111111111,-0.21576084702024317,-5,-0.2200756372669197,-16,0.1600687317866626,1
mcd,3658_IriunWebcam_after,0.9763313609467456,6.5470431674885035,0.2777777777777778,0.2777777777777778,0.06445055484316296,28,-0.10898194236325594,0,0.06445055484316296,1
mcd,3658_IriunWebcam_before,0.975609756097561,7.812170119757527,0.16666666666666666,0.16666666666666666,0.11362334940213095,15,-0.14983003253772137,27,0.12560522246058678,1
mcd,3658_USBVideo_after,0.9763313609467456,6.437979257537564,0.3333333333333333,0.3333333333333333,0.2144686044425795,15,-0.2693483125486574,0,0.2144686044425795,1
mcd,3658_USBVideo_before,0.9763313609467456,7.747339432581153,0.2222222222222222,0.2222222222222222,0.20583451147038379,-21,0.23285140302627239,-21,0.23285140302627239,1
mcd,3682_FullHDwebcam_after,0.9763313609467456,3.024881397059543,0.8333333333333334,0.8333333333333334,-0.5409513735999231,-4,-0.5409513735999231,9,0.4971200842914104,1
mcd,3682_FullHDwebcam_before,0.9763313609467456,5.84592129085315,0.5555555555555556,0.5294117647058824,-0.4467113532117303,-4,-0.4467113532117303,11,0.36808775631149926,1
mcd,3682_USBVideo_before,0.9763313609467456,5.8345670356405535,0.7777777777777778,0.75,0.4571035248243542,-9,-0.5193971824554585,4,0.4571035248243542,1
mcd,3683_FullHDwebcam_after,0.7100591715976331,4.198047543881708,0.6666666666666666,0.7142857142857143,-0.38231939871351156,-17,0.41857314653405797,-17,0.41857314653405797,1
mcd,3683_FullHDwebcam_before,0.9763313609467456,6.351170865682819,0.2222222222222222,0.2222222222222222,-0.3191989220678542,-4,-0.3191989220678542,5,0.3073993372320397,1
mcd,3683_IriunWebcam_after,0.9763313609467456,3.9026953629015804,0.3333333333333333,0.3125,0.20996629525978044,-21,0.24066336250624157,-21,0.24066336250624157,1
mcd,3683_IriunWebcam_before,0.9763313609467456,6.457107336655574,0.2222222222222222,0.2222222222222222,0.13457556681573177,-2,0.13457556681573177,-2,0.13457556681573177,1
mcd,3683_USBVideo_after,0.9763313609467456,4.2805874708768314,0.7222222222222222,0.6875,0.39255239313177204,-8,-0.4156770562218659,-23,0.40503207485327447,1
mcd,3683_USBVideo_before,0.9763313609467456,6.447897444440452,0.16666666666666666,0.16666666666666666,0.3095203134068424,0,0.3095203134068424,0,0.3095203134068424,1
mcd,3699_FullHDwebcam_after,0.9763313609467456,5.462762423243428,0.8333333333333334,0.8333333333333334,-0.6473127003183671,-2,-0.6473127003183671,8,0.5703642856364554,1
mcd,3699_FullHDwebcam_before,0.9763313609467456,7.034515300462443,1.0,1.0,-0.7394696868625059,-3,-0.7394696868625059,8,0.6367759036390717,1
mcd,3699_IriunWebcam_after,0.975609756097561,5.466158842401883,0.8333333333333334,0.8333333333333334,-0.3559147137616103,-6,-0.4014831922015921,28,0.3789457928542678,1
mcd,3699_IriunWebcam_before,0.975609756097561,7.193070541280681,0.5555555555555556,0.5555555555555556,0.272449244583615,-6,-0.31554070837673387,5,0.2776994373761671,1
mcd,3700_FullHDwebcam_after,0.3994082840236686,-2.5902975537128103,0.2222222222222222,0.2857142857142857,-0.49103262915908097,-3,-0.49103262915908097,-16,0.35955298248810796,0
mcd,3700_FullHDwebcam_before,0.9763313609467456,1.6048572480828343,0.5,0.5384615384615384,-0.6385684256961203,-3,-0.6385684256961203,8,0.5498807466746195,1
mcd,3700_IriunWebcam_after,0.3994082840236686,-2.462611083211448,0.2222222222222222,0.42857142857142855,0.3246369278436275,3,0.3246369278436275,3,0.3246369278436275,0
mcd,3700_IriunWebcam_before,0.9763313609467456,1.4388202272431547,0.3888888888888889,0.46153846153846156,0.4765316915978186,3,0.4765316915978186,3,0.4765316915978186,1
mcd,3700_USBVideo_after,0.3994082840236686,-2.522935356486639,0.2222222222222222,0.42857142857142855,0.4276011821824224,-2,0.4276011821824224,-2,0.4276011821824224,0
mcd,3700_USBVideo_before,0.9763313609467456,1.5801433662577957,0.5555555555555556,0.6153846153846154,0.3419396026540935,-14,-0.4022247453392297,-3,0.3419396026540935,1
mcd,3701_FullHDwebcam_after,0.9319526627218935,8.106798730931672,0.6111111111111112,0.6470588235294118,-0.5831236353591152,-3,-0.5831236353591152,7,0.5627214568539032,1
mcd,3701_FullHDwebcam_before,0.9763313609467456,7.959481731940427,1.0,1.0,-0.6431620301638696,-4,-0.6431620301638696,-17,0.5897369003795716,1
mcd,3701_IriunWebcam_after,0.9312638580931264,8.12557545263643,0.1111111111111111,0.11764705882352941,0.16726348221688972,14,-0.20161375560843586,26,0.17723984785205862,1
mcd,3701_IriunWebcam_before,0.975609756097561,8.278971397623003,0.05555555555555555,0.05555555555555555,0.05421611158864921,21,-0.0635207737302863,28,0.055066075683948834,1
mcd,3701_USBVideo_after,0.9312638580931264,8.089931247025358,0.9444444444444444,1.0,0.5010112019742423,-10,-0.5360447253385192,-21,0.5075680825267094,1
mcd,3701_USBVideo_before,0.975609756097561,8.113696468843152,0.7777777777777778,0.7777777777777778,0.5851885222041113,-21,0.5859449487349394,-21,0.5859449487349394,1
mcd,3732_FullHDwebcam_after,0.9763313609467456,7.1622128606005235,1.0,1.0,-0.8474083504944525,-3,-0.8474083504944525,10,0.684033716111229,1
mcd,3732_FullHDwebcam_before,0.9319526627218935,5.170071406220468,1.0,1.0,-0.7294262362682128,-4,-0.7294262362682128,-20,0.6077842364215876,1
mcd,3732_IriunWebcam_after,0.975609756097561,7.242880729734114,0.4444444444444444,0.4444444444444444,0.23773640257473666,-30,0.2560869989960248,-30,0.2560869989960248,1
mcd,3732_IriunWebcam_before,0.9319526627218935,5.21510249697289,0.1111111111111111,0.11764705882352941,0.2892718081732611,4,0.2892718081732611,4,0.2892718081732611,1
mcd,3732_USBVideo_after,0.975609756097561,7.05656211576306,1.0,1.0,0.5268892202340187,-10,-0.5796153221711939,4,0.5268892202340187,1
mcd,3732_USBVideo_before,0.9319526627218935,5.069903128344567,0.6666666666666666,0.7058823529411765,0.3500734077269369,-29,0.40641020496976415,-29,0.40641020496976415,1
mcd,3735_FullHDwebcam_after,0.9763313609467456,8.638324895248786,1.0,1.0,-0.5759487751617854,19,-0.5836539474734431,8,0.5716580502281051,1
mcd,3735_FullHDwebcam_before,0.9763313609467456,8.941728275453992,0.16666666666666666,0.16666666666666666,0.33544642163119376,4,0.33544642163119376,4,0.33544642163119376,1
mcd,3735_IriunWebcam_after,0.975609756097561,8.709396465634192,0.3888888888888889,0.3888888888888889,0.29543482543560545,3,0.29543482543560545,3,0.29543482543560545,1
mcd,3735_IriunWebcam_before,0.975609756097561,8.999613977112558,0.05555555555555555,0.05555555555555555,0.22449378998471786,2,0.22449378998471786,2,0.22449378998471786,1
mcd,3738_FullHDwebcam_after,0.9763313609467456,6.299320236067627,0.8888888888888888,0.9411764705882353,-0.6765695548214989,-3,-0.6765695548214989,-16,0.6018965922710713,1
mcd,3738_FullHDwebcam_before,0.9319526627218935,7.044541442282078,0.9444444444444444,0.9411764705882353,-0.6744212654980613,-3,-0.6744212654980613,-17,0.6113394698304199,1
mcd,3738_IriunWebcam_after,0.975609756097561,6.360820373386889,0.6666666666666666,0.7058823529411765,0.46488200206090907,3,0.46488200206090907,3,0.46488200206090907,1
mcd,3738_IriunWebcam_before,0.9319526627218935,7.1620490448441405,0.6666666666666666,0.7058823529411765,0.4626817875523607,3,0.4626817875523607,3,0.4626817875523607,1
mcd,3738_USBVideo_after,0.975609756097561,6.193747872391453,0.3333333333333333,0.35294117647058826,0.3429383180723163,0,0.3429383180723163,0,0.3429383180723163,1
mcd,3738_USBVideo_before,0.9319526627218935,7.079687291547427,0.3333333333333333,0.35294117647058826,0.34454974627419965,13,-0.3748915557040538,25,0.3554265489452707,1
mcd,3754_FullHDwebcam_after,0.9763313609467456,7.166683614643192,0.8888888888888888,0.875,-0.6238836039652859,-1,-0.6238836039652859,7,0.5617236455348199,1
mcd,3754_FullHDwebcam_before,0.9763313609467456,3.051537364925129,0.7777777777777778,0.9285714285714286,-0.575661613088751,-2,-0.575661613088751,-14,0.5181268422175822,1
mcd,3754_IriunWebcam_after,0.975609756097561,7.009614620729154,0.6111111111111112,0.625,0.5094017432167124,4,0.5094017432167124,4,0.5094017432167124,1
mcd,3754_IriunWebcam_before,0.975609756097561,2.938787044615225,0.4444444444444444,0.4666666666666667,0.3559750663995773,3,0.3559750663995773,3,0.3559750663995773,1
mcd,3754_USBVideo_after,0.9763313609467456,6.978929079711202,0.2222222222222222,0.1875,0.26170851842930015,-2,0.26170851842930015,-2,0.26170851842930015,1
mcd,3754_USBVideo_before,0.9763313609467456,2.950405840775915,0.2777777777777778,0.26666666666666666,0.23036211682734778,21,0.2490243390545011,21,0.2490243390545011,1
mcd,3763_FullHDwebcam_after,0.8431952662721893,8.540772909694901,0.3888888888888889,0.4666666666666667,-0.41450248348511654,-2,-0.41450248348511654,-13,0.37443429347767976,1
mcd,3763_FullHDwebcam_before,0.8875739644970414,4.680969359666543,0.6666666666666666,0.7333333333333333,-0.5192410835138416,6,0.5465846620569406,6,0.5465846620569406,1
mcd,3763_IriunWebcam_after,0.8431952662721893,8.434341695838143,0.1111111111111111,0.13333333333333333,0.10208306608279459,-26,-0.1273281213135052,6,0.1249109051732464,1
mcd,3763_IriunWebcam_before,0.8875739644970414,4.650446885740757,0.3888888888888889,0.3333333333333333,-0.20102488026103674,30,0.2492235129922587,30,0.2492235129922587,1
mcd,3763_USBVideo_before,0.8875739644970414,4.467988054954622,0.2777777777777778,0.3333333333333333,-0.07188990037645632,30,0.1302376208639547,30,0.1302376208639547,1
mcd,3778_FullHDwebcam_after,0.9763313609467456,11.3627510343306,0.8333333333333334,0.8333333333333334,-0.49190180173804,-22,-0.5082053814895048,-12,0.5039482354915706,1
mcd,3778_FullHDwebcam_before,0.9763313609467456,11.264882994816809,0.9444444444444444,0.9444444444444444,-0.5112882583641408,20,-0.5264882533326903,30,0.49561723067250874,1
mcd,3778_IriunWebcam_after,0.9763313609467456,11.266819548404412,0.7777777777777778,0.7777777777777778,-0.3830897970892006,16,-0.40129506077996013,26,0.3918589473585671,1
mcd,3778_IriunWebcam_before,0.975609756097561,11.157714718625236,0.9444444444444444,0.9444444444444444,0.48563931558112633,4,0.48563931558112633,4,0.48563931558112633,1
mcd,3778_USBVideo_after,0.9763313609467456,11.304949923165633,0.16666666666666666,0.16666666666666666,0.22834748602686158,-10,-0.25671730534296144,22,0.24694416145946554,1
mcd,3778_USBVideo_before,0.9763313609467456,11.181652403079045,0.2222222222222222,0.2222222222222222,0.2681184901106251,22,0.27140282780723285,22,0.27140282780723285,1
mcd,3780_FullHDwebcam_after,0.9763313609467456,7.98869228053138,0.2777777777777778,0.2777777777777778,-0.28188318230443465,6,0.31825400348065647,6,0.31825400348065647,1
mcd,3780_FullHDwebcam_before,0.9763313609467456,5.992428970493655,0.4444444444444444,0.4444444444444444,-0.4224132611592417,7,0.42316976943392687,7,0.42316976943392687,1
mcd,3780_IriunWebcam_after,0.9763313609467456,8.10853292802366,0.16666666666666666,0.16666666666666666,-0.17168534995902207,-18,-0.22374836517990895,13,0.17934269687557275,1
mcd,3780_IriunWebcam_before,0.975609756097561,5.9340338802743595,0.05555555555555555,0.05555555555555555,0.022126287654131493,8,-0.0789654795037108,16,0.06208849183941802,1
mcd,3780_USBVideo_after,0.9763313609467456,7.989203456904834,0.6111111111111112,0.6111111111111112,0.43865765689716446,-23,0.4669825731750767,-23,0.4669825731750767,1
mcd,3780_USBVideo_before,0.9763313609467456,5.904012037966279,0.6111111111111112,0.6111111111111112,0.5261871462135448,0,0.5261871462135448,0,0.5261871462135448,1
mcd,3783_FullHDwebcam_after,0.9763313609467456,7.805427063061774,1.0,1.0,-0.6966317367055288,-3,-0.6966317367055288,-15,0.6131107399015514,1
mcd,3783_FullHDwebcam_before,0.9763313609467456,4.6014272412415025,0.6111111111111112,0.6111111111111112,-0.4983913355369075,-14,0.5147282573869177,-14,0.5147282573869177,1
mcd,3783_IriunWebcam_after,0.975609756097561,7.628383530513976,0.6111111111111112,0.6111111111111112,-0.36791008354093224,-5,-0.381974982264813,-17,0.3776829282164041,1
mcd,3783_IriunWebcam_before,0.975609756097561,4.6455708613338516,0.05555555555555555,0.05555555555555555,0.27845636954170405,4,0.27845636954170405,4,0.27845636954170405,1
mcd,3784_FullHDwebcam_after,0.9763313609467456,7.713385521417434,0.7222222222222222,0.7222222222222222,-0.5701754260735112,-2,-0.5701754260735112,8,0.5218876913755377,1
mcd,3784_FullHDwebcam_before,0.9763313609467456,7.075977475201325,1.0,1.0,-0.6892804786654972,-3,-0.6892804786654972,-15,0.6595003381067549,1
mcd,3784_IriunWebcam_after,0.975609756097561,7.614667602870327,0.3333333333333333,0.3333333333333333,-0.184315517964849,16,-0.24518794509475042,6,0.22773489331629754,1
mcd,3784_IriunWebcam_before,0.975609756097561,7.435276582256712,0.6111111111111112,0.6111111111111112,0.3820689652519405,3,0.3820689652519405,3,0.3820689652519405,1
mcd,3784_USBVideo_after,0.9763313609467456,7.502053214847775,0.4444444444444444,0.4444444444444444,0.43752165433272444,1,0.43752165433272444,1,0.43752165433272444,1
mcd,3797_FullHDwebcam_after,0.8431952662721893,2.9617540768005663,0.8333333333333334,0.9375,-0.6451181245294331,7,0.6460857098083853,7,0.6460857098083853,1
mcd,3797_FullHDwebcam_before,0.9763313609467456,5.745875554279916,0.9444444444444444,1.0,-0.7722556050668977,-4,-0.7722556050668977,9,0.6659821288761955,1
mcd,3797_IriunWebcam_after,0.8431952662721893,3.0577126927191554,0.05555555555555555,0.0625,0.22860444487067072,4,0.22860444487067072,4,0.22860444487067072,1
mcd,3797_IriunWebcam_before,0.9763313609467456,5.778469831999004,0.8888888888888888,0.9411764705882353,0.6085519395238991,5,0.6375163267655559,5,0.6375163267655559,1
mcd,3797_USBVideo_after,0.8431952662721893,3.18524180557999,0.1111111111111111,0.125,0.20210511584715246,-27,-0.2122382303033962,-1,0.20210511584715246,1
mcd,3797_USBVideo_before,0.9763313609467456,5.625301998117977,0.8888888888888888,0.9411764705882353,0.6084893032469793,1,0.6084893032469793,1,0.6084893032469793,1
mcd,3833_FullHDwebcam_after,0.9763313609467456,3.365355603028224,0.7777777777777778,0.875,-0.5485987624144938,-2,-0.5485987624144938,8,0.48091612592043187,1
mcd,3833_FullHDwebcam_before,0.9763313609467456,8.135627659914286,1.0,1.0,-0.7208974293501683,-2,-0.7208974293501683,10,0.633625232350273,1
mcd,3833_IriunWebcam_after,0.9763313609467456,3.4037731751637503,0.16666666666666666,0.17647058823529413,0.24119982744088025,4,0.24119982744088025,4,0.24119982744088025,1
mcd,3833_IriunWebcam_before,0.9763313609467456,8.158341350855242,0.5,0.5,0.4647680006483743,4,0.4647680006483743,4,0.4647680006483743,1
mcd,3833_USBVideo_after,0.7988165680473372,3.342451666754264,0.2222222222222222,0.26666666666666666,0.27984633643746815,-11,-0.2834649636246797,21,0.2800699623305271,1
mcd,3833_USBVideo_before,0.975609756097561,8.260995866929868,0.6111111111111112,0.6111111111111112,0.43120161976589133,-1,0.43120161976589133,-1,0.43120161976589133,1
mcd,3889_FullHDwebcam_after,0.9763313609467456,5.185332705649412,0.6666666666666666,0.7058823529411765,-0.4236254472987237,14,-0.43101406033458084,23,0.42882148992707164,1
mcd,3889_FullHDwebcam_before,0.9763313609467456,4.735496322505444,0.7222222222222222,0.7058823529411765,-0.5331271863779801,-2,-0.5331271863779801,7,0.4736684846039495,1
mcd,3889_IriunWebcam_after,0.975609756097561,5.256271934110782,0.16666666666666666,0.17647058823529413,0.20140082398163195,2,0.20140082398163195,2,0.20140082398163195,1
mcd,3889_IriunWebcam_before,0.975609756097561,4.721818827537474,0.05555555555555555,0.058823529411764705,0.12136030091767472,1,0.12136030091767472,1,0.12136030091767472,1
mcd,3906_FullHDwebcam_after,0.9763313609467456,6.929961462995263,0.7777777777777778,0.7777777777777778,-0.4499124142172655,-2,-0.4499124142172655,5,0.4252120749171419,1
mcd,3906_FullHDwebcam_before,0.04437869822485207,0.3981298815816049,0.05555555555555555,0.0,0.10788239885241867,-16,-0.1886026283917469,17,0.18586132334942576,0
mcd,3906_IriunWebcam_after,0.975609756097561,7.0249566803001,0.0,0.0,0.09103535252656648,11,-0.11473990916595513,19,0.10339759385441089,1
mcd,3906_IriunWebcam_before,0.04437869822485207,0.16101647193613078,0.0,0.0,0.22644138924231547,11,-0.23266925161505653,3,0.22644138924231547,0
mcd,3930_FullHDwebcam_after,0.9763313609467456,11.363567801860079,1.0,1.0,-0.7893020162857853,-2,-0.7893020162857853,-15,0.7460828041753553,1
mcd,3930_FullHDwebcam_before,0.9763313609467456,11.3178926298194,1.0,1.0,-0.8057061982743805,-24,-0.8101452446762586,-14,0.7431079527629293,1
mcd,3930_IriunWebcam_after,0.975609756097561,11.34722245439174,0.8333333333333334,0.8333333333333334,0.475923260254313,26,0.48102892866776176,26,0.48102892866776176,1
mcd,3930_IriunWebcam_before,0.9763313609467456,11.327478453426645,0.8333333333333334,0.8333333333333334,0.5307457579017026,3,0.5307457579017026,3,0.5307457579017026,1
mcd,3930_USBVideo_after,0.9763313609467456,11.369886698992095,0.6111111111111112,0.6111111111111112,0.40672693448161173,-2,0.40672693448161173,-2,0.40672693448161173,1
mcd,3930_USBVideo_before,0.9763313609467456,11.295023966499425,0.5,0.5,0.4920154469014213,-24,0.4969432248236945,-24,0.4969432248236945,1
mcd,3957_FullHDwebcam_after,0.9763313609467456,8.500531999632816,1.0,1.0,-0.7576356206106901,-1,-0.7576356206106901,7,0.6552159982184352,1
mcd,3957_FullHDwebcam_before,0.9763313609467456,8.407774874892892,1.0,1.0,-0.6092379175910195,-2,-0.6092379175910195,-16,0.5971805972792018,1
mcd,3957_IriunWebcam_after,0.975609756097561,8.514479480808415,0.6111111111111112,0.6111111111111112,0.3494662111537882,4,0.3494662111537882,4,0.3494662111537882,1
mcd,3957_IriunWebcam_before,0.9763313609467456,8.395163448051353,0.3333333333333333,0.3333333333333333,0.3163915926104594,16,-0.3253520963096405,4,0.3163915926104594,1
mcd,3957_USBVideo_after,0.9763313609467456,8.728589611978295,0.05555555555555555,0.05555555555555555,0.25130240379176444,-1,0.25130240379176444,-1,0.25130240379176444,1
mcd,3957_USBVideo_before,0.9763313609467456,8.400020161066102,0.5,0.5,0.31729397207242005,-14,-0.3674486235531471,-26,0.31977366784579103,1
mcd,3962_FullHDwebcam_after,0.9763313609467456,8.866751154631181,0.9444444444444444,0.9444444444444444,-0.5506681047798799,17,-0.5604599826336654,7,0.5286797629322247,1
mcd,3962_FullHDwebcam_before,0.9763313609467456,5.480226218365257,0.8888888888888888,0.8888888888888888,-0.5843426950872196,-2,-0.5843426950872196,-14,0.5721294759289857,1
mcd,3962_IriunWebcam_after,0.975609756097561,9.13063230035205,0.1111111111111111,0.1111111111111111,0.256776908256558,3,0.256776908256558,3,0.256776908256558,1
mcd,3962_IriunWebcam_before,0.9763313609467456,5.4402458848061475,0.3888888888888889,0.3888888888888889,0.36308413671973416,3,0.36308413671973416,3,0.36308413671973416,1
mcd,3962_USBVideo_after,0.9763313609467456,9.029814459920626,0.2222222222222222,0.2222222222222222,0.2726822529184214,7,-0.2875095693517972,15,0.2749050848306381,1
mcd,3962_USBVideo_before,0.9763313609467456,5.317438955459171,0.16666666666666666,0.16666666666666666,0.3416313220546638,-2,0.3416313220546638,-2,0.3416313220546638,1
mcd,4016_FullHDwebcam_after,0.9763313609467456,9.516163749980073,0.7222222222222222,0.7222222222222222,-0.5707977967618667,-3,-0.5707977967618667,7,0.5402124666373123,1
mcd,4016_FullHDwebcam_before,0.9763313609467456,10.732200265227412,0.7777777777777778,0.7777777777777778,-0.5553308277614103,-4,-0.5553308277614103,8,0.47684821424227464,1
mcd,4016_IriunWebcam_after,0.975609756097561,9.485857653653223,0.16666666666666666,0.16666666666666666,-0.2215025937821437,-6,-0.27215158855043986,-20,0.23213283593939685,1
mcd,4016_IriunWebcam_before,0.975609756097561,10.731898639118288,0.5,0.5,0.3188980396956602,18,-0.36334523742569247,30,0.32754070485177333,1
mcd,4016_USBVideo_after,0.9763313609467456,9.545890691881356,0.3333333333333333,0.3333333333333333,0.36235794033326535,-1,0.36235794033326535,-1,0.36235794033326535,1
mcd,4016_USBVideo_before,0.9763313609467456,10.776236948397578,0.3333333333333333,0.3333333333333333,0.15780443504880093,24,0.22237666737007886,24,0.22237666737007886,1
mcd,4055_FullHDwebcam_after,0.9763313609467456,2.916196729558517,0.3888888888888889,0.375,-0.3115179307526036,12,-0.34415253595763,5,0.3410978617887287,1
mcd,4055_FullHDwebcam_before,0.9763313609467456,9.088003299233387,0.7777777777777778,0.7777777777777778,-0.4674626454536755,6,0.4718411625002191,6,0.4718411625002191,1
mcd,4055_IriunWebcam_after,0.9763313609467456,2.6363156764281763,0.2222222222222222,0.23529411764705882,0.10480213502494036,11,-0.23284736910066237,18,0.17478177569961995,1
mcd,4055_IriunWebcam_before,0.9763313609467456,9.107022380091756,0.0,0.0,-0.08359200205434622,17,-0.13508724206010633,23,0.11465622821036943,1
mcd,4055_USBVideo_after,0.9763313609467456,2.7875904197302845,0.05555555555555555,0.06666666666666667,0.13032398128195136,-14,0.1906602515519721,-14,0.1906602515519721,1
mcd,4055_USBVideo_before,0.9763313609467456,9.127716784172796,0.5,0.5,0.2917582635775656,1,0.2917582635775656,1,0.2917582635775656,1
mcd,4073_FullHDwebcam_after,0.9763313609467456,8.132268439335725,1.0,1.0,-0.710380551664546,-2,-0.710380551664546,11,0.6012293273083992,1
mcd,4073_FullHDwebcam_before,0.9763313609467456,8.158529333272178,0.6666666666666666,0.6666666666666666,-0.49337187475086347,8,0.503950433456859,8,0.503950433456859,1
mcd,4073_IriunWebcam_after,0.9763313609467456,8.097984697503794,0.4444444444444444,0.4444444444444444,0.26016608625389837,28,0.28520497187140004,28,0.28520497187140004,1
mcd,4073_IriunWebcam_before,0.9763313609467456,7.910297822580278,0.3888888888888889,0.3888888888888889,0.33572137319798867,5,0.35517777404366635,5,0.35517777404366635,1
mcd,4074_FullHDwebcam_after,0.9763313609467456,6.730669549072186,1.0,1.0,-0.6798802903969452,-4,-0.6798802903969452,9,0.6259949535468708,1
mcd,4074_FullHDwebcam_before,0.9763313609467456,6.842169417013958,1.0,1.0,-0.7128883404813118,-6,-0.7717940553225754,9,0.7245950244701161,1
mcd,4074_IriunWebcam_after,0.975609756097561,6.710979012541003,0.4444444444444444,0.47058823529411764,0.2931116112491369,-8,-0.36142775127685267,5,0.29487918279139336,1
mcd,4074_IriunWebcam_before,0.975609756097561,6.890638743524592,0.3333333333333333,0.29411764705882354,0.24635312093468129,5,0.25324063328056196,5,0.25324063328056196,1
mcd,4087_FullHDwebcam_after,0.9763313609467456,10.519296400224114,1.0,1.0,-0.8088081024428393,-4,-0.8088081024428393,-19,0.7471315199264026,1
mcd,4087_FullHDwebcam_before,0.9763313609467456,10.273046217565284,1.0,1.0,-0.801621908746611,-3,-0.801621908746611,-18,0.7497903096785864,1
mcd,4087_IriunWebcam_after,0.975609756097561,10.492103202207247,0.7777777777777778,0.7777777777777778,0.4648244979582965,21,-0.5170672816432162,4,0.4648244979582965,1
mcd,4087_IriunWebcam_before,0.975609756097561,10.25717439265955,0.6666666666666666,0.6666666666666666,0.40361507086955667,-23,0.4402799315122483,-23,0.4402799315122483,1
mcd,4087_USBVideo_after,0.975609756097561,10.509564439385013,0.8333333333333334,0.8333333333333334,0.4861462192816221,26,0.49907758548552245,26,0.49907758548552245,1
mcd,4087_USBVideo_before,0.9763313609467456,10.211259175937755,1.0,1.0,0.568602322356953,-26,0.5724472660697187,-26,0.5724472660697187,1
mcd,4119_FullHDwebcam_after,0.9763313609467456,9.40190973799119,1.0,1.0,-0.6505326229577066,-3,-0.6505326229577066,5,0.5964164207729178,1
mcd,4119_FullHDwebcam_before,0.9763313609467456,7.349219613305326,0.8333333333333334,0.8333333333333334,-0.5074106488332584,-6,-0.5568926151455706,-19,0.4690792673251071,1
mcd,4119_IriunWebcam_after,0.9763313609467456,9.061049947521676,0.05555555555555555,0.05555555555555555,0.19353438093449085,-6,-0.2157961855175239,3,0.19353438093449085,1
mcd,4119_IriunWebcam_before,0.9763313609467456,7.535960077264251,0.1111111111111111,0.1111111111111111,0.3536759675945296,3,0.3536759675945296,3,0.3536759675945296,1
mcd,4172_FullHDwebcam_after,0.9763313609467456,6.479833520402801,0.2777777777777778,0.2777777777777778,0.16092356011426248,17,-0.19628132819549537,5,0.17848207102456115,1
mcd,4172_FullHDwebcam_before,0.9763313609467456,6.9620960892652715,0.2222222222222222,0.2222222222222222,-0.3510871875942944,-5,-0.35567212275116494,-16,0.3440856348866466,1
mcd,4172_IriunWebcam_after,0.975609756097561,6.067144519053786,0.1111111111111111,0.1111111111111111,0.13642671214948923,13,-0.16209018940096517,21,0.14390192784420033,1
mcd,4172_IriunWebcam_before,0.975609756097561,6.889341759436132,0.05555555555555555,0.05555555555555555,0.08083958161777603,0,0.08083958161777603,0,0.08083958161777603,1
mcd,4172_USBVideo_after,0.9763313609467456,6.298377552417639,0.3888888888888889,0.3888888888888889,0.20617978926546052,-21,0.23353897045477695,-21,0.23353897045477695,1
mcd,4172_USBVideo_before,0.9763313609467456,6.7089307450688604,0.0,0.0,0.20208290451699734,7,-0.20813538622047428,-4,0.20208290451699734,1
mcd,4173_FullHDwebcam_after,0.9763313609467456,8.243915695805377,0.16666666666666666,0.16666666666666666,-0.3420356075405914,-11,0.34548294820950476,-11,0.34548294820950476,1
mcd,4173_FullHDwebcam_before,0.621301775147929,0.9064228753124023,0.16666666666666666,0.1,-0.27149319995532095,-4,-0.27149319995532095,-16,0.22142766875999606,1
mcd,4173_IriunWebcam_after,0.9763313609467456,8.148097153153639,0.16666666666666666,0.16666666666666666,-0.2835790633620783,-12,0.2899208143353052,-12,0.2899208143353052,1
mcd,4173_IriunWebcam_before,0.621301775147929,0.8541259480782023,0.05555555555555555,0.0,0.1384751039703454,-25,-0.2610236885693389,-17,0.2501531105144315,1
mcd,4173_USBVideo_before,0.4437869822485207,0.8885915681811858,0.1111111111111111,0.0,0.1660540640545096,-21,0.17495193370145437,-21,0.17495193370145437,0
mcd,4179_FullHDwebcam_after,0.9319526627218935,1.821416362156934,0.2222222222222222,0.1875,-0.3443238769724132,7,0.35612073004448935,7,0.35612073004448935,1
mcd,4179_FullHDwebcam_before,0.9763313609467456,6.8172818225389085,0.9444444444444444,0.9411764705882353,-0.5791126860061966,-2,-0.5791126860061966,8,0.5651250279823405,1
mcd,4179_IriunWebcam_after,0.9312638580931264,1.9647704258525738,0.0,0.0,-0.22692240465624647,-13,0.2409093622665261,-13,0.2409093622665261,1
mcd,4179_IriunWebcam_before,0.9763313609467456,7.010404548133368,0.2777777777777778,0.29411764705882354,0.22392732686387912,-18,0.24089969161763153,-18,0.24089969161763153,1
mcd,4182_FullHDwebcam_after,0.9763313609467456,7.221754012593197,1.0,1.0,-0.6893012540945505,-3,-0.6893012540945505,-15,0.6161835064965551,1
mcd,4182_FullHDwebcam_before,0.9763313609467456,6.323203186361402,1.0,1.0,-0.6716806080361108,-3,-0.6716806080361108,7,0.650310441141006,1
mcd,4182_IriunWebcam_after,0.975609756097561,7.119417743813866,0.05555555555555555,0.05555555555555555,0.1665825006808089,-11,-0.18260438807536053,0,0.1665825006808089,1
mcd,4182_IriunWebcam_before,0.9763313609467456,6.35424667937994,0.0,0.0,0.21941808855648878,-7,-0.2668327447216585,-19,0.26596759322233565,1
mcd,4182_USBVideo_after,0.975609756097561,7.369312390211972,0.3888888888888889,0.3888888888888889,0.2548458497316426,-4,0.2548458497316426,-4,0.2548458497316426,1
mcd,4182_USBVideo_before,0.9763313609467456,6.081953657576255,0.4444444444444444,0.4444444444444444,0.29132628354716267,-2,0.29132628354716267,-2,0.29132628354716267,1
mcd,4187_FullHDwebcam_after,0.9763313609467456,8.66056618306572,0.4444444444444444,0.4444444444444444,-0.4447023151207448,-4,-0.4447023151207448,-17,0.3828859137504268,1
mcd,4187_FullHDwebcam_before,0.9763313609467456,9.30216541547507,0.8333333333333334,0.8333333333333334,-0.47212479699404625,-6,-0.5476718732846436,7,0.4766753771934417,1
mcd,4187_IriunWebcam_after,0.975609756097561,8.615522184860065,0.3888888888888889,0.3888888888888889,0.3410798762993302,-19,0.3580411182532097,-19,0.3580411182532097,1
mcd,4187_IriunWebcam_before,0.9763313609467456,9.339283849613288,0.7222222222222222,0.7222222222222222,0.46557523402077106,4,0.46557523402077106,4,0.46557523402077106,1
mcd,4187_USBVideo_after,0.975609756097561,8.68995630452886,0.7222222222222222,0.7222222222222222,0.40581010950551305,0,0.40581010950551305,0,0.40581010950551305,1
mcd,4187_USBVideo_before,0.9763313609467456,9.257014867706168,0.8333333333333334,0.8333333333333334,0.39031284200151917,-12,-0.4499187011646942,-26,0.4169786891933639,1
mcd,4211_FullHDwebcam_after,0.9763313609467456,7.900512167074159,0.1111111111111111,0.1111111111111111,-0.17952721301794314,-19,-0.18715698051345353,5,0.147558510289268,1
mcd,4211_FullHDwebcam_before,0.9763313609467456,6.7434288789099,0.7222222222222222,0.7222222222222222,-0.39183646710432773,-3,-0.39183646710432773,7,0.31401835385694765,1
mcd,4211_IriunWebcam_after,0.9763313609467456,7.952121397521165,0.1111111111111111,0.1111111111111111,0.17792605998095223,-25,-0.21558121995351745,-17,0.20320339067444096,1
mcd,4211_IriunWebcam_before,0.975609756097561,7.009256513053796,0.2777777777777778,0.2777777777777778,0.22150294505699586,-8,-0.32609965594498164,2,0.22150294505699586,1
mcd,4211_USBVideo_after,0.9763313609467456,7.827813380296773,0.0,0.0,0.17828533589744733,-30,-0.1999483432986407,-4,0.17828533589744733,1
mcd,4211_USBVideo_before,0.975609756097561,7.063798039671214,0.2222222222222222,0.2222222222222222,0.23252848426008746,23,0.2668253963633504,23,0.2668253963633504,1
mcd,4225_FullHDwebcam_after,0.9763313609467456,7.052892869075909,0.8333333333333334,0.8333333333333334,-0.5235397714356661,-2,-0.5235397714356661,-11,0.4683575656235778,1
mcd,4225_FullHDwebcam_before,0.9763313609467456,9.265531941848675,0.6666666666666666,0.6666666666666666,-0.4314278878217122,-22,-0.4482817511088602,-13,0.38649208869875856,1
mcd,4225_IriunWebcam_after,0.975609756097561,7.318150184330248,0.5,0.5,0.4191519009978701,-7,-0.4202543384076466,2,0.4191519009978701,1
mcd,4225_IriunWebcam_before,0.9763313609467456,9.001846740872022,0.2222222222222222,0.2222222222222222,0.27235339523085983,-15,0.27958187591037986,-15,0.27958187591037986,1
mcd,4225_USBVideo_after,0.9763313609467456,7.253523687622219,0.0,0.0,0.17212074835291574,15,0.18243372553788303,15,0.18243372553788303,1
mcd,4225_USBVideo_before,0.9763313609467456,9.049164168058445,0.3333333333333333,0.3333333333333333,0.2466508410903122,-21,0.28305796182475423,-21,0.28305796182475423,1
mcd,4249_FullHDwebcam_after,0.9763313609467456,4.0050864887199396,0.8333333333333334,0.8333333333333334,-0.5409583216492518,-4,-0.5409583216492518,-17,0.4590727699312587,1
mcd,4249_FullHDwebcam_before,0.9763313609467456,7.377010866077701,0.9444444444444444,0.9444444444444444,-0.5736147181430662,-6,-0.636747788227168,7,0.5835099055297861,1
mcd,4249_IriunWebcam_after,0.975609756097561,4.0623439094627445,0.3888888888888889,0.3888888888888889,0.3225917747561267,5,0.32411992419826513,5,0.32411992419826513,1
mcd,4249_IriunWebcam_before,0.9763313609467456,7.416226896810258,0.4444444444444444,0.4444444444444444,0.3393479857470221,21,-0.4275762018340816,6,0.3578365293422099,1
mcd,4249_USBVideo_after,0.9763313609467456,3.773228276952512,0.3888888888888889,0.3888888888888889,0.4562959129886129,1,0.4562959129886129,1,0.4562959129886129,1
mcd,4249_USBVideo_before,0.9763313609467456,7.415295575975586,0.8888888888888888,0.8888888888888888,0.5286989390994493,-11,-0.6001728798730144,3,0.5286989390994493,1
mcd,4256_FullHDwebcam_after,0.9763313609467456,9.770274369718067,1.0,1.0,-0.7646584463195748,-2,-0.7646584463195748,-16,0.753231813784544,1
mcd,4256_FullHDwebcam_before,0.9763313609467456,8.589324722698379,0.7777777777777778,0.7777777777777778,-0.6134889070701421,-2,-0.6134889070701421,-15,0.46166586751923866,1
mcd,4256_IriunWebcam_after,0.9770540340488527,9.73767779315995,0.2222222222222222,0.2222222222222222,0.10472676739781932,27,0.1437473187836874,27,0.1437473187836874,1
mcd,4256_IriunWebcam_before,0.9763313609467456,8.491462555797234,0.2222222222222222,0.2222222222222222,0.14869992827350495,-18,0.19106007788873713,-18,0.19106007788873713,1
mcd,4264_FullHDwebcam_after,0.9763313609467456,10.973908224763639,0.7222222222222222,0.7222222222222222,0.46772775916274156,5,0.4779616252141944,5,0.4779616252141944,1
mcd,4264_FullHDwebcam_before,0.9763313609467456,6.9228063769392225,0.3888888888888889,0.3888888888888889,0.30847087195433365,5,0.341941230589279,5,0.341941230589279,1
mcd,4264_IriunWebcam_after,0.975609756097561,11.158735971381144,0.05555555555555555,0.05555555555555555,-0.07340913539348717,-23,-0.0963407437303755,-14,0.08655189299785372,1
mcd,4264_IriunWebcam_before,0.975609756097561,6.825185912155126,0.2777777777777778,0.2777777777777778,-0.02973363415427277,-24,-0.07199095462579648,30,0.05345235692874258,1
mcd,4264_USBVideo_after,0.9763313609467456,11.037690277427767,0.2777777777777778,0.2777777777777778,0.3013233164397499,-1,0.3013233164397499,-1,0.3013233164397499,1
mcd,4264_USBVideo_before,0.9763313609467456,6.970513111467969,0.1111111111111111,0.1111111111111111,0.3851791059277001,-20,0.40177673110641426,-20,0.40177673110641426,1
mcd,4295_FullHDwebcam_after,0.9763313609467456,10.685824586181267,0.5555555555555556,0.5555555555555556,-0.40208364570955574,6,0.41195693554395446,6,0.41195693554395446,1
mcd,4295_FullHDwebcam_before,0.9763313609467456,8.506822489292146,0.7777777777777778,0.7777777777777778,-0.5594607266499586,-3,-0.5594607266499586,7,0.48200065599223396,1
mcd,4295_IriunWebcam_before,0.9763313609467456,8.497968803521697,0.6111111111111112,0.6111111111111112,0.2872072098864731,-21,0.2951583142123939,-21,0.2951583142123939,1
mcd,4307_FullHDwebcam_after,0.9763313609467456,6.7203254794286185,0.9444444444444444,0.9411764705882353,-0.6136730193797487,-3,-0.6136730193797487,6,0.605420298542837,1
mcd,4307_FullHDwebcam_before,0.9763313609467456,5.850897548524755,0.6666666666666666,0.6666666666666666,-0.5881737789825521,-2,-0.5881737789825521,6,0.5377445261143972,1
mcd,4307_IriunWebcam_after,0.9763313609467456,6.866449545285711,0.0,0.0,0.06785632102458948,-27,-0.11651491083546466,-19,0.08656955802827977,1
mcd,4307_IriunWebcam_before,0.975609756097561,5.952767244957972,0.16666666666666666,0.16666666666666666,0.30415847419634306,30,-0.3321335290503552,22,0.3299021365341899,1
mcd,4311_FullHDwebcam_after,0.9763313609467456,7.023053065449991,0.8888888888888888,0.8888888888888888,-0.5742081180203886,9,0.6162307786520472,9,0.6162307786520472,1
mcd,4311_FullHDwebcam_before,0.9763313609467456,8.516571316634547,0.7222222222222222,0.7222222222222222,-0.47951899458986763,9,0.5007888308577583,9,0.5007888308577583,1
mcd,4311_IriunWebcam_after,0.975609756097561,6.8346712747777625,0.7777777777777778,0.7777777777777778,0.38538856532775523,-6,-0.4202155819834996,5,0.3960449150044498,1
mcd,4311_IriunWebcam_before,0.975609756097561,8.486541690286044,0.5,0.5,0.35053275140100165,-6,-0.3903855438250386,5,0.3639656653564585,1
mcd,4312_FullHDwebcam_after,0.9763313609467456,7.011219032248989,0.8888888888888888,0.9411764705882353,-0.8100382331477929,-1,-0.8100382331477929,9,0.6619529328092023,1
mcd,4312_FullHDwebcam_before,0.9319526627218935,5.431277252054233,1.0,1.0,-0.8677353025788215,-1,-0.8677353025788215,10,0.7141566774260542,1
mcd,4312_IriunWebcam_after,0.9763313609467456,7.103417032424261,0.6666666666666666,0.7058823529411765,0.5605344983683278,4,0.5605344983683278,4,0.5605344983683278,1
mcd,4312_IriunWebcam_before,0.9312638580931264,5.3897057686118295,0.16666666666666666,0.1875,-0.43098137611341525,-5,-0.4645471252526653,5,0.39212507883367764,1
mcd,4312_USBVideo_after,0.975609756097561,7.033072718162064,0.16666666666666666,0.17647058823529413,0.33210512774205936,1,0.33210512774205936,1,0.33210512774205936,1
mcd,4312_USBVideo_before,0.9319526627218935,5.302905379805718,0.4444444444444444,0.5,0.35912573612110693,-24,0.40023458830064124,-24,0.40023458830064124,1
mcd,4321_FullHDwebcam_after,0.9763313609467456,9.245244134850928,0.9444444444444444,0.9444444444444444,-0.6214348006206551,-4,-0.6214348006206551,-16,0.5767266388449744,1
mcd,4321_FullHDwebcam_before,0.9763313609467456,8.223165023037279,1.0,1.0,-0.5657834503206876,-20,0.6421602677843778,-20,0.6421602677843778,1
mcd,4321_IriunWebcam_after,0.9763313609467456,9.10921359323936,0.16666666666666666,0.16666666666666666,0.203443644688379,28,0.22661116441853818,28,0.22661116441853818,1
mcd,4321_IriunWebcam_before,0.975609756097561,8.158386911271148,0.6111111111111112,0.6111111111111112,0.393289395891426,3,0.393289395891426,3,0.393289395891426,1
mcd,4322_FullHDwebcam_after,0.8431952662721893,6.118216428354323,0.9444444444444444,1.0,-0.7380590756311582,-3,-0.7380590756311582,9,0.6113517466495652,1
mcd,4322_FullHDwebcam_before,0.9763313609467456,5.459780181543556,1.0,1.0,-0.6116136158026405,-4,-0.6116136158026405,-17,0.6024362997391728,1
mcd,4322_IriunWebcam_after,0.8431952662721893,6.358053267510767,0.16666666666666666,0.1875,-0.19849523249512754,-1,-0.19849523249512754,11,0.19542569865774612,1
mcd,4322_IriunWebcam_before,0.9763313609467456,5.5327759107949825,0.1111111111111111,0.1111111111111111,-0.20234269589088424,-30,-0.23085010011059603,-19,0.15070338746725023,1
mcd,4322_USBVideo_before,0.9763313609467456,5.443014917497816,0.5555555555555556,0.5555555555555556,0.3630745050063003,-13,-0.38208685973585854,-24,0.37135410205003555,1
mcd,4332_FullHDwebcam_after,0.9763313609467456,5.258512480019682,0.5555555555555556,0.5882352941176471,-0.44958303275172884,-5,-0.45313850238290365,5,0.43634366285306103,1
mcd,4332_FullHDwebcam_before,0.9763313609467456,6.591323484367768,0.9444444444444444,0.9444444444444444,-0.6452124408478171,-4,-0.6452124408478171,5,0.5768067571278439,1
mcd,4332_IriunWebcam_after,0.9763313609467456,5.205918965248065,0.2777777777777778,0.29411764705882354,0.2497613207163486,2,0.2497613207163486,2,0.2497613207163486,1
mcd,4332_IriunWebcam_before,0.975609756097561,6.582167638426021,0.4444444444444444,0.4444444444444444,0.36988438956866987,12,-0.40483547214319027,1,0.36988438956866987,1
mcd,4354_FullHDwebcam_after,0.9763313609467456,6.8067361380173566,0.8888888888888888,0.8888888888888888,-0.6298444766148481,-2,-0.6298444766148481,8,0.48452254999877137,1
mcd,4354_FullHDwebcam_before,0.9763313609467456,3.3398403910299788,0.8333333333333334,0.8125,-0.5020107650345739,-4,-0.5020107650345739,7,0.4866600147829591,1
mcd,4354_IriunWebcam_after,0.9763313609467456,6.886826094730461,0.16666666666666666,0.16666666666666666,-0.09724944177779016,-27,-0.1913266254020645,-14,0.12765151685585674,1
mcd,4354_IriunWebcam_before,0.8425720620842572,3.221605922966571,0.16666666666666666,0.2,0.24444711423678267,3,0.24444711423678267,3,0.24444711423678267,1
mcd,4356_FullHDwebcam_after,0.9763313609467456,9.407323868889359,1.0,1.0,-0.5747361440726629,8,0.585542654718827,8,0.585542654718827,1
mcd,4356_FullHDwebcam_before,0.9763313609467456,5.684356752273837,0.9444444444444444,0.9444444444444444,-0.637079333796345,-2,-0.637079333796345,7,0.5763833779656539,1
mcd,4356_IriunWebcam_after,0.9763313609467456,9.22149963795271,0.1111111111111111,0.1111111111111111,0.1084419502161109,28,-0.15861535432447346,17,0.13891990888693606,1
mcd,4356_IriunWebcam_before,0.9763313609467456,5.770793208671467,0.2222222222222222,0.2222222222222222,0.24180600738615265,2,0.24180600738615265,2,0.24180600738615265,1
mcd,4397_FullHDwebcam_after,0.9763313609467456,9.935035904283788,1.0,1.0,-0.5323568025908159,24,0.5792229212085972,24,0.5792229212085972,1
mcd,4397_FullHDwebcam_before,0.9763313609467456,8.881565118574718,0.7222222222222222,0.7222222222222222,-0.4865279277787234,18,-0.5035867976170622,7,0.4948247357692552,1
mcd,4397_IriunWebcam_after,0.9763313609467456,9.783447366856205,0.0,0.0,0.10914178725370491,1,0.10914178725370491,1,0.10914178725370491,1
mcd,4397_IriunWebcam_before,0.975609756097561,8.782829850153608,0.1111111111111111,0.1111111111111111,0.195963166096096,2,0.195963166096096,2,0.195963166096096,1
mcd,4397_USBVideo_after,0.9763313609467456,9.996935526415335,0.2222222222222222,0.2222222222222222,0.23714276113152996,16,0.280227998674705,16,0.280227998674705,1
mcd,4397_USBVideo_before,0.9763313609467456,8.784229712676531,0.16666666666666666,0.16666666666666666,0.14588138997038352,19,0.16315859366402127,19,0.16315859366402127,1
mcd,4404_FullHDwebcam_after,0.9763313609467456,8.049778694765159,0.8888888888888888,0.8888888888888888,-0.5750692364373143,7,0.5880211579642087,7,0.5880211579642087,1
mcd,4404_FullHDwebcam_before,0.9763313609467456,4.322358223837219,0.5555555555555556,0.5882352941176471,0.4020168612251751,19,-0.441631167571221,-20,0.4246599286156764,1
mcd,4404_IriunWebcam_after,0.975609756097561,8.071552862892535,0.16666666666666666,0.16666666666666666,0.21613473016790727,-20,0.24449054439102622,-20,0.24449054439102622,1
mcd,4404_IriunWebcam_before,0.9763313609467456,4.49846729082714,0.2222222222222222,0.23529411764705882,0.22284458256359502,4,0.22284458256359502,4,0.22284458256359502,1
mcd,4430_FullHDwebcam_after,0.8875739644970414,5.209568879818072,0.3888888888888889,0.3125,-0.3136087111784084,-16,0.32310998392638757,-16,0.32310998392638757,1
mcd,4430_FullHDwebcam_before,0.9763313609467456,6.570739516470866,0.7222222222222222,0.7647058823529411,-0.4990021023072844,-4,-0.4990021023072844,7,0.42493699704435944,1
mcd,4430_IriunWebcam_after,0.8869179600886918,5.472431979032592,0.5,0.5,0.26138102950072506,21,0.3149046967844968,21,0.3149046967844968,1
mcd,4430_IriunWebcam_before,0.975609756097561,6.593047964158416,0.1111111111111111,0.058823529411764705,0.1261986773009985,10,-0.13032447203982117,0,0.1261986773009985,1
mcd,4430_USBVideo_after,0.9312638580931264,5.464848000894039,0.5,0.47058823529411764,0.276531897617594,14,-0.3782867351453644,3,0.276531897617594,1
mcd,4430_USBVideo_before,0.9763313609467456,6.587822329258596,0.2222222222222222,0.17647058823529413,0.1368466668171269,-8,-0.1815034068828149,-20,0.1693319381021099,1
mcd,4434_FullHDwebcam_after,0.9763313609467456,5.420909544156766,0.5555555555555556,0.5555555555555556,-0.44715602363013063,6,0.47251843864685644,6,0.47251843864685644,1
mcd,4434_FullHDwebcam_before,0.9763313609467456,7.902622878880523,0.1111111111111111,0.1111111111111111,0.3053644564327792,5,0.332810315445497,5,0.332810315445497,1
mcd,4434_IriunWebcam_after,0.9763313609467456,5.3781123227095,0.1111111111111111,0.1111111111111111,0.020639697456429306,27,-0.05942951520531385,16,0.04952472858216537,1
mcd,4434_IriunWebcam_before,0.975609756097561,7.8955516872728975,0.16666666666666666,0.16666666666666666,0.03508954621247044,-23,0.08313886818291037,-23,0.08313886818291037,1
mcd,4434_USBVideo_after,0.9763313609467456,5.473037019133205,0.4444444444444444,0.4444444444444444,0.33177409530676594,18,0.34940355718281757,18,0.34940355718281757,1
mcd,4434_USBVideo_before,0.9763313609467456,7.8594283780413825,0.4444444444444444,0.4444444444444444,0.2979345041855009,-11,-0.30461480607468955,-20,0.30350592006109883,1
mcd,4440_FullHDwebcam_after,0.9763313609467456,9.346662311521913,0.3888888888888889,0.3888888888888889,-0.3648730609426522,-1,-0.3648730609426522,-10,0.2988394802908905,1
mcd,4440_FullHDwebcam_before,0.9763313609467456,9.356406514762643,0.8333333333333334,0.8333333333333334,-0.5237620742862262,-3,-0.5237620742862262,8,0.4022930840644073,1
mcd,4440_IriunWebcam_after,0.9763313609467456,9.532939870498021,0.0,0.0,-0.14167053774691846,-5,-0.14505239644600382,21,0.14486550865986866,1
mcd,4440_IriunWebcam_before,0.9763313609467456,9.607777232636057,0.7777777777777778,0.7777777777777778,0.41665685461505964,2,0.41665685461505964,2,0.41665685461505964,1
mcd,4440_USBVideo_after,0.975609756097561,9.405574814885322,0.1111111111111111,0.1111111111111111,0.13155383089286746,6,-0.153884784774305,16,0.15077389432483018,1
mcd,4440_USBVideo_before,0.9763313609467456,9.36794895270265,0.4444444444444444,0.4444444444444444,0.11310388119184875,-14,-0.1826399723344982,-24,0.11710846301372428,1
mcd,4448_FullHDwebcam_after,0.9763313609467456,7.132929506555371,1.0,1.0,-0.7702609661452476,-3,-0.7702609661452476,-19,0.676305223767451,1
mcd,4448_FullHDwebcam_before,0.9763313609467456,7.243549611511989,1.0,1.0,-0.8071958815805557,-3,-0.8071958815805557,-18,0.7022264932307101,1
mcd,4448_IriunWebcam_after,0.975609756097561,7.250724278584405,0.4444444444444444,0.4444444444444444,0.21805029536609832,-8,-0.30238693206790457,-23,0.2637547766010124,1
mcd,4448_IriunWebcam_before,0.975609756097561,7.317720816929297,0.6111111111111112,0.6111111111111112,0.1938648121409341,-11,-0.26111577240990225,-27,0.2332805779996058,1
mcd,4479_FullHDwebcam_after,0.9763313609467456,5.931176795398251,0.6111111111111112,0.6111111111111112,0.4611448364334984,5,0.46436226029744476,5,0.46436226029744476,1
mcd,4479_FullHDwebcam_before,0.9763313609467456,7.727172349936247,0.4444444444444444,0.4444444444444444,-0.267333011426358,6,0.28949183264394657,6,0.28949183264394657,1
mcd,4479_IriunWebcam_after,0.975609756097561,5.922037171576587,0.2222222222222222,0.2222222222222222,0.2048326870113688,-23,0.23724107642091305,-23,0.23724107642091305,1
mcd,4479_IriunWebcam_before,0.9763313609467456,7.766719926628126,0.16666666666666666,0.16666666666666666,0.12591933936233154,-11,-0.204843104033978,-22,0.14591639461028522,1
mcd,4479_USBVideo_after,0.9763313609467456,5.912682423880251,0.5,0.5,0.4530749160279056,0,0.4530749160279056,0,0.4530749160279056,1
mcd,4479_USBVideo_before,0.9763313609467456,7.796828975262844,0.6111111111111112,0.6111111111111112,0.3617301939657095,-10,-0.38583503080734305,-23,0.37776299451798306,1
mcd,4482_FullHDwebcam_after,0.9763313609467456,6.830595884530325,0.8888888888888888,0.8888888888888888,-0.6164882651045039,20,-0.6324698249318619,7,0.5563595846316115,1
mcd,4482_FullHDwebcam_before,0.9763313609467456,7.101184192533989,1.0,1.0,-0.5816656227798184,-4,-0.5816656227798184,-18,0.5195735599420411,1
mcd,4482_IriunWebcam_after,0.9763313609467456,6.670914724721998,0.1111111111111111,0.1111111111111111,0.16977422761440394,-14,-0.1717598569844904,1,0.16977422761440394,1
mcd,4482_IriunWebcam_before,0.975609756097561,7.222579265806031,0.3333333333333333,0.3333333333333333,-0.263004490742128,-5,-0.2861910124501811,5,0.25633705861574635,1
mcd,4482_USBVideo_before,0.9763313609467456,7.15851204449787,0.4444444444444444,0.4444444444444444,0.3184487191597865,-13,-0.34463485114305903,1,0.3184487191597865,1
mcd,4488_FullHDwebcam_after,0.9763313609467456,9.82362945687392,0.9444444444444444,0.9444444444444444,-0.5139760271057466,-2,-0.5139760271057466,7,0.4407242138804321,1
mcd,4488_FullHDwebcam_before,0.9763313609467456,7.681483753644283,0.5555555555555556,0.5555555555555556,-0.38369598143166184,19,-0.421507483252775,6,0.35626877327314466,1
mcd,4488_IriunWebcam_after,0.975609756097561,9.820168268159158,0.0,0.0,0.23446832232660694,4,0.23446832232660694,4,0.23446832232660694,1
mcd,4488_IriunWebcam_before,0.9770540340488527,7.297077226292938,0.16666666666666666,0.16666666666666666,-0.1732197659716865,-4,-0.1732197659716865,3,0.12864806886555583,1
mcd,4488_USBVideo_after,0.9763313609467456,9.560684604870545,0.1111111111111111,0.1111111111111111,0.2263941381280526,-23,0.27249051590807327,-23,0.27249051590807327,1
mcd,4488_USBVideo_before,0.9763313609467456,7.482791910200704,0.05555555555555555,0.05555555555555555,0.14308720848304637,-9,-0.1555542863852856,-1,0.14308720848304637,1
mcd,4493_FullHDwebcam_after,0.9763313609467456,5.850102990260532,0.2777777777777778,0.2777777777777778,-0.2692688403908974,22,-0.2697520465870392,13,0.23368824648057984,1
mcd,4493_FullHDwebcam_before,0.9763313609467456,5.517481654627293,0.3333333333333333,0.35294117647058826,-0.26168229594499853,21,-0.27919082541284596,9,0.23854059133097777,1
mcd,4493_IriunWebcam_after,0.9763313609467456,5.581585647428483,0.16666666666666666,0.16666666666666666,-0.21044385092537235,-5,-0.2140441769185019,5,0.19857035636626838,1
mcd,4493_IriunWebcam_before,0.9763313609467456,5.7615437514836065,0.16666666666666666,0.17647058823529413,0.16841185027680075,2,0.16841185027680075,2,0.16841185027680075,1
mcd,4493_USBVideo_after,0.9763313609467456,5.514922950183346,0.16666666666666666,0.16666666666666666,0.15442901796826317,11,-0.19520821274744218,0,0.15442901796826317,1
mcd,4493_USBVideo_before,0.9763313609467456,5.77240962210818,0.2222222222222222,0.23529411764705882,0.3079885311764047,-8,-0.3178511950309251,3,0.3079885311764047,1
mcd,4504_FullHDwebcam_after,0.9763313609467456,6.139804625996851,0.9444444444444444,0.9444444444444444,-0.5451448888618141,-4,-0.5451448888618141,5,0.5410824623904688,1
mcd,4504_FullHDwebcam_before,0.9763313609467456,3.0747957728710347,0.8333333333333334,0.8823529411764706,-0.7112853872004568,-4,-0.7112853872004568,6,0.6715492393683784,1
mcd,4504_IriunWebcam_after,0.975609756097561,6.119114013073158,0.0,0.0,0.07580782874419081,26,-0.15077199291230287,17,0.09208338539690979,1
mcd,4504_IriunWebcam_before,0.975609756097561,2.9009425669123727,0.2222222222222222,0.23529411764705882,-0.04571007090482632,-19,0.10490315221854468,-19,0.10490315221854468,1
mcd,4519_FullHDwebcam_after,0.9763313609467456,9.21016693973516,0.6111111111111112,0.6111111111111112,-0.36916121561158566,19,-0.3799209273825585,6,0.34084228998323146,1
mcd,4519_FullHDwebcam_before,0.9763313609467456,7.608679559221444,0.8333333333333334,0.8333333333333334,-0.47955531349601654,-2,-0.47955531349601654,9,0.39070082764756164,1
mcd,4519_IriunWebcam_after,0.975609756097561,9.449286641999464,0.2777777777777778,0.2777777777777778,0.3131238785757742,-7,-0.3319239330891029,2,0.3131238785757742,1
mcd,4519_IriunWebcam_before,0.9763313609467456,7.870988261058747,0.4444444444444444,0.4444444444444444,0.26056192105957116,-21,0.2828361290096167,-21,0.2828361290096167,1
mcd,4519_USBVideo_after,0.9763313609467456,9.56507011716148,0.0,0.0,0.18848611902779355,6,-0.23443153252060225,-24,0.19569143612486675,1
mcd,4519_USBVideo_before,0.975609756097561,7.617672898317331,0.7222222222222222,0.7222222222222222,0.29181832440968314,12,-0.3526879009616393,-1,0.29181832440968314,1
mcd,4532_FullHDwebcam_after,0.9763313609467456,8.404673481375186,0.6666666666666666,0.6666666666666666,-0.4696150173622238,-5,-0.4868361091642134,-18,0.4189356794540933,1
mcd,4532_FullHDwebcam_before,0.9763313609467456,7.885961972264684,0.7222222222222222,0.7222222222222222,-0.4408453816959136,7,0.453286321111927,7,0.453286321111927,1
mcd,4532_IriunWebcam_after,0.9770540340488527,8.267411871488187,0.4444444444444444,0.4444444444444444,0.2930409570710842,-23,0.3049585549100333,-23,0.3049585549100333,1
mcd,4532_IriunWebcam_before,0.9763313609467456,7.996863607879943,0.6111111111111112,0.6111111111111112,0.31278058545254533,17,-0.33454486266240163,4,0.31278058545254533,1
mcd,4532_USBVideo_after,0.975609756097561,8.317148216855305,0.7222222222222222,0.7222222222222222,0.45511770563650866,-4,0.45511770563650866,-4,0.45511770563650866,1
mcd,4532_USBVideo_before,0.9763313609467456,8.079301132271754,0.3888888888888889,0.3888888888888889,0.17563407133598122,8,-0.245525826058299,20,0.2082095502107193,1
mcd,4546_FullHDwebcam_after,0.9763313609467456,8.401612403879215,1.0,1.0,-0.6862099905908676,-2,-0.6862099905908676,6,0.6689839481105491,1
mcd,4546_FullHDwebcam_before,0.9763313609467456,3.702101129610849,0.9444444444444444,1.0,-0.7120817676870397,-3,-0.7120817676870397,8,0.5956080339105406,1
mcd,4546_IriunWebcam_after,0.975609756097561,8.448138803928604,0.05555555555555555,0.05555555555555555,0.11836821551390006,30,-0.15145655955271023,21,0.14773190418386623,1
mcd,4546_IriunWebcam_before,0.975609756097561,3.716072207728809,0.3888888888888889,0.42857142857142855,0.20069732842729748,-28,0.22220428767888514,-28,0.22220428767888514,1
mcd,4551_FullHDwebcam_after,0.8431952662721893,3.298680895875329,0.6111111111111112,0.5714285714285714,-0.5359510595348826,-5,-0.5693096700932182,5,0.5371377726414703,1
mcd,4551_FullHDwebcam_before,0.9763313609467456,9.219191015957,1.0,1.0,-0.6190773900711114,-5,-0.6375536410996392,6,0.5847448366220974,1
mcd,4551_IriunWebcam_after,0.9763313609467456,3.2738017844088416,0.2222222222222222,0.2,0.30793405720974804,15,-0.3114004637922243,1,0.30793405720974804,1
mcd,4551_IriunWebcam_before,0.975609756097561,9.154800712691298,0.05555555555555555,0.05555555555555555,-0.09364577100065322,-7,-0.15728591477796716,-21,0.11078883313648678,1
mcd,4551_USBVideo_after,0.8431952662721893,3.1389548280614123,0.3888888888888889,0.42857142857142855,0.3545750218543111,-2,0.3545750218543111,-2,0.3545750218543111,1
mcd,4557_FullHDwebcam_after,0.9763313609467456,9.324015827416707,0.1111111111111111,0.1111111111111111,-0.3614879933765107,-1,-0.3614879933765107,9,0.30973935108038214,1
mcd,4557_FullHDwebcam_before,0.9763313609467456,8.77840481276628,0.5555555555555556,0.5555555555555556,-0.26559013478742743,28,0.2880435253411327,28,0.2880435253411327,1
mcd,4557_IriunWebcam_after,0.975609756097561,9.423548652253686,0.2222222222222222,0.2222222222222222,-0.15197123940876756,-18,-0.16710011825357213,-9,0.13399989684759286,1
mcd,4557_IriunWebcam_before,0.975609756097561,8.629416911064027,0.4444444444444444,0.4444444444444444,0.22895656508373746,27,0.24221189851249791,27,0.24221189851249791,1
mcd,4571_FullHDwebcam_after,0.9763313609467456,6.886704667740491,1.0,1.0,-0.5662482293271409,8,0.5828654276473673,8,0.5828654276473673,1
mcd,4571_FullHDwebcam_before,0.8431952662721893,3.449851682562941,0.3333333333333333,0.4,-0.35657440325115913,-3,-0.35657440325115913,-15,0.27010848214203714,1
mcd,4571_IriunWebcam_after,0.9763313609467456,6.787020254848597,0.2222222222222222,0.2222222222222222,0.15664569168461806,4,0.15664569168461806,4,0.15664569168461806,1
mcd,4571_IriunWebcam_before,0.8425720620842572,3.5048304209978522,0.4444444444444444,0.5333333333333333,0.30685237741014176,4,0.30685237741014176,4,0.30685237741014176,1
mcd,4577_FullHDwebcam_after,0.9763313609467456,8.552522531283081,0.2777777777777778,0.2777777777777778,0.24178513278060876,6,0.2987322372523947,6,0.2987322372523947,1
mcd,4577_FullHDwebcam_before,0.9763313609467456,10.109567659492999,0.3888888888888889,0.3888888888888889,-0.3911381521048737,-16,0.39465659050066454,-16,0.39465659050066454,1
mcd,4577_IriunWebcam_after,0.9763313609467456,8.471244770426438,0.0,0.0,0.09261391764979653,-7,-0.12527526460838884,-19,0.11105405672598208,1
mcd,4577_IriunWebcam_before,0.975609756097561,9.89091650138334,0.3333333333333333,0.3333333333333333,0.276280755954283,2,0.276280755954283,2,0.276280755954283,1
mcd,4577_USBVideo_after,0.9763313609467456,8.603603190408968,0.2777777777777778,0.2777777777777778,0.2188555534563274,29,-0.23346657887336958,-4,0.2188555534563274,1
mcd,4577_USBVideo_before,0.9763313609467456,10.1172907909827,0.16666666666666666,0.16666666666666666,0.2137344423521411,8,-0.2495165691593601,-5,0.21575517244430295,1
mcd,4610_FullHDwebcam_after,0.9763313609467456,9.590374466949157,1.0,1.0,-0.604233572860199,-2,-0.604233572860199,-11,0.5816201916112286,1
mcd,4610_FullHDwebcam_before,0.8431952662721893,1.0502260473705165,0.6666666666666666,0.7857142857142857,-0.49364616876932604,-2,-0.49364616876932604,-11,0.42271212200046426,1
mcd,4610_IriunWebcam_after,0.975609756097561,9.441079764108748,0.16666666666666666,0.16666666666666666,0.29409592067246054,3,0.29409592067246054,3,0.29409592067246054,1
mcd,4610_IriunWebcam_before,0.8425720620842572,1.091371372610098,0.2222222222222222,0.21428571428571427,-0.1648309229127794,-15,0.22892046437770927,-15,0.22892046437770927,1
mcd,4610_USBVideo_after,0.9763313609467456,9.495985754321731,0.16666666666666666,0.16666666666666666,0.20479979787019842,15,0.23227878613913272,15,0.23227878613913272,1
mcd,4610_USBVideo_before,0.8431952662721893,1.1058252446435475,0.05555555555555555,0.07142857142857142,0.10559648566110096,27,-0.2628199565014096,19,0.20086261973608022,1
mcd,4617_FullHDwebcam_after,0.9763313609467456,5.653074997882426,0.6111111111111112,0.6111111111111112,-0.42207441014660374,-2,-0.42207441014660374,6,0.4088830976777212,1
mcd,4617_FullHDwebcam_before,0.9763313609467456,7.9526827158017905,0.7777777777777778,0.7777777777777778,-0.4333492395282732,6,0.4397216668829377,6,0.4397216668829377,1
mcd,4617_IriunWebcam_after,0.9763313609467456,5.550825859409532,0.3333333333333333,0.3333333333333333,0.336117562826921,12,-0.3381397469862593,3,0.336117562826921,1
mcd,4617_IriunWebcam_before,0.975609756097561,7.990892370317888,0.4444444444444444,0.4444444444444444,0.3991912932462521,1,0.3991912932462521,1,0.3991912932462521,1
mcd,4617_USBVideo_after,0.9763313609467456,5.836209631565833,0.0,0.0,0.15684654829771005,-22,0.19199482339669993,-22,0.19199482339669993,1
mcd,4617_USBVideo_before,0.9763313609467456,8.058387687548079,0.1111111111111111,0.1111111111111111,0.27525533852365663,-4,0.27525533852365663,-4,0.27525533852365663,1
mcd,4639_FullHDwebcam_after,0.9319526627218935,6.5204958950175005,0.7222222222222222,0.7058823529411765,-0.4451478733392689,-2,-0.4451478733392689,6,0.4283518559370236,1
mcd,4639_FullHDwebcam_before,0.9763313609467456,7.504130715017945,0.5,0.5,-0.4005529080767394,-2,-0.4005529080767394,28,0.3514825976237421,1
mcd,4639_IriunWebcam_after,0.9319526627218935,6.500680913678513,0.0,0.0,0.009839056089277157,-30,-0.0502695228007632,-18,0.050140525850335946,1
mcd,4639_IriunWebcam_before,0.9763313609467456,7.351382749807307,0.3888888888888889,0.3888888888888889,-0.34468227179472294,-3,-0.34468227179472294,-13,0.3176258610914396,1
mcd,4646_FullHDwebcam_after,0.9763313609467456,3.8624060115856076,0.6111111111111112,0.7333333333333333,-0.6035806424954108,-2,-0.6035806424954108,-13,0.4899006926526182,1
mcd,4646_FullHDwebcam_before,0.9763313609467456,3.651599767085642,0.8888888888888888,0.9375,-0.5728091828136584,0,-0.5728091828136584,12,0.47640602947992117,1
mcd,4646_IriunWebcam_after,0.975609756097561,3.7058467478893853,0.4444444444444444,0.5333333333333333,0.3096494531247292,1,0.3096494531247292,1,0.3096494531247292,1
mcd,4646_IriunWebcam_before,0.9763313609467456,3.6303969877798736,0.4444444444444444,0.47058823529411764,0.46913632774795144,6,0.5172023546904438,6,0.5172023546904438,1
mcd,4646_USBVideo_after,0.9763313609467456,4.004372250483818,0.4444444444444444,0.5333333333333333,0.3428158616336197,-2,0.3428158616336197,-2,0.3428158616336197,1
mcd,4646_USBVideo_before,0.9763313609467456,3.548520484831926,0.5555555555555556,0.5882352941176471,0.36666790875211314,-10,-0.4489441682673244,-24,0.4262090747866578,1
mcd,4685_FullHDwebcam_after,0.8875739644970414,5.08183379448631,0.7222222222222222,0.7333333333333333,-0.6089643545575403,-5,-0.6107952130264453,6,0.5450814517429867,1
mcd,4685_FullHDwebcam_before,0.9763313609467456,5.793670266474859,0.2222222222222222,0.2222222222222222,0.34893189071128683,5,0.3620694523193773,5,0.3620694523193773,1
mcd,4685_IriunWebcam_after,0.8875739644970414,5.113779906347704,0.3333333333333333,0.35714285714285715,0.15205354935026968,29,0.18622051624609065,29,0.18622051624609065,1
mcd,4685_IriunWebcam_before,0.9763313609467456,5.61020949975032,0.4444444444444444,0.47058823529411764,0.14196130247463604,24,0.19669613567015412,24,0.19669613567015412,1
mcd,4691_FullHDwebcam_after,0.9763313609467456,8.947175933795219,0.7222222222222222,0.7222222222222222,-0.41833971076209814,-3,-0.41833971076209814,5,0.41059873883642817,1
mcd,4691_FullHDwebcam_before,0.9763313609467456,9.313267320433305,0.3333333333333333,0.3333333333333333,0.12906904829167118,29,-0.1617626765924147,21,0.14540177121711986,1
mcd,4691_IriunWebcam_after,0.9770540340488527,9.041951236539667,0.05555555555555555,0.05555555555555555,0.1929165667679898,-24,-0.22815495900635588,-15,0.22492008139854153,1
mcd,4691_IriunWebcam_before,0.975609756097561,9.064094317453408,0.0,0.0,0.12489374510137802,-30,0.16924710938590298,-30,0.16924710938590298,1
mcd,4691_USBVideo_after,0.975609756097561,8.901122625791155,0.0,0.0,0.14583067337592534,-9,-0.1739455441226817,0,0.14583067337592534,1
mcd,4698_FullHDwebcam_after,0.9763313609467456,5.843377604676789,0.9444444444444444,0.9444444444444444,-0.7655457334009867,-3,-0.7655457334009867,7,0.6702541420761322,1
mcd,4698_FullHDwebcam_before,0.9763313609467456,1.5390418195137952,0.9444444444444444,1.0,-0.562357054432556,-4,-0.562357054432556,7,0.5325888880730305,1
mcd,4698_IriunWebcam_after,0.975609756097561,5.797262508173645,0.4444444444444444,0.4444444444444444,0.14427309586622009,22,0.2039122342305063,22,0.2039122342305063,1
mcd,4698_IriunWebcam_before,0.975609756097561,1.5146707347779247,0.3333333333333333,0.375,0.18164579687654223,18,-0.24534416304828924,-21,0.22664924544160484,1
mcd,4704_FullHDwebcam_after,0.9763313609467456,10.26232595338472,1.0,1.0,-0.7208165321349844,-4,-0.7208165321349844,7,0.6809571293780842,1
mcd,4704_FullHDwebcam_before,0.9763313609467456,9.813685166372718,1.0,1.0,-0.764494721065418,-4,-0.764494721065418,6,0.6655557840465282,1
mcd,4704_IriunWebcam_after,0.9763313609467456,10.300926736455208,0.2777777777777778,0.2777777777777778,0.23945861885129238,15,-0.2584384919397235,1,0.23945861885129238,1
mcd,4704_IriunWebcam_before,0.975609756097561,9.809364303823314,0.4444444444444444,0.4444444444444444,0.26643459504644856,22,0.2926383791788205,22,0.2926383791788205,1
mcd,4718_FullHDwebcam_after,0.9763313609467456,9.707295118919152,1.0,1.0,-0.6739773732912885,-2,-0.6739773732912885,7,0.6620103213122681,1
mcd,4718_FullHDwebcam_before,0.9763313609467456,8.132936180860188,0.7222222222222222,0.7222222222222222,-0.4569709261773363,-2,-0.4569709261773363,6,0.4540871620732021,1
mcd,4718_IriunWebcam_after,0.975609756097561,9.549852947546569,0.16666666666666666,0.16666666666666666,0.25357646134647505,1,0.25357646134647505,1,0.25357646134647505,1
mcd,4718_IriunWebcam_before,0.975609756097561,8.146965701708623,0.0,0.0,0.28027837130733063,3,0.28027837130733063,3,0.28027837130733063,1
mcd,4718_USBVideo_after,0.9763313609467456,9.475560376906587,0.05555555555555555,0.05555555555555555,0.30962510554695377,-23,0.3402538379309733,-23,0.3402538379309733,1
mcd,4718_USBVideo_before,0.9763313609467456,8.490301714221733,0.2777777777777778,0.2777777777777778,0.20755704232846475,-19,0.23437645220310432,-19,0.23437645220310432,1
mcd,4724_FullHDwebcam_after,0.9763313609467456,6.960827116578802,0.7222222222222222,0.7222222222222222,-0.5548712991106547,-14,0.5591141736438137,-14,0.5591141736438137,1
mcd,4724_FullHDwebcam_before,0.9763313609467456,6.549559992911915,0.5555555555555556,0.5882352941176471,-0.41019316825342184,6,0.4341853879400985,6,0.4341853879400985,1
mcd,4724_IriunWebcam_after,0.9763313609467456,7.005237234487607,0.1111111111111111,0.1111111111111111,0.23810133995776023,-17,0.2806430982241778,-17,0.2806430982241778,1
mcd,4724_IriunWebcam_before,0.9763313609467456,6.49752837380519,0.05555555555555555,0.058823529411764705,0.18156485193037913,-17,0.21558800371205245,-17,0.21558800371205245,1
mcd,4724_USBVideo_before,0.9763313609467456,6.445149388054346,0.05555555555555555,0.058823529411764705,0.21849480615208852,0,0.21849480615208852,0,0.21849480615208852,1
mcd,4731_FullHDwebcam_after,0.9763313609467456,7.158599776425181,1.0,1.0,-0.6109068140812117,-3,-0.6109068140812117,-19,0.593370435868969,1
mcd,4731_FullHDwebcam_before,0.9763313609467456,6.592168891752978,1.0,1.0,-0.6849985688940622,-5,-0.6930476789887935,8,0.6889436631251017,1
mcd,4731_IriunWebcam_after,0.9770540340488527,7.18040705716711,0.5555555555555556,0.5555555555555556,0.26230986288912955,-9,-0.28652323420382025,5,0.264964563475764,1
mcd,4731_IriunWebcam_before,0.975609756097561,6.636592041978373,0.16666666666666666,0.16666666666666666,0.1739362196623524,14,-0.19942215807434036,0,0.1739362196623524,1
mcd,4754_FullHDwebcam_after,0.9763313609467456,6.583360391016242,0.6666666666666666,0.6666666666666666,-0.4097265651457705,-16,0.42772373340731107,-16,0.42772373340731107,1
mcd,4754_FullHDwebcam_before,0.9763313609467456,7.848787687259062,0.3888888888888889,0.3888888888888889,-0.3446493330451253,18,-0.35820429366405976,7,0.31192925012498335,1
mcd,4754_IriunWebcam_after,0.975609756097561,6.693342580113002,0.2777777777777778,0.2777777777777778,0.20540309450266248,27,0.2362829596758933,27,0.2362829596758933,1
mcd,4754_IriunWebcam_before,0.975609756097561,8.089682047701125,0.1111111111111111,0.1111111111111111,0.19236888726717968,-1,0.19236888726717968,-1,0.19236888726717968,1
mcd,4784_FullHDwebcam_after,0.9763313609467456,9.070792639339263,0.5555555555555556,0.5555555555555556,-0.3861953693016488,-14,0.4028376232921487,-14,0.4028376232921487,1
mcd,4784_FullHDwebcam_before,0.9763313609467456,7.421507560014215,0.4444444444444444,0.4444444444444444,0.2620523837415133,6,0.3366600620840765,6,0.3366600620840765,1
mcd,4784_IriunWebcam_after,0.975609756097561,9.144226910557546,0.2222222222222222,0.2222222222222222,0.1782032211384817,22,0.20920263478716683,22,0.20920263478716683,1
mcd,4784_IriunWebcam_before,0.975609756097561,7.379790985427894,0.0,0.0,0.10047547185217014,25,0.1635303211135153,25,0.1635303211135153,1
mcd,4784_USBVideo_after,0.9763313609467456,9.021258890945685,0.2222222222222222,0.2222222222222222,0.30833379486892637,1,0.30833379486892637,1,0.30833379486892637,1
mcd,4784_USBVideo_before,0.9763313609467456,7.478637887842006,0.2222222222222222,0.2222222222222222,0.3454183757703137,-1,0.3454183757703137,-1,0.3454183757703137,1
mcd,4815_FullHDwebcam_after,0.9763313609467456,7.798854707193142,0.3888888888888889,0.3888888888888889,-0.32273014462038146,6,0.3662032108104959,6,0.3662032108104959,1
mcd,4815_FullHDwebcam_before,0.9763313609467456,6.534881432400669,0.3888888888888889,0.4117647058823529,-0.5347566345932707,-1,-0.5347566345932707,6,0.44812959872886665,1
mcd,4815_IriunWebcam_after,0.975609756097561,7.672931855524316,0.16666666666666666,0.16666666666666666,-0.23741684177874456,-5,-0.26201005784777653,-15,0.22446828571494834,1
mcd,4815_IriunWebcam_before,0.975609756097561,6.660679905168012,0.6111111111111112,0.6470588235294118,0.4213419705155259,-7,-0.47917197987888105,4,0.4213419705155259,1
mcd,4815_USBVideo_after,0.9763313609467456,7.676207846118318,0.0,0.0,-0.061483655666060746,-24,0.17547623032787796,-24,0.17547623032787796,1
mcd,4815_USBVideo_before,0.9763313609467456,6.678256535995487,0.4444444444444444,0.47058823529411764,0.33140550422306336,1,0.33140550422306336,1,0.33140550422306336,1
mcd,4822_FullHDwebcam_after,0.9763313609467456,6.206392766770008,0.6111111111111112,0.6111111111111112,-0.4853874538103193,-1,-0.4853874538103193,-12,0.29574315225010267,1
mcd,4822_FullHDwebcam_before,0.26627218934911245,-1.1053385866765815,0.5555555555555556,1.0,-0.3228357394640746,1,-0.3228357394640746,-11,0.30669226586336207,0
mcd,4822_IriunWebcam_after,0.9763313609467456,5.96001930474516,0.3888888888888889,0.3888888888888889,0.28388655727664164,2,0.28388655727664164,2,0.28388655727664164,1
mcd,4822_IriunWebcam_before,0.2660753880266075,-1.1096483176113687,0.2777777777777778,0.0,-0.1697364066551762,5,0.1759567912918917,5,0.1759567912918917,0
mcd,4822_USBVideo_after,0.9763313609467456,6.146829890266087,0.2777777777777778,0.2777777777777778,0.33714648266615044,-3,0.33714648266615044,-3,0.33714648266615044,1
mcd,4822_USBVideo_before,0.26627218934911245,-1.2688928488489863,0.1111111111111111,0.0,0.26532666300604296,21,0.33430771577335033,21,0.33430771577335033,0
mcd,4844_FullHDwebcam_after,0.9763313609467456,6.684228031714878,0.9444444444444444,0.9444444444444444,-0.5965220144663193,-4,-0.5965220144663193,5,0.5884015847189865,1
mcd,4844_FullHDwebcam_before,0.9319526627218935,0.5619368916659528,0.7222222222222222,0.8571428571428571,-0.7270102618740861,-4,-0.7270102618740861,8,0.6773207956966792,1
mcd,4844_IriunWebcam_after,0.9763313609467456,6.548216001475073,0.0,0.0,0.1544581398311648,11,-0.18495233418041584,-19,0.16288362822358715,1
mcd,4844_IriunWebcam_before,0.9312638580931264,0.7206924959576867,0.2222222222222222,0.2857142857142857,0.29237475420818765,17,-0.3062459134260977,4,0.29237475420818765,1
mcd,4874_FullHDwebcam_after,0.9763313609467456,5.503492543812587,0.5555555555555556,0.5555555555555556,-0.4516945697766038,-14,0.46836532408439,-14,0.46836532408439,1
mcd,4874_FullHDwebcam_before,0.9763313609467456,4.753240362921888,0.2222222222222222,0.2222222222222222,-0.32219782592121393,-1,-0.32219782592121393,8,0.287583602508535,1
mcd,4874_IriunWebcam_after,0.9763313609467456,5.391905839462711,0.05555555555555555,0.05555555555555555,-0.21247156697261005,-5,-0.2384627204178998,-16,0.23370435300119494,1
mcd,4874_IriunWebcam_before,0.975609756097561,4.627251952827345,0.2777777777777778,0.2777777777777778,0.08966777068926331,17,0.1240783035447748,17,0.1240783035447748,1
mcd,4892_FullHDwebcam_after,0.9763313609467456,8.134706017543769,0.3333333333333333,0.3333333333333333,-0.34792850644018886,-3,-0.34792850644018886,7,0.2982422733678728,1
mcd,4892_FullHDwebcam_before,0.9763313609467456,7.298043192445023,0.16666666666666666,0.16666666666666666,0.27547138896418827,5,0.2980934018244961,5,0.2980934018244961,1
mcd,4892_IriunWebcam_after,0.975609756097561,8.40063530304764,0.2222222222222222,0.2222222222222222,0.21537306549929,4,0.21537306549929,4,0.21537306549929,1
mcd,4892_IriunWebcam_before,0.975609756097561,7.397965710833545,0.3333333333333333,0.3333333333333333,0.25771442360131763,4,0.25771442360131763,4,0.25771442360131763,1
mcd,4892_USBVideo_before,0.975609756097561,7.533666443598358,0.05555555555555555,0.05555555555555555,0.07849550889277805,14,-0.1339568833991501,23,0.09286447747797866,1
mcd,4902_FullHDwebcam_after,0.9763313609467456,7.7914782773917395,0.5555555555555556,0.5555555555555556,-0.35886589646316513,-4,-0.35886589646316513,6,0.3026643977192233,1
mcd,4902_FullHDwebcam_before,0.9763313609467456,9.449949888038422,0.8333333333333334,0.8333333333333334,-0.4477767343092126,-15,0.48888953153712,-15,0.48888953153712,1
mcd,4902_IriunWebcam_after,0.975609756097561,7.842200575660508,0.2222222222222222,0.2222222222222222,0.11439862492254642,-6,0.1438299172342037,-6,0.1438299172342037,1
mcd,4902_IriunWebcam_before,0.975609756097561,9.476476202612824,0.05555555555555555,0.05555555555555555,-0.0481229820572303,-15,0.07125986448474339,-15,0.07125986448474339,1
mcd,4909_FullHDwebcam_after,0.9763313609467456,9.689368443245435,0.4444444444444444,0.4444444444444444,-0.32633873983408135,-2,-0.32633873983408135,-12,0.3149960340077681,1
mcd,4909_FullHDwebcam_before,0.9763313609467456,6.690606417625842,0.4444444444444444,0.47058823529411764,0.405160878118852,5,0.41421619962026723,5,0.41421619962026723,1
mcd,4909_IriunWebcam_before,0.975609756097561,6.644730822027402,0.1111111111111111,0.11764705882352941,0.08279384687817469,25,-0.1320987207960127,17,0.11875870293708603,1
mcd,4909_USBVideo_after,0.9763313609467456,9.54215597758521,0.3333333333333333,0.3333333333333333,0.1869531805445726,-18,0.1876236578058324,-18,0.1876236578058324,1
mcd,4929_FullHDwebcam_after,0.9763313609467456,7.8630426701153535,1.0,1.0,-0.6313712023613506,-3,-0.6313712023613506,6,0.5698354957362922,1
mcd,4929_FullHDwebcam_before,0.9763313609467456,7.94464743856974,1.0,1.0,-0.6763889149030842,-3,-0.6763889149030842,-16,0.6060116362164271,1
mcd,4929_IriunWebcam_after,0.975609756097561,7.838699260527099,0.7222222222222222,0.7647058823529411,0.40112097397723623,3,0.40112097397723623,3,0.40112097397723623,1
mcd,4929_IriunWebcam_before,0.9770540340488527,7.805883123924409,0.6666666666666666,0.6666666666666666,0.3749894945503012,16,-0.41300103760854884,3,0.3749894945503012,1
mcd,4929_USBVideo_after,0.9763313609467456,7.910833837874982,0.16666666666666666,0.17647058823529413,0.3433830206331508,-3,0.3433830206331508,-3,0.3433830206331508,1
mcd,4929_USBVideo_before,0.9763313609467456,7.9471301334992805,0.3333333333333333,0.3333333333333333,0.2584771666585234,10,-0.3287670606914923,1,0.2584771666585234,1
mcd,4932_FullHDwebcam_after,0.9763313609467456,7.338081527755946,0.6666666666666666,0.6666666666666666,0.467951132944377,3,0.467951132944377,3,0.467951132944377,1
mcd,4932_FullHDwebcam_before,0.9763313609467456,6.233185305529705,0.8888888888888888,0.8888888888888888,0.5411408577714859,4,0.5411408577714859,4,0.5411408577714859,1
mcd,4932_IriunWebcam_after,0.975609756097561,7.386331015465917,0.16666666666666666,0.16666666666666666,0.23573309133047543,-1,0.23573309133047543,-1,0.23573309133047543,1
mcd,4932_IriunWebcam_before,0.9763313609467456,6.1408755215367945,0.16666666666666666,0.16666666666666666,0.19556184526208975,-18,0.2271993444011664,-18,0.2271993444011664,1
mcd,4936_FullHDwebcam_after,0.9763313609467456,9.272038531910871,0.6666666666666666,0.6666666666666666,-0.5394496066390033,-3,-0.5394496066390033,-20,0.4690761592681755,1
mcd,4936_FullHDwebcam_before,0.9763313609467456,9.731195599066305,1.0,1.0,-0.636039103494709,-2,-0.636039103494709,12,0.5137188214821902,1
mcd,4936_IriunWebcam_after,0.975609756097561,9.333119198314792,0.8888888888888888,0.8888888888888888,0.3709532797309251,-8,-0.5503439134376541,-24,0.4630657781576345,1
mcd,4936_IriunWebcam_before,0.975609756097561,9.755193529096037,0.9444444444444444,0.9444444444444444,0.47753241698163584,23,-0.5329288878534238,5,0.4901181625326158,1
mcd,4936_USBVideo_after,0.9763313609467456,9.24309396489655,0.6111111111111112,0.6111111111111112,0.2916983644581482,-13,-0.3031586812385265,3,0.2916983644581482,1
mcd,4936_USBVideo_before,0.9763313609467456,9.738963794212776,0.5,0.5,0.38042527540238613,18,-0.3978624255912778,4,0.38042527540238613,1
mcd,4937_FullHDwebcam_after,0.9763313609467456,11.055389269813574,1.0,1.0,-0.6196666324680482,-13,0.6399484682992381,-13,0.6399484682992381,1
mcd,4937_FullHDwebcam_before,0.9763313609467456,7.887004248624618,0.8333333333333334,0.8333333333333334,-0.546976880188551,7,0.5536286238039161,7,0.5536286238039161,1
mcd,4937_IriunWebcam_after,0.975609756097561,10.87920784665014,0.1111111111111111,0.1111111111111111,0.04671645732307812,13,-0.09550089867928209,6,0.09059681510649824,1
mcd,4937_IriunWebcam_before,0.975609756097561,8.054749623503486,0.2222222222222222,0.2222222222222222,-0.10881983545776569,-30,-0.13927674401035803,-20,0.10957767605686503,1
mcd,4952_FullHDwebcam_after,0.7100591715976331,0.8420270432820207,0.16666666666666666,0.0,-0.04244494802826166,27,-0.06561309903232457,-26,0.05289405707714873,1
mcd,4952_FullHDwebcam_before,0.7988165680473372,2.556668613019543,0.0,0.0,-0.029449910642616702,22,0.1180418288940127,22,0.1180418288940127,1
mcd,4952_IriunWebcam_after,0.7095343680709535,0.6982526331937531,0.0,0.0,-0.03683779207376039,-24,0.0855245134352603,-24,0.0855245134352603,1
mcd,4952_IriunWebcam_before,0.975609756097561,2.4443265169759503,0.0,0.0,-0.07637490022179029,26,-0.10372765233689749,12,0.09556330804461627,1
mcd,4952_USBVideo_before,0.975609756097561,2.4443265169759503,0.1111111111111111,0.13333333333333333,0.1315866735444172,15,-0.18300287239043522,30,0.15968860835378884,1
mcd,4968_FullHDwebcam_after,0.9763313609467456,8.301308972357731,0.8333333333333334,0.8333333333333334,-0.533230161001146,-4,-0.533230161001146,6,0.5273946763785196,1
mcd,4968_FullHDwebcam_before,0.8431952662721893,5.223577021713886,0.5555555555555556,0.6666666666666666,-0.3683324303440447,16,-0.37547164628729984,6,0.358381568930885,1
mcd,4968_IriunWebcam_after,0.975609756097561,8.332389684470598,0.2777777777777778,0.2777777777777778,0.11903470215414995,13,-0.15117712131929112,22,0.13796167237579782,1
mcd,4968_IriunWebcam_before,0.8431952662721893,5.210564205341592,0.3333333333333333,0.4,0.11813280877387344,-17,0.22419735648183592,-17,0.22419735648183592,1
mcd,5003_FullHDwebcam_after,0.9763313609467456,6.049173379416502,0.4444444444444444,0.4117647058823529,-0.3726188787230713,-3,-0.3726188787230713,9,0.3537060465391322,1
mcd,5003_FullHDwebcam_before,0.9763313609467456,4.6310956391142675,0.3333333333333333,0.375,-0.32657587332780513,-3,-0.32657587332780513,-15,0.28765410210156506,1
mcd,5003_IriunWebcam_after,0.9763313609467456,5.937737180651092,0.05555555555555555,0.058823529411764705,0.01704461065054618,-30,-0.08283862576438689,-19,0.07327868471657817,1
mcd,5003_IriunWebcam_before,0.975609756097561,4.597558719764536,0.2777777777777778,0.29411764705882354,0.21769594171670908,7,-0.228899737369864,19,0.22045621843645308,1
mcd,5003_USBVideo_after,0.975609756097561,6.04426087271805,0.2222222222222222,0.23529411764705882,0.27321042465612155,1,0.27321042465612155,1,0.27321042465612155,1
mcd,5003_USBVideo_before,0.9763313609467456,4.8071558464812405,0.2777777777777778,0.29411764705882354,0.3033037192185933,-30,-0.320675484705007,-21,0.3085194820565878,1
mcd,5031_FullHDwebcam_after,0.9763313609467456,6.550495702412795,0.8888888888888888,0.8888888888888888,-0.665109732499322,-3,-0.665109732499322,6,0.6512349884061713,1
mcd,5031_FullHDwebcam_before,0.9763313609467456,7.47488679313759,0.8888888888888888,0.8888888888888888,-0.6339447231259633,-3,-0.6339447231259633,7,0.5554140125604332,1
mcd,5031_IriunWebcam_after,0.975609756097561,6.5916915441453785,0.2777777777777778,0.2777777777777778,0.14686827797074375,0,0.14686827797074375,0,0.14686827797074375,1
mcd,5031_IriunWebcam_before,0.9763313609467456,7.322607442094927,0.5,0.5,0.28356559435765255,-6,-0.32004490101515926,24,0.28977671661472193,1
mcd,5031_USBVideo_before,0.9763313609467456,7.371419602481497,0.3333333333333333,0.3333333333333333,0.4377626695459945,10,-0.4444268324078585,-1,0.4377626695459945,1
mcd,5044_FullHDwebcam_after,0.9763313609467456,8.909803045235364,0.8888888888888888,0.8888888888888888,0.556293303335683,5,0.611108276374265,5,0.611108276374265,1
mcd,5044_FullHDwebcam_before,0.9763313609467456,4.997758647029528,0.8888888888888888,0.8888888888888888,-0.5753754015377224,5,0.5982156878615761,5,0.5982156878615761,1
mcd,5044_IriunWebcam_after,0.9763313609467456,8.885130586428287,0.3333333333333333,0.3333333333333333,0.32849469586882296,-16,0.3300424075396068,-16,0.3300424075396068,1
mcd,5044_IriunWebcam_before,0.9763313609467456,4.621689492892116,0.3888888888888889,0.3888888888888889,0.2715341763575769,2,0.2715341763575769,2,0.2715341763575769,1
mcd,5074_FullHDwebcam_after,0.9763313609467456,8.586462348811434,0.8888888888888888,0.8888888888888888,-0.4935123421116382,-3,-0.4935123421116382,-16,0.4580925406580353,1
mcd,5074_FullHDwebcam_before,0.9763313609467456,3.380949074045519,0.2777777777777778,0.3125,-0.37252695586448575,-20,0.4677253665854267,-20,0.4677253665854267,1
mcd,5074_IriunWebcam_after,0.9763313609467456,8.635065419097582,0.16666666666666666,0.16666666666666666,0.03541865928245597,17,-0.06587231061481064,29,0.05944169622711935,1
mcd,5074_IriunWebcam_before,0.975609756097561,3.3878530472824395,0.16666666666666666,0.1875,0.2776401593749335,16,-0.3142226520584006,3,0.2776401593749335,1
mcd,5074_USBVideo_after,0.9763313609467456,8.593832474105163,0.5555555555555556,0.5555555555555556,0.3074106024931051,1,0.3074106024931051,1,0.3074106024931051,1
mcd,5074_USBVideo_before,0.9763313609467456,3.2947537593990734,0.3333333333333333,0.3125,0.2522691346636974,3,0.2522691346636974,3,0.2522691346636974,1
mcd,5078_FullHDwebcam_after,0.9763313609467456,11.106264648983302,0.8888888888888888,0.8888888888888888,-0.5597894348138555,19,-0.5746169455871538,29,0.5042932573364174,1
mcd,5078_FullHDwebcam_before,0.9763313609467456,11.38054497496667,0.5555555555555556,0.5555555555555556,-0.5747271303651106,-1,-0.5747271303651106,8,0.45900055741509505,1
mcd,5078_IriunWebcam_after,0.975609756097561,11.072133967918067,0.5555555555555556,0.5555555555555556,0.35042183858190384,23,0.3513726000968161,23,0.3513726000968161,1
mcd,5078_IriunWebcam_before,0.975609756097561,11.323171069640605,0.3333333333333333,0.3333333333333333,0.2375684486345285,14,-0.2623848763339669,24,0.2514662852830124,1
mcd,5078_USBVideo_after,0.9763313609467456,11.228150364493096,0.2222222222222222,0.2222222222222222,0.14825327946924327,10,-0.1728121746475706,20,0.16150846533598517,1
mcd,5078_USBVideo_before,0.9763313609467456,11.432026358680435,0.0,0.0,0.22414157948789515,30,-0.26970684630671504,-1,0.22414157948789515,1
mcd,5096_FullHDwebcam_after,0.9763313609467456,9.10838519311958,0.3888888888888889,0.3888888888888889,-0.3881207031771857,6,0.38838330762753887,6,0.38838330762753887,1
mcd,5096_FullHDwebcam_before,0.4881656804733728,0.42675318088336833,0.5555555555555556,0.7777777777777778,-0.37729677820095125,6,0.3862707518140954,6,0.3862707518140954,0
mcd,5096_IriunWebcam_after,0.9763313609467456,8.98509147087272,0.16666666666666666,0.16666666666666666,0.138049744252498,17,0.176453166603727,17,0.176453166603727,1
mcd,5096_IriunWebcam_before,0.4878048780487805,1.0863545748359345,0.05555555555555555,0.1111111111111111,0.21370983085611742,3,0.21370983085611742,3,0.21370983085611742,0
mcd,5096_USBVideo_before,0.4878048780487805,0.6763927937212056,0.16666666666666666,0.1111111111111111,0.19501965296544155,-9,-0.29221172944710033,22,0.2579785742585148,0
mcd,5123_FullHDwebcam_after,0.9763313609467456,6.567202250197022,0.6111111111111112,0.625,-0.4967303745575956,-1,-0.4967303745575956,7,0.3183545453658652,1
mcd,5123_FullHDwebcam_before,0.9763313609467456,9.412214215270843,1.0,1.0,-0.5633976209102746,-3,-0.5633976209102746,9,0.4485182461382437,1
mcd,5123_IriunWebcam_after,0.975609756097561,6.724063221184096,0.2777777777777778,0.3125,0.09572338569610189,-30,-0.16281415069909838,-22,0.13616456257074294,1
mcd,5123_IriunWebcam_before,0.9763313609467456,9.525970049797115,0.2777777777777778,0.2777777777777778,0.21618344840431317,3,0.21618344840431317,3,0.21618344840431317,1
mcd,5125_FullHDwebcam_after,0.9763313609467456,8.235081163642878,0.9444444444444444,0.9444444444444444,-0.7336026362290304,-1,-0.7336026362290304,8,0.569417435436908,1
mcd,5125_FullHDwebcam_before,0.9763313609467456,8.301278401666698,0.9444444444444444,0.9444444444444444,-0.6736402459238862,-2,-0.6736402459238862,7,0.6157229245928222,1
mcd,5125_IriunWebcam_after,0.9763313609467456,8.093570384153454,0.16666666666666666,0.16666666666666666,-0.36308471817960924,-5,-0.36892444944373165,-15,0.3528158650170796,1
mcd,5125_IriunWebcam_before,0.975609756097561,8.160474785894216,0.2777777777777778,0.2777777777777778,0.29058706729480593,-7,-0.31859695893825357,-19,0.31189486296730506,1
mcd,5125_USBVideo_after,0.975609756097561,8.005600472454997,0.0,0.0,0.1750894822507446,-30,-0.24073043124853907,-21,0.22984987833161225,1
mcd,5125_USBVideo_before,0.975609756097561,8.24132537455327,0.4444444444444444,0.4444444444444444,0.3144772558022418,-12,-0.3408480831944202,-24,0.31609826193178425,1
mcd,5130_FullHDwebcam_after,0.9763313609467456,11.105160963178475,1.0,1.0,-0.7877416610170963,23,-0.7905877746400999,11,0.656403186217932,1
mcd,5130_FullHDwebcam_before,0.9763313609467456,11.35820606114979,0.9444444444444444,0.9444444444444444,-0.7512541021506244,-1,-0.7512541021506244,9,0.5849766652195952,1
mcd,5130_IriunWebcam_after,0.975609756097561,11.089638426887262,0.7777777777777778,0.7777777777777778,0.5706104486826398,4,0.5706104486826398,4,0.5706104486826398,1
mcd,5130_IriunWebcam_before,0.9763313609467456,11.174987328829165,0.7222222222222222,0.7222222222222222,0.50121183486531,-7,-0.5184645205734082,3,0.50121183486531,1
mcd,5130_USBVideo_after,0.975609756097561,11.081070454330174,0.8888888888888888,0.8888888888888888,0.5645196202542311,15,-0.5916126472662941,3,0.5645196202542311,1
mcd,5130_USBVideo_before,0.9763313609467456,11.257024827966994,0.5555555555555556,0.5555555555555556,0.5070000233124561,-1,0.5070000233124561,-1,0.5070000233124561,1
mcd,5138_FullHDwebcam_after,0.9763313609467456,8.5273642227143,0.6111111111111112,0.6111111111111112,-0.5240644034688867,-1,-0.5240644034688867,7,0.46735854396737153,1
mcd,5138_FullHDwebcam_before,0.9763313609467456,6.9069691859182445,0.7222222222222222,0.7222222222222222,-0.4296323232328136,21,-0.44867560850621724,8,0.383270073230831,1
mcd,5138_IriunWebcam_after,0.9763313609467456,8.642846831871088,0.1111111111111111,0.1111111111111111,0.2965255175502141,13,-0.31080137164498434,4,0.2965255175502141,1
mcd,5138_IriunWebcam_before,0.975609756097561,6.949347836658184,0.16666666666666666,0.16666666666666666,0.16971009920734434,-8,-0.2146239100542635,6,0.18778682350547649,1
mcd,5138_USBVideo_after,0.9763313609467456,8.423398823888647,0.16666666666666666,0.16666666666666666,0.3423501887020094,-1,0.3423501887020094,-1,0.3423501887020094,1
mcd,5138_USBVideo_before,0.9763313609467456,6.948112692579498,0.16666666666666666,0.16666666666666666,0.13346199232301087,-13,-0.17251570251153686,23,0.149879728337659,1
mcd,5148_FullHDwebcam_after,0.9763313609467456,7.977147079984548,0.3888888888888889,0.3888888888888889,0.34728259230617664,4,0.34728259230617664,4,0.34728259230617664,1
mcd,5148_FullHDwebcam_before,0.9763313609467456,6.714138297404923,0.3333333333333333,0.29411764705882354,0.3316890658857788,-16,0.33858785795623375,-16,0.33858785795623375,1
mcd,5148_IriunWebcam_after,0.975609756097561,7.871077532099125,0.1111111111111111,0.1111111111111111,0.15596577363134148,-19,0.21276925033085614,-19,0.21276925033085614,1
mcd,5148_IriunWebcam_before,0.975609756097561,6.631347508161933,0.2222222222222222,0.23529411764705882,0.13635241683476837,20,0.1713348379742295,20,0.1713348379742295,1
mcd,5148_USBVideo_after,0.9763313609467456,8.106058806552964,0.05555555555555555,0.05555555555555555,0.35021006145952266,-1,0.35021006145952266,-1,0.35021006145952266,1
mcd,5148_USBVideo_before,0.975609756097561,6.652145985490876,0.2222222222222222,0.23529411764705882,0.4083137693724119,0,0.4083137693724119,0,0.4083137693724119,1
mcd,5156_FullHDwebcam_after,0.9763313609467456,8.839370436621076,0.9444444444444444,0.9444444444444444,-0.5941747567863017,-3,-0.5941747567863017,7,0.5158913134443432,1
mcd,5156_FullHDwebcam_before,0.9763313609467456,6.860484633333982,0.8888888888888888,0.8888888888888888,-0.6265826601858046,20,-0.6778545176924343,6,0.6431520979617155,1
mcd,5156_IriunWebcam_after,0.975609756097561,8.954890840223268,0.2777777777777778,0.2777777777777778,0.1330338317602857,-12,-0.18068122734652728,-27,0.16358660171951694,1
mcd,5156_IriunWebcam_before,0.9770540340488527,7.060293251026096,0.2222222222222222,0.2222222222222222,0.17047257528676324,-10,-0.18852929036453472,1,0.17047257528676324,1
mcd,5156_USBVideo_after,0.9763313609467456,8.872561650258675,0.7222222222222222,0.7222222222222222,0.578341261415447,1,0.578341261415447,1,0.578341261415447,1
mcd,5156_USBVideo_before,0.9763313609467456,6.874664368180291,0.9444444444444444,0.9444444444444444,0.5051063989204051,-10,-0.5311343031702334,1,0.5051063989204051,1
mcd,5174_FullHDwebcam_after,0.9763313609467456,10.929367808341492,0.7222222222222222,0.7222222222222222,-0.5399716727081131,-2,-0.5399716727081131,6,0.5359088982578246,1
mcd,5174_FullHDwebcam_before,0.9763313609467456,7.3772743060996415,1.0,1.0,-0.5846715367900019,-2,-0.5846715367900019,7,0.581645759420318,1
mcd,5174_IriunWebcam_after,0.9763313609467456,10.793762454288903,0.3333333333333333,0.3333333333333333,0.277504891284503,22,0.28948382085283664,22,0.28948382085283664,1
mcd,5174_IriunWebcam_before,0.9763313609467456,7.532879139925697,0.2222222222222222,0.2222222222222222,0.2587552943222436,-24,-0.2634909392771369,4,0.2587552943222436,1
mcd,5174_USBVideo_after,0.975609756097561,10.993666589306883,0.2222222222222222,0.2222222222222222,0.2413179197119427,8,-0.259089837335583,-1,0.2413179197119427,1
mcd,5174_USBVideo_before,0.9763313609467456,7.4240895488332965,0.0,0.0,0.2526892285272784,-20,0.26358585019696446,-20,0.26358585019696446,1
mcd,5207_FullHDwebcam_after,0.9319526627218935,2.9833253597426586,0.3888888888888889,0.4375,-0.1740787776915521,6,0.22447021537530945,6,0.22447021537530945,1
mcd,5207_FullHDwebcam_before,0.9763313609467456,6.693262368807362,0.5,0.5,0.37227658623220095,6,0.42302850456891566,6,0.42302850456891566,1
mcd,5207_IriunWebcam_after,0.9319526627218935,2.935387303005098,0.2222222222222222,0.25,-0.15518283916154843,5,-0.16138595929119268,-3,0.07788801900297986,1
mcd,5207_IriunWebcam_before,0.975609756097561,6.799521821100075,0.05555555555555555,0.05555555555555555,-0.0812080833232169,-22,0.10005586574056531,-22,0.10005586574056531,1
mcd,5207_USBVideo_after,0.9319526627218935,3.103483423905587,0.3333333333333333,0.3125,0.2530962514896738,-25,0.25545939350084235,-25,0.25545939350084235,1
mcd,5207_USBVideo_before,0.9763313609467456,6.500735384793929,0.16666666666666666,0.16666666666666666,0.3491294727693525,-9,-0.3862606409258253,-25,0.3842785905734151,1
mcd,5214_FullHDwebcam_after,0.9319526627218935,7.266849422770479,0.6666666666666666,0.7058823529411765,-0.47029371107318674,-2,-0.47029371107318674,7,0.31522116171736747,1
mcd,5214_FullHDwebcam_before,0.9319526627218935,6.4746362502296435,0.8333333333333334,0.9375,-0.5709248862434948,-3,-0.5709248862434948,-16,0.4510528309074747,1
mcd,5214_IriunWebcam_after,0.9319526627218935,7.127047533865941,0.3888888888888889,0.35294117647058826,0.31401612493062914,-6,-0.3304409972171507,3,0.31401612493062914,1
mcd,5214_IriunWebcam_before,0.9312638580931264,6.850892732665505,0.3333333333333333,0.375,0.3958112881331011,-7,-0.4462763908119012,4,0.3958112881331011,1
mcd,5214_USBVideo_after,0.9319526627218935,7.269316159149225,0.4444444444444444,0.47058823529411764,0.3781464296840439,9,-0.3784286143312878,-2,0.3781464296840439,1
mcd,5214_USBVideo_before,0.9319526627218935,6.87174494520665,0.5,0.5,0.5139560427946487,-3,0.5139560427946487,-3,0.5139560427946487,1
mcd,5215_FullHDwebcam_after,0.9763313609467456,6.8576769342940365,0.2777777777777778,0.2777777777777778,-0.33386966911493576,24,0.35221899407532686,24,0.35221899407532686,1
mcd,5215_FullHDwebcam_before,0.9763313609467456,6.033316010942771,0.3888888888888889,0.3888888888888889,-0.37684395957214584,-14,0.388675541970594,-14,0.388675541970594,1
mcd,5215_IriunWebcam_after,0.9763313609467456,6.643023213459683,0.05555555555555555,0.05555555555555555,0.13884981717996944,1,0.13884981717996944,1,0.13884981717996944,1
mcd,5215_IriunWebcam_before,0.975609756097561,5.79733380035891,0.0,0.0,0.024847639235257922,15,-0.09377105958934191,27,0.07025695624637372,1
mcd,5217_FullHDwebcam_after,0.9763313609467456,7.231905843608478,0.8888888888888888,0.8823529411764706,-0.6561179564082056,-2,-0.6561179564082056,7,0.5688045403077271,1
mcd,5217_FullHDwebcam_before,0.9763313609467456,5.769625003209084,0.8333333333333334,0.8333333333333334,-0.6972531711256253,-2,-0.6972531711256253,-14,0.5230937392880719,1
mcd,5217_IriunWebcam_after,0.975609756097561,7.239879447212845,0.5555555555555556,0.5882352941176471,0.47868235531675074,3,0.47868235531675074,3,0.47868235531675074,1
mcd,5217_IriunWebcam_before,0.9763313609467456,5.89496648010479,0.5,0.5,-0.4193385590270533,-6,-0.4798587620391668,5,0.34649834045451045,1
mcd,5217_USBVideo_after,0.9763313609467456,7.279832494694016,0.16666666666666666,0.17647058823529413,0.29779569862449984,-1,0.29779569862449984,-1,0.29779569862449984,1
mcd,5217_USBVideo_before,0.9763313609467456,5.639774632466789,0.1111111111111111,0.1111111111111111,0.2470843827789251,13,-0.285457030924552,3,0.2470843827789251,1
mcd,5223_FullHDwebcam_after,0.9763313609467456,4.327374687339846,0.8888888888888888,0.8888888888888888,-0.6300296576897308,-2,-0.6300296576897308,6,0.5458300030791091,1
mcd,5223_FullHDwebcam_before,0.9312638580931264,3.6985707070677187,0.5555555555555556,0.6666666666666666,-0.4265091892903274,-5,-0.430149271356119,-16,0.42433308285658217,1
mcd,5223_IriunWebcam_after,0.9763313609467456,4.402176259882966,0.16666666666666666,0.11764705882352941,0.2315983103431167,1,0.2315983103431167,1,0.2315983103431167,1
mcd,5223_IriunWebcam_before,0.9312638580931264,3.6616245635068543,0.3888888888888889,0.4,0.3048448323874281,-6,-0.3529187376398022,4,0.3048448323874281,1
mcd,5228_FullHDwebcam_after,0.9763313609467456,7.81176628301601,0.9444444444444444,0.9444444444444444,-0.47472485222924227,6,0.5662347457187951,6,0.5662347457187951,1
mcd,5228_FullHDwebcam_before,0.9319526627218935,6.146403283633509,0.6111111111111112,0.6470588235294118,-0.536426282825374,-5,-0.5583440726522468,8,0.5320226481481988,1
mcd,5228_IriunWebcam_after,0.975609756097561,7.899136076063511,0.2222222222222222,0.2222222222222222,0.3048572122016005,24,0.3414482903009891,24,0.3414482903009891,1
mcd,5228_IriunWebcam_before,0.9312638580931264,6.126208633509271,0.1111111111111111,0.11764705882352941,-0.057345859266928145,4,-0.057345859266928145,-15,0.03946688201472564,1
mcd,5228_USBVideo_after,0.9763313609467456,7.791738126629914,0.2777777777777778,0.2777777777777778,-0.03183597570715197,-14,0.07539455088142169,-14,0.07539455088142169,1
mcd,5237_FullHDwebcam_after,0.9763313609467456,7.357918481179031,0.9444444444444444,0.9444444444444444,-0.7211770964567287,-1,-0.7211770964567287,-12,0.626379509606676,1
mcd,5237_FullHDwebcam_before,0.9763313609467456,7.984181816556241,1.0,1.0,-0.7162411464207414,-2,-0.7162411464207414,8,0.6262690095740905,1
mcd,5237_IriunWebcam_after,0.9770540340488527,7.1806754261263315,0.2777777777777778,0.2777777777777778,0.28042181893189766,-6,-0.33457212555438415,3,0.28042181893189766,1
mcd,5237_IriunWebcam_before,0.9763313609467456,7.860252016245791,0.3888888888888889,0.3888888888888889,0.3433537243363529,-21,0.3440323473134201,-21,0.3440323473134201,1
mcd,5237_USBVideo_after,0.9763313609467456,7.507474437604379,0.0,0.0,0.25703087201722535,-22,0.2809337414597883,-22,0.2809337414597883,1
mcd,5237_USBVideo_before,0.9763313609467456,7.696501271201606,0.5555555555555556,0.5555555555555556,0.3321922781985415,20,0.3548615611347173,20,0.3548615611347173,1
mcd,5243_FullHDwebcam_after,0.9763313609467456,8.94232799166066,1.0,1.0,-0.6391562251747895,-4,-0.6391562251747895,-16,0.5695540610408129,1
mcd,5243_FullHDwebcam_before,0.9763313609467456,6.679310075620842,0.8888888888888888,0.9411764705882353,-0.6852540373254745,-2,-0.6852540373254745,8,0.5918725198513806,1
mcd,5243_IriunWebcam_after,0.9763313609467456,8.818972264283175,0.2777777777777778,0.2777777777777778,0.22514969984562827,-7,-0.2963437613727766,-19,0.2309544793435681,1
mcd,5243_IriunWebcam_before,0.9763313609467456,6.848181421792173,0.05555555555555555,0.058823529411764705,0.1002231715023708,-19,0.10933176372027764,-19,0.10933176372027764,1
mcd,5243_USBVideo_after,0.9763313609467456,8.924002240437375,0.6111111111111112,0.6111111111111112,0.4035137024782593,-24,0.40724988268352175,-24,0.40724988268352175,1
mcd,5250_FullHDwebcam_after,0.9763313609467456,4.963614804799002,0.7777777777777778,0.875,-0.6358200348348444,-4,-0.6358200348348444,6,0.6031454102819953,1
mcd,5250_FullHDwebcam_before,0.9763313609467456,4.298258762646261,0.8888888888888888,0.8823529411764706,-0.6078491806281672,-5,-0.6178993624244885,9,0.5847206462591699,1
mcd,5250_IriunWebcam_after,0.975609756097561,5.121790609956678,0.1111111111111111,0.0625,-0.15629833045498873,-5,-0.17102897967800415,7,0.1658270386887761,1
mcd,5250_IriunWebcam_before,0.9770540340488527,4.328265767389201,0.16666666666666666,0.1875,0.32701492068533594,-2,0.32701492068533594,-2,0.32701492068533594,1
mcd,5287_FullHDwebcam_after,0.9763313609467456,9.039643687770617,1.0,1.0,-0.6517999492473624,-4,-0.6517999492473624,5,0.6119986685284936,1
mcd,5287_FullHDwebcam_before,0.9763313609467456,8.65554478850912,1.0,1.0,-0.6257814540614108,-5,-0.6588543537854121,5,0.6478241348523752,1
mcd,5287_IriunWebcam_after,0.9763313609467456,9.077488870839064,0.05555555555555555,0.05555555555555555,0.09520274842590445,1,0.09520274842590445,1,0.09520274842590445,1
mcd,5287_IriunWebcam_before,0.975609756097561,8.605775867281391,0.2222222222222222,0.2222222222222222,0.2493762708794366,24,0.32081713263684003,24,0.32081713263684003,1
mcd,5288_FullHDwebcam_after,0.9763313609467456,8.169102866148787,0.6111111111111112,0.6111111111111112,-0.46676635108361814,-2,-0.46676635108361814,-16,0.37597935270059096,1
mcd,5288_FullHDwebcam_before,0.7544378698224852,5.074877263147288,0.4444444444444444,0.4666666666666667,-0.4087826202000802,-3,-0.4087826202000802,10,0.3564523745173743,1
mcd,5288_IriunWebcam_after,0.9763313609467456,8.05186603458389,0.2777777777777778,0.2777777777777778,0.17036408278400447,16,-0.2812981840352339,26,0.21720879400679197,1
mcd,5288_IriunWebcam_before,0.753880266075388,4.757266525554949,0.16666666666666666,0.2,-0.22582611875956912,-18,0.25103316593971897,-18,0.25103316593971897,1
mcd,5288_USBVideo_after,0.9763313609467456,7.9671817852401166,0.2222222222222222,0.2222222222222222,0.24046346796629808,-13,-0.3097463723253277,-25,0.26941751671089464,1
mcd,5288_USBVideo_before,0.7544378698224852,5.018068119574931,0.1111111111111111,0.13333333333333333,0.15364255483622155,-14,-0.20874011757714006,-3,0.15364255483622155,1
mcd,5292_FullHDwebcam_after,0.9319526627218935,7.457181707972687,0.8888888888888888,0.8823529411764706,-0.6180287981393761,-1,-0.6180287981393761,7,0.5306574924755191,1
mcd,5292_FullHDwebcam_before,0.9763313609467456,7.409244607419145,0.9444444444444444,0.9444444444444444,-0.6206158959308369,-1,-0.6206158959308369,-12,0.49149082387057663,1
mcd,5292_IriunWebcam_after,0.9312638580931264,7.4545061859354895,0.2777777777777778,0.29411764705882354,0.3536994310261753,2,0.3536994310261753,2,0.3536994310261753,1
mcd,5292_IriunWebcam_before,0.975609756097561,7.199368109242972,0.2777777777777778,0.2777777777777778,0.43425784290919234,3,0.43425784290919234,3,0.43425784290919234,1
mcd,5292_USBVideo_after,0.9319526627218935,7.239802064013465,0.2222222222222222,0.17647058823529413,0.29446176574926325,-3,0.29446176574926325,-3,0.29446176574926325,1
mcd,5292_USBVideo_before,0.9763313609467456,7.24258185183801,0.3333333333333333,0.3333333333333333,0.3031691921197297,-2,0.3031691921197297,-2,0.3031691921197297,1
mcd,5307_FullHDwebcam_after,0.9763313609467456,9.819957626117962,0.8333333333333334,0.8333333333333334,-0.5800898088451588,-1,-0.5800898088451588,-16,0.5557612388644967,1
mcd,5307_FullHDwebcam_before,0.9763313609467456,9.713273427206598,1.0,1.0,-0.6046558833353052,-1,-0.6046558833353052,-16,0.5397176043060755,1
mcd,5307_IriunWebcam_after,0.975609756097561,9.835052597641177,0.5,0.5,0.2840244236176737,28,0.3084367367129668,28,0.3084367367129668,1
mcd,5307_IriunWebcam_before,0.975609756097561,9.772598655482128,0.6111111111111112,0.6111111111111112,0.48310979417108846,-24,0.5044004922035867,-24,0.5044004922035867,1
mcd,5307_USBVideo_before,0.9763313609467456,9.687473492424452,0.5555555555555556,0.5555555555555556,0.3741173210265519,2,0.3741173210265519,2,0.3741173210265519,1
mcd,5308_FullHDwebcam_after,0.8875739644970414,3.6009531144486155,0.5,0.46153846153846156,-0.4542292225357482,6,0.4584564429365193,6,0.4584564429365193,1
mcd,5308_FullHDwebcam_before,0.9319526627218935,3.5120613708627277,1.0,1.0,-0.675423979513873,-2,-0.675423979513873,6,0.5079455371883704,1
mcd,5308_IriunWebcam_after,0.975609756097561,3.520065073310355,0.2222222222222222,0.21428571428571427,0.3564391045901552,2,0.3564391045901552,2,0.3564391045901552,1
mcd,5332_FullHDwebcam_after,0.9763313609467456,5.398941218319019,0.8333333333333334,0.9375,-0.6730864459570793,-3,-0.6730864459570793,7,0.6488438289529419,1
mcd,5332_FullHDwebcam_before,0.9763313609467456,7.257599622608904,0.8333333333333334,0.8333333333333334,-0.6555189645619006,-4,-0.6555189645619006,6,0.6334492524535402,1
mcd,5347_FullHDwebcam_after,0.9763313609467456,6.763698804794217,0.2222222222222222,0.2222222222222222,-0.21942729707393036,-30,-0.23436292761566255,-16,0.18657164386696942,1
mcd,5347_FullHDwebcam_before,0.9763313609467456,6.990787379267796,0.1111111111111111,0.1111111111111111,-0.1443751718005768,7,0.19835514347973018,7,0.19835514347973018,1
mcd,5347_IriunWebcam_after,0.9763313609467456,6.727742895674154,0.2222222222222222,0.2222222222222222,0.22732816597372643,27,0.24310471050109217,27,0.24310471050109217,1
mcd,5347_IriunWebcam_before,0.975609756097561,6.8868029668146615,0.1111111111111111,0.1111111111111111,0.12049334896639625,-8,-0.1580947646383494,4,0.12049334896639625,1
mcd,5347_USBVideo_after,0.9763313609467456,6.83600036932817,0.1111111111111111,0.1111111111111111,0.08083448608748335,25,0.08467504620797503,25,0.08467504620797503,1
mcd,5347_USBVideo_before,0.9763313609467456,7.03012118575241,0.6111111111111112,0.6111111111111112,0.301269246915861,-17,-0.3440226993971397,-3,0.301269246915861,1
mcd,5353_FullHDwebcam_after,0.9763313609467456,8.163014217707406,0.8888888888888888,0.8888888888888888,-0.552604647780481,-3,-0.552604647780481,6,0.4943482198448189,1
mcd,5353_FullHDwebcam_before,0.9763313609467456,6.971960788075544,0.7222222222222222,0.7222222222222222,-0.4964970080861052,-4,-0.4964970080861052,6,0.4731135474166374,1
mcd,5353_IriunWebcam_after,0.975609756097561,7.692032776455212,0.1111111111111111,0.1111111111111111,-0.2119070951879255,-6,-0.2600641322909411,-17,0.1861577513026488,1
mcd,5353_IriunWebcam_before,0.9763313609467456,6.949984392192544,0.2222222222222222,0.2222222222222222,-0.17394393215808848,16,-0.21971616438205693,27,0.20724062498221246,1
mcd,5356_FullHDwebcam_after,0.9763313609467456,7.45810210157455,1.0,1.0,-0.7197224317354644,-1,-0.7197224317354644,7,0.5871662167252061,1
mcd,5356_FullHDwebcam_before,0.9763313609467456,8.47104777766952,0.7777777777777778,0.7777777777777778,-0.4921503289952812,-2,-0.4921503289952812,7,0.450125458655801,1
mcd,5356_IriunWebcam_after,0.975609756097561,7.445332090347927,0.0,0.0,0.06040629092435118,30,-0.08420494558383003,17,0.07892610327445443,1
mcd,5356_IriunWebcam_before,0.975609756097561,8.574225359967414,0.1111111111111111,0.1111111111111111,0.25901489341748574,-24,-0.2798731707598735,4,0.25901489341748574,1
mcd,5356_USBVideo_before,0.9763313609467456,8.76335673988827,0.0,0.0,0.20089560979710688,-11,-0.2238009762527285,-22,0.22062635969547095,1
mcd,5394_FullHDwebcam_after,0.9319526627218935,4.073450057878761,0.8333333333333334,0.8823529411764706,-0.48582693451153697,-5,-0.4891984835369318,5,0.45557114176453817,1
mcd,5394_FullHDwebcam_before,0.7988165680473372,4.608290038962101,0.8888888888888888,1.0,-0.6378647225879204,-4,-0.6378647225879204,11,0.5704649375082547,1
mcd,5394_IriunWebcam_after,0.9312638580931264,4.10764573273665,0.1111111111111111,0.11764705882352941,0.16638430042728217,-30,-0.2782647524194058,-19,0.22100185413477508,1
mcd,5394_IriunWebcam_before,0.7982261640798226,4.6383388847969655,0.5555555555555556,0.6666666666666666,0.36996337200315177,-9,-0.4897709563989248,-23,0.3968982743941317,1
mcd,5394_USBVideo_after,0.9319526627218935,3.734748331817467,0.16666666666666666,0.17647058823529413,0.223706928202394,-3,0.223706928202394,-3,0.223706928202394,1
mcd,5394_USBVideo_before,0.7988165680473372,4.5243528152797605,0.6666666666666666,0.7333333333333333,0.48967521065212805,-13,-0.5505878591527896,3,0.48967521065212805,1
mcd,5395_FullHDwebcam_after,0.9763313609467456,4.539031102773108,0.8888888888888888,0.9411764705882353,-0.7450151286197072,-1,-0.7450151286197072,9,0.5584371964133771,1
mcd,5395_FullHDwebcam_before,0.9763313609467456,5.628007418788389,1.0,1.0,-0.8244180024702674,-1,-0.8244180024702674,10,0.6755782365702373,1
mcd,5395_IriunWebcam_after,0.975609756097561,4.553406706477925,0.4444444444444444,0.47058823529411764,0.3957242618245446,-6,-0.42750223461678083,-20,0.41058531777786217,1
mcd,5395_IriunWebcam_before,0.975609756097561,5.569098607214309,0.8333333333333334,0.8333333333333334,0.45725703717318866,2,0.45725703717318866,2,0.45725703717318866,1
mcd,5395_USBVideo_after,0.9763313609467456,4.579544471394739,0.4444444444444444,0.47058823529411764,0.4849895490608909,-1,0.4849895490608909,-1,0.4849895490608909,1
mcd,5395_USBVideo_before,0.9763313609467456,5.589046602909431,0.6666666666666666,0.6666666666666666,0.4358486938665602,-13,-0.5115427538358938,2,0.4358486938665602,1
mcd,5441_FullHDwebcam_after,0.8431952662721893,4.055427685551083,1.0,1.0,-0.6425455161707818,-4,-0.6425455161707818,-17,0.6174267365685273,1
mcd,5441_FullHDwebcam_before,0.9319526627218935,3.9972409910242894,0.6666666666666666,0.7058823529411765,-0.32933233509444076,-23,0.3893651118584149,-23,0.3893651118584149,1
mcd,5441_IriunWebcam_after,0.8425720620842572,4.126204233153265,0.16666666666666666,0.13333333333333333,0.12223678611750594,13,-0.13776360324558573,1,0.12223678611750594,1
mcd,5441_IriunWebcam_before,0.9312638580931264,4.200250629563497,0.0,0.0,0.2422583244647102,17,-0.2430655070769369,4,0.2422583244647102,1
mcd,5483_FullHDwebcam_after,0.9763313609467456,7.4692639713983935,0.6666666666666666,0.6666666666666666,-0.3867017655225387,-17,0.44980629626395824,-17,0.44980629626395824,1
mcd,5483_FullHDwebcam_before,0.9763313609467456,7.012771826712891,0.7222222222222222,0.7222222222222222,-0.4697051386125839,20,-0.4879231747528536,7,0.47133932152020913,1
mcd,5483_IriunWebcam_after,0.975609756097561,7.272717582268179,0.2222222222222222,0.2222222222222222,-0.20941830864628005,16,0.22088926274359855,16,0.22088926274359855,1
mcd,5483_IriunWebcam_before,0.9763313609467456,6.968386855344255,0.16666666666666666,0.16666666666666666,0.07631753651126386,-11,-0.1522907025042364,-20,0.11748189818026519,1
mcd,5486_FullHDwebcam_after,0.9763313609467456,5.880074284064605,0.5,0.5,-0.37541377151068295,-2,-0.37541377151068295,-13,0.3480034346390587,1
mcd,5486_FullHDwebcam_before,0.9763313609467456,7.346551137129744,0.1111111111111111,0.11764705882352941,0.19494085338483497,5,0.20212142514439643,5,0.20212142514439643,1
mcd,5486_IriunWebcam_after,0.975609756097561,5.666911078890975,0.3888888888888889,0.3888888888888889,-0.09489562979111073,-26,-0.15023085651342902,23,0.11825790587577549,1
mcd,5500_FullHDwebcam_after,0.9763313609467456,7.3229563285061126,0.3888888888888889,0.3888888888888889,-0.25208437578203285,-2,-0.25208437578203285,30,0.22491023478431132,1
mcd,5500_FullHDwebcam_before,0.9763313609467456,9.19298973380045,0.8333333333333334,0.8333333333333334,-0.4946551592764068,-3,-0.4946551592764068,8,0.4870663413233801,1
mcd,5500_IriunWebcam_after,0.975609756097561,7.041495051140241,0.3333333333333333,0.3333333333333333,0.3637186392175013,15,-0.4109436140252799,2,0.3637186392175013,1
mcd,5500_IriunWebcam_before,0.9763313609467456,9.290526846529511,0.5,0.5,0.4183491555849627,2,0.4183491555849627,2,0.4183491555849627,1
mcd,5500_USBVideo_after,0.9763313609467456,7.154715850752198,0.0,0.0,0.1342557746472714,-2,0.1342557746472714,-2,0.1342557746472714,1
mcd,5500_USBVideo_before,0.9763313609467456,9.319145276365985,0.2777777777777778,0.2777777777777778,0.26005719346840284,18,0.29607196295250315,18,0.29607196295250315,1
mcd,5507_FullHDwebcam_after,0.9763313609467456,4.609311147804222,0.6666666666666666,0.6470588235294118,-0.432798094737838,-20,0.45434239304108665,-20,0.45434239304108665,1
mcd,5507_FullHDwebcam_before,0.9763313609467456,5.678728426236676,0.6666666666666666,0.6666666666666666,-0.3847418572070645,-2,-0.3847418572070645,-18,0.382661388700202,1
mcd,5507_IriunWebcam_after,0.975609756097561,4.717062038830898,0.2777777777777778,0.3125,-0.11918176114535825,-23,0.1899594398903238,-23,0.1899594398903238,1
mcd,5507_IriunWebcam_before,0.975609756097561,5.510831640055141,0.2777777777777778,0.2777777777777778,0.14166030519465778,-7,-0.20343402809169728,-21,0.17090036983186832,1
mcd,5524_FullHDwebcam_after,0.8431952662721893,4.0661317739515255,0.6111111111111112,0.7857142857142857,-0.47116093085567284,8,0.4715984700246713,8,0.4715984700246713,1
mcd,5524_FullHDwebcam_before,0.9763313609467456,4.935731714003468,1.0,1.0,-0.5838969289646561,-3,-0.5838969289646561,9,0.5559087117912372,1
mcd,5524_IriunWebcam_after,0.8431952662721893,4.073518528988459,0.2777777777777778,0.21428571428571427,0.30413142143277194,3,0.30413142143277194,3,0.30413142143277194,1
mcd,5524_IriunWebcam_before,0.9763313609467456,5.075213416303695,0.8888888888888888,0.8888888888888888,0.5065589643322026,-8,-0.5291930587049514,4,0.5065589643322026,1
mcd,5524_USBVideo_after,0.8431952662721893,4.1553212943515625,0.5,0.6428571428571429,0.2895923290846412,12,-0.3220591583906344,-2,0.2895923290846412,1
mcd,5524_USBVideo_before,0.9763313609467456,4.97621086606663,0.6111111111111112,0.6111111111111112,0.38454135852466464,-12,-0.41499685823982607,2,0.38454135852466464,1
mcd,5526_FullHDwebcam_after,0.9763313609467456,11.157809765454221,1.0,1.0,-0.654924613836812,-16,0.6949432030924276,-16,0.6949432030924276,1
mcd,5526_FullHDwebcam_before,0.9763313609467456,10.90574623816522,1.0,1.0,-0.7852580095133027,-2,-0.7852580095133027,9,0.6600431110542585,1
mcd,5526_IriunWebcam_after,0.975609756097561,11.086479004714546,0.3333333333333333,0.3333333333333333,0.24299707840876295,3,0.24299707840876295,3,0.24299707840876295,1
mcd,5526_IriunWebcam_before,0.975609756097561,10.886222797587292,0.16666666666666666,0.16666666666666666,0.27078738117206236,27,0.29685412089998975,27,0.29685412089998975,1
mcd,5526_USBVideo_after,0.975609756097561,11.0846271582874,0.2222222222222222,0.2222222222222222,0.16393805888271756,-9,-0.18802156266368997,-22,0.16775518311258114,1
mcd,5526_USBVideo_before,0.9763313609467456,10.927255974904485,0.6666666666666666,0.6666666666666666,0.45015562741887877,12,-0.4613595483838053,-1,0.45015562741887877,1
mcd,5533_FullHDwebcam_after,0.9763313609467456,7.327084257555509,0.8333333333333334,0.8333333333333334,-0.6140159108310732,-3,-0.6140159108310732,6,0.5885202180717324,1
mcd,5533_FullHDwebcam_before,0.9319526627218935,3.5186008792296852,0.7222222222222222,0.7333333333333333,-0.6651182133522919,5,0.671463684698219,5,0.671463684698219,1
mcd,5533_IriunWebcam_after,0.975609756097561,7.209938317715661,0.16666666666666666,0.16666666666666666,0.3200588316777494,3,0.3200588316777494,3,0.3200588316777494,1
mcd,5533_IriunWebcam_before,0.9312638580931264,3.4347464303619537,0.2222222222222222,0.2,0.1987514321228426,-18,0.2312096877449155,-18,0.2312096877449155,1
mcd,5535_FullHDwebcam_after,0.9763313609467456,9.35587867636564,0.5555555555555556,0.5555555555555556,-0.3972481339975095,-3,-0.3972481339975095,4,0.3951913269711378,1
mcd,5535_FullHDwebcam_before,0.621301775147929,2.5675930413237116,0.6666666666666666,0.8333333333333334,-0.5752706480946543,-3,-0.5752706480946543,6,0.5272628198788418,1
mcd,5535_IriunWebcam_after,0.9763313609467456,9.421926809693993,0.05555555555555555,0.05555555555555555,0.16036272780364358,8,-0.16507076319494215,16,0.16322637244217833,1
mcd,5535_IriunWebcam_before,0.621301775147929,2.7490018609447833,0.1111111111111111,0.08333333333333333,0.17983276224400616,23,0.18408400926315616,23,0.18408400926315616,1
mcd,5535_USBVideo_after,0.975609756097561,9.348925699974437,0.16666666666666666,0.16666666666666666,0.22274507945419647,-17,0.22642150039703107,-17,0.22642150039703107,1
mcd,5535_USBVideo_before,0.621301775147929,2.8175188708582795,0.5555555555555556,0.8333333333333334,0.49677701803677227,1,0.49677701803677227,1,0.49677701803677227,1
mcd,5536_FullHDwebcam_after,0.9763313609467456,6.008884069441221,0.8333333333333334,0.8333333333333334,-0.4511577928389916,-3,-0.4511577928389916,-17,0.4374634636847169,1
mcd,5536_FullHDwebcam_before,0.9763313609467456,5.248056156447468,0.7222222222222222,0.7222222222222222,-0.5248158163138597,-3,-0.5248158163138597,9,0.5163145365989629,1
mcd,5536_IriunWebcam_after,0.975609756097561,6.156881710267193,0.16666666666666666,0.16666666666666666,0.07593884398451485,15,-0.1522767382333911,-18,0.13525470816044727,1
mcd,5536_IriunWebcam_before,0.975609756097561,5.393644076161683,0.2777777777777778,0.2777777777777778,0.21611504912437196,4,0.21611504912437196,4,0.21611504912437196,1
mcd,5536_USBVideo_before,0.975609756097561,5.267644991351533,0.3888888888888889,0.3888888888888889,0.37384725086973275,-9,-0.4006183409669331,1,0.37384725086973275,1
mcd,5543_FullHDwebcam_after,0.9763313609467456,5.895001549448432,0.8888888888888888,0.8888888888888888,-0.6212428329349495,-3,-0.6212428329349495,-20,0.5670467055149603,1
mcd,5543_FullHDwebcam_before,0.9763313609467456,6.554414406933674,0.6666666666666666,0.6666666666666666,-0.25410815816380705,-30,-0.27799214100594943,-18,0.2735766247303563,1
mcd,5543_IriunWebcam_after,0.9763313609467456,5.79877973811154,0.4444444444444444,0.4444444444444444,0.22986070626004426,18,-0.28505047585187815,3,0.22986070626004426,1
mcd,5543_IriunWebcam_before,0.9763313609467456,6.464069327987419,0.2222222222222222,0.23529411764705882,-0.051393869480609373,-30,-0.1734142250506756,-19,0.11163673595097581,1
mcd,5550_FullHDwebcam_after,0.8431952662721893,5.285682334554792,0.2222222222222222,0.26666666666666666,-0.15301770856593588,-29,-0.18882828705666388,8,0.1742848448746591,1
mcd,5550_FullHDwebcam_before,0.9763313609467456,10.327659322365415,0.3888888888888889,0.3888888888888889,-0.28081950633997943,-3,-0.28081950633997943,-16,0.2520414926841182,1
mcd,5550_IriunWebcam_after,0.975609756097561,5.123866041172248,0.1111111111111111,0.125,0.20283785109825472,15,-0.26225614052600615,3,0.20283785109825472,1
mcd,5550_IriunWebcam_before,0.9763313609467456,10.210187465252291,0.4444444444444444,0.4444444444444444,0.25544681084404136,-8,-0.2578156035038867,0,0.25544681084404136,1
mcd,5550_USBVideo_after,0.8431952662721893,5.306767801296061,0.2777777777777778,0.2,0.2614096867022914,-2,0.2614096867022914,-2,0.2614096867022914,1
mcd,5550_USBVideo_before,0.9763313609467456,10.231824803628612,0.1111111111111111,0.1111111111111111,0.14890358328129455,-27,0.1948973452968351,-27,0.1948973452968351,1
mcd,5562_FullHDwebcam_after,0.621301775147929,3.004214273489807,0.05555555555555555,0.0,-0.23401360637054797,28,-0.23787976584016254,5,0.2028131866887273,1
mcd,5562_FullHDwebcam_before,0.9763313609467456,7.05962353190303,0.5555555555555556,0.5555555555555556,0.40480339621112144,4,0.40480339621112144,4,0.40480339621112144,1
mcd,5562_IriunWebcam_after,0.621301775147929,2.9564951545969844,0.1111111111111111,0.16666666666666666,-0.1423573421221482,18,0.22450448260179687,18,0.22450448260179687,1
mcd,5562_IriunWebcam_before,0.975609756097561,6.769919787291254,0.05555555555555555,0.05555555555555555,-0.03194908729220968,29,0.09864139801833058,29,0.09864139801833058,1
mcd,5563_FullHDwebcam_after,0.9763313609467456,8.55916343767363,1.0,1.0,-0.82831610538712,-1,-0.82831610538712,-17,0.5965878500638191,1
mcd,5563_FullHDwebcam_before,0.9763313609467456,9.328051955456143,1.0,1.0,-0.7665886992878983,-1,-0.7665886992878983,14,0.537155085403698,1
mcd,5563_IriunWebcam_after,0.975609756097561,8.636882032417823,1.0,1.0,-0.7931134127513214,-5,-0.8121721577610008,11,0.6113637914153783,1
mcd,5563_IriunWebcam_before,0.975609756097561,9.388996248367036,1.0,1.0,0.6350278487150396,-7,-0.8095493572492686,6,0.7147198655941492,1
mcd,5563_USBVideo_after,0.9763313609467456,8.620238304474473,1.0,1.0,0.5366700703365519,-9,-0.7006136954255442,-26,0.6029068282045271,1
mcd,5563_USBVideo_before,0.9763313609467456,9.353801667517182,1.0,1.0,0.6326655092357867,-12,-0.699457075974409,4,0.6326655092357867,1
mcd,5564_FullHDwebcam_after,0.9763313609467456,9.73329895455866,0.05555555555555555,0.05555555555555555,0.17521922260874334,-7,-0.1853049407111122,24,0.17595713426733262,1
mcd,5564_FullHDwebcam_before,0.9763313609467456,7.963387032773031,0.3333333333333333,0.3333333333333333,-0.3360733427776321,-27,-0.35815552523386546,7,0.35430762807265503,1
mcd,5564_IriunWebcam_after,0.9763313609467456,9.563722239724529,0.1111111111111111,0.1111111111111111,0.2073624185688294,1,0.2073624185688294,1,0.2073624185688294,1
mcd,5564_IriunWebcam_before,0.9763313609467456,7.886316809024745,0.2777777777777778,0.2777777777777778,0.2041350956525428,-9,-0.23118880037520156,-21,0.22173089321540881,1
mcd,5564_USBVideo_after,0.9763313609467456,9.859291805709432,0.4444444444444444,0.4444444444444444,0.3183551046186827,-1,0.3183551046186827,-1,0.3183551046186827,1
mcd,5564_USBVideo_before,0.9763313609467456,7.978312271159072,0.1111111111111111,0.1111111111111111,0.16088225299615405,-12,-0.20187177254928695,-22,0.19016809180497748,1
mcd,5587_FullHDwebcam_after,0.9763313609467456,8.803378219278057,0.5,0.5,-0.4869819442808252,-1,-0.4869819442808252,7,0.4101435308698204,1
mcd,5587_FullHDwebcam_before,0.9763313609467456,10.165948106047548,0.7222222222222222,0.7222222222222222,-0.49398351332647766,-2,-0.49398351332647766,6,0.4369604310598781,1
mcd,5587_IriunWebcam_after,0.9770540340488527,8.710693116313038,0.2777777777777778,0.2777777777777778,-0.20982035829003592,-4,-0.20982035829003592,5,0.18267973508769472,1
mcd,5587_IriunWebcam_before,0.9763313609467456,10.06547170503014,0.5,0.5,0.407482113458296,3,0.407482113458296,3,0.407482113458296,1
mcd,5587_USBVideo_after,0.9763313609467456,8.781732296825597,0.0,0.0,0.23536737032250613,2,0.23536737032250613,2,0.23536737032250613,1
mcd,5587_USBVideo_before,0.9763313609467456,9.983426707920433,0.05555555555555555,0.05555555555555555,0.1636350966097824,20,0.1696190410128067,20,0.1696190410128067,1
mcd,5626_FullHDwebcam_after,0.9763313609467456,9.636850025805021,0.5,0.5,-0.3581174539915037,-3,-0.3581174539915037,7,0.2924984523276219,1
mcd,5626_FullHDwebcam_before,0.9763313609467456,11.04814804610913,0.7777777777777778,0.7777777777777778,-0.548993509042391,-17,0.5871513548353612,-17,0.5871513548353612,1
mcd,5626_IriunWebcam_after,0.975609756097561,9.666108613373266,0.16666666666666666,0.16666666666666666,0.19540964114156456,16,-0.2413043156042122,-21,0.2164699276612443,1
mcd,5626_IriunWebcam_before,0.975609756097561,10.887947975001168,0.5,0.5,0.4129936831804518,3,0.4129936831804518,3,0.4129936831804518,1
mcd,5626_USBVideo_after,0.975609756097561,9.544257577855287,0.3888888888888889,0.3888888888888889,0.31944362265928977,1,0.31944362265928977,1,0.31944362265928977,1
mcd,5626_USBVideo_before,0.9763313609467456,10.97169773329161,0.1111111111111111,0.1111111111111111,0.3110107878044274,10,-0.4030432983807975,-1,0.3110107878044274,1
mcd,5637_FullHDwebcam_after,0.9763313609467456,9.185356271308661,0.3888888888888889,0.3888888888888889,-0.4200105117839774,-1,-0.4200105117839774,7,0.39532921414881855,1
mcd,5637_FullHDwebcam_before,0.9763313609467456,8.161821638117843,0.3333333333333333,0.3333333333333333,-0.3354961567475379,-2,-0.3354961567475379,5,0.28182810892181454,1
mcd,5637_IriunWebcam_after,0.975609756097561,8.95037559027637,0.2222222222222222,0.2222222222222222,0.23173819773409052,-6,-0.26255025657195413,-30,0.23643233934872745,1
mcd,5637_IriunWebcam_before,0.975609756097561,7.8530969454285415,0.0,0.0,0.14952021182033667,-17,0.1514050267028263,-17,0.1514050267028263,1
mcd,5637_USBVideo_after,0.9763313609467456,9.182502278903456,0.0,0.0,0.036978396425480904,30,0.08454495416708172,30,0.08454495416708172,1
mcd,5637_USBVideo_before,0.9763313609467456,8.081896229924467,0.0,0.0,0.15431876643801448,-22,0.1683221560875203,-22,0.1683221560875203,1
mcd,5644_FullHDwebcam_after,0.9763313609467456,6.75467427718801,1.0,1.0,-0.6741960124051833,-1,-0.6741960124051833,-12,0.6084505239080579,1
mcd,5644_FullHDwebcam_before,0.9763313609467456,7.105150888035673,1.0,1.0,-0.8232218023729169,-2,-0.8232218023729169,13,0.6596557557623345,1
mcd,5644_IriunWebcam_after,0.9763313609467456,6.9524453772981225,0.6111111111111112,0.6111111111111112,0.49280306695426035,3,0.49280306695426035,3,0.49280306695426035,1
mcd,5644_IriunWebcam_before,0.975609756097561,7.14466434870923,1.0,1.0,0.6166611590756063,-7,-0.7130123483234914,6,0.6665388621955234,1
mcd,5644_USBVideo_after,0.975609756097561,6.6195288782974036,0.4444444444444444,0.4444444444444444,0.3447037180028424,-12,-0.4157858877603391,-22,0.3692550673589535,1
mcd,5644_USBVideo_before,0.975609756097561,7.017119719287418,1.0,1.0,0.5486485447969343,-13,-0.6429681103171477,1,0.5486485447969343,1
mcd,5646_FullHDwebcam_after,0.5769230769230769,4.144023587084671,0.2222222222222222,0.2727272727272727,-0.4699007135238722,-1,-0.4699007135238722,6,0.45297088205939373,1
mcd,5646_FullHDwebcam_before,0.9763313609467456,3.871487121027656,0.3333333333333333,0.375,-0.4242782695041089,-1,-0.4242782695041089,7,0.3994234100351327,1
mcd,5646_IriunWebcam_after,0.5764966740576497,4.244117355398322,0.0,0.0,-0.16746619751151248,-11,0.1857535735481725,-11,0.1857535735481725,1
mcd,5646_IriunWebcam_before,0.9763313609467456,3.992751845052602,0.1111111111111111,0.125,0.31339377068322455,3,0.31339377068322455,3,0.31339377068322455,1
mcd,5646_USBVideo_after,0.5769230769230769,4.030395389323348,0.1111111111111111,0.18181818181818182,0.14216823280292148,-4,0.14216823280292148,-4,0.14216823280292148,1
mcd,5646_USBVideo_before,0.9763313609467456,3.869808368832013,0.0,0.0,0.08359947140092869,23,-0.09998233628201045,-2,0.08359947140092869,1
mcd,5676_FullHDwebcam_after,0.9763313609467456,10.757855378777275,0.2222222222222222,0.2222222222222222,-0.3823889538196932,5,0.39020749506145685,5,0.39020749506145685,1
mcd,5676_FullHDwebcam_before,0.9763313609467456,10.291642808394233,0.2222222222222222,0.2222222222222222,-0.21409651356721873,20,0.22327808720273895,20,0.22327808720273895,1
mcd,5676_IriunWebcam_after,0.9763313609467456,10.63478953425075,0.0,0.0,-0.11996510510073671,4,-0.11996510510073671,12,0.11801240452800024,1
mcd,5676_IriunWebcam_before,0.975609756097561,10.251856019306835,0.0,0.0,0.040487774121060506,-16,0.06208202771730772,-16,0.06208202771730772,1
mcd,5676_USBVideo_after,0.9763313609467456,10.7416278102639,0.0,0.0,0.0889313667513518,-1,0.0889313667513518,-1,0.0889313667513518,1
mcd,5676_USBVideo_before,0.975609756097561,10.300178163880343,0.0,0.0,0.03972732003246162,21,0.05137107702580586,21,0.05137107702580586,1
mcd,5719_FullHDwebcam_after,0.9763313609467456,7.761389175066482,0.7777777777777778,0.7647058823529411,-0.5555070620993875,-1,-0.5555070620993875,8,0.5534777204223998,1
mcd,5719_FullHDwebcam_before,0.9319526627218935,7.017962302787005,1.0,1.0,-0.7290691615790275,-1,-0.7290691615790275,8,0.6038642620322457,1
mcd,5719_IriunWebcam_after,0.9763313609467456,7.698550226981558,0.2222222222222222,0.17647058823529413,0.3621196500263384,3,0.3621196500263384,3,0.3621196500263384,1
mcd,5719_IriunWebcam_before,0.9312638580931264,6.908096684354497,0.7777777777777778,0.8235294117647058,0.4758835117450889,-6,-0.5442307006989004,3,0.4758835117450889,1
mcd,5719_USBVideo_after,0.9763313609467456,7.525827178919836,0.5,0.5294117647058824,0.44723227911391544,0,0.44723227911391544,0,0.44723227911391544,1
mcd,5719_USBVideo_before,0.9319526627218935,6.766464413697732,0.3333333333333333,0.35294117647058826,0.24437942592655718,-21,0.276690648866577,-21,0.276690648866577,1
mcd,5721_FullHDwebcam_after,0.9763313609467456,4.747907181953301,0.9444444444444444,0.9444444444444444,-0.6731740992308792,-4,-0.6731740992308792,7,0.6624121849326517,1
mcd,5721_FullHDwebcam_before,0.9763313609467456,6.5812614821021125,0.9444444444444444,0.9444444444444444,-0.5227530421491658,-5,-0.535059360031629,-17,0.5038384792350193,1
mcd,5721_IriunWebcam_after,0.9763313609467456,4.746378515209964,0.05555555555555555,0.05555555555555555,0.22070782126813612,2,0.22070782126813612,2,0.22070782126813612,1
mcd,5721_IriunWebcam_before,0.9763313609467456,6.676628181958806,0.16666666666666666,0.16666666666666666,0.14874277871830244,-8,-0.21789455178455466,4,0.14874277871830244,1
mcd,5721_USBVideo_after,0.975609756097561,4.775847582291149,0.8888888888888888,0.8888888888888888,0.5582764210125073,-9,-0.5691651764766263,2,0.5582764210125073,1
mcd,5721_USBVideo_before,0.9763313609467456,6.926451832634688,0.4444444444444444,0.4444444444444444,0.4407127407413678,-11,-0.46421462453264445,-22,0.4565508999055862,1
mcd,5733_FullHDwebcam_after,0.9319526627218935,2.9006336938928294,0.6111111111111112,0.6666666666666666,-0.4541563036965843,-4,-0.4541563036965843,7,0.41180102589992434,1
mcd,5733_FullHDwebcam_before,0.621301775147929,2.1183460900113174,0.3333333333333333,0.4,-0.34121393280760176,-14,0.3664796375123674,-14,0.3664796375123674,1
mcd,5733_IriunWebcam_after,0.9319526627218935,3.218838389115259,0.2222222222222222,0.25,0.2709296247228219,-6,-0.3085112167332743,-18,0.2882803879176123,1
mcd,5733_IriunWebcam_before,0.6208425720620843,2.014009871954168,0.2777777777777778,0.2,0.23362140239767237,1,0.23362140239767237,1,0.23362140239767237,1
mcd,5734_FullHDwebcam_after,0.9763313609467456,5.042929612062397,0.6111111111111112,0.6111111111111112,-0.4925644774482371,-5,-0.5080125504302,7,0.41274712775315936,1
mcd,5734_FullHDwebcam_before,0.9763313609467456,5.249964429465173,0.6111111111111112,0.6111111111111112,0.33139548423105775,-8,-0.39451656939136454,6,0.3902550166481878,1
mcd,5734_IriunWebcam_after,0.975609756097561,5.155112618261162,0.3333333333333333,0.3333333333333333,-0.04396797202319325,-20,0.11643434615350565,-20,0.11643434615350565,1
mcd,5734_IriunWebcam_before,0.9763313609467456,5.433159192049243,0.5555555555555556,0.5555555555555556,0.2708576315825108,3,0.2708576315825108,3,0.2708576315825108,1
mcd,5734_USBVideo_after,0.9763313609467456,5.033953329575468,1.0,1.0,0.5875945570495591,-29,0.6129136200723021,-29,0.6129136200723021,1
mcd,5734_USBVideo_before,0.9763313609467456,5.281810631741436,1.0,1.0,0.5661779077054702,-12,-0.6245253206653913,-28,0.601210266973268,1
mcd,5785_FullHDwebcam_after,0.9763313609467456,9.248943879625262,0.8333333333333334,0.8333333333333334,0.5648464371055208,4,0.5648464371055208,4,0.5648464371055208,1
mcd,5785_FullHDwebcam_before,0.9763313609467456,7.896481195095336,0.5555555555555556,0.5555555555555556,-0.3819779835667313,20,-0.3858367462345602,9,0.345896763201371,1
mcd,5785_IriunWebcam_after,0.975609756097561,9.345482227433175,0.3888888888888889,0.3888888888888889,0.09512365047701109,-8,-0.18759287405421146,-1,0.09512365047701109,1
mcd,5785_IriunWebcam_before,0.9763313609467456,8.200676046753511,0.2777777777777778,0.2777777777777778,0.2289638125901289,28,0.23446418946643072,28,0.23446418946643072,1
mcd,5785_USBVideo_before,0.9763313609467456,7.999605879746371,0.3888888888888889,0.3888888888888889,0.3596194643665192,-1,0.3596194643665192,-1,0.3596194643665192,1
mcd,5790_FullHDwebcam_after,0.9763313609467456,7.683099829097597,1.0,1.0,-0.5489747068786688,6,0.551197992416604,6,0.551197992416604,1
mcd,5790_FullHDwebcam_before,0.9763313609467456,7.210841584452514,0.8333333333333334,0.8333333333333334,-0.49437122747455653,-1,-0.49437122747455653,7,0.4848168057319312,1
mcd,5790_IriunWebcam_after,0.975609756097561,7.426114523326968,0.05555555555555555,0.05555555555555555,0.18155299110898024,-25,-0.21619033521607295,-16,0.1876284235448311,1
mcd,5790_IriunWebcam_before,0.9763313609467456,7.090715169086113,0.0,0.0,-0.10979346799644532,26,0.12454838912595703,26,0.12454838912595703,1
mcd,5796_FullHDwebcam_after,0.9763313609467456,8.112906307641586,1.0,1.0,-0.6849977546177991,-2,-0.6849977546177991,7,0.6238960720741454,1
mcd,5796_FullHDwebcam_before,0.9763313609467456,7.455190790396246,1.0,1.0,-0.7031421333115092,-1,-0.7031421333115092,-14,0.6001395830662378,1
mcd,5796_IriunWebcam_after,0.9763313609467456,8.324107976928282,0.3333333333333333,0.3333333333333333,0.40097289033890193,2,0.40097289033890193,2,0.40097289033890193,1
mcd,5796_IriunWebcam_before,0.9763313609467456,7.572508472040497,0.6111111111111112,0.6111111111111112,0.4866707012843187,17,-0.5165377140600942,5,0.5120186941973786,1
mcd,5796_USBVideo_after,0.975609756097561,8.340973991642032,0.2222222222222222,0.2222222222222222,0.27403963515482,9,-0.2921208265229325,-2,0.27403963515482,1
mcd,5796_USBVideo_before,0.9763313609467456,7.3433566620665065,0.6111111111111112,0.6111111111111112,0.4550539288352326,0,0.4550539288352326,0,0.4550539288352326,1
mcd,5800_FullHDwebcam_after,0.9763313609467456,5.310360535848914,0.9444444444444444,0.9444444444444444,-0.650023659117289,-3,-0.650023659117289,6,0.6024825802652347,1
mcd,5800_FullHDwebcam_before,0.9763313609467456,7.918181283165156,0.6666666666666666,0.6666666666666666,-0.511470740747061,-5,-0.5269769432881651,6,0.5257893059697853,1
mcd,5800_IriunWebcam_after,0.9763313609467456,5.510176929701366,0.3333333333333333,0.3333333333333333,0.24856534587249537,12,-0.2722244737968159,21,0.2579738613136551,1
mcd,5800_IriunWebcam_before,0.975609756097561,8.043138688953578,0.5,0.5,0.37155268879049086,-20,0.4071382233583325,-20,0.4071382233583325,1
mcd,5800_USBVideo_after,0.9763313609467456,5.911810940364727,0.05555555555555555,0.05555555555555555,0.2315456889574602,-1,0.2315456889574602,-1,0.2315456889574602,1
mcd,5800_USBVideo_before,0.9763313609467456,7.890085093827453,0.5,0.5,0.4254136686070831,-1,0.4254136686070831,-1,0.4254136686070831,1
mcd,5811_FullHDwebcam_after,0.9319526627218935,4.065994771316584,0.8888888888888888,0.9333333333333333,-0.6363993718875568,-2,-0.6363993718875568,8,0.5327670399650737,1
mcd,5811_FullHDwebcam_before,0.9763313609467456,6.611026666273031,0.8888888888888888,0.8888888888888888,-0.618926910217429,-2,-0.618926910217429,9,0.5332838968025637,1
mcd,5811_IriunWebcam_after,0.7982261640798226,4.099791767939056,0.7222222222222222,0.7142857142857143,0.4296437967995465,-6,-0.4588580356201122,4,0.4296437967995465,1
mcd,5811_IriunWebcam_before,0.9763313609467456,6.3712734790804095,0.7777777777777778,0.7777777777777778,-0.45782766687840626,-6,-0.5198770816381467,-18,0.4714361486263289,1
mcd,5811_USBVideo_after,0.9319526627218935,3.8335453565099673,0.5,0.6,0.43733366711395544,-1,0.43733366711395544,-1,0.43733366711395544,1
mcd,5811_USBVideo_before,0.9763313609467456,6.65776125175749,0.3888888888888889,0.3888888888888889,0.37386151740162116,1,0.37386151740162116,1,0.37386151740162116,1
mcd,5822_FullHDwebcam_after,0.9763313609467456,9.00723034085302,0.8888888888888888,0.8888888888888888,-0.6417402311508922,-1,-0.6417402311508922,6,0.6004466997904434,1
mcd,5822_FullHDwebcam_before,0.9763313609467456,7.797356737494857,1.0,1.0,-0.7680863191262562,-1,-0.7680863191262562,-13,0.598631281807693,1
mcd,5822_IriunWebcam_after,0.975609756097561,8.96739724278644,0.2222222222222222,0.2222222222222222,0.23650403523244637,-24,-0.2633263969017779,2,0.23650403523244637,1
mcd,5822_IriunWebcam_before,0.9763313609467456,7.953637710487306,0.6111111111111112,0.6111111111111112,0.33698125919631616,14,-0.3673419118278726,22,0.3559066124137091,1
mcd,5822_USBVideo_after,0.9763313609467456,8.91184625220566,0.05555555555555555,0.05555555555555555,0.12115144698995373,-21,0.12360086548210715,-21,0.12360086548210715,1
mcd,5822_USBVideo_before,0.9763313609467456,8.040089579091708,0.05555555555555555,0.05555555555555555,0.2959833019420251,17,0.3129332488110437,17,0.3129332488110437,1
mcd,5833_FullHDwebcam_after,0.9763313609467456,6.449405767854305,0.4444444444444444,0.4444444444444444,0.2464814775841649,-16,0.2766933322442486,-16,0.2766933322442486,1
mcd,5833_FullHDwebcam_before,0.9763313609467456,6.615611683539328,0.3888888888888889,0.3888888888888889,0.366245799513799,4,0.366245799513799,4,0.366245799513799,1
mcd,5833_IriunWebcam_after,0.9763313609467456,7.0058184107309,0.0,0.0,-0.08384518546668553,23,0.12551616700968862,23,0.12551616700968862,1
mcd,5833_IriunWebcam_before,0.975609756097561,6.588187914510868,0.05555555555555555,0.05555555555555555,-0.11912791645715617,-19,-0.150256472890038,-10,0.1430432306688061,1
mcd,5860_FullHDwebcam_after,0.9763313609467456,5.827168994426538,0.5555555555555556,0.5555555555555556,-0.3715945581170036,16,-0.3725211580241675,8,0.34306799898404905,1
mcd,5860_FullHDwebcam_before,0.9763313609467456,5.214529479486269,0.1111111111111111,0.1111111111111111,-0.3305562180240793,15,-0.3681415796541529,6,0.355340043357464,1
mcd,5860_IriunWebcam_after,0.9763313609467456,5.5273610460636835,0.1111111111111111,0.1111111111111111,-0.19902591924888643,-5,-0.20964341637049594,-14,0.1976074183242967,1
mcd,5860_IriunWebcam_before,0.975609756097561,5.278390787710441,0.1111111111111111,0.1111111111111111,-0.1589421079567413,-5,-0.170863482274744,-13,0.1685075792180566,1
mcd,5904_FullHDwebcam_after,0.7544378698224852,4.714105077476539,0.1111111111111111,0.14285714285714285,-0.2485083986746624,-2,-0.2485083986746624,6,0.22763388011456467,1
mcd,5904_FullHDwebcam_before,0.7544378698224852,8.454452361221158,0.2222222222222222,0.2,-0.3043517906821603,-2,-0.3043517906821603,-11,0.2768067258170025,1
mcd,5904_IriunWebcam_after,0.753880266075388,4.724080799256686,0.0,0.0,0.27224962239179545,3,0.27224962239179545,3,0.27224962239179545,1
mcd,5904_IriunWebcam_before,0.7544378698224852,8.271408298488918,0.0,0.0,0.1529665763971765,3,0.1529665763971765,3,0.1529665763971765,1
mcd,5904_USBVideo_after,0.7544378698224852,4.621884662266492,0.05555555555555555,0.07692307692307693,0.14655778072178688,-1,0.14655778072178688,-1,0.14655778072178688,1
mcd,5904_USBVideo_before,0.7544378698224852,8.572200983726946,0.05555555555555555,0.0,0.0905714652459884,10,-0.1190090223203427,19,0.09232319412556518,1
mcd,5909_FullHDwebcam_after,0.9763313609467456,10.111076643025367,1.0,1.0,-0.7212641062191286,-2,-0.7212641062191286,7,0.635509745889846,1
mcd,5909_FullHDwebcam_before,0.9763313609467456,8.287602743835949,1.0,1.0,-0.7424737504684105,-3,-0.7424737504684105,9,0.6342268314299719,1
mcd,5909_IriunWebcam_after,0.9763313609467456,10.079579310696916,0.1111111111111111,0.1111111111111111,0.06815605919154387,-28,-0.10283718253869131,-20,0.08238310300077611,1
mcd,5909_IriunWebcam_before,0.9763313609467456,7.951736324315716,0.1111111111111111,0.1111111111111111,0.1180871430229859,-24,0.18283464937429444,-24,0.18283464937429444,1
mcd,5921_FullHDwebcam_after,0.9763313609467456,9.493807313355639,0.8333333333333334,0.8333333333333334,-0.5117380834608155,5,0.5411726956366602,5,0.5411726956366602,1
mcd,5921_FullHDwebcam_before,0.9763313609467456,4.989051172110083,0.5555555555555556,0.5555555555555556,0.5334673980619483,5,0.5373636194617171,5,0.5373636194617171,1
mcd,5921_IriunWebcam_after,0.9763313609467456,9.516562995609316,0.2222222222222222,0.2222222222222222,0.12127451054169726,29,-0.162744072844332,-19,0.14243538632249791,1
mcd,5921_IriunWebcam_before,0.975609756097561,5.120807117575471,0.2222222222222222,0.2222222222222222,0.14557728488354812,-21,0.15474933091637924,-21,0.15474933091637924,1
mcd,5921_USBVideo_after,0.9763313609467456,9.482330111953178,0.05555555555555555,0.05555555555555555,0.19822904991885357,-6,-0.2062961775216456,2,0.19822904991885357,1
mcd,5921_USBVideo_before,0.9763313609467456,5.07272385421931,0.3333333333333333,0.3333333333333333,0.26302302492571594,-20,0.2767210641859072,-20,0.2767210641859072,1
mcd,5928_FullHDwebcam_after,0.9763313609467456,5.213505882100832,0.8333333333333334,0.8333333333333334,-0.5526822558607742,7,0.5950305960652752,7,0.5950305960652752,1
mcd,5928_FullHDwebcam_before,0.9763313609467456,5.492531971436976,0.9444444444444444,0.9444444444444444,-0.6365744136892995,8,0.6434116360320258,8,0.6434116360320258,1
mcd,5928_IriunWebcam_after,0.975609756097561,5.373874420655782,0.16666666666666666,0.16666666666666666,0.23664700939935593,-7,-0.2911279583810751,-19,0.2739644113024304,1
mcd,5928_IriunWebcam_before,0.975609756097561,5.634532490575688,0.2222222222222222,0.2222222222222222,-0.23304360218533693,-18,0.24973542369269772,-18,0.24973542369269772,1
mcd,5938_FullHDwebcam_after,0.9763313609467456,9.146350037979333,0.5555555555555556,0.5555555555555556,0.44442558634977747,4,0.44442558634977747,4,0.44442558634977747,1
mcd,5938_FullHDwebcam_before,0.9763313609467456,8.538056988187495,0.8888888888888888,0.8888888888888888,-0.5560110337854002,-4,-0.5560110337854002,5,0.5457292879878346,1
mcd,5938_IriunWebcam_after,0.975609756097561,9.240902310144033,0.6111111111111112,0.6111111111111112,0.2663815827474678,12,-0.3025261257963861,22,0.29480374300460666,1
mcd,5938_IriunWebcam_before,0.975609756097561,8.397113382694318,0.1111111111111111,0.1111111111111111,-0.13266556995519793,-30,0.21717747229811052,-30,0.21717747229811052,1
mcd,5938_USBVideo_before,0.975609756097561,8.527011264159622,0.2777777777777778,0.2777777777777778,-0.15374335182117999,-14,0.2194689823729926,-14,0.2194689823729926,1
mcd,5948_FullHDwebcam_after,0.9763313609467456,6.473703113687832,0.7777777777777778,0.7777777777777778,-0.5737734763109065,-2,-0.5737734763109065,6,0.5575670975260786,1
mcd,5948_FullHDwebcam_before,0.9763313609467456,8.573143165284797,0.9444444444444444,0.9444444444444444,-0.5091422854513964,6,0.5107003090041773,6,0.5107003090041773,1
mcd,5948_IriunWebcam_after,0.9763313609467456,6.717130257673832,0.05555555555555555,0.05555555555555555,0.2009479433265202,25,-0.21358546522750177,2,0.2009479433265202,1
mcd,5948_IriunWebcam_before,0.9763313609467456,8.533566911638381,0.6666666666666666,0.6666666666666666,0.38865686094309443,-6,-0.4353677019209267,4,0.38865686094309443,1
mcd,5974_FullHDwebcam_after,0.9763313609467456,9.544892559001106,0.16666666666666666,0.16666666666666666,-0.1731776577685674,-15,0.17524997724099559,-15,0.17524997724099559,1
mcd,5974_FullHDwebcam_before,0.9763313609467456,5.9014947889795275,0.7222222222222222,0.7222222222222222,-0.45792712391231416,5,0.49312134415099723,5,0.49312134415099723,1
mcd,5974_IriunWebcam_after,0.9763313609467456,9.495436904298431,0.1111111111111111,0.1111111111111111,0.05966951595714189,23,0.08526910142436583,23,0.08526910142436583,1
mcd,5974_IriunWebcam_before,0.9763313609467456,6.1815204252319775,0.05555555555555555,0.05555555555555555,0.08344327698498151,10,-0.101124292698683,-29,0.09111803161198713,1
mcd,5980_FullHDwebcam_after,0.9763313609467456,5.768996956847534,0.8888888888888888,0.8888888888888888,-0.6542773700831821,-4,-0.6542773700831821,9,0.6141195826775669,1
mcd,5980_FullHDwebcam_before,0.9763313609467456,6.058092190680704,0.7222222222222222,0.7222222222222222,-0.5313435051796896,-4,-0.5313435051796896,6,0.49509102733247273,1
mcd,5980_IriunWebcam_after,0.975609756097561,5.875807068510294,0.4444444444444444,0.4444444444444444,-0.21247160953395128,23,-0.36659000778521883,10,0.23694493634735653,1
mcd,5980_IriunWebcam_before,0.975609756097561,6.131267085389332,0.1111111111111111,0.1111111111111111,-0.11058219693439206,-7,-0.1656807253568525,-16,0.1619553546096322,1
mcd,5989_FullHDwebcam_after,0.621301775147929,2.6435116669640073,0.3333333333333333,0.38461538461538464,-0.5344067347127835,-2,-0.5344067347127835,7,0.4333873331094761,1
mcd,5989_FullHDwebcam_before,0.9763313609467456,3.9504052630627804,0.8333333333333334,0.8235294117647058,-0.610058241989248,-2,-0.610058241989248,9,0.46338901949703126,1
mcd,5989_IriunWebcam_after,0.6208425720620843,2.6002821216835783,0.3333333333333333,0.46153846153846156,-0.23028369550265526,-6,-0.295562801753821,-15,0.23323970355128368,1
mcd,5989_IriunWebcam_before,0.975609756097561,4.126603445934424,0.5,0.5294117647058824,0.3914743443720022,4,0.3914743443720022,4,0.3914743443720022,1
mcd,5989_USBVideo_after,0.621301775147929,2.704394754109733,0.2222222222222222,0.3076923076923077,0.09714624752048102,-22,0.1405070158326186,-22,0.1405070158326186,1
mcd,5989_USBVideo_before,0.9763313609467456,4.326993061042868,0.2777777777777778,0.23529411764705882,0.31335226750375383,0,0.31335226750375383,0,0.31335226750375383,1
mcd,6008_FullHDwebcam_after,0.9763313609467456,6.2924756698541895,0.8888888888888888,0.8888888888888888,-0.6735286228968705,-1,-0.6735286228968705,10,0.58291464644049,1
mcd,6008_FullHDwebcam_before,0.8431952662721893,4.213835623410693,0.8333333333333334,0.875,-0.6542135347256022,-2,-0.6542135347256022,8,0.5558853612009633,1
mcd,6008_IriunWebcam_after,0.975609756097561,6.25267968192272,0.4444444444444444,0.4444444444444444,0.4664424002211336,5,0.4752305749532059,5,0.4752305749532059,1
mcd,6008_IriunWebcam_before,0.8425720620842572,4.329156297931787,0.3888888888888889,0.375,0.3392413656824854,4,0.3392413656824854,4,0.3392413656824854,1
mcd,6008_USBVideo_after,0.9763313609467456,6.292858259311433,0.1111111111111111,0.1111111111111111,0.28985790577991916,0,0.28985790577991916,0,0.28985790577991916,1
mcd,6008_USBVideo_before,0.8431952662721893,4.141796835314476,0.3333333333333333,0.375,0.21693548396028467,14,-0.22645331413850447,0,0.21693548396028467,1
mcd,6028_FullHDwebcam_after,0.9763313609467456,7.53797354709466,0.3333333333333333,0.3333333333333333,-0.3551978146158459,-2,-0.3551978146158459,-10,0.3507108574574886,1
mcd,6028_FullHDwebcam_before,0.9763313609467456,6.611137531911778,0.1111111111111111,0.1111111111111111,0.23312026481774045,-14,0.24746057138232205,-14,0.24746057138232205,1
mcd,6028_IriunWebcam_after,0.9763313609467456,7.469517325079092,0.05555555555555555,0.05555555555555555,-0.2136645792199638,14,-0.22411766561038665,-11,0.21689280371639252,1
mcd,6028_IriunWebcam_before,0.9763313609467456,6.416337897671162,0.2777777777777778,0.2777777777777778,0.17347899128238561,17,0.20167436484508605,17,0.20167436484508605,1
mcd,6031_FullHDwebcam_after,0.9763313609467456,7.234722202877082,0.8888888888888888,0.8888888888888888,-0.6887337051757743,-5,-0.6895488492248798,-22,0.5710106472925657,1
mcd,6031_FullHDwebcam_before,0.9763313609467456,7.648814102184456,0.8888888888888888,0.8888888888888888,0.495283651736013,-8,-0.5591039657316257,5,0.5195156315419589,1
mcd,6031_IriunWebcam_after,0.975609756097561,7.228148313118948,0.6666666666666666,0.6666666666666666,0.3393416836579586,8,0.47559804669968786,8,0.47559804669968786,1
mcd,6031_IriunWebcam_before,0.9763313609467456,7.755294833212938,0.5,0.5,0.34926028124335073,-28,0.34987334555809596,-28,0.34987334555809596,1
mcd,6042_FullHDwebcam_after,0.9763313609467456,8.140252866187037,0.9444444444444444,0.9444444444444444,-0.5696905131211537,5,0.5996324473481414,5,0.5996324473481414,1
mcd,6042_FullHDwebcam_before,0.9763313609467456,7.320612147510767,0.9444444444444444,0.9444444444444444,-0.598803292119218,5,0.6056926186606715,5,0.6056926186606715,1
mcd,6042_IriunWebcam_after,0.9763313609467456,8.107468893277225,0.0,0.0,0.08895002137523818,0,0.08895002137523818,0,0.08895002137523818,1
mcd,6042_IriunWebcam_before,0.975609756097561,7.357102404223103,0.2222222222222222,0.2222222222222222,0.08979205106738082,30,0.156129285244817,30,0.156129285244817,1
mcd,6066_FullHDwebcam_after,0.9763313609467456,5.25370458863787,0.0,0.0,-0.3008023209474689,-2,-0.3008023209474689,5,0.26890190594058316,1
mcd,6066_FullHDwebcam_before,0.9319526627218935,2.1120108525617622,0.5555555555555556,0.625,-0.3556997797638383,6,0.4006497083877993,6,0.4006497083877993,1
mcd,6066_IriunWebcam_after,0.9763313609467456,5.11489272704841,0.16666666666666666,0.16666666666666666,0.12992568873510005,-18,0.1651044479245087,-18,0.1651044479245087,1
mcd,6066_IriunWebcam_before,0.9319526627218935,1.9003124595792966,0.2222222222222222,0.1875,-0.22884348136036103,-16,0.2728429472223232,-16,0.2728429472223232,1
mcd,6066_USBVideo_before,0.9319526627218935,2.0705118124925037,0.16666666666666666,0.1875,0.29225955723583347,30,-0.31944648403973636,1,0.29225955723583347,1
mcd,6082_FullHDwebcam_after,0.9763313609467456,9.87739648145666,0.6666666666666666,0.6666666666666666,-0.3540263066291676,6,0.40588383339250816,6,0.40588383339250816,1
mcd,6082_FullHDwebcam_before,0.9763313609467456,7.9083923992673615,0.8333333333333334,0.8333333333333334,-0.6428967423416575,-5,-0.6625458693419007,7,0.5838991742986744,1
mcd,6082_IriunWebcam_after,0.9763313609467456,9.707427468304989,0.2222222222222222,0.2222222222222222,0.1875508207934827,21,0.19703527069004872,21,0.19703527069004872,1
mcd,6082_IriunWebcam_before,0.975609756097561,7.8159460932143245,0.16666666666666666,0.16666666666666666,0.052604378851811545,-30,0.11939526220000994,-30,0.11939526220000994,1
mcd,6082_USBVideo_after,0.9763313609467456,9.849677414002095,0.4444444444444444,0.4444444444444444,0.43399425887110654,0,0.43399425887110654,0,0.43399425887110654,1
mcd,6082_USBVideo_before,0.9763313609467456,7.723071430302159,0.6666666666666666,0.6666666666666666,0.5658009559123706,-24,0.5935999374844904,-24,0.5935999374844904,1
mcd,6091_FullHDwebcam_after,0.9763313609467456,8.222178895919164,0.7222222222222222,0.7222222222222222,-0.4943850633869977,20,-0.5331090640257059,6,0.5019865787756823,1
mcd,6091_FullHDwebcam_before,0.9763313609467456,6.6172056550081235,0.7222222222222222,0.7222222222222222,-0.3244365723596726,-7,-0.38054296825982653,6,0.36164263101641936,1
mcd,6091_IriunWebcam_after,0.9763313609467456,8.197332019029332,0.7222222222222222,0.7222222222222222,0.17350910899620767,15,-0.2327767420293026,3,0.17350910899620767,1
mcd,6091_IriunWebcam_before,0.9763313609467456,6.644271115659432,0.4444444444444444,0.4444444444444444,0.15092931438231547,28,0.18223002485859188,28,0.18223002485859188,1
mcd,6091_USBVideo_after,0.9763313609467456,8.199166487834372,0.5,0.5,0.30986069198602567,-9,-0.33733709449443605,-24,0.31897161727404794,1
mcd,6091_USBVideo_before,0.9763313609467456,6.585635262130317,0.3333333333333333,0.3333333333333333,0.3099111541644064,-11,-0.3470880917011661,-28,0.3422478671454472,1
mcd,6097_FullHDwebcam_after,0.9763313609467456,8.26301086628366,0.7777777777777778,0.7777777777777778,-0.47855429190141185,5,0.5193773719741648,5,0.5193773719741648,1
mcd,6097_FullHDwebcam_before,0.9763313609467456,5.669834975630941,0.9444444444444444,0.9444444444444444,-0.7254308291261469,-1,-0.7254308291261469,-12,0.6127574797201117,1
mcd,6097_IriunWebcam_after,0.9763313609467456,8.352560730709751,0.16666666666666666,0.16666666666666666,0.2469356505811421,3,0.2469356505811421,3,0.2469356505811421,1
mcd,6097_IriunWebcam_before,0.9763313609467456,5.492077055383086,0.2222222222222222,0.2222222222222222,0.16278814922143472,0,0.16278814922143472,0,0.16278814922143472,1
mcd,6114_FullHDwebcam_after,0.9763313609467456,9.905494412114727,0.7777777777777778,0.7777777777777778,-0.4715433942670312,5,0.4958045516023839,5,0.4958045516023839,1
mcd,6114_FullHDwebcam_before,0.9763313609467456,9.572444637726118,1.0,1.0,0.6277335549921625,-5,-0.6751654065538362,5,0.668039723964162,1
mcd,6114_IriunWebcam_after,0.975609756097561,9.932002937367802,0.2222222222222222,0.2222222222222222,0.03014010519645258,25,0.05505274533330783,25,0.05505274533330783,1
mcd,6114_IriunWebcam_before,0.9763313609467456,9.62319003773225,0.3888888888888889,0.3888888888888889,-0.13343471317664696,-6,-0.18182294607744662,7,0.15100011925925114,1
mcd,6114_USBVideo_after,0.9763313609467456,10.14228131766577,0.4444444444444444,0.4444444444444444,0.4447192029445218,12,-0.4630999292546469,0,0.4447192029445218,1
mcd,6114_USBVideo_before,0.9763313609467456,9.576173836532611,0.8888888888888888,0.8888888888888888,0.5299866510042308,-11,-0.5420309295405038,1,0.5299866510042308,1
mcd,6127_FullHDwebcam_after,0.9763313609467456,5.385338978210701,0.7777777777777778,0.875,-0.643892489954125,-1,-0.643892489954125,9,0.4845724882731895,1
mcd,6127_FullHDwebcam_before,0.9763313609467456,9.56827740956333,0.9444444444444444,0.9444444444444444,-0.5820647134309203,0,-0.5820647134309203,8,0.4288454497802432,1
mcd,6127_IriunWebcam_after,0.9763313609467456,5.223500408094479,0.3888888888888889,0.4375,-0.33231972843985486,-6,-0.37779437400454174,5,0.33856059787258663,1
mcd,6127_IriunWebcam_before,0.975609756097561,9.534647340858413,0.6666666666666666,0.6666666666666666,0.45787105819255336,4,0.45787105819255336,4,0.45787105819255336,1
mcd,6127_USBVideo_after,0.9763313609467456,5.459706807333825,0.2222222222222222,0.25,0.22929576619011355,-12,-0.3093955084359066,0,0.22929576619011355,1
mcd,6127_USBVideo_before,0.9763313609467456,9.678703690785081,0.2222222222222222,0.2222222222222222,0.22804504188454505,-22,0.2304445000547877,-22,0.2304445000547877,1
mcd,6137_FullHDwebcam_after,0.9763313609467456,8.855554964848402,0.9444444444444444,0.9444444444444444,-0.6351347054896403,-2,-0.6351347054896403,11,0.5139925734382969,1
mcd,6137_FullHDwebcam_before,0.9763313609467456,9.469028650168223,0.8888888888888888,0.8888888888888888,-0.5919695213923846,25,-0.601733639010221,9,0.555842310149426,1
mcd,6137_IriunWebcam_after,0.9770540340488527,8.796368040288773,0.6111111111111112,0.6111111111111112,0.38736904666432775,-8,-0.46274441073191447,-24,0.43869208923742703,1
mcd,6137_IriunWebcam_before,0.975609756097561,9.5271804115932,0.7222222222222222,0.7222222222222222,0.4729402234497632,-26,0.4976487558962087,-26,0.4976487558962087,1
mcd,6137_USBVideo_before,0.9763313609467456,9.318282691864978,0.8333333333333334,0.8333333333333334,0.5141540291696173,27,0.5174591762689339,27,0.5174591762689339,1
mcd,6145_FullHDwebcam_after,0.9763313609467456,7.412315995960602,0.8333333333333334,0.8333333333333334,-0.4809572253949214,5,0.4954622146772962,5,0.4954622146772962,1
mcd,6145_FullHDwebcam_before,0.9763313609467456,7.216262398867862,1.0,1.0,-0.7071528013833105,-3,-0.7071528013833105,-14,0.6474250866332517,1
mcd,6145_IriunWebcam_after,0.975609756097561,7.329009753320722,0.0,0.0,-0.09594790887778853,6,0.1254116778329665,6,0.1254116778329665,1
mcd,6145_IriunWebcam_before,0.975609756097561,7.351096473223174,0.4444444444444444,0.4444444444444444,0.04650590109620727,-15,-0.08345444363641163,-27,0.07814980870218814,1
mcd,6176_FullHDwebcam_after,0.9763313609467456,6.204032406198919,0.8333333333333334,0.8823529411764706,-0.6006941739574005,-3,-0.6006941739574005,6,0.5592629223367044,1
mcd,6176_FullHDwebcam_before,0.9763313609467456,4.965984787829091,0.8333333333333334,0.8333333333333334,-0.6077747650346919,6,0.6199031836197871,6,0.6199031836197871,1
mcd,6176_IriunWebcam_after,0.975609756097561,6.189360215286175,0.05555555555555555,0.0,0.11313041033655338,-20,0.1132180157102695,-20,0.1132180157102695,1
mcd,6176_IriunWebcam_before,0.975609756097561,5.095370215689479,0.1111111111111111,0.1111111111111111,0.15525779157729255,24,0.17112017778568686,24,0.17112017778568686,1
mcd,6176_USBVideo_after,0.975609756097561,6.360191068693382,0.3333333333333333,0.35294117647058826,0.4766486718308765,2,0.4766486718308765,2,0.4766486718308765,1
mcd,6176_USBVideo_before,0.975609756097561,4.676046835324465,0.7222222222222222,0.7222222222222222,0.5005805867172615,-8,-0.5304384816274633,2,0.5005805867172615,1
mcd,6193_FullHDwebcam_after,0.04437869822485207,-1.4861844260270547,0.6111111111111112,1.0,-0.7430298506696285,-1,-0.7430298506696285,-13,0.5555880348605448,0
mcd,6193_FullHDwebcam_before,0.9763313609467456,1.5057082454308133,0.7777777777777778,0.75,-0.65695764454751,-2,-0.65695764454751,-14,0.5279731884326418,1
mcd,6193_IriunWebcam_after,0.04434589800443459,-1.5335989424651228,0.16666666666666666,0.0,0.4169814860788645,5,0.41986135400014224,5,0.41986135400014224,0
mcd,6193_IriunWebcam_before,0.9763313609467456,1.4340274785842564,0.4444444444444444,0.4666666666666667,0.38466481428803523,4,0.38466481428803523,4,0.38466481428803523,1
mcd,6193_USBVideo_after,0.04437869822485207,-1.4936611922115253,0.1111111111111111,0.0,0.25325037612403684,-12,-0.2932177153887327,-2,0.25325037612403684,0
mcd,6193_USBVideo_before,0.9763313609467456,1.302859135067238,0.4444444444444444,0.5333333333333333,0.37615190667410003,1,0.37615190667410003,1,0.37615190667410003,1
mcd,6223_FullHDwebcam_after,0.9763313609467456,7.060064491418932,0.6111111111111112,0.6470588235294118,-0.48979919350106155,-3,-0.48979919350106155,6,0.4256205685315124,1
mcd,6223_FullHDwebcam_before,0.9763313609467456,9.731686995362121,0.8333333333333334,0.8333333333333334,-0.4496139416967485,-15,0.45873547484144783,-15,0.45873547484144783,1
mcd,6223_IriunWebcam_after,0.975609756097561,7.174982415977562,0.0,0.0,0.15487366926187998,3,0.15487366926187998,3,0.15487366926187998,1
mcd,6223_IriunWebcam_before,0.9763313609467456,9.6283735298786,0.05555555555555555,0.05555555555555555,-0.11223884179164632,-16,0.11704203765571486,-16,0.11704203765571486,1
mcd,6223_USBVideo_after,0.9763313609467456,7.144849818863607,0.3888888888888889,0.4117647058823529,0.39310406309631735,0,0.39310406309631735,0,0.39310406309631735,1
mcd,6223_USBVideo_before,0.9763313609467456,9.778744248500082,0.5,0.5,0.2783841205952279,-7,-0.297561328965735,21,0.28495665176318613,1
mcd,6245_FullHDwebcam_after,0.9763313609467456,8.954081767458836,0.6666666666666666,0.6666666666666666,0.33797580955773504,18,-0.3652629553280816,4,0.33797580955773504,1
mcd,6245_FullHDwebcam_before,0.9763313609467456,5.308037146355601,0.7222222222222222,0.7222222222222222,0.3713654457779703,5,0.39647756938035755,5,0.39647756938035755,1
mcd,6245_IriunWebcam_after,0.975609756097561,8.795868744631868,0.3888888888888889,0.3888888888888889,0.1912675120551403,5,0.19453600843762056,5,0.19453600843762056,1
mcd,6245_IriunWebcam_before,0.975609756097561,5.543020422119227,0.0,0.0,0.2068386972383305,-6,-0.24171887639597622,3,0.2068386972383305,1
mcd,6245_USBVideo_after,0.9763313609467456,8.995317744586206,0.0,0.0,0.1118167752575452,21,0.17179941496457085,21,0.17179941496457085,1
mcd,6245_USBVideo_before,0.9763313609467456,5.391128668549645,0.2222222222222222,0.2222222222222222,0.22477533680132503,-23,0.22985356638091148,-23,0.22985356638091148,1
mcd,6255_FullHDwebcam_after,0.9763313609467456,8.42740351851846,0.7222222222222222,0.7222222222222222,-0.38726045844570367,-20,-0.39187135303174087,6,0.38370593908360456,1
mcd,6255_FullHDwebcam_before,0.9763313609467456,8.946149025641343,0.5,0.5,-0.4397052386021342,0,-0.4397052386021342,-10,0.3017540405425227,1
mcd,6255_IriunWebcam_after,0.9763313609467456,8.491860238595663,0.3333333333333333,0.3333333333333333,-0.25164599831574463,-5,-0.2635186998485718,-16,0.22734551952981447,1
mcd,6255_IriunWebcam_before,0.9763313609467456,8.90379762203927,0.3333333333333333,0.3333333333333333,-0.2478901887356786,-6,-0.2879450348032984,-19,0.2473485714083144,1
mcd,6255_USBVideo_after,0.975609756097561,8.494269676690854,0.2777777777777778,0.2777777777777778,0.3016963981162999,0,0.3016963981162999,0,0.3016963981162999,1
mcd,6255_USBVideo_before,0.9763313609467456,8.95357386630793,0.5,0.5,0.36002642529082163,0,0.36002642529082163,0,0.36002642529082163,1
mcd,6277_FullHDwebcam_after,0.9763313609467456,7.4695362048590095,0.5,0.5,-0.46258790380012427,-3,-0.46258790380012427,7,0.40603561200224003,1
mcd,6277_FullHDwebcam_before,0.9763313609467456,6.543559484817218,0.8333333333333334,0.8333333333333334,-0.415020309541194,23,-0.44713309818746927,8,0.39019221575627006,1
mcd,6277_IriunWebcam_after,0.9770540340488527,7.464330432630193,0.7222222222222222,0.7222222222222222,0.36513693052958274,3,0.36513693052958274,3,0.36513693052958274,1
mcd,6277_IriunWebcam_before,0.975609756097561,6.389340372706481,0.4444444444444444,0.4444444444444444,0.20904412558514093,20,-0.24361269407097813,-25,0.23297554186531702,1
mcd,6277_USBVideo_after,0.975609756097561,7.330334534746742,0.4444444444444444,0.4444444444444444,0.29543133422231105,-1,0.29543133422231105,-1,0.29543133422231105,1
mcd,6277_USBVideo_before,0.9763313609467456,6.575107397524875,0.3888888888888889,0.3888888888888889,0.31212471388971885,2,0.31212471388971885,2,0.31212471388971885,1
mcd,6281_FullHDwebcam_after,0.9763313609467456,7.008163497038208,0.7777777777777778,0.7777777777777778,-0.5915198801322682,-2,-0.5915198801322682,6,0.5591060229737586,1
mcd,6281_FullHDwebcam_before,0.9763313609467456,6.923001948576922,1.0,1.0,-0.6219713657091616,-2,-0.6219713657091616,7,0.47947469964685346,1
mcd,6281_IriunWebcam_after,0.9763313609467456,7.035557425279703,0.0,0.0,0.1288028443686639,18,0.16168028011516958,18,0.16168028011516958,1
mcd,6281_IriunWebcam_before,0.975609756097561,6.971213600559413,0.16666666666666666,0.16666666666666666,0.06330089893670389,-28,-0.13831915636426984,-17,0.10383866469717185,1
mcd,6281_USBVideo_after,0.9763313609467456,7.211030310118295,0.0,0.0,0.22087375796065997,-9,-0.23656971253059506,-18,0.22664687211022627,1
mcd,6289_FullHDwebcam_after,0.9763313609467456,5.861387798790388,0.7777777777777778,0.7777777777777778,-0.5731619865724241,1,-0.5731619865724241,10,0.4772887074126236,1
mcd,6289_FullHDwebcam_before,0.9763313609467456,10.271751528143014,1.0,1.0,-0.5896784535984795,-1,-0.5896784535984795,7,0.5801394490608053,1
mcd,6289_IriunWebcam_after,0.975609756097561,5.670779702328517,0.2222222222222222,0.2222222222222222,-0.14931456305271715,8,0.19323820446553888,8,0.19323820446553888,1
mcd,6289_IriunWebcam_before,0.9763313609467456,10.168572785431142,0.3888888888888889,0.3888888888888889,-0.3141967396540356,-5,-0.32155595436954026,4,0.2867322351288184,1
mcd,6289_USBVideo_after,0.9763313609467456,5.897951336711193,0.16666666666666666,0.16666666666666666,0.2387936425589384,11,-0.27235896480404037,2,0.2387936425589384,1
mcd,6289_USBVideo_before,0.9763313609467456,10.318234927240864,0.05555555555555555,0.05555555555555555,0.24431068386316074,-2,0.24431068386316074,-2,0.24431068386316074,1
mcd,6304_FullHDwebcam_after,0.9763313609467456,4.4839322795760665,0.5,0.5,-0.38951026040128783,-3,-0.38951026040128783,8,0.3875471977894546,1
mcd,6304_FullHDwebcam_before,0.9763313609467456,9.730008036803271,0.6666666666666666,0.6666666666666666,-0.44400816848502345,21,-0.44734199356275217,8,0.34931669717114927,1
mcd,6304_IriunWebcam_after,0.975609756097561,4.4084408851212835,0.5,0.5,0.3208760044311119,27,0.327630587465281,27,0.327630587465281,1
mcd,6304_IriunWebcam_before,0.9763313609467456,9.866405955242833,0.5555555555555556,0.5555555555555556,0.4127146390526404,-9,-0.4191961548705658,1,0.4127146390526404,1
mcd,6304_USBVideo_after,0.9763313609467456,4.458783760250409,0.3888888888888889,0.3888888888888889,0.2592333123145582,13,-0.3350510572822603,-3,0.2592333123145582,1
mcd,6304_USBVideo_before,0.9763313609467456,9.75246611934957,0.5555555555555556,0.5555555555555556,0.3939061213722229,-3,0.3939061213722229,-3,0.3939061213722229,1
mcd,6307_FullHDwebcam_after,0.9763313609467456,2.92745523212265,0.9444444444444444,0.9444444444444444,-0.5802140473139206,-2,-0.5802140473139206,7,0.5503831939487497,1
mcd,6307_FullHDwebcam_before,0.9763313609467456,8.782936831331828,0.5555555555555556,0.5555555555555556,-0.4520732297108745,-4,-0.4520732297108745,7,0.439889372505363,1
mcd,6307_IriunWebcam_after,0.9763313609467456,3.1616757490832477,0.16666666666666666,0.16666666666666666,-0.11865565350172474,-7,-0.1753541419787753,-18,0.1638543315771834,1
mcd,6329_FullHDwebcam_after,0.9763313609467456,7.292447828093147,0.6111111111111112,0.6111111111111112,0.4563554732188149,12,-0.47000617032340664,4,0.4563554732188149,1
mcd,6329_FullHDwebcam_before,0.9763313609467456,6.689609211288531,0.5,0.5,-0.5066042407370293,-2,-0.5066042407370293,6,0.4821843077639658,1
mcd,6329_IriunWebcam_after,0.975609756097561,7.170385749860952,0.16666666666666666,0.16666666666666666,0.20579668311750288,-30,0.23197955272418574,-30,0.23197955272418574,1
mcd,6329_IriunWebcam_before,0.975609756097561,6.6434990541277585,0.0,0.0,0.10804312953085833,-25,-0.14287745644720606,-14,0.14048544744068522,1
mcd,6334_FullHDwebcam_after,0.9763313609467456,6.136331904499434,0.7222222222222222,0.7222222222222222,-0.46908283235545295,-3,-0.46908283235545295,-14,0.4126943106857413,1
mcd,6334_FullHDwebcam_before,0.9763313609467456,4.90740735140437,0.8333333333333334,0.8235294117647058,-0.6347385227861592,-4,-0.6347385227861592,-15,0.5411203939765761,1
mcd,6334_IriunWebcam_after,0.9763313609467456,5.907609976147847,0.3333333333333333,0.3333333333333333,-0.21401890223312645,-26,-0.28902300568389916,-16,0.2472281703626485,1
mcd,6334_IriunWebcam_before,0.975609756097561,5.367925983414621,0.1111111111111111,0.11764705882352941,0.15692354306801784,14,-0.19702954883954232,24,0.16226726159256696,1
mcd,6340_FullHDwebcam_after,0.9763313609467456,7.594470473236788,0.9444444444444444,0.9444444444444444,-0.5864612327396854,-4,-0.5864612327396854,6,0.5691528998847928,1
mcd,6340_FullHDwebcam_before,0.9763313609467456,7.2533417068857196,0.8888888888888888,0.8888888888888888,-0.481914243978282,-4,-0.481914243978282,-16,0.4411247591734772,1
mcd,6340_IriunWebcam_after,0.9763313609467456,7.537280957232365,0.16666666666666666,0.16666666666666666,0.16925638286603475,12,-0.235561400108448,22,0.20883581179413638,1
mcd,6340_IriunWebcam_before,0.975609756097561,7.299932697514855,0.3333333333333333,0.35294117647058826,0.324155812873521,-21,0.3314050431126334,-21,0.3314050431126334,1
mcd,6340_USBVideo_before,0.9763313609467456,7.3305510361990045,0.3888888888888889,0.4117647058823529,0.3436413483074961,-11,-0.37646355807900717,0,0.3436413483074961,1
mcd,6354_FullHDwebcam_after,0.9319526627218935,9.755921772421456,0.8333333333333334,0.8823529411764706,-0.4412980266548939,-1,-0.4412980266548939,-12,0.39060089407557474,1
mcd,6354_FullHDwebcam_before,0.4437869822485207,-1.1098098352942098,0.3888888888888889,0.5714285714285714,-0.22429230765455793,-21,-0.2606209278438669,-11,0.24112022592222912,0
mcd,6354_IriunWebcam_after,0.9312638580931264,9.605779793102355,0.2222222222222222,0.23529411764705882,0.25529111846340496,16,-0.2976256699507855,25,0.2807044612234818,1
mcd,6354_IriunWebcam_before,0.4437869822485207,-0.848970124436794,0.1111111111111111,0.0,-0.04722339402985145,-27,-0.12599817102222116,-15,0.111639174743906,0
mcd,6354_USBVideo_after,0.9319526627218935,9.846657758385048,0.2222222222222222,0.23529411764705882,0.20718628838052358,-1,0.20718628838052358,-1,0.20718628838052358,1
mcd,6354_USBVideo_before,0.4437869822485207,-1.0334199139300653,0.3888888888888889,0.42857142857142855,0.194967741679416,-8,-0.2402716050998476,2,0.194967741679416,0
mcd,6361_FullHDwebcam_after,0.7544378698224852,4.429770695935763,0.4444444444444444,0.5,-0.31105132339717756,-15,0.32672684047219,-15,0.32672684047219,1
mcd,6361_FullHDwebcam_before,0.9763313609467456,7.049274081463047,0.5,0.5294117647058824,-0.4607510457968493,-3,-0.4607510457968493,8,0.4066033464020714,1
mcd,6361_IriunWebcam_after,0.7544378698224852,4.341345455456778,0.3888888888888889,0.4,-0.04083028877122341,-12,0.13563497303223354,-12,0.13563497303223354,1
mcd,6361_IriunWebcam_before,0.9763313609467456,7.035576685755445,0.2222222222222222,0.23529411764705882,0.1439897611253495,-2,0.1439897611253495,-2,0.1439897611253495,1
mcd,6361_USBVideo_after,0.7544378698224852,4.30127519535525,0.1111111111111111,0.13333333333333333,0.3020871600540292,-10,-0.32450292188432045,-1,0.3020871600540292,1
mcd,6361_USBVideo_before,0.9763313609467456,7.1306200789847125,0.4444444444444444,0.47058823529411764,0.3739955289598783,-13,-0.3842486238302773,-1,0.3739955289598783,1
mcd,6368_FullHDwebcam_after,0.9763313609467456,8.941034231200858,0.8333333333333334,0.8333333333333334,-0.502400935980554,-3,-0.502400935980554,6,0.470907094806416,1
mcd,6368_FullHDwebcam_before,0.9763313609467456,8.795015821663403,1.0,1.0,-0.7361586313657634,-3,-0.7361586313657634,7,0.7209755477854656,1
mcd,6368_IriunWebcam_after,0.9763313609467456,8.922561201243871,0.3333333333333333,0.3333333333333333,0.19144164875484423,-26,-0.233903411806552,-17,0.20206922883748127,1
mcd,6368_IriunWebcam_before,0.975609756097561,8.860537991126925,0.2777777777777778,0.2777777777777778,0.1315843361464352,-21,0.13597372322191345,-21,0.13597372322191345,1
mcd,6397_FullHDwebcam_after,0.9763313609467456,9.494097367504981,1.0,1.0,-0.6655733464839321,-2,-0.6655733464839321,11,0.5856175503976012,1
mcd,6397_FullHDwebcam_before,0.9763313609467456,9.35319948844832,0.9444444444444444,0.9444444444444444,-0.6357054816917566,-2,-0.6357054816917566,12,0.47121121367864843,1
mcd,6397_IriunWebcam_after,0.975609756097561,9.529490414490443,0.8333333333333334,0.8333333333333334,0.5159288739320688,4,0.5159288739320688,4,0.5159288739320688,1
mcd,6397_IriunWebcam_before,0.975609756097561,9.375918885644474,0.7777777777777778,0.7777777777777778,0.490047698494741,-9,-0.5280253288085476,-25,0.5143982271275274,1
mcd,6397_USBVideo_after,0.9763313609467456,9.50093645842617,0.7777777777777778,0.7777777777777778,0.47689589244389946,3,0.47689589244389946,3,0.47689589244389946,1
mcd,6401_FullHDwebcam_after,0.9763313609467456,9.07228782943909,0.3888888888888889,0.3888888888888889,-0.3048641838269951,-23,-0.31789551757409384,6,0.3006144215064001,1
mcd,6401_FullHDwebcam_before,0.9763313609467456,9.655199578689349,0.7777777777777778,0.7777777777777778,-0.4601904195523899,21,-0.4636657212277683,9,0.4458870294502028,1
mcd,6401_IriunWebcam_after,0.9763313609467456,9.15779166628069,0.2777777777777778,0.2777777777777778,0.1470697528370532,-26,-0.19677744661271662,-17,0.16428103617341488,1
mcd,6401_IriunWebcam_before,0.9763313609467456,9.588404234705486,0.4444444444444444,0.4444444444444444,0.3163634325925859,4,0.3163634325925859,4,0.3163634325925859,1
mcd,6401_USBVideo_after,0.9763313609467456,8.94497047911809,0.0,0.0,0.07554055389758989,9,-0.08948686206499072,1,0.07554055389758989,1
mcd,6401_USBVideo_before,0.975609756097561,9.54360097942861,0.2777777777777778,0.2777777777777778,0.1802090194555192,-16,-0.18881075981719514,-1,0.1802090194555192,1
mcd,6411_FullHDwebcam_after,0.9763313609467456,9.79354788005302,0.5,0.5,-0.4267104076351673,17,-0.43400452883402574,-13,0.36571985427744785,1
mcd,6411_FullHDwebcam_before,0.9763313609467456,7.278528458152772,0.8888888888888888,0.8888888888888888,-0.5031854419178391,-21,-0.5104653512930817,-12,0.4384478689403865,1
mcd,6411_IriunWebcam_after,0.975609756097561,9.732384245926216,0.16666666666666666,0.16666666666666666,0.18878851864949336,-7,-0.20196091412461809,2,0.18878851864949336,1
mcd,6411_IriunWebcam_before,0.975609756097561,7.014171415543591,0.2222222222222222,0.2222222222222222,-0.2593130852080461,-15,0.26176795119250834,-15,0.26176795119250834,1
mcd,6411_USBVideo_after,0.9763313609467456,9.900516696331504,0.1111111111111111,0.1111111111111111,0.14407424579299266,-1,0.14407424579299266,-1,0.14407424579299266,1
mcd,6411_USBVideo_before,0.9763313609467456,7.195292288956487,0.3888888888888889,0.3888888888888889,0.3199658479384895,0,0.3199658479384895,0,0.3199658479384895,1
mcd,6420_FullHDwebcam_after,0.9319526627218935,5.4042389600477785,0.16666666666666666,0.17647058823529413,-0.14015003584800836,-29,0.22268674983763737,-29,0.22268674983763737,1
mcd,6420_FullHDwebcam_before,0.9319526627218935,1.988070785647543,0.3333333333333333,0.3125,-0.397912392248764,-15,0.40675589905618786,-15,0.40675589905618786,1
mcd,6420_IriunWebcam_after,0.9319526627218935,5.521221648422896,0.1111111111111111,0.058823529411764705,-0.04839848119458795,-21,-0.1079857792653769,-30,0.1065167247649043,1
mcd,6420_IriunWebcam_before,0.9319526627218935,2.243602004242716,0.16666666666666666,0.1875,0.16731577805517325,-12,-0.23891146121354861,-21,0.211288769657005,1
mcd,6422_FullHDwebcam_after,0.9763313609467456,7.766736483266399,0.9444444444444444,0.9444444444444444,-0.6157232258651195,-2,-0.6157232258651195,-13,0.46878249610252537,1
mcd,6422_FullHDwebcam_before,0.9763313609467456,7.052867285814805,0.7222222222222222,0.7222222222222222,-0.5798148002545119,-2,-0.5798148002545119,7,0.4752594969089808,1
mcd,6422_IriunWebcam_after,0.9763313609467456,7.8384056993738875,0.3888888888888889,0.3888888888888889,0.25874272073321547,-7,-0.3979963013377861,-21,0.2831842125897092,1
mcd,6422_IriunWebcam_before,0.975609756097561,7.048524402564696,0.3888888888888889,0.3888888888888889,0.27271749488243485,-6,-0.38321069242413713,-19,0.2867257106240843,1
mcd,6422_USBVideo_after,0.975609756097561,7.810453021675869,0.2777777777777778,0.2777777777777778,0.20188306030881656,-13,-0.20907722639624815,-23,0.2074483304847438,1
mcd,6422_USBVideo_before,0.9763313609467456,7.186008266309029,0.16666666666666666,0.16666666666666666,0.12145938362969051,-23,0.16705830246745118,-23,0.16705830246745118,1
mcd,6425_FullHDwebcam_after,0.9763313609467456,3.8906238626256724,0.7222222222222222,0.7222222222222222,-0.5897630857301797,-1,-0.5897630857301797,13,0.4638035392540315,1
mcd,6425_FullHDwebcam_before,0.9763313609467456,7.50707005569118,1.0,1.0,-0.6995317020537632,-3,-0.6995317020537632,12,0.5587139730471697,1
mcd,6425_IriunWebcam_after,0.975609756097561,4.216684501105916,0.5,0.5,-0.3691110942436027,-6,-0.3961659851322424,9,0.3538711885845357,1
mcd,6425_IriunWebcam_before,0.975609756097561,7.765397314940683,0.5,0.5,0.23000636723916104,-25,0.3320317785187771,-25,0.3320317785187771,1
mcd,6425_USBVideo_after,0.9763313609467456,4.222815664961412,0.4444444444444444,0.4444444444444444,0.19582827350168203,-10,-0.2382755292893727,6,0.22638755782601083,1
mcd,6425_USBVideo_before,0.9763313609467456,7.5922845356625706,0.6111111111111112,0.6111111111111112,0.3463740257996962,3,0.3463740257996962,3,0.3463740257996962,1
mcd,6427_FullHDwebcam_after,0.9763313609467456,6.429530149854592,0.1111111111111111,0.1111111111111111,0.33468544783038584,5,0.35229456685067423,5,0.35229456685067423,1
mcd,6427_FullHDwebcam_before,0.9763313609467456,4.061206997113416,0.5555555555555556,0.5882352941176471,-0.46206626465115364,-4,-0.46206626465115364,5,0.4322937579998135,1
mcd,6427_IriunWebcam_after,0.9763313609467456,6.254317068077061,0.1111111111111111,0.1111111111111111,0.1916083190458311,2,0.1916083190458311,2,0.1916083190458311,1
mcd,6427_IriunWebcam_before,0.9763313609467456,4.2048447748768245,0.2222222222222222,0.23529411764705882,0.06683053396881795,16,0.11570697592059222,16,0.11570697592059222,1
mcd,6473_FullHDwebcam_after,0.9763313609467456,10.883814217067187,0.8888888888888888,0.8888888888888888,-0.4514995550495201,6,0.4702568035180301,6,0.4702568035180301,1
mcd,6473_FullHDwebcam_before,0.9763313609467456,9.841505865562542,0.8333333333333334,0.8333333333333334,-0.494275334858607,-2,-0.494275334858607,-13,0.4850482213600412,1
mcd,6473_IriunWebcam_after,0.9763313609467456,10.505523666084414,0.2222222222222222,0.2222222222222222,0.3159286023805073,2,0.3159286023805073,2,0.3159286023805073,1
mcd,6473_IriunWebcam_before,0.9763313609467456,9.97146256048151,0.2777777777777778,0.2777777777777778,0.2879348976077166,2,0.2879348976077166,2,0.2879348976077166,1
mcd,6473_USBVideo_after,0.9763313609467456,10.857900779858426,0.16666666666666666,0.16666666666666666,0.056424865715388905,29,-0.10693327085690131,-14,0.08688891973608232,1
mcd,6473_USBVideo_before,0.9763313609467456,10.022033653025803,0.0,0.0,-0.12040958062720597,4,-0.12040958062720597,15,0.08236877137972053,1
mcd,6477_FullHDwebcam_after,0.9763313609467456,3.230687718367636,0.3333333333333333,0.35294117647058826,-0.3507095350267518,-11,0.36316586274207735,-11,0.36316586274207735,1
mcd,6477_FullHDwebcam_before,0.9763313609467456,5.545292181242662,0.6666666666666666,0.6470588235294118,-0.483386310230027,-3,-0.483386310230027,7,0.43365863423513373,1
mcd,6477_IriunWebcam_after,0.975609756097561,3.367220047011886,0.2222222222222222,0.23529411764705882,-0.24012124175103292,-22,-0.2584393156317919,-30,0.2539046397791364,1
mcd,6477_IriunWebcam_before,0.975609756097561,5.543530282276993,0.16666666666666666,0.17647058823529413,0.25605907915668336,5,0.2742993838145153,5,0.2742993838145153,1
mcd,6495_FullHDwebcam_after,0.9763313609467456,3.15588551345341,0.8333333333333334,0.9375,-0.7516298599501942,-2,-0.7516298599501942,9,0.6739712964555108,1
mcd,6495_FullHDwebcam_before,0.8431952662721893,4.2921313685032185,0.9444444444444444,1.0,-0.6889140786313397,-4,-0.6889140786313397,9,0.6251481699365865,1
mcd,6495_IriunWebcam_after,0.975609756097561,3.0700770579009093,0.4444444444444444,0.5,0.3729168038501266,-8,-0.4193341068255351,4,0.3729168038501266,1
mcd,6495_IriunWebcam_before,0.9319526627218935,4.358487629716621,0.8888888888888888,0.8823529411764706,0.6383307152338961,4,0.6383307152338961,4,0.6383307152338961,1
mcd,6503_FullHDwebcam_after,0.7988165680473372,4.814974892211234,0.5555555555555556,0.6428571428571429,-0.48464413749874785,-4,-0.48464413749874785,6,0.4345504454902064,1
mcd,6503_FullHDwebcam_before,0.9763313609467456,5.289257953505134,0.8333333333333334,0.8125,-0.6022756940999886,-3,-0.6022756940999886,-17,0.5798743390304514,1
mcd,6503_IriunWebcam_after,0.7982261640798226,4.638214913450688,0.3888888888888889,0.42857142857142855,0.3291465884099628,2,0.3291465884099628,2,0.3291465884099628,1
mcd,6503_IriunWebcam_before,0.975609756097561,5.344191561766809,0.2777777777777778,0.29411764705882354,0.17253298032243275,-1,0.17253298032243275,-1,0.17253298032243275,1
mcd,6503_USBVideo_after,0.8875739644970414,4.816969502009989,0.3333333333333333,0.26666666666666666,0.32601018960398725,-2,0.32601018960398725,-2,0.32601018960398725,1
mcd,6537_FullHDwebcam_after,0.9763313609467456,10.395046824591315,0.6111111111111112,0.6111111111111112,-0.49595441148546665,6,0.5010305822426636,6,0.5010305822426636,1
mcd,6537_FullHDwebcam_before,0.9763313609467456,7.8672392984892054,1.0,1.0,-0.5269110671203775,-4,-0.5269110671203775,-15,0.5161447466651944,1
mcd,6537_IriunWebcam_after,0.975609756097561,10.464143493272129,0.0,0.0,0.08952353251505026,17,0.09421278140138965,17,0.09421278140138965,1
mcd,6537_IriunWebcam_before,0.975609756097561,7.781838073246572,0.1111111111111111,0.1111111111111111,0.2700906013411339,-5,-0.29266284006357735,-15,0.2915224589805574,1
mcd,6599_FullHDwebcam_after,0.9763313609467456,9.847398398584088,0.4444444444444444,0.4444444444444444,0.34194258141046974,4,0.34194258141046974,4,0.34194258141046974,1
mcd,6599_FullHDwebcam_before,0.9763313609467456,6.50977435769626,0.6666666666666666,0.6666666666666666,-0.5046793275378483,-2,-0.5046793275378483,6,0.425112345474246,1
mcd,6599_IriunWebcam_after,0.9763313609467456,9.718206745747013,0.0,0.0,0.057837209411518806,19,0.07512462776968809,19,0.07512462776968809,1
mcd,6599_IriunWebcam_before,0.975609756097561,6.484591749438451,0.0,0.0,-0.05287035564056169,-26,0.1144009360522073,-26,0.1144009360522073,1
mcd,6604_FullHDwebcam_after,0.9763313609467456,5.694899674714473,0.5555555555555556,0.5555555555555556,-0.40357568396281196,5,0.42130271039423256,5,0.42130271039423256,1
mcd,6604_FullHDwebcam_before,0.9763313609467456,5.892617966259074,0.16666666666666666,0.16666666666666666,0.2601186339062894,4,0.2601186339062894,4,0.2601186339062894,1
mcd,6604_IriunWebcam_after,0.9763313609467456,5.779346324333552,0.05555555555555555,0.05555555555555555,0.09237767880673202,-19,0.11727989991177515,-19,0.11727989991177515,1
mcd,6604_IriunWebcam_before,0.975609756097561,5.809252612089132,0.16666666666666666,0.16666666666666666,0.18535394931923435,-15,0.21757512724156847,-15,0.21757512724156847,1
mcd,6631_FullHDwebcam_after,0.9763313609467456,10.462993333130331,1.0,1.0,-0.6613637200612863,-2,-0.6613637200612863,6,0.6536861490426848,1
mcd,6631_FullHDwebcam_before,0.9763313609467456,8.155711094275212,0.6111111111111112,0.6111111111111112,-0.3556923019679652,5,0.3842656415769198,5,0.3842656415769198,1
mcd,6631_IriunWebcam_after,0.9763313609467456,10.450353991425672,0.8888888888888888,0.8888888888888888,0.4574239806378946,3,0.4574239806378946,3,0.4574239806378946,1
mcd,6631_IriunWebcam_before,0.975609756097561,7.939214515429377,0.4444444444444444,0.4444444444444444,0.34112408460426874,-17,0.3460436021468045,-17,0.3460436021468045,1
mcd,6667_FullHDwebcam_after,0.9763313609467456,4.385004376602943,0.9444444444444444,1.0,-0.6454996571469516,-2,-0.6454996571469516,-15,0.5250930763364499,1
mcd,6667_FullHDwebcam_before,0.9763313609467456,3.3531471052146653,0.4444444444444444,0.5333333333333333,-0.39917909885720637,-4,-0.39917909885720637,7,0.30773916590102574,1
mcd,6667_IriunWebcam_after,0.9763313609467456,4.6108363513418515,0.1111111111111111,0.11764705882352941,0.051880979500843846,27,0.09498817630132297,27,0.09498817630132297,1
mcd,6667_IriunWebcam_before,0.8431952662721893,3.280191550803218,0.16666666666666666,0.07142857142857142,-0.19680545194115506,-3,-0.19680545194115506,7,0.177414535122605,1
mcd,6678_FullHDwebcam_after,0.9763313609467456,6.542129016666115,1.0,1.0,-0.8286824209123428,-3,-0.8286824209123428,11,0.7491032738417632,1
mcd,6678_FullHDwebcam_before,0.9763313609467456,7.397614519124296,1.0,1.0,-0.7964812036704431,-3,-0.7964812036704431,-19,0.6897426839040671,1
mcd,6678_IriunWebcam_after,0.9763313609467456,6.521593980927525,0.4444444444444444,0.4444444444444444,0.12975038174117723,18,-0.19343561317193791,30,0.14886519313944455,1
mcd,6678_IriunWebcam_before,0.9763313609467456,7.484001879016595,0.2777777777777778,0.2777777777777778,0.05757437055115572,19,-0.1313242052900612,30,0.09480243127503114,1
mcd,6698_FullHDwebcam_after,0.9763313609467456,1.4127051380988505,0.6666666666666666,0.8571428571428571,-0.5321860590881753,6,0.5774607102525854,6,0.5774607102525854,1
mcd,6698_FullHDwebcam_before,0.5769230769230769,0.3144151578588483,0.5,0.8,-0.5994814065151308,-5,-0.6008304847922716,7,0.5038514906621847,1
mcd,6698_IriunWebcam_after,0.975609756097561,1.3039089484585613,0.3888888888888889,0.35714285714285715,0.2500705455134602,3,0.2500705455134602,3,0.2500705455134602,1
mcd,6698_IriunWebcam_before,0.5764966740576497,0.3780490867598781,0.16666666666666666,0.2,-0.25097729238044286,-5,-0.26735463361868866,6,0.2457932487971887,1
mcd,6698_USBVideo_before,0.5769230769230769,0.3832036484457413,0.2777777777777778,0.5,0.32151581089235454,-11,-0.3932598424166322,0,0.32151581089235454,1
mcd,6718_FullHDwebcam_after,0.9763313609467456,6.694625190236653,0.5,0.5,-0.3839259573991016,-25,-0.39355185105188534,-13,0.3048306313275065,1
mcd,6718_FullHDwebcam_before,0.9763313609467456,5.854132305176092,0.7777777777777778,0.7777777777777778,-0.3479015428866375,-2,-0.3479015428866375,-15,0.2802848791334803,1
mcd,6718_IriunWebcam_after,0.975609756097561,6.317100929424326,0.0,0.0,0.17870183601593503,14,-0.19425755554949228,3,0.17870183601593503,1
mcd,6718_IriunWebcam_before,0.975609756097561,6.165789042529523,0.6666666666666666,0.6666666666666666,0.3295228799273678,-20,0.3363309126136841,-20,0.3363309126136841,1
mcd,6718_USBVideo_after,0.975609756097561,6.648617804278079,0.4444444444444444,0.4444444444444444,0.34572933613565304,-24,0.3611225866866127,-24,0.3611225866866127,1
mcd,6718_USBVideo_before,0.9763313609467456,5.917490297539924,0.3333333333333333,0.3333333333333333,0.2847552803873288,-12,-0.43543609931351873,-26,0.3093358505648503,1
mcd,6725_FullHDwebcam_after,0.9763313609467456,5.480753272774841,0.1111111111111111,0.1111111111111111,-0.24383078115682583,-3,-0.24383078115682583,5,0.23882450736216054,1
mcd,6725_FullHDwebcam_before,0.9763313609467456,5.113190082471466,0.1111111111111111,0.1111111111111111,-0.224456975121247,-3,-0.224456975121247,5,0.22145030899837656,1
mcd,6725_IriunWebcam_after,0.975609756097561,5.495043777091646,0.0,0.0,-0.05309896949387259,25,0.09524673879851424,25,0.09524673879851424,1
mcd,6725_IriunWebcam_before,0.9763313609467456,4.8867195908836365,0.16666666666666666,0.16666666666666666,0.08782478300464601,-25,-0.09072939156963485,-1,0.08782478300464601,1
mcd,6725_USBVideo_after,0.9763313609467456,5.295714148714671,0.05555555555555555,0.05555555555555555,0.17205823454441221,18,0.180150030907346,18,0.180150030907346,1
mcd,6725_USBVideo_before,0.9763313609467456,4.794792398741656,0.1111111111111111,0.1111111111111111,0.19695291721722735,0,0.19695291721722735,0,0.19695291721722735,1
mcd,6731_FullHDwebcam_after,0.9763313609467456,3.023209372993805,0.6666666666666666,0.6875,-0.33078447855992127,-2,-0.33078447855992127,-13,0.3258747402107418,1
mcd,6731_FullHDwebcam_before,0.9319526627218935,2.0286351672339267,0.5555555555555556,0.5625,-0.46010743448329866,-2,-0.46010743448329866,7,0.4182908911419053,1
mcd,6731_IriunWebcam_after,0.9763313609467456,3.0014149591634696,0.2777777777777778,0.1875,0.16950863397807447,16,-0.20332187846596617,27,0.18355237124672596,1
mcd,6731_IriunWebcam_before,0.9312638580931264,2.043409835501738,0.1111111111111111,0.11764705882352941,0.23388396425264718,0,0.23388396425264718,0,0.23388396425264718,1
mcd,6731_USBVideo_after,0.9763313609467456,2.8859913856906667,0.16666666666666666,0.1875,0.12807053187154102,-15,-0.15431947479270522,-5,0.1340432280778774,1
mcd,6731_USBVideo_before,0.9319526627218935,2.07480107930357,0.05555555555555555,0.0625,0.22358551468674376,-2,0.22358551468674376,-2,0.22358551468674376,1
mcd,6737_FullHDwebcam_after,0.9763313609467456,9.43607533658244,0.6666666666666666,0.6666666666666666,-0.49299689153287984,-3,-0.49299689153287984,5,0.492846626268641,1
mcd,6737_FullHDwebcam_before,0.9763313609467456,2.810028376372319,1.0,1.0,-0.47032273721626333,5,0.4878492668229276,5,0.4878492668229276,1
mcd,6737_IriunWebcam_after,0.9763313609467456,9.443689270642276,0.3333333333333333,0.3333333333333333,0.2947661575295634,2,0.2947661575295634,2,0.2947661575295634,1
mcd,6737_IriunWebcam_before,0.9763313609467456,2.7298452884645306,0.3333333333333333,0.3333333333333333,0.3441776778613853,-23,-0.3442904914383041,2,0.3441776778613853,1
mcd,6750_FullHDwebcam_after,0.9763313609467456,8.602512389266614,0.9444444444444444,0.9444444444444444,-0.5634196657631201,-1,-0.5634196657631201,7,0.4511967836991928,1
mcd,6750_FullHDwebcam_before,0.9763313609467456,5.46125681685518,1.0,1.0,-0.7305923809234355,-2,-0.7305923809234355,8,0.591780902454021,1
mcd,6750_IriunWebcam_after,0.975609756097561,8.31997597193756,0.3888888888888889,0.3888888888888889,0.3239273858445251,-6,-0.3449871213113852,2,0.3239273858445251,1
mcd,6750_IriunWebcam_before,0.975609756097561,5.466692198341585,0.5,0.47058823529411764,0.3902914628570607,-7,-0.41325696768752124,5,0.4020345331769318,1
mcd,6750_USBVideo_after,0.9763313609467456,8.35531678254791,0.2777777777777778,0.2777777777777778,0.2824835349620675,-3,0.2824835349620675,-3,0.2824835349620675,1
mcd,6750_USBVideo_before,0.975609756097561,5.535962360050753,0.2777777777777778,0.29411764705882354,0.3157662962220032,-3,0.3157662962220032,-3,0.3157662962220032,1
mcd,6782_FullHDwebcam_after,0.9319526627218935,4.641279043144822,0.2222222222222222,0.23529411764705882,-0.18321845040167398,8,0.32224439976680735,8,0.32224439976680735,1
mcd,6782_FullHDwebcam_before,0.9763313609467456,5.1746906885094806,0.16666666666666666,0.16666666666666666,-0.33282783515993514,-3,-0.33282783515993514,-18,0.27317768741811926,1
mcd,6782_IriunWebcam_after,0.9319526627218935,4.697235522665119,0.3888888888888889,0.4117647058823529,0.3684384885828604,2,0.3684384885828604,2,0.3684384885828604,1
mcd,6782_IriunWebcam_before,0.975609756097561,5.3148047076158775,0.6111111111111112,0.6111111111111112,0.3688971802509196,1,0.3688971802509196,1,0.3688971802509196,1
mcd,6782_USBVideo_after,0.9319526627218935,4.724460340565193,0.05555555555555555,0.058823529411764705,0.14756171799425788,-15,-0.1875152502562062,-24,0.15696361456258454,1
mcd,6782_USBVideo_before,0.9763313609467456,5.233216001229376,0.16666666666666666,0.16666666666666666,0.2541693204723343,7,-0.29749339600841884,-5,0.26455529257795196,1
mcd,6803_FullHDwebcam_after,0.9763313609467456,8.276807392039352,0.16666666666666666,0.16666666666666666,-0.23563554649675017,-15,0.24277846011299187,-15,0.24277846011299187,1
mcd,6803_FullHDwebcam_before,0.9763313609467456,6.764439159299417,0.2777777777777778,0.2777777777777778,-0.3979131379001088,-5,-0.40242421807028295,5,0.3929245457897651,1
mcd,6803_IriunWebcam_after,0.975609756097561,8.380177645056301,0.1111111111111111,0.1111111111111111,-0.19583279029714015,-21,-0.2166145138221429,-12,0.176122655359555,1
mcd,6803_IriunWebcam_before,0.975609756097561,6.696373400195625,0.2777777777777778,0.2777777777777778,-0.23314513829771952,-22,-0.2429715027870342,-11,0.19211010169074894,1
mcd,6803_USBVideo_after,0.9763313609467456,8.439175430966298,0.2777777777777778,0.2777777777777778,0.2922549592470557,20,0.326073540180965,20,0.326073540180965,1
mcd,6803_USBVideo_before,0.9763313609467456,6.593506208218539,0.3888888888888889,0.3888888888888889,0.3570718822595577,1,0.3570718822595577,1,0.3570718822595577,1
mcd,6846_FullHDwebcam_after,0.9763313609467456,9.65624521514985,0.8888888888888888,0.8888888888888888,-0.49589825540970334,-4,-0.49589825540970334,-16,0.4791894079590121,1
mcd,6846_FullHDwebcam_before,0.9763313609467456,9.551285528361333,0.7222222222222222,0.7222222222222222,-0.441087784747594,6,0.4997983420448987,6,0.4997983420448987,1
mcd,6846_IriunWebcam_after,0.975609756097561,9.767512082790166,0.2222222222222222,0.2222222222222222,-0.034264940735606264,15,0.06458135741139656,15,0.06458135741139656,1
mcd,6846_IriunWebcam_before,0.975609756097561,9.700163367876335,0.3888888888888889,0.3888888888888889,0.20980157343627553,-21,0.2496581503818451,-21,0.2496581503818451,1
mcd,6847_FullHDwebcam_after,0.9763313609467456,8.2634820338514,0.5,0.5,-0.29289572665511926,6,0.3607610822273431,6,0.3607610822273431,1
mcd,6847_FullHDwebcam_before,0.9763313609467456,7.345105124735204,0.7777777777777778,0.7777777777777778,-0.45449132715155566,-4,-0.45449132715155566,5,0.395048640088881,1
mcd,6847_IriunWebcam_after,0.9763313609467456,8.192678919487417,0.2777777777777778,0.2777777777777778,0.21619305619525883,24,0.26299673767891096,24,0.26299673767891096,1
mcd,6847_IriunWebcam_before,0.9770540340488527,7.307222479470784,0.3333333333333333,0.3333333333333333,0.34051102088681284,4,0.34051102088681284,4,0.34051102088681284,1
mcd,6856_FullHDwebcam_after,0.9763313609467456,7.20864090548071,0.6111111111111112,0.6111111111111112,-0.33887620100774096,21,-0.3703535319769154,7,0.3265692096572893,1
mcd,6856_FullHDwebcam_before,0.9763313609467456,7.510925407472508,0.2222222222222222,0.2222222222222222,-0.34175979801159106,-3,-0.34175979801159106,-18,0.2694825464550282,1
mcd,6856_IriunWebcam_after,0.975609756097561,7.190237365885502,0.05555555555555555,0.05555555555555555,0.031471317969180325,17,0.07840883435113505,17,0.07840883435113505,1
mcd,6880_FullHDwebcam_after,0.9763313609467456,8.583697895450412,1.0,1.0,-0.6274680787671177,-3,-0.6274680787671177,8,0.5814329230059766,1
mcd,6880_FullHDwebcam_before,0.9763313609467456,9.465804228201208,0.8888888888888888,0.8888888888888888,-0.7170167935953895,-3,-0.7170167935953895,7,0.6530253403624471,1
mcd,6880_IriunWebcam_after,0.9763313609467456,8.72371653105006,0.05555555555555555,0.05555555555555555,0.38120740530993846,2,0.38120740530993846,2,0.38120740530993846,1
mcd,6880_IriunWebcam_before,0.975609756097561,9.688122145875084,0.8888888888888888,0.8888888888888888,0.5449814434569292,-21,0.5497805825981571,-21,0.5497805825981571,1
mcd,6880_USBVideo_after,0.9763313609467456,8.737764139494207,0.3888888888888889,0.3888888888888889,0.39725624758859013,-1,0.39725624758859013,-1,0.39725624758859013,1
mcd,6880_USBVideo_before,0.9763313609467456,9.48761412342456,0.7222222222222222,0.7222222222222222,0.4275666953345568,-2,0.4275666953345568,-2,0.4275666953345568,1
mcd,6916_FullHDwebcam_after,0.9763313609467456,4.196867345442509,0.3333333333333333,0.3333333333333333,0.20402518638617909,6,0.26916652105998445,6,0.26916652105998445,1
mcd,6916_FullHDwebcam_before,0.9319526627218935,6.568826936649896,0.6666666666666666,0.7058823529411765,0.27560813192725225,-21,0.36972613158574275,-21,0.36972613158574275,1
mcd,6916_IriunWebcam_after,0.975609756097561,4.137516287979584,0.3333333333333333,0.3333333333333333,0.07256581847156682,-22,0.10389973652299885,-22,0.10389973652299885,1
mcd,6916_IriunWebcam_before,0.9319526627218935,6.637218749763889,0.2222222222222222,0.23529411764705882,0.1876522715215676,19,-0.24348051304945253,-25,0.20017306720012298,1
mcd,6916_USBVideo_after,0.9763313609467456,4.1010653852144205,0.7222222222222222,0.7222222222222222,0.4132990179648296,-13,-0.44923978278914417,1,0.4132990179648296,1
mcd,6916_USBVideo_before,0.9312638580931264,6.29735999131162,0.5,0.5294117647058824,0.379829698661737,1,0.379829698661737,1,0.379829698661737,1
mcd,6923_FullHDwebcam_after,0.9319526627218935,6.1533529596579335,1.0,1.0,-0.5722645214726622,-3,-0.5722645214726622,8,0.5452873781039439,1
mcd,6923_FullHDwebcam_before,0.9763313609467456,7.213099935182001,0.7777777777777778,0.7777777777777778,-0.5004036638974092,-4,-0.5004036638974092,-15,0.45112960805317043,1
mcd,6923_IriunWebcam_after,0.9319526627218935,6.273448834513274,0.7777777777777778,0.7647058823529411,0.4151791125982677,-6,-0.4358481987195282,5,0.41833626124691886,1
mcd,6923_IriunWebcam_before,0.9763313609467456,7.271200377124054,0.1111111111111111,0.1111111111111111,-0.13952087174947284,-16,0.15380083443899437,-16,0.15380083443899437,1
mcd,6968_FullHDwebcam_after,0.9763313609467456,6.896371658956087,1.0,1.0,-0.5959562504412039,-3,-0.5959562504412039,-13,0.559293991725835,1
mcd,6968_FullHDwebcam_before,0.9763313609467456,5.727527954863368,0.7222222222222222,0.7222222222222222,-0.4849862770501034,-2,-0.4849862770501034,8,0.43001531642235963,1
mcd,6968_IriunWebcam_after,0.975609756097561,7.033746841222537,0.1111111111111111,0.1111111111111111,-0.1408067797935816,16,-0.17516909508005268,-18,0.1224029505111382,1
mcd,6968_IriunWebcam_before,0.9763313609467456,5.82099533524155,0.3333333333333333,0.3333333333333333,-0.35408630741358105,-5,-0.35928469707553917,5,0.2711442357332973,1
mcd,6974_FullHDwebcam_after,0.9763313609467456,7.706747377960335,0.9444444444444444,0.9444444444444444,0.5687553337427437,5,0.5927782076619263,5,0.5927782076619263,1
mcd,6974_FullHDwebcam_before,0.9763313609467456,8.917872805946816,1.0,1.0,-0.5387914167148495,-6,-0.6021907072028787,6,0.5405853954451884,1
mcd,6974_IriunWebcam_after,0.9763313609467456,7.738066577042355,0.05555555555555555,0.05555555555555555,0.1465442482169452,1,0.1465442482169452,1,0.1465442482169452,1
mcd,6974_IriunWebcam_before,0.975609756097561,8.825528531655387,0.3888888888888889,0.3888888888888889,0.32340848578046943,-8,-0.36729251212024794,2,0.32340848578046943,1
mcd,6987_FullHDwebcam_after,0.8431952662721893,0.9819020086863237,0.3333333333333333,0.35714285714285715,-0.408935748868966,-1,-0.408935748868966,8,0.40453094495455383,1
mcd,6987_FullHDwebcam_before,0.9763313609467456,4.775302806151567,0.5555555555555556,0.5625,-0.48943696741562703,-3,-0.48943696741562703,8,0.4397773533427603,1
mcd,6987_IriunWebcam_after,0.7988165680473372,0.9698023380093068,0.2222222222222222,0.23076923076923078,-0.21029349124199836,-6,-0.26196015600769057,3,0.19113208681836127,1
mcd,6987_IriunWebcam_before,0.9763313609467456,4.704210652329232,0.3888888888888889,0.4375,-0.30807144853042545,-5,-0.3168929712649826,6,0.305327355212499,1
mcd,6993_FullHDwebcam_after,0.9763313609467456,7.8066755671689325,1.0,1.0,-0.7065456963086398,-3,-0.7065456963086398,-16,0.6697740082544564,1
mcd,6993_FullHDwebcam_before,0.9763313609467456,5.944591429234466,0.9444444444444444,0.9444444444444444,-0.6049587928217575,6,0.6434628535518953,6,0.6434628535518953,1
mcd,6993_IriunWebcam_after,0.9763313609467456,7.668630723711942,0.05555555555555555,0.05555555555555555,0.12774378086363217,0,0.12774378086363217,0,0.12774378086363217,1
mcd,6993_IriunWebcam_before,0.975609756097561,5.8574847257716245,0.1111111111111111,0.1111111111111111,0.3148548734117627,3,0.3148548734117627,3,0.3148548734117627,1
mcd,7006_FullHDwebcam_after,0.9763313609467456,10.846066990043518,0.8888888888888888,0.8888888888888888,-0.5630350440026035,7,0.5921072451710494,7,0.5921072451710494,1
mcd,7006_FullHDwebcam_before,0.9763313609467456,8.28182219354383,0.6666666666666666,0.6666666666666666,-0.4705505138772274,21,-0.48438479436598003,7,0.39848041833510234,1
mcd,7006_IriunWebcam_after,0.9763313609467456,10.703534781733815,0.1111111111111111,0.1111111111111111,0.24899225084909254,-9,-0.33343653041411014,25,0.289497303243038,1
mcd,7006_IriunWebcam_before,0.9763313609467456,8.116603011213414,0.2777777777777778,0.2777777777777778,0.2332945875995423,17,-0.2373125621549421,5,0.23702727426249454,1
mcd,7006_USBVideo_after,0.9763313609467456,10.752672014442659,0.2777777777777778,0.2777777777777778,0.33615896203046974,-15,-0.35120753047950887,-3,0.33615896203046974,1
mcd,7006_USBVideo_before,0.9763313609467456,8.190768712766372,0.6111111111111112,0.6111111111111112,0.4680704679532703,10,-0.4720972034361188,22,0.4713659270577865,1
mcd,7047_FullHDwebcam_after,0.9763313609467456,5.94935953783786,1.0,1.0,-0.5711009341805624,-3,-0.5711009341805624,10,0.54670415684609,1
mcd,7047_FullHDwebcam_before,0.5769230769230769,1.6997937563442806,0.6111111111111112,0.9090909090909091,-0.23549960349433927,-7,-0.27454284755605196,9,0.2572725111116057,1
mcd,7047_IriunWebcam_after,0.9763313609467456,5.9271127189826,0.2777777777777778,0.2777777777777778,0.24115021979397727,-23,0.2575275439541668,-23,0.2575275439541668,1
mcd,7047_IriunWebcam_before,0.5764966740576497,1.5142137916012133,0.3888888888888889,0.36363636363636365,0.16643715997845407,5,0.17314429212268714,5,0.17314429212268714,1
mcd,7047_USBVideo_after,0.9763313609467456,6.040646783667256,0.4444444444444444,0.4444444444444444,0.3171306354478357,-28,0.3521395626774338,-28,0.3521395626774338,1
mcd,7047_USBVideo_before,0.5769230769230769,1.6255505845917142,0.5,0.7272727272727273,0.07767935560405646,-30,0.15603825123772383,-30,0.15603825123772383,1
mcd,7048_FullHDwebcam_after,0.9763313609467456,7.2995989742993626,0.16666666666666666,0.16666666666666666,-0.16707289695101188,-28,0.2083963821614054,-28,0.2083963821614054,1
mcd,7048_FullHDwebcam_before,0.9763313609467456,6.358338012505654,0.4444444444444444,0.47058823529411764,-0.38490965113823083,-20,-0.3980661245819875,-12,0.3789599953331128,1
mcd,7048_IriunWebcam_after,0.9763313609467456,7.3544955197112,0.0,0.0,-0.15118894162213523,-12,0.15630757030146789,-12,0.15630757030146789,1
mcd,7048_IriunWebcam_before,0.975609756097561,6.614999501713173,0.16666666666666666,0.17647058823529413,-0.16972805707331023,-5,-0.17335320631103654,5,0.14107934825376314,1
mcd,7048_USBVideo_after,0.9763313609467456,7.384238362370404,0.0,0.0,0.06895600047282952,19,-0.09497248719176579,-21,0.08225711488350895,1
mcd,7048_USBVideo_before,0.9763313609467456,6.700928847979685,0.05555555555555555,0.058823529411764705,0.09251150337296228,27,-0.1156586815287261,-21,0.09965150303597349,1
mcd,7050_FullHDwebcam_after,0.9763313609467456,3.759546988676641,0.7777777777777778,0.7777777777777778,-0.4326539243820699,-4,-0.4326539243820699,7,0.4186789172568131,1
mcd,7050_FullHDwebcam_before,0.9763313609467456,4.7150687304512395,0.3888888888888889,0.4375,-0.31952584767791525,-3,-0.31952584767791525,7,0.3131245072783598,1
mcd,7050_IriunWebcam_after,0.975609756097561,4.070982445026141,0.7777777777777778,0.7777777777777778,0.3936266700443355,3,0.3936266700443355,3,0.3936266700443355,1
mcd,7050_IriunWebcam_before,0.975609756097561,4.596464605098808,0.4444444444444444,0.5,-0.2074320854518785,-7,-0.2765425821984089,-21,0.2570949421620444,1
mcd,7050_USBVideo_after,0.975609756097561,3.858872745294449,0.3888888888888889,0.3888888888888889,0.3000005266857021,14,-0.33699033701431674,-29,0.33477427609416516,1
mcd,7050_USBVideo_before,0.9763313609467456,4.668608280278401,0.4444444444444444,0.5,0.21928796373129472,-27,0.30373333988165063,-27,0.30373333988165063,1
mcd,7056_FullHDwebcam_after,0.9763313609467456,11.104834960616067,0.6666666666666666,0.6666666666666666,-0.4335677754164253,-13,0.4560205149324444,-13,0.4560205149324444,1
mcd,7056_FullHDwebcam_before,0.9763313609467456,11.334563915926104,0.6111111111111112,0.6111111111111112,-0.3632032929592647,19,-0.36460237133093104,8,0.28024343842548144,1
mcd,7056_IriunWebcam_after,0.975609756097561,11.130428096623195,0.0,0.0,0.2333376359867717,-17,0.2798011060579793,-17,0.2798011060579793,1
mcd,7056_IriunWebcam_before,0.975609756097561,11.329833131906451,0.16666666666666666,0.16666666666666666,0.2166451916498825,21,0.2263506914049852,21,0.2263506914049852,1
mcd,7056_USBVideo_after,0.9763313609467456,11.189145068381606,0.2777777777777778,0.2777777777777778,0.16795755876137264,-23,0.17669770964426243,-23,0.17669770964426243,1
mcd,7056_USBVideo_before,0.975609756097561,11.438406494164433,0.2222222222222222,0.2222222222222222,0.13135786428416055,-21,0.13753383026434415,-21,0.13753383026434415,1
mcd,7069_FullHDwebcam_after,0.9763313609467456,4.950975257164856,0.5555555555555556,0.5555555555555556,-0.42222605030449795,-2,-0.42222605030449795,-12,0.4196121341129301,1
mcd,7069_FullHDwebcam_before,0.9763313609467456,8.173959134653478,0.6666666666666666,0.6666666666666666,-0.42709007053362597,6,0.47815876769143345,6,0.47815876769143345,1
mcd,7069_IriunWebcam_after,0.975609756097561,4.6162456334216255,0.16666666666666666,0.16666666666666666,-0.2764193497831249,-4,-0.2764193497831249,4,0.27112990969517786,1
mcd,7069_IriunWebcam_before,0.9763313609467456,8.41420736562484,0.3888888888888889,0.3888888888888889,0.38643488653790903,2,0.38643488653790903,2,0.38643488653790903,1
mcd,7069_USBVideo_before,0.9763313609467456,7.883349523296588,0.4444444444444444,0.4444444444444444,0.372308621734249,-12,-0.3937584102927709,-23,0.389980569843602,1
mcd,7082_FullHDwebcam_after,0.9763313609467456,7.458193059056589,0.6111111111111112,0.6111111111111112,-0.5219681209046394,-5,-0.5355645226909728,-16,0.4978914995878281,1
mcd,7082_FullHDwebcam_before,0.9763313609467456,9.16479721129619,0.2777777777777778,0.2777777777777778,-0.244806099765389,27,0.27411930018963004,27,0.27411930018963004,1
mcd,7082_IriunWebcam_after,0.9763313609467456,7.280408948871356,0.2777777777777778,0.2777777777777778,0.12565901544568006,-21,0.15690537161135243,-21,0.15690537161135243,1
mcd,7082_IriunWebcam_before,0.9763313609467456,9.100928493355749,0.2222222222222222,0.2222222222222222,0.07674646659824894,-30,-0.09015261373299573,-19,0.08691143443054945,1
mcd,7137_FullHDwebcam_after,0.9763313609467456,4.840914531193459,0.7222222222222222,0.7222222222222222,-0.5447336584046648,-2,-0.5447336584046648,9,0.5072908917296101,1
mcd,7137_FullHDwebcam_before,0.9763313609467456,4.973924917826861,0.7777777777777778,0.9333333333333333,-0.5559807723778292,-2,-0.5559807723778292,9,0.5259173984034534,1
mcd,7137_IriunWebcam_after,0.9763313609467456,5.121627373753046,0.2222222222222222,0.23529411764705882,0.28786971440248316,3,0.28786971440248316,3,0.28786971440248316,1
mcd,7137_IriunWebcam_before,0.975609756097561,4.951617471117231,0.6666666666666666,0.8,0.4173051033451715,5,0.42193837834412073,5,0.42193837834412073,1
mcd,7137_USBVideo_after,0.9763313609467456,4.994561476884998,0.2777777777777778,0.2777777777777778,0.34805939346996023,0,0.34805939346996023,0,0.34805939346996023,1
mcd,7137_USBVideo_before,0.9763313609467456,4.885900107206689,0.6666666666666666,0.7333333333333333,0.30930870191085963,-15,-0.31983450715669864,-1,0.30930870191085963,1
mcd,7142_FullHDwebcam_after,0.9763313609467456,10.731031576041929,0.8888888888888888,0.8888888888888888,-0.5941624679986998,-3,-0.5941624679986998,6,0.5118826676078321,1
mcd,7142_FullHDwebcam_before,0.9763313609467456,6.349398314866049,0.8888888888888888,0.8888888888888888,-0.6073121542773308,-4,-0.6073121542773308,-16,0.5622174304388845,1
mcd,7142_IriunWebcam_after,0.975609756097561,10.883579978463255,0.2777777777777778,0.2777777777777778,-0.1377913575531157,-26,-0.19748978326419964,-16,0.1648908890306882,1
mcd,7142_IriunWebcam_before,0.9763313609467456,6.400502058281726,0.5,0.5,-0.32014750531556246,18,-0.353958081464004,30,0.330312433003171,1
mcd,7151_FullHDwebcam_after,0.9763313609467456,6.115939115403554,0.6666666666666666,0.6666666666666666,-0.5507595474037157,-1,-0.5507595474037157,-13,0.5493630104408657,1
mcd,7151_FullHDwebcam_before,0.9763313609467456,6.472941158975157,0.7222222222222222,0.7222222222222222,-0.5256535163346567,8,0.5501725102708301,8,0.5501725102708301,1
mcd,7151_IriunWebcam_after,0.9770540340488527,6.14270063519769,0.2222222222222222,0.2222222222222222,0.1462455471501395,20,0.20916500007698224,20,0.20916500007698224,1
mcd,7151_IriunWebcam_before,0.9763313609467456,6.420940747347988,0.2222222222222222,0.2222222222222222,0.19666718373294162,-7,-0.22557301193118967,-18,0.21065210328303,1
mcd,7151_USBVideo_after,0.9763313609467456,6.169969037012521,0.2777777777777778,0.2777777777777778,0.38284650440914986,-20,0.44382040919546345,-20,0.44382040919546345,1
mcd,7151_USBVideo_before,0.9763313609467456,6.335348257234898,0.3888888888888889,0.3888888888888889,0.34166514575588625,-7,-0.3710934349185658,4,0.34166514575588625,1
mcd,7165_FullHDwebcam_after,0.9763313609467456,5.026432903291635,0.6666666666666666,0.6666666666666666,-0.43168485057375294,6,0.4487238309138736,6,0.4487238309138736,1
mcd,7165_FullHDwebcam_before,0.9763313609467456,8.038055437434043,0.6111111111111112,0.6111111111111112,0.27633431681331794,4,0.27633431681331794,4,0.27633431681331794,1
mcd,7165_IriunWebcam_after,0.9763313609467456,5.2060310968532555,0.0,0.0,-0.11265440027176699,23,0.13114396307372697,23,0.13114396307372697,1
mcd,7165_IriunWebcam_before,0.9763313609467456,8.096296996324673,0.3333333333333333,0.3333333333333333,0.23481805439615486,9,-0.23614384834717442,-1,0.23481805439615486,1
mcd,7165_USBVideo_before,0.9763313609467456,7.971891076697389,0.0,0.0,0.21494805402830938,-21,0.22865764467777022,-21,0.22865764467777022,1
mcd,7176_FullHDwebcam_after,0.9763313609467456,10.173749294424292,1.0,1.0,-0.8954932907530972,-1,-0.8954932907530972,-17,0.695061578553224,1
mcd,7176_FullHDwebcam_before,0.9763313609467456,9.841503559958221,1.0,1.0,-0.8573504231802145,-1,-0.8573504231802145,13,0.6862424116993736,1
mcd,7176_IriunWebcam_after,0.975609756097561,10.323279945076536,1.0,1.0,-0.6651650624679049,-6,-0.7297220036825622,-22,0.6555528729606829,1
mcd,7176_IriunWebcam_before,0.975609756097561,9.887643352313159,1.0,1.0,-0.6764108873970869,-6,-0.7645639539592437,7,0.6971939732148416,1
mcd,7185_FullHDwebcam_after,0.9763313609467456,7.899181776863941,0.6111111111111112,0.6111111111111112,-0.5130345869394419,-3,-0.5130345869394419,-14,0.47243451166316125,1
mcd,7185_FullHDwebcam_before,0.9763313609467456,6.060879161115208,0.9444444444444444,0.9444444444444444,-0.620146604806372,7,0.6693466274096469,7,0.6693466274096469,1
mcd,7185_IriunWebcam_after,0.9763313609467456,8.120283809349507,0.0,0.0,0.17592025263680053,-6,-0.22024169404163188,-17,0.22001206765044037,1
mcd,7185_IriunWebcam_before,0.9763313609467456,5.842627675014866,0.7777777777777778,0.7777777777777778,0.4000399649514328,3,0.4000399649514328,3,0.4000399649514328,1
mcd,7186_FullHDwebcam_after,0.9763313609467456,8.097443945238984,0.9444444444444444,0.9444444444444444,-0.5650774966206781,-4,-0.5650774966206781,-22,0.5474452796326494,1
mcd,7186_FullHDwebcam_before,0.9763313609467456,8.595649116098944,0.8888888888888888,0.8888888888888888,-0.5960503347962431,-3,-0.5960503347962431,11,0.48682130605858653,1
mcd,7186_IriunWebcam_after,0.975609756097561,8.097874867986373,0.16666666666666666,0.16666666666666666,0.1563537212850704,-8,-0.18555034560036668,4,0.1563537212850704,1
mcd,7186_IriunWebcam_before,0.9763313609467456,8.731239390500855,0.2777777777777778,0.2777777777777778,-0.20039882040163018,7,0.23717501816713757,7,0.23717501816713757,1
mcd,7186_USBVideo_after,0.9763313609467456,8.006818528520132,0.6666666666666666,0.6666666666666666,0.48311831914501246,-14,-0.4892615155961188,0,0.48311831914501246,1
mcd,7186_USBVideo_before,0.975609756097561,8.592029577401405,0.8888888888888888,0.8888888888888888,0.5264074494178349,-1,0.5264074494178349,-1,0.5264074494178349,1
mcd,7187_FullHDwebcam_after,0.8431952662721893,5.803910001065834,0.0,0.0,-0.2653452079072631,7,0.27886901125564667,7,0.27886901125564667,1
mcd,7187_FullHDwebcam_before,0.9763313609467456,7.9436305553114845,0.6666666666666666,0.6666666666666666,-0.3454286093117625,-16,0.3780915815485519,-16,0.3780915815485519,1
mcd,7187_IriunWebcam_after,0.8431952662721893,5.756313279485745,0.16666666666666666,0.1875,0.04042185470376668,-24,-0.1221073903266045,-16,0.10006918607189629,1
mcd,7187_IriunWebcam_before,0.9763313609467456,7.788685158649126,0.3888888888888889,0.3888888888888889,0.3188717616705804,-21,0.3372636703528415,-21,0.3372636703528415,1
mcd,7187_USBVideo_after,0.8431952662721893,5.950146575576298,0.2777777777777778,0.3125,0.1152170511412569,-12,-0.14800728872717092,20,0.11747147915852825,1
mcd,7187_USBVideo_before,0.9763313609467456,7.840131923285239,0.2777777777777778,0.2777777777777778,0.16318064371993138,-21,0.18991597200532345,-21,0.18991597200532345,1
mcd,7211_FullHDwebcam_after,0.9763313609467456,4.480851814474494,1.0,1.0,-0.817264396716113,-3,-0.817264396716113,9,0.7518499108777934,1
mcd,7211_FullHDwebcam_before,0.9763313609467456,4.489010916071171,0.9444444444444444,0.9444444444444444,-0.8189106148482994,-2,-0.8189106148482994,10,0.6709138472846795,1
mcd,7211_IriunWebcam_after,0.975609756097561,4.600289126007214,0.8888888888888888,0.8888888888888888,0.5030757616474721,-6,-0.5677904192981866,5,0.5279653483896147,1
mcd,7211_IriunWebcam_before,0.975609756097561,4.425303156899674,0.2777777777777778,0.2777777777777778,0.13469579745360677,-8,-0.21808856182397088,8,0.20675206774228683,1
mcd,7222_FullHDwebcam_after,0.9763313609467456,6.690983613680035,0.6666666666666666,0.6666666666666666,-0.48729042844726145,-2,-0.48729042844726145,7,0.406642123651922,1
mcd,7222_FullHDwebcam_before,0.9763313609467456,8.797795683434295,0.7777777777777778,0.7777777777777778,-0.45334344487652817,-2,-0.45334344487652817,7,0.3887915298745635,1
mcd,7222_IriunWebcam_after,0.975609756097561,6.700426661508093,0.6111111111111112,0.6111111111111112,0.2404050625508411,1,0.2404050625508411,1,0.2404050625508411,1
mcd,7222_IriunWebcam_before,0.975609756097561,8.463294112081604,0.1111111111111111,0.1111111111111111,0.17975721176052656,-5,-0.18567300044080895,3,0.17975721176052656,1
mcd,7222_USBVideo_after,0.9763313609467456,6.602523565846873,0.0,0.0,0.12123402626005612,8,-0.13233024691683298,1,0.12123402626005612,1
mcd,7222_USBVideo_before,0.9763313609467456,8.558578944557686,0.05555555555555555,0.05555555555555555,0.14288761188891244,-1,0.14288761188891244,-1,0.14288761188891244,1
mcd,7231_FullHDwebcam_after,0.9763313609467456,6.592992931583076,0.3888888888888889,0.3888888888888889,-0.31046169643988025,-1,-0.31046169643988025,-9,0.30365094843038465,1
mcd,7231_FullHDwebcam_before,0.9763313609467456,5.525754889016531,0.4444444444444444,0.47058823529411764,-0.4171321661860532,-3,-0.4171321661860532,-12,0.4104895728016947,1
mcd,7231_IriunWebcam_after,0.975609756097561,6.512247118224624,0.0,0.0,0.09109364898285748,-23,-0.1317417292573752,-16,0.11692474100460742,1
mcd,7231_IriunWebcam_before,0.975609756097561,5.512435766304456,0.16666666666666666,0.17647058823529413,0.190049814126878,3,0.190049814126878,3,0.190049814126878,1
mcd,7233_FullHDwebcam_after,0.9763313609467456,7.504975507754421,0.6666666666666666,0.6666666666666666,-0.4138238288160357,-2,-0.4138238288160357,7,0.33122499041438475,1
mcd,7233_FullHDwebcam_before,0.9763313609467456,8.968488115742005,0.8888888888888888,0.8888888888888888,-0.6532782997444253,-1,-0.6532782997444253,-13,0.589936512634282,1
mcd,7233_IriunWebcam_after,0.9763313609467456,7.411048880974365,0.3333333333333333,0.3333333333333333,-0.27556994094822995,-4,-0.27556994094822995,-15,0.22516370248174128,1
mcd,7233_IriunWebcam_before,0.9763313609467456,8.967355179013563,0.0,0.0,0.08087884842204054,-7,-0.101993634356834,-16,0.08377094509899695,1
mcd,7233_USBVideo_after,0.9763313609467456,7.767954273961285,0.16666666666666666,0.16666666666666666,0.25199173306316025,18,0.2584696212709502,18,0.2584696212709502,1
mcd,7248_FullHDwebcam_after,0.9763313609467456,4.122587283234932,1.0,1.0,0.6826251135119868,5,0.6861401558620284,5,0.6861401558620284,1
mcd,7248_FullHDwebcam_before,0.621301775147929,2.023745252681352,0.8333333333333334,1.0,-0.5929555407130224,-4,-0.5929555407130224,-17,0.5384486924460294,1
mcd,7248_IriunWebcam_after,0.975609756097561,4.075222094743286,0.05555555555555555,0.05555555555555555,0.1492785657926632,-2,0.1492785657926632,-2,0.1492785657926632,1
mcd,7248_IriunWebcam_before,0.6208425720620843,2.128602464652701,0.3333333333333333,0.18181818181818182,0.34466835567088033,6,0.38378070965836997,6,0.38378070965836997,1
mcd,7279_FullHDwebcam_after,0.9763313609467456,10.99668486793233,0.9444444444444444,0.9444444444444444,-0.5816663665560158,-1,-0.5816663665560158,7,0.47460166645209867,1
mcd,7279_FullHDwebcam_before,0.9763313609467456,8.889506206733564,1.0,1.0,-0.591219351093832,-1,-0.591219351093832,7,0.471953809587876,1
mcd,7279_IriunWebcam_after,0.9763313609467456,10.835992027150795,0.6111111111111112,0.6111111111111112,0.38691965109731963,-5,-0.40106323797800825,22,0.3996242726234413,1
mcd,7279_IriunWebcam_before,0.9763313609467456,8.960270538865068,0.3888888888888889,0.4375,0.3814540059146429,3,0.3814540059146429,3,0.3814540059146429,1
mcd,7279_USBVideo_after,0.9763313609467456,10.889165135025687,0.16666666666666666,0.16666666666666666,0.2871498888420922,7,-0.2884410466728176,-2,0.2871498888420922,1
mcd,7279_USBVideo_before,0.9763313609467456,8.928634901562152,0.05555555555555555,0.0625,0.3246683902691479,-3,0.3246683902691479,-3,0.3246683902691479,1
mcd,7280_FullHDwebcam_after,0.9763313609467456,9.820756844603789,0.9444444444444444,0.9444444444444444,-0.5913770639758549,-2,-0.5913770639758549,7,0.5600382362036144,1
mcd,7280_FullHDwebcam_before,0.9763313609467456,8.064588673978424,0.9444444444444444,0.9444444444444444,-0.6013471181424366,-2,-0.6013471181424366,-15,0.53416542785659,1
mcd,7280_IriunWebcam_after,0.975609756097561,9.667677280735697,0.3333333333333333,0.3333333333333333,0.3656607164427231,2,0.3656607164427231,2,0.3656607164427231,1
mcd,7280_IriunWebcam_before,0.975609756097561,8.237810867055737,0.6666666666666666,0.6666666666666666,0.4408554088019159,-19,0.4480445479843757,-19,0.4480445479843757,1
mcd,7280_USBVideo_after,0.9763313609467456,9.697119970564904,0.3333333333333333,0.3333333333333333,0.3861817667777328,-14,-0.4032960273999006,-3,0.3861817667777328,1
mcd,7280_USBVideo_before,0.9763313609467456,8.183674079535942,0.6666666666666666,0.6666666666666666,0.3980562864775323,-2,0.3980562864775323,-2,0.3980562864775323,1
mcd,7362_FullHDwebcam_after,0.9763313609467456,7.583707799034274,1.0,1.0,-0.8144705052077688,-2,-0.8144705052077688,8,0.6824471026044506,1
mcd,7362_FullHDwebcam_before,0.9319526627218935,8.55591541807686,1.0,1.0,-0.777230619357363,-1,-0.777230619357363,9,0.6490896071529132,1
mcd,7362_IriunWebcam_after,0.975609756097561,7.25587775124411,0.7777777777777778,0.7777777777777778,0.3887064084910056,3,0.3887064084910056,3,0.3887064084910056,1
mcd,7362_IriunWebcam_before,0.9319526627218935,8.470044330617988,0.6111111111111112,0.6470588235294118,-0.4476731240353608,-5,-0.46207747808863947,-15,0.43675224830961945,1
mcd,7362_USBVideo_after,0.9763313609467456,7.810308847057643,0.05555555555555555,0.05555555555555555,0.25414095390400865,-22,0.3362637439901056,-22,0.3362637439901056,1
mcd,7362_USBVideo_before,0.9312638580931264,8.577341969863014,0.3333333333333333,0.35294117647058826,0.3994371155660802,-1,0.3994371155660802,-1,0.3994371155660802,1
mcd,7376_FullHDwebcam_after,0.9763313609467456,9.031988189421993,0.7777777777777778,0.7777777777777778,0.4962283937807679,4,0.4962283937807679,4,0.4962283937807679,1
mcd,7376_FullHDwebcam_before,0.9763313609467456,8.700245570837762,0.5,0.5,-0.4225406738903875,18,-0.44709811144860845,-17,0.43923630234962374,1
mcd,7376_IriunWebcam_after,0.9763313609467456,9.27322796334454,0.2777777777777778,0.2777777777777778,0.22304847300908645,13,-0.24635576796523462,22,0.24469396387790804,1
mcd,7376_IriunWebcam_before,0.9763313609467456,8.83094872133553,0.1111111111111111,0.1111111111111111,0.1802597264413794,0,0.1802597264413794,0,0.1802597264413794,1
mcd,7376_USBVideo_after,0.9763313609467456,9.202496244888302,0.2777777777777778,0.2777777777777778,0.4281679692519953,-1,0.4281679692519953,-1,0.4281679692519953,1
mcd,7376_USBVideo_before,0.9763313609467456,8.73768911984681,0.3333333333333333,0.3333333333333333,0.3443672825386995,12,-0.37180623511259403,-1,0.3443672825386995,1
mcd,7380_FullHDwebcam_after,0.9763313609467456,6.468183618393654,0.6666666666666666,0.6666666666666666,-0.4572381785147274,21,-0.5249564009411681,9,0.4236530554430392,1
mcd,7380_FullHDwebcam_before,0.665680473372781,1.9173335697683265,0.7777777777777778,1.0,-0.5459607061139131,-2,-0.5459607061139131,-15,0.48788603274125114,1
mcd,7380_IriunWebcam_after,0.975609756097561,6.700051623528299,0.1111111111111111,0.1111111111111111,-0.20953457308816545,-26,-0.23862360522227227,5,0.1689358759291761,1
mcd,7380_IriunWebcam_before,0.665680473372781,1.8708254032829943,0.0,0.0,-0.1547379362555892,-6,-0.17357203674773614,7,0.1595997989195908,1
mcd,7396_FullHDwebcam_after,0.9763313609467456,9.458426850789987,0.3888888888888889,0.3888888888888889,-0.3951866978901248,-1,-0.3951866978901248,6,0.39484694179658875,1
mcd,7396_FullHDwebcam_before,0.9763313609467456,6.322417608143574,0.6666666666666666,0.6666666666666666,-0.4689681903498265,-1,-0.4689681903498265,8,0.42044317163963724,1
mcd,7396_IriunWebcam_after,0.9763313609467456,9.296175866751009,0.0,0.0,0.21640468426189063,11,-0.21720829851318252,2,0.21640468426189063,1
mcd,7396_IriunWebcam_before,0.975609756097561,6.362113166518498,0.2222222222222222,0.2222222222222222,0.20087390765778798,-29,-0.2609343213572453,-17,0.22815834613371017,1
mcd,7396_USBVideo_after,0.9763313609467456,9.463225782791586,0.1111111111111111,0.1111111111111111,0.17675188546254605,-16,0.20017992508840757,-16,0.20017992508840757,1
mcd,7396_USBVideo_before,0.9763313609467456,6.207731928745606,0.05555555555555555,0.05555555555555555,0.23960987018393526,19,0.2433315378893062,19,0.2433315378893062,1
mcd,7412_FullHDwebcam_after,0.665680473372781,0.7155416817399575,0.16666666666666666,0.09090909090909091,0.1014518203661596,19,-0.1359673182802876,-30,0.10361074348731568,1
mcd,7412_FullHDwebcam_before,0.9763313609467456,8.209826354406538,0.5,0.5,-0.4680161965660907,-3,-0.4680161965660907,-13,0.41635005755722615,1
mcd,7412_IriunWebcam_after,0.7982261640798226,2.0598224680718054,0.1111111111111111,0.14285714285714285,0.060264380609971836,-26,0.09098532081277648,-26,0.09098532081277648,1
mcd,7412_IriunWebcam_before,0.9763313609467456,8.098097025157442,0.1111111111111111,0.1111111111111111,0.19370885255168696,4,0.19370885255168696,4,0.19370885255168696,1
mcd,7437_FullHDwebcam_after,0.9763313609467456,8.845770906014065,0.4444444444444444,0.4444444444444444,-0.3820127456810437,6,0.3994980382229917,6,0.3994980382229917,1
mcd,7437_FullHDwebcam_before,0.9763313609467456,7.406472173048639,0.2222222222222222,0.2222222222222222,0.30243638152598595,6,0.3803965755719651,6,0.3803965755719651,1
mcd,7437_IriunWebcam_after,0.9763313609467456,8.868202010146113,0.2222222222222222,0.2222222222222222,0.05762261429989997,12,-0.05897299433107114,3,0.05762261429989997,1
mcd,7437_IriunWebcam_before,0.9763313609467456,7.0895129341627925,0.2222222222222222,0.2222222222222222,0.19326387077554236,29,-0.2127391632900818,-18,0.2002914199736492,1
mcd,7437_USBVideo_after,0.9763313609467456,8.617093625475192,0.5,0.5,0.39639959730184227,20,0.4051109601906759,20,0.4051109601906759,1
mcd,7437_USBVideo_before,0.9763313609467456,7.182478480396726,0.05555555555555555,0.05555555555555555,0.26952813867497455,19,0.28009972922743087,19,0.28009972922743087,1
mcd,7445_FullHDwebcam_after,0.9763313609467456,7.786291558599356,0.2222222222222222,0.2222222222222222,-0.3363042841808894,-16,0.38370449768791315,-16,0.38370449768791315,1
mcd,7445_FullHDwebcam_before,0.9763313609467456,6.6515390542259265,0.2777777777777778,0.2777777777777778,-0.3174085450932335,17,-0.34329579438138697,6,0.3264149786376051,1
mcd,7445_IriunWebcam_after,0.975609756097561,8.080280333342227,0.2222222222222222,0.2222222222222222,-0.0775950987309859,-25,-0.1256788480730218,22,0.1151549046778303,1
mcd,7445_IriunWebcam_before,0.9763313609467456,6.443359064019976,0.3888888888888889,0.3888888888888889,0.2128226783173065,-10,-0.24725365061669208,2,0.2128226783173065,1
mcd,7445_USBVideo_after,0.9763313609467456,8.19294860394382,0.4444444444444444,0.4444444444444444,0.33495392525893036,-20,0.35830395545962473,-20,0.35830395545962473,1
mcd,7445_USBVideo_before,0.9763313609467456,6.277885513948985,0.3888888888888889,0.3888888888888889,0.3772905316677861,2,0.3772905316677861,2,0.3772905316677861,1
mcd,7456_FullHDwebcam_after,0.9763313609467456,4.33604295470917,0.8333333333333334,0.8333333333333334,-0.7188137764264565,-2,-0.7188137764264565,8,0.6316670027607681,1
mcd,7456_FullHDwebcam_before,0.9763313609467456,6.120900360845621,0.7222222222222222,0.7222222222222222,-0.5461692062116503,-2,-0.5461692062116503,-13,0.4998551411803005,1
mcd,7456_IriunWebcam_after,0.975609756097561,4.258247778045211,0.3888888888888889,0.3888888888888889,0.2858581899684082,16,-0.31925402946961495,26,0.2877490052227834,1
mcd,7456_IriunWebcam_before,0.975609756097561,6.0515155142782024,0.2222222222222222,0.2222222222222222,-0.30379698880937883,18,-0.3212511187762557,7,0.3001741157778059,1
mcd,7473_FullHDwebcam_after,0.9763313609467456,8.429736880028958,0.9444444444444444,0.9444444444444444,-0.5441778959403181,-2,-0.5441778959403181,-15,0.5267711582896651,1
mcd,7473_FullHDwebcam_before,0.9763313609467456,9.384927153839822,0.5555555555555556,0.5555555555555556,-0.4096976737944466,-3,-0.4096976737944466,7,0.3478900437698472,1
mcd,7473_IriunWebcam_after,0.9763313609467456,8.338843285212604,0.7777777777777778,0.7777777777777778,0.518803703779547,3,0.518803703779547,3,0.518803703779547,1
mcd,7473_IriunWebcam_before,0.975609756097561,9.549139260427648,0.5555555555555556,0.5555555555555556,0.2688713175254092,12,-0.2811000008242608,22,0.2798469794925589,1
mcd,7473_USBVideo_after,0.9763313609467456,8.325962406710548,0.4444444444444444,0.4444444444444444,0.2174968648065044,21,0.23785024121925968,21,0.23785024121925968,1
mcd,7473_USBVideo_before,0.9763313609467456,9.561084905601376,0.3888888888888889,0.3888888888888889,0.28654417044561536,-2,0.28654417044561536,-2,0.28654417044561536,1
mcd,7509_FullHDwebcam_after,0.8431952662721893,2.5178896132914748,0.8888888888888888,0.9230769230769231,-0.6384473683620304,-6,-0.692402522514689,7,0.634264241033618,1
mcd,7509_FullHDwebcam_before,0.8431952662721893,0.9068426064182121,0.8888888888888888,0.9230769230769231,-0.5968001706731971,-6,-0.6871686938080724,6,0.5906710795870043,1
mcd,7509_IriunWebcam_after,0.8431952662721893,2.5938955384582876,0.2222222222222222,0.23076923076923078,0.271666390918878,-11,-0.2884901517022387,4,0.271666390918878,1
mcd,7509_IriunWebcam_before,0.9312638580931264,0.9275811556584352,0.1111111111111111,0.14285714285714285,0.19995972415067143,-9,-0.22421439676979213,4,0.19995972415067143,1
mcd,7514_FullHDwebcam_after,0.9763313609467456,4.055118993245542,0.2222222222222222,0.23529411764705882,0.3297554587054116,5,0.34662817431313186,5,0.34662817431313186,1
mcd,7514_FullHDwebcam_before,0.9763313609467456,6.620129354468036,0.5555555555555556,0.5882352941176471,0.3746458965519969,4,0.3746458965519969,4,0.3746458965519969,1
mcd,7514_IriunWebcam_after,0.975609756097561,4.123470502431656,0.0,0.0,0.07181808039981086,28,-0.11808004525095256,-16,0.11669157562173424,1
mcd,7514_IriunWebcam_before,0.975609756097561,6.550687184230304,0.16666666666666666,0.17647058823529413,0.08450896311642288,20,0.11848731229912145,20,0.11848731229912145,1
mcd,7514_USBVideo_after,0.9763313609467456,4.217026762639932,0.1111111111111111,0.11764705882352941,0.22380360614022168,-2,0.22380360614022168,-2,0.22380360614022168,1
mcd,7514_USBVideo_before,0.9763313609467456,6.538115989029215,0.0,0.0,0.2216729069230393,-22,0.27358826861972857,-22,0.27358826861972857,1
mcd,7519_FullHDwebcam_after,0.9763313609467456,10.48840195513785,1.0,1.0,-0.6298031931624474,-29,-0.6430259562178822,-16,0.5346772176825787,1
mcd,7519_FullHDwebcam_before,0.9763313609467456,9.437215876841131,0.8888888888888888,0.8888888888888888,-0.6935780075226089,-3,-0.6935780075226089,8,0.5918515565001917,1
mcd,7519_IriunWebcam_after,0.9763313609467456,10.48948679695652,0.3333333333333333,0.3333333333333333,0.3566580198873278,15,-0.3796397414042902,27,0.3682908408424002,1
mcd,7519_IriunWebcam_before,0.9763313609467456,9.51468640056167,0.3333333333333333,0.3333333333333333,0.2807539311311465,3,0.2807539311311465,3,0.2807539311311465,1
mcd,7519_USBVideo_after,0.9763313609467456,10.40325584360557,0.7222222222222222,0.7222222222222222,0.40796587590491395,-1,0.40796587590491395,-1,0.40796587590491395,1
mcd,7519_USBVideo_before,0.9763313609467456,9.399159321696661,0.3888888888888889,0.3888888888888889,0.3305710095465311,-27,0.36300275176378366,-27,0.36300275176378366,1
mcd,7520_FullHDwebcam_after,0.9763313609467456,9.692646749241547,0.8888888888888888,0.8888888888888888,-0.6362019233511641,-2,-0.6362019233511641,9,0.5345849352158447,1
mcd,7520_FullHDwebcam_before,0.9763313609467456,8.422392507121806,0.8888888888888888,0.8888888888888888,-0.6003339046833023,-2,-0.6003339046833023,8,0.5075324702215994,1
mcd,7520_IriunWebcam_after,0.9763313609467456,9.820352951907697,0.6666666666666666,0.6666666666666666,0.514427803926257,-7,-0.5298698298316095,4,0.514427803926257,1
mcd,7520_IriunWebcam_before,0.9763313609467456,8.477857049241878,0.6666666666666666,0.6666666666666666,0.34802433257538107,-7,-0.3639495706541739,3,0.34802433257538107,1
mcd,7520_USBVideo_after,0.9763313609467456,9.701166609347494,0.6666666666666666,0.6666666666666666,0.4319373395410346,-12,-0.46470258348198523,-1,0.4319373395410346,1
mcd,7520_USBVideo_before,0.9763313609467456,8.454431263995854,0.16666666666666666,0.16666666666666666,0.4088689553789484,-2,0.4088689553789484,-2,0.4088689553789484,1
mcd,7539_FullHDwebcam_after,0.9763313609467456,9.436746822868457,0.6111111111111112,0.6111111111111112,-0.5320604733956805,-2,-0.5320604733956805,-11,0.4433594282455702,1
mcd,7539_FullHDwebcam_before,0.9763313609467456,11.73553345182167,1.0,1.0,-0.6711088410459084,-2,-0.6711088410459084,-14,0.5786937603718195,1
mcd,7539_IriunWebcam_after,0.975609756097561,9.44420853160866,0.05555555555555555,0.05555555555555555,0.14920300573739595,-18,0.19315578511240727,-18,0.19315578511240727,1
mcd,7539_IriunWebcam_before,0.9763313609467456,11.690364917971056,0.16666666666666666,0.16666666666666666,0.3193738036747815,-29,-0.36657570983720594,-19,0.34179405383171546,1
mcd,7539_USBVideo_after,0.9763313609467456,9.574575741490793,0.3888888888888889,0.3888888888888889,0.19614548242580476,-30,-0.273505101405673,-21,0.2529463994924667,1
mcd,7539_USBVideo_before,0.9763313609467456,11.698941051632943,0.2777777777777778,0.2777777777777778,0.3121520176240268,-24,0.3277432808553492,-24,0.3277432808553492,1
mcd,7542_FullHDwebcam_after,0.9763313609467456,8.990204457593634,0.6111111111111112,0.6111111111111112,-0.3669542225814896,-11,0.3873685492080877,-11,0.3873685492080877,1
mcd,7542_FullHDwebcam_before,0.9763313609467456,9.212831454041762,0.6111111111111112,0.6111111111111112,-0.4377139169834492,-2,-0.4377139169834492,7,0.41855886824932576,1
mcd,7542_IriunWebcam_after,0.975609756097561,9.318584255757157,0.1111111111111111,0.1111111111111111,0.1855116811616931,-15,0.2030978959660324,-15,0.2030978959660324,1
mcd,7542_IriunWebcam_before,0.975609756097561,9.230822634077107,0.3888888888888889,0.3888888888888889,0.3106058720473956,12,-0.3174053691792137,22,0.314770984992169,1
mcd,7542_USBVideo_after,0.9763313609467456,9.00530298550364,0.05555555555555555,0.05555555555555555,0.16708637015926872,10,-0.17924176988022797,1,0.16708637015926872,1
mcd,7542_USBVideo_before,0.9763313609467456,9.256628488653227,0.2777777777777778,0.2777777777777778,0.21889347481955573,-11,-0.2732863298935499,-21,0.23324868344019606,1
mcd,7557_FullHDwebcam_after,0.9763313609467456,8.610641356891493,0.8888888888888888,0.8888888888888888,-0.5538186023764381,7,0.5796243559996817,7,0.5796243559996817,1
mcd,7557_FullHDwebcam_before,0.9763313609467456,8.977427485632738,1.0,1.0,-0.7716185993326684,-2,-0.7716185993326684,-16,0.536083595641836,1
mcd,7557_IriunWebcam_after,0.9763313609467456,8.728807284110356,0.6111111111111112,0.6111111111111112,0.468439230201071,4,0.468439230201071,4,0.468439230201071,1
mcd,7557_IriunWebcam_before,0.9763313609467456,9.059423302525815,0.1111111111111111,0.1111111111111111,0.15597406108516737,-12,-0.17869391428942719,3,0.15597406108516737,1
mcd,7557_USBVideo_after,0.9763313609467456,8.55670860966449,0.8333333333333334,0.8333333333333334,0.4256857805539297,15,-0.4337223495912461,2,0.4256857805539297,1
mcd,7568_FullHDwebcam_after,0.9763313609467456,10.381299813645718,0.8333333333333334,0.8333333333333334,-0.5951996798926352,-2,-0.5951996798926352,8,0.521080147947841,1
mcd,7568_FullHDwebcam_before,0.9763313609467456,9.707712846774736,0.8333333333333334,0.8333333333333334,-0.493096706787775,-16,0.5309850003314657,-16,0.5309850003314657,1
mcd,7568_IriunWebcam_after,0.975609756097561,10.434311276458551,0.3888888888888889,0.3888888888888889,0.23396630006463595,18,-0.2579655780110737,5,0.24217679561525604,1
mcd,7568_IriunWebcam_before,0.975609756097561,9.691612538674697,0.2222222222222222,0.2222222222222222,0.2710399540487792,27,0.28153474316895744,27,0.28153474316895744,1
mcd,7568_USBVideo_after,0.9763313609467456,10.328611940207512,0.3888888888888889,0.3888888888888889,0.3815431499083094,-24,0.42346297883402784,-24,0.42346297883402784,1
mcd,7568_USBVideo_before,0.9763313609467456,9.694526438629744,0.3333333333333333,0.3333333333333333,0.2994167195772312,-4,0.2994167195772312,-4,0.2994167195772312,1
mcd,7570_FullHDwebcam_after,0.9763313609467456,5.675011007765056,0.16666666666666666,0.16666666666666666,-0.29361984447815065,14,-0.3193744512118167,22,0.3088404155044487,1
mcd,7570_FullHDwebcam_before,0.9763313609467456,7.891203903301138,0.3888888888888889,0.3888888888888889,-0.39753387701634313,-2,-0.39753387701634313,-11,0.34536989664978596,1
mcd,7570_IriunWebcam_after,0.975609756097561,5.647744753394533,0.3888888888888889,0.3888888888888889,0.3009283763428723,12,-0.31951080181465175,3,0.3009283763428723,1
mcd,7570_IriunWebcam_before,0.975609756097561,7.600403097383874,0.16666666666666666,0.16666666666666666,0.22223870063597456,1,0.22223870063597456,1,0.22223870063597456,1
mcd,7576_FullHDwebcam_after,0.9763313609467456,9.1712097133167,1.0,1.0,-0.8332992454126288,-3,-0.8332992454126288,11,0.7118460892382696,1
mcd,7576_FullHDwebcam_before,0.9763313609467456,9.111507009207106,1.0,1.0,-0.8661780717029915,-3,-0.8661780717029915,12,0.7406649667568284,1
mcd,7576_IriunWebcam_after,0.975609756097561,9.230948617236667,1.0,1.0,0.5447048395711052,3,0.5447048395711052,3,0.5447048395711052,1
mcd,7576_IriunWebcam_before,0.975609756097561,9.213110705056234,0.8888888888888888,0.8888888888888888,0.5057909690075856,-9,-0.5401108683742768,6,0.5384769494036753,1
mcd,7576_USBVideo_after,0.975609756097561,9.128668023353551,0.9444444444444444,0.9444444444444444,0.4986374357096568,-30,0.5065879336030332,-30,0.5065879336030332,1
mcd,7576_USBVideo_before,0.9763313609467456,9.13594834680501,1.0,1.0,0.6137074872870322,3,0.6137074872870322,3,0.6137074872870322,1
mcd,7596_FullHDwebcam_after,0.9763313609467456,4.210427367337413,0.5,0.4666666666666667,-0.46683531764913994,18,-0.4933471975637797,8,0.41850526139101796,1
mcd,7596_FullHDwebcam_before,0.9763313609467456,6.1523241512289895,0.3333333333333333,0.35294117647058826,-0.3655790357400373,-5,-0.3700368767711111,7,0.36371061640668856,1
mcd,7596_IriunWebcam_after,0.975609756097561,4.065760117172883,0.1111111111111111,0.125,0.21150697719209588,-6,-0.21966427189677537,4,0.21150697719209588,1
mcd,7596_IriunWebcam_before,0.975609756097561,6.358051323673352,0.2777777777777778,0.29411764705882354,0.264761044896465,4,0.264761044896465,4,0.264761044896465,1
mcd,7598_FullHDwebcam_after,0.9763313609467456,10.051125449048143,0.2222222222222222,0.2222222222222222,0.2439233431333722,-27,0.25636519110659245,-27,0.25636519110659245,1
mcd,7598_FullHDwebcam_before,0.9763313609467456,4.493872419199882,0.8333333333333334,0.8235294117647058,-0.6021314284256089,-4,-0.6021314284256089,5,0.5753727318262309,1
mcd,7598_IriunWebcam_after,0.975609756097561,10.08758362295803,0.3333333333333333,0.3333333333333333,0.23512258590333962,28,-0.2647484536400115,20,0.25789105277132296,1
mcd,7598_IriunWebcam_before,0.9763313609467456,4.776188711913722,0.05555555555555555,0.058823529411764705,0.14381673011385013,25,0.1669147484619115,25,0.1669147484619115,1
mcd,7601_FullHDwebcam_after,0.7988165680473372,4.095318574604782,0.7777777777777778,0.8666666666666667,-0.6165610307579138,-5,-0.6283404414765379,-18,0.6062969906520308,1
mcd,7601_FullHDwebcam_before,0.9763313609467456,4.86433948094496,0.9444444444444444,0.9411764705882353,-0.7487151768717644,-3,-0.7487151768717644,8,0.697358439764006,1
mcd,7601_IriunWebcam_after,0.7982261640798226,3.9572441219284458,0.9444444444444444,1.0,0.5694445772880561,4,0.5694445772880561,4,0.5694445772880561,1
mcd,7601_IriunWebcam_before,0.975609756097561,4.865054733376702,0.16666666666666666,0.17647058823529413,0.19519151663110548,30,0.21791270134909288,30,0.21791270134909288,1
mcd,7604_FullHDwebcam_after,0.975609756097561,5.451784563488632,0.7222222222222222,0.7647058823529411,-0.5104567128340687,-2,-0.5104567128340687,8,0.48292144971954193,1
mcd,7604_FullHDwebcam_before,0.9319526627218935,4.219170085412779,0.6666666666666666,0.7058823529411765,-0.3515364306487157,-1,-0.3515364306487157,-13,0.34922360902741784,1
mcd,7604_IriunWebcam_after,0.9763313609467456,5.48049802568205,0.05555555555555555,0.058823529411764705,-0.18156214378001398,-24,-0.18561575503380767,-16,0.15795245153144782,1
mcd,7604_IriunWebcam_before,0.9312638580931264,4.160578068052306,0.2222222222222222,0.23529411764705882,0.2057216999636599,16,-0.23184973358685598,4,0.2057216999636599,1
mcd,7604_USBVideo_after,0.9763313609467456,5.5969821169010086,0.2222222222222222,0.23529411764705882,0.2019262055307875,10,-0.24468115229874596,0,0.2019262055307875,1
mcd,7604_USBVideo_before,0.9312638580931264,4.080271342907442,0.2777777777777778,0.29411764705882354,0.21205002466825154,-14,-0.28006021583676627,-3,0.21205002466825154,1
mcd,7626_FullHDwebcam_after,0.9763313609467456,8.577767525981017,0.9444444444444444,0.9444444444444444,-0.6361424176114812,19,-0.6455308821084317,-15,0.6183781030852795,1
mcd,7626_FullHDwebcam_before,0.9763313609467456,8.201184347567525,1.0,1.0,0.6010241101266904,6,0.6593597285844682,6,0.6593597285844682,1
mcd,7626_IriunWebcam_after,0.9763313609467456,8.617493090692108,0.05555555555555555,0.05555555555555555,0.17783837636437005,-23,0.17984967402349308,-23,0.17984967402349308,1
mcd,7626_IriunWebcam_before,0.975609756097561,8.286027103838794,0.7222222222222222,0.7222222222222222,0.44726029967548875,4,0.44726029967548875,4,0.44726029967548875,1
mcd,7628_FullHDwebcam_after,0.9763313609467456,7.873134496154581,0.3888888888888889,0.3888888888888889,-0.31468296459556677,-2,-0.31468296459556677,5,0.27121023483139517,1
mcd,7628_FullHDwebcam_before,0.9763313609467456,7.376575641175345,0.6111111111111112,0.6111111111111112,-0.5036514987574189,-3,-0.5036514987574189,6,0.44961902184899905,1
mcd,7628_IriunWebcam_after,0.9763313609467456,7.9844320755978835,0.0,0.0,0.18729670054215514,3,0.18729670054215514,3,0.18729670054215514,1
mcd,7628_IriunWebcam_before,0.9763313609467456,7.525932050395939,0.16666666666666666,0.16666666666666666,-0.21839158003433123,-23,-0.23897039497322253,-15,0.21010543788535435,1
mcd,7637_FullHDwebcam_after,0.9319526627218935,6.656253641066947,0.9444444444444444,1.0,-0.7088942191452764,-2,-0.7088942191452764,9,0.5920654066708039,1
mcd,7637_FullHDwebcam_before,0.9763313609467456,6.058254638301776,0.8333333333333334,0.8823529411764706,-0.6571263906301655,-3,-0.6571263906301655,8,0.5472222531604353,1
mcd,7637_IriunWebcam_after,0.9319526627218935,6.6083235476952105,0.4444444444444444,0.47058823529411764,0.34056256121300377,16,-0.3729839229173492,3,0.34056256121300377,1
mcd,7637_IriunWebcam_before,0.975609756097561,5.980350068497997,0.5555555555555556,0.5294117647058824,0.22441251451391345,-24,0.27292953086456617,-24,0.27292953086456617,1
mcd,7685_FullHDwebcam_after,0.9763313609467456,5.304394983495936,0.4444444444444444,0.4444444444444444,-0.4375462250882005,5,0.4832405913169515,5,0.4832405913169515,1
mcd,7685_FullHDwebcam_before,0.9763313609467456,8.048893023401149,1.0,1.0,-0.8463339172088316,-2,-0.8463339172088316,8,0.7539812885913139,1
mcd,7685_IriunWebcam_after,0.9763313609467456,5.496994525066883,0.5555555555555556,0.5555555555555556,0.32994497221382313,-6,-0.37317768949210517,3,0.32994497221382313,1
mcd,7685_IriunWebcam_before,0.9770540340488527,7.879601171529213,0.0,0.0,0.14405281196203715,0,0.14405281196203715,0,0.14405281196203715,1
mcd,7695_FullHDwebcam_after,0.9763313609467456,9.330295417863518,0.7222222222222222,0.7222222222222222,-0.4359202049383036,5,0.45020921037636985,5,0.45020921037636985,1
mcd,7695_FullHDwebcam_before,0.9763313609467456,6.530360297956932,0.3888888888888889,0.3888888888888889,-0.37172982401070653,24,0.39641039922578875,24,0.39641039922578875,1
mcd,7695_IriunWebcam_after,0.975609756097561,9.135814206517114,0.1111111111111111,0.1111111111111111,-0.06886460176675124,-8,0.10163674703853673,-8,0.10163674703853673,1
mcd,7695_IriunWebcam_before,0.9763313609467456,6.555918413543225,0.05555555555555555,0.05555555555555555,-0.07011086006309047,23,-0.13199324659308662,30,0.1009380075159858,1
mcd,7736_FullHDwebcam_after,0.9763313609467456,8.068146488464688,0.7222222222222222,0.7222222222222222,-0.4033228233168259,16,-0.41158503330089946,24,0.40000062495675726,1
mcd,7736_FullHDwebcam_before,0.9763313609467456,7.812415638830593,0.5,0.5,-0.4387154089848732,-4,-0.4387154089848732,-15,0.3746831006637513,1
mcd,7736_IriunWebcam_after,0.9763313609467456,7.968920599449824,0.1111111111111111,0.1111111111111111,0.25706839240446433,3,0.25706839240446433,3,0.25706839240446433,1
mcd,7736_IriunWebcam_before,0.9763313609467456,7.5727220377966535,0.0,0.0,0.15275413565168994,-8,-0.18612319844443273,2,0.15275413565168994,1
mcd,7748_FullHDwebcam_after,0.9763313609467456,8.31426162115229,0.9444444444444444,0.9444444444444444,-0.6526086804657601,-2,-0.6526086804657601,10,0.5605336323175218,1
mcd,7748_FullHDwebcam_before,0.9763313609467456,10.81886227633288,0.8888888888888888,0.8888888888888888,-0.621960063616292,-3,-0.621960063616292,8,0.5194945057162141,1
mcd,7748_IriunWebcam_after,0.975609756097561,8.25721240551166,0.7777777777777778,0.7647058823529411,0.5067559968409155,4,0.5067559968409155,4,0.5067559968409155,1
mcd,7748_IriunWebcam_before,0.9763313609467456,10.848971998349445,1.0,1.0,0.6034393581249965,-8,-0.6203834577210448,3,0.6034393581249965,1
mcd,7748_USBVideo_after,0.9763313609467456,8.276362805859929,0.6111111111111112,0.6111111111111112,0.37421305683011263,14,-0.460669209154035,0,0.37421305683011263,1
mcd,7748_USBVideo_before,0.9763313609467456,10.763383978875396,0.7777777777777778,0.7777777777777778,0.46788417208945515,-2,0.46788417208945515,-2,0.46788417208945515,1
mcd,7759_FullHDwebcam_after,0.9763313609467456,8.502196596501122,1.0,1.0,-0.6504254225874445,-3,-0.6504254225874445,11,0.5499662175364414,1
mcd,7759_FullHDwebcam_before,0.9763313609467456,9.063379102371314,1.0,1.0,-0.6845464686281911,-3,-0.6845464686281911,-18,0.5894456607293528,1
mcd,7759_IriunWebcam_after,0.975609756097561,8.62910867733678,1.0,1.0,-0.5142186645398186,-8,-0.7165961962718548,8,0.6357160725731841,1
mcd,7759_IriunWebcam_before,0.9763313609467456,8.982429182812588,0.6666666666666666,0.6666666666666666,0.28403872201404,-7,-0.3601420512300826,-22,0.3290667019849671,1
mcd,7759_USBVideo_after,0.9763313609467456,8.518177669457462,0.7777777777777778,0.7777777777777778,0.43241597192529474,-13,-0.455891453621215,-29,0.44997224616631354,1
mcd,7759_USBVideo_before,0.9763313609467456,8.942269036997857,0.8888888888888888,0.8888888888888888,0.5580751651169981,28,0.571895773993443,28,0.571895773993443,1
mcd,7769_FullHDwebcam_after,0.9763313609467456,9.193726441199576,0.2222222222222222,0.2222222222222222,-0.22483342418949062,-4,-0.22483342418949062,7,0.20136015340304744,1
mcd,7769_FullHDwebcam_before,0.9763313609467456,6.367321548755294,0.3888888888888889,0.3888888888888889,-0.38551361709807735,-15,0.4195470281138769,-15,0.4195470281138769,1
mcd,7769_IriunWebcam_after,0.9763313609467456,9.193170831049777,0.2222222222222222,0.2222222222222222,-0.03756299793187188,-26,-0.07273167178502185,24,0.0702664106214993,1
mcd,7769_IriunWebcam_before,0.9763313609467456,6.334109647415663,0.2777777777777778,0.2777777777777778,-0.15125361897774156,7,0.1590034619425022,7,0.1590034619425022,1
mcd,7769_USBVideo_after,0.9763313609467456,9.202118454224806,0.2222222222222222,0.2222222222222222,0.22042296945133408,-22,0.22200353470749692,-22,0.22200353470749692,1
mcd,7769_USBVideo_before,0.9763313609467456,6.400034378296992,0.16666666666666666,0.16666666666666666,0.12174636538786249,-24,0.14070170652768096,-24,0.14070170652768096,1
mcd,7788_FullHDwebcam_after,0.9763313609467456,4.641303452316944,0.7777777777777778,0.7647058823529411,-0.44677742268067744,-2,-0.44677742268067744,-16,0.38637509617059185,1
mcd,7788_FullHDwebcam_before,0.9763313609467456,7.557980256386781,0.6111111111111112,0.5882352941176471,-0.4922378579089721,-3,-0.4922378579089721,7,0.4384785771855919,1
mcd,7788_IriunWebcam_after,0.975609756097561,4.326436561679812,0.5,0.5294117647058824,0.295137179304852,-8,-0.30159018727890835,3,0.295137179304852,1
mcd,7788_IriunWebcam_before,0.975609756097561,7.630808791666576,0.3333333333333333,0.35294117647058826,0.32323042370994265,3,0.32323042370994265,3,0.32323042370994265,1
mcd,7788_USBVideo_after,0.9763313609467456,4.374345203216327,0.3888888888888889,0.4117647058823529,0.4325792373092556,-14,-0.4426085076411349,-2,0.4325792373092556,1
mcd,7788_USBVideo_before,0.9763313609467456,7.525382865399827,0.3333333333333333,0.3125,0.3247069125210527,-14,-0.3598468368289946,2,0.3247069125210527,1
mcd,7793_FullHDwebcam_after,0.9319526627218935,5.038477745376647,0.5555555555555556,0.625,-0.35705321555376196,-3,-0.35705321555376196,5,0.3278218926831092,1
mcd,7793_FullHDwebcam_before,0.9763313609467456,7.978028003683736,0.16666666666666666,0.16666666666666666,0.2841482261517939,-14,0.30223383012663074,-14,0.30223383012663074,1
mcd,7793_IriunWebcam_after,0.9319526627218935,4.890925446493935,0.1111111111111111,0.125,0.11592138777089248,-29,-0.16656846277790185,25,0.16623302366841766,1
mcd,7793_IriunWebcam_before,0.9763313609467456,8.10140884560532,0.16666666666666666,0.16666666666666666,0.21961039906078336,-6,-0.2500176027642342,3,0.21961039906078336,1
mcd,7831_FullHDwebcam_after,0.9763313609467456,7.203159743610792,0.2777777777777778,0.2777777777777778,-0.39024478222624603,5,0.39453643152549783,5,0.39453643152549783,1
mcd,7831_FullHDwebcam_before,0.8431952662721893,4.103534715896863,0.7222222222222222,0.75,-0.5865870500685458,-3,-0.5865870500685458,6,0.5818008344844534,1
mcd,7831_IriunWebcam_after,0.975609756097561,7.120276700073063,0.0,0.0,0.06957514749848916,1,0.06957514749848916,1,0.06957514749848916,1
mcd,7831_IriunWebcam_before,0.8431952662721893,4.0453052635826205,0.05555555555555555,0.0625,0.07196500088279696,-8,-0.0862883646376857,21,0.0740572965132298,1
mcd,7831_USBVideo_after,0.975609756097561,7.203175458628751,0.1111111111111111,0.1111111111111111,-0.02848074856653809,26,0.07431761703417498,26,0.07431761703417498,1
mcd,7864_FullHDwebcam_after,0.9763313609467456,8.54612584968868,0.6666666666666666,0.6666666666666666,-0.4876230439302904,-3,-0.4876230439302904,5,0.4815544831720661,1
mcd,7864_FullHDwebcam_before,0.7988165680473372,4.108464988542972,0.7777777777777778,0.8571428571428571,-0.6208341451816128,-3,-0.6208341451816128,5,0.5970126787241707,1
mcd,7864_IriunWebcam_after,0.975609756097561,8.623023917659236,0.1111111111111111,0.1111111111111111,0.0982938666705795,10,-0.11709225194123293,17,0.11524010863815212,1
mcd,7864_IriunWebcam_before,0.7988165680473372,4.069950294753666,0.0,0.0,0.15727230772006046,-1,0.15727230772006046,-1,0.15727230772006046,1
mcd,7864_USBVideo_after,0.9763313609467456,8.709656357354053,0.05555555555555555,0.05555555555555555,0.17021234414490566,15,0.1836126450194328,15,0.1836126450194328,1
mcd,7865_FullHDwebcam_after,0.9763313609467456,8.108794902644156,0.0,0.0,-0.22652829267287033,-3,-0.22652829267287033,-17,0.22038886447527978,1
mcd,7865_FullHDwebcam_before,0.9763313609467456,5.260520244417246,0.9444444444444444,1.0,-0.5560018577145014,8,0.5585897727969699,8,0.5585897727969699,1
mcd,7865_IriunWebcam_after,0.975609756097561,8.045104419287089,0.2777777777777778,0.2777777777777778,0.2837885899862219,1,0.2837885899862219,1,0.2837885899862219,1
mcd,7865_IriunWebcam_before,0.975609756097561,5.429846043829859,0.2777777777777778,0.23529411764705882,0.21720144857490611,-10,-0.23516111810285747,-21,0.2230709411999982,1
mcd,7878_FullHDwebcam_after,0.9319526627218935,7.724734096561246,0.9444444444444444,1.0,-0.6419255149411821,-2,-0.6419255149411821,5,0.595729900979387,1
mcd,7878_FullHDwebcam_before,0.9763313609467456,5.003265566456266,1.0,1.0,-0.8285568254207444,-1,-0.8285568254207444,8,0.6996264457132224,1
mcd,7878_IriunWebcam_after,0.9763313609467456,7.735815431983525,0.05555555555555555,0.05555555555555555,-0.08874819668633334,-5,-0.1005295233040261,-19,0.06927262107878764,1
mcd,7878_IriunWebcam_before,0.975609756097561,4.78316894220182,0.1111111111111111,0.1111111111111111,0.1770813382442745,2,0.1770813382442745,2,0.1770813382442745,1
mcd,7889_FullHDwebcam_after,0.9763313609467456,9.443544129716233,1.0,1.0,-0.6812361336130738,-1,-0.6812361336130738,7,0.6650826948934548,1
mcd,7889_FullHDwebcam_before,0.7988165680473372,5.127421237168828,0.8888888888888888,0.9333333333333333,-0.7078212897766122,-2,-0.7078212897766122,11,0.5659593519833421,1
mcd,7889_IriunWebcam_after,0.9763313609467456,9.210454748341359,0.16666666666666666,0.16666666666666666,-0.0624596214725645,-5,0.06266475983168751,-5,0.06266475983168751,1
mcd,7889_IriunWebcam_before,0.7982261640798226,5.21058419683644,0.3888888888888889,0.4,0.2426269391238952,3,0.2426269391238952,3,0.2426269391238952,1
mcd,7901_FullHDwebcam_after,0.9763313609467456,9.418298338410874,1.0,1.0,-0.768268622559716,-2,-0.768268622559716,9,0.6946624894223541,1
mcd,7901_FullHDwebcam_before,0.9763313609467456,6.675217036855338,0.9444444444444444,0.9444444444444444,-0.5805025892673975,-2,-0.5805025892673975,9,0.5447957392077881,1
mcd,7901_IriunWebcam_after,0.9763313609467456,9.481006127352371,0.2777777777777778,0.2777777777777778,-0.2647505516300308,-6,-0.3183203974113893,-20,0.27146395401376244,1
mcd,7901_IriunWebcam_before,0.975609756097561,6.492473927304714,0.16666666666666666,0.16666666666666666,-0.3391394576812166,-5,-0.35135564719935247,5,0.3163884765962581,1
mcd,7901_USBVideo_after,0.9763313609467456,9.48941718755199,0.5,0.5,0.3461098648698442,0,0.3461098648698442,0,0.3461098648698442,1
mcd,7901_USBVideo_before,0.9763313609467456,6.697908189044381,0.2777777777777778,0.2777777777777778,0.13588118588488032,24,0.21143548458345665,24,0.21143548458345665,1
mcd,7927_FullHDwebcam_after,0.9763313609467456,6.537904028149972,1.0,1.0,-0.624272509835472,-1,-0.624272509835472,7,0.5671206326309041,1
mcd,7927_FullHDwebcam_before,0.7988165680473372,3.3379385101575068,0.6111111111111112,0.6153846153846154,-0.4656968320780932,-1,-0.4656968320780932,9,0.39568730443065936,1
mcd,7927_IriunWebcam_after,0.9770540340488527,6.385659400249039,0.16666666666666666,0.16666666666666666,0.28841493358714987,2,0.28841493358714987,2,0.28841493358714987,1
mcd,7927_IriunWebcam_before,0.7988165680473372,3.2149872679654385,0.2222222222222222,0.14285714285714285,0.27813377637463815,-7,-0.2916167043001392,3,0.27813377637463815,1
mcd,7927_USBVideo_after,0.9763313609467456,6.594133658089607,0.1111111111111111,0.1111111111111111,0.2635393818100617,-1,0.2635393818100617,-1,0.2635393818100617,1
mcd,7927_USBVideo_before,0.7988165680473372,3.3422021609084354,0.0,0.0,0.1855534893887383,12,-0.2120551787696065,2,0.1855534893887383,1
mcd,7928_FullHDwebcam_after,0.9763313609467456,8.903860308575744,1.0,1.0,-0.6146055197845286,-20,0.6471039879378496,-20,0.6471039879378496,1
mcd,7928_FullHDwebcam_before,0.9763313609467456,7.964786571996715,1.0,1.0,-0.6858231375328622,-5,-0.7010586578117047,8,0.6774074404266781,1
mcd,7928_IriunWebcam_after,0.9763313609467456,8.899851896601096,0.4444444444444444,0.4444444444444444,0.20440714135460047,19,-0.2585707529956335,6,0.22170930390190077,1
mcd,7928_IriunWebcam_before,0.975609756097561,8.036132386585297,0.3333333333333333,0.3333333333333333,0.20247602914128496,30,0.20800796976281785,30,0.20800796976281785,1
mcd,7928_USBVideo_after,0.9763313609467456,8.902448036806398,0.9444444444444444,0.9444444444444444,0.6326039527829095,-11,-0.6379503046758914,3,0.6326039527829095,1
mcd,7928_USBVideo_before,0.9763313609467456,8.004014783804967,0.8333333333333334,0.8333333333333334,0.5811638026424041,-26,0.5947331843093839,-26,0.5947331843093839,1
mcd,7942_FullHDwebcam_after,0.9763313609467456,10.404208223926403,0.5555555555555556,0.5555555555555556,-0.34888024597848066,30,0.3618356037535419,30,0.3618356037535419,1
mcd,7942_FullHDwebcam_before,0.9763313609467456,9.41005318470916,0.8333333333333334,0.8333333333333334,-0.5095762854584135,-2,-0.5095762854584135,8,0.46928844224068167,1
mcd,7942_IriunWebcam_after,0.9763313609467456,10.2957353179554,0.3888888888888889,0.3888888888888889,0.06534410519622605,-20,0.07601155495353823,-20,0.07601155495353823,1
mcd,7942_IriunWebcam_before,0.975609756097561,9.354327808538889,0.5,0.5,0.24989990400221268,-30,-0.2810575974705914,27,0.25894785281313,1
mcd,7942_USBVideo_after,0.9763313609467456,10.497126240344327,0.16666666666666666,0.16666666666666666,0.12109426833457476,12,-0.20543728105578987,20,0.13926572854059535,1
mcd,7942_USBVideo_before,0.9763313609467456,9.320246359561438,0.1111111111111111,0.1111111111111111,0.20171237399517494,8,-0.26374246264611007,-24,0.2159973092620574,1
mcd,7957_FullHDwebcam_after,0.665680473372781,5.026499265696543,0.8333333333333334,1.0,-0.6140216135916511,-3,-0.6140216135916511,6,0.5715355136140914,1
mcd,7957_FullHDwebcam_before,0.7100591715976331,0.6110153104929565,0.8333333333333334,1.0,-0.7222786030913566,-1,-0.7222786030913566,-11,0.6219588604353764,1
mcd,7957_IriunWebcam_after,0.7100591715976331,5.038110209340418,0.05555555555555555,0.07142857142857142,0.20692144204552518,13,-0.23993713961510613,22,0.2332445193140233,1
mcd,7957_IriunWebcam_before,0.7100591715976331,0.3853314263147096,0.2222222222222222,0.18181818181818182,0.09556645798122836,14,-0.11641071145301435,24,0.10428965650690007,1
mcd,7959_FullHDwebcam_after,0.9763313609467456,8.577503416350812,0.4444444444444444,0.4444444444444444,-0.3460566813965638,-16,0.36899950709735063,-16,0.36899950709735063,1
mcd,7959_FullHDwebcam_before,0.9763313609467456,6.586854692314839,0.8333333333333334,0.8333333333333334,-0.521839503970342,-3,-0.521839503970342,9,0.45971964024329975,1
mcd,7959_IriunWebcam_after,0.975609756097561,8.662352958189068,0.6666666666666666,0.6666666666666666,0.2965095999971619,4,0.2965095999971619,4,0.2965095999971619,1
mcd,7959_IriunWebcam_before,0.975609756097561,6.7041439647064465,0.4444444444444444,0.4444444444444444,0.2962881886194263,21,-0.39676631006216,5,0.3031473823178926,1
mcd,7959_USBVideo_after,0.9763313609467456,8.606060661183658,0.16666666666666666,0.16666666666666666,0.13411012520685398,-13,-0.19841044555082996,1,0.13411012520685398,1
mcd,7959_USBVideo_before,0.9763313609467456,6.4895005403617105,0.1111111111111111,0.1111111111111111,0.3520197395071978,26,0.36548133282473316,26,0.36548133282473316,1
mcd,7969_FullHDwebcam_after,0.9763313609467456,4.2642875306335135,0.9444444444444444,0.9411764705882353,-0.5852851079080168,-2,-0.5852851079080168,7,0.5538998895124675,1
mcd,7969_FullHDwebcam_before,0.9763313609467456,5.92387450011743,0.9444444444444444,0.9444444444444444,-0.7203720783779686,-2,-0.7203720783779686,9,0.7147183018479165,1
mcd,7969_IriunWebcam_after,0.975609756097561,4.305611546723763,0.1111111111111111,0.11764705882352941,0.12855050933689502,-21,0.14740416883804103,-21,0.14740416883804103,1
mcd,7969_IriunWebcam_before,0.9763313609467456,5.837820791618878,0.0,0.0,0.15465539886462618,12,-0.16793743984541157,1,0.15465539886462618,1
mcd,7983_FullHDwebcam_after,0.9763313609467456,6.804682771767515,0.8888888888888888,0.8888888888888888,-0.5382806050838854,-2,-0.5382806050838854,-12,0.49992398824205075,1
mcd,7983_FullHDwebcam_before,0.9763313609467456,5.352028298909982,0.8333333333333334,0.8333333333333334,-0.5899641968222685,-2,-0.5899641968222685,7,0.5495450062025904,1
mcd,7983_IriunWebcam_after,0.9770540340488527,6.615650792106873,0.1111111111111111,0.1111111111111111,0.14456485444338252,4,0.14456485444338252,4,0.14456485444338252,1
mcd,7983_IriunWebcam_before,0.9763313609467456,5.1397501286639,0.1111111111111111,0.1111111111111111,0.140789224892089,-19,0.1954275794838088,-19,0.1954275794838088,1
mcd,7997_FullHDwebcam_after,0.9763313609467456,8.348775170810883,0.6111111111111112,0.6111111111111112,0.41725084624992226,5,0.4231683209322083,5,0.4231683209322083,1
mcd,7997_FullHDwebcam_before,0.9763313609467456,8.633429799743055,0.7777777777777778,0.7777777777777778,0.4565830628341322,5,0.4762854905938713,5,0.4762854905938713,1
mcd,7997_IriunWebcam_after,0.975609756097561,8.411763456936352,0.4444444444444444,0.4444444444444444,0.28272615056123906,-20,0.30147109021608437,-20,0.30147109021608437,1
mcd,7997_IriunWebcam_before,0.975609756097561,8.703779592699455,0.2222222222222222,0.2222222222222222,0.3359166873241368,3,0.3359166873241368,3,0.3359166873241368,1
mcd,7997_USBVideo_after,0.9763313609467456,8.370461002778644,0.6111111111111112,0.6111111111111112,0.4492053160137442,-2,0.4492053160137442,-2,0.4492053160137442,1
mcd,7997_USBVideo_before,0.9763313609467456,8.779028863063814,0.16666666666666666,0.16666666666666666,0.30594746524391353,-24,0.3434413330868935,-24,0.3434413330868935,1
mcd,8001_FullHDwebcam_after,0.9763313609467456,8.534220961154388,0.7777777777777778,0.7777777777777778,-0.5623052966758736,-2,-0.5623052966758736,9,0.49886680798081334,1
mcd,8001_FullHDwebcam_before,0.9763313609467456,9.104789876702718,0.8888888888888888,0.8888888888888888,-0.640693136817457,-2,-0.640693136817457,9,0.5759294370554481,1
mcd,8001_IriunWebcam_before,0.9763313609467456,9.274364200329238,0.7222222222222222,0.7222222222222222,0.37910495651140536,-8,-0.42026648647971204,4,0.37910495651140536,1
mcd,8001_USBVideo_after,0.9763313609467456,8.562764428050066,0.2222222222222222,0.2222222222222222,0.28048118775982567,20,0.3018677340420396,20,0.3018677340420396,1
mcd,8001_USBVideo_before,0.9763313609467456,9.132724707332743,0.5,0.5,0.2369214492632331,-25,0.2960658081013635,-25,0.2960658081013635,1
mcd,8009_FullHDwebcam_after,0.9763313609467456,10.077642358105297,1.0,1.0,-0.753744884532354,-2,-0.753744884532354,-19,0.6425046791217968,1
mcd,8009_FullHDwebcam_before,0.9763313609467456,10.270039126235059,1.0,1.0,-0.7983507472299151,-2,-0.7983507472299151,10,0.677913255672728,1
mcd,8009_IriunWebcam_after,0.975609756097561,10.090039364704324,0.8888888888888888,0.8888888888888888,0.4379801109832305,-24,0.4443859148609683,-24,0.4443859148609683,1
mcd,8009_IriunWebcam_before,0.9763313609467456,10.227219946911816,0.8888888888888888,0.8888888888888888,0.4850229882422277,19,-0.5521130801827873,4,0.4850229882422277,1
mcd,8009_USBVideo_after,0.9763313609467456,10.040710370423728,0.7777777777777778,0.7777777777777778,0.3874723033061401,-11,-0.41778860237525917,4,0.3874723033061401,1
mcd,8009_USBVideo_before,0.975609756097561,10.296184710905468,0.7222222222222222,0.7222222222222222,0.4891509671449057,29,0.52258898831018,29,0.52258898831018,1
mcd,8021_FullHDwebcam_after,0.9763313609467456,6.004091269387919,0.3333333333333333,0.3333333333333333,-0.3793143105616139,-4,-0.3793143105616139,-14,0.36616602605873666,1
mcd,8021_FullHDwebcam_before,0.9319526627218935,4.215493715722419,0.3333333333333333,0.375,0.36436289354329043,4,0.36436289354329043,4,0.36436289354329043,1
mcd,8021_IriunWebcam_after,0.9763313609467456,5.984649708772744,0.05555555555555555,0.05555555555555555,0.16920576045329613,30,-0.17395657611817542,2,0.16920576045329613,1
mcd,8021_IriunWebcam_before,0.9319526627218935,3.8696137929509304,0.1111111111111111,0.125,0.1768840924706058,1,0.1768840924706058,1,0.1768840924706058,1
mcd,8147_FullHDwebcam_after,0.9763313609467456,5.277731708785032,0.8888888888888888,0.875,0.45805657695814517,6,0.5427360968514237,6,0.5427360968514237,1
mcd,8147_FullHDwebcam_before,0.9763313609467456,6.939167306922808,0.7222222222222222,0.7222222222222222,-0.4760514500557379,21,-0.4926603606732807,-18,0.4556882360672217,1
mcd,8147_IriunWebcam_after,0.9763313609467456,5.197181430811822,0.2222222222222222,0.25,0.09283402620655211,-15,-0.11683847668215006,-30,0.10645708810824547,1
mcd,8147_IriunWebcam_before,0.9763313609467456,6.974917482139399,0.3333333333333333,0.3333333333333333,-0.187460671847943,21,-0.19893695468439074,-21,0.17996976970220216,1
mcd,8147_USBVideo_after,0.9763313609467456,5.096764302834571,0.6666666666666666,0.75,0.4725778333040872,0,0.4725778333040872,0,0.4725778333040872,1
mcd,8147_USBVideo_before,0.9763313609467456,7.001774621131242,0.8333333333333334,0.8333333333333334,0.5520437373677124,2,0.5520437373677124,2,0.5520437373677124,1
mcd,8213_FullHDwebcam_after,0.9763313609467456,7.288048816821137,0.8888888888888888,0.8888888888888888,-0.5661158185227492,-1,-0.5661158185227492,7,0.50195409055063,1
mcd,8213_FullHDwebcam_before,0.9763313609467456,8.10843403820244,0.5555555555555556,0.5555555555555556,-0.4223375011751764,-18,-0.4276063838535671,-10,0.40511878741460544,1
mcd,8213_IriunWebcam_after,0.9763313609467456,7.355373377787344,0.0,0.0,-0.030144732094508634,30,-0.06157809394083882,24,0.05694831386999007,1
mcd,8213_IriunWebcam_before,0.9763313609467456,7.805110850661502,0.0,0.0,0.0526968062266577,25,-0.07577228787885677,-2,0.0526968062266577,1
mcd,8262_FullHDwebcam_after,0.9763313609467456,8.126359600291995,0.7777777777777778,0.7777777777777778,-0.5477138326134806,-2,-0.5477138326134806,7,0.4944830769373488,1
mcd,8262_FullHDwebcam_before,0.4437869822485207,0.9488125452010963,0.7777777777777778,1.0,-0.5579891691487667,-2,-0.5579891691487667,-14,0.36235162816562494,0
mcd,8262_IriunWebcam_after,0.9763313609467456,8.287378894359822,0.6111111111111112,0.6111111111111112,0.36493851212550427,-7,-0.39344497466696154,2,0.36493851212550427,1
mcd,8262_IriunWebcam_before,0.5764966740576497,2.5433206517968987,0.4444444444444444,0.5454545454545454,0.20862380031581693,15,-0.30846792798059824,-22,0.22037602724096117,1
mcd,8262_USBVideo_after,0.9763313609467456,8.124547328637192,0.7222222222222222,0.7222222222222222,0.3413974355713158,21,0.407646887104419,21,0.407646887104419,1
mcd,8262_USBVideo_before,0.4437869822485207,0.7154522652213273,0.6111111111111112,0.7777777777777778,0.28745673663556853,21,0.3642502270402288,21,0.3642502270402288,0
mcd,8266_FullHDwebcam_after,0.8431952662721893,4.880539607748747,0.6666666666666666,0.7333333333333333,-0.45846849448935006,-3,-0.45846849448935006,7,0.4232719326197931,1
mcd,8266_FullHDwebcam_before,0.9763313609467456,6.215093962228382,0.8333333333333334,0.8333333333333334,-0.5904890957112938,-2,-0.5904890957112938,7,0.5149307378041265,1
mcd,8266_IriunWebcam_after,0.8431952662721893,4.912105273009301,0.0,0.0,0.10007732919884517,4,0.10007732919884517,4,0.10007732919884517,1
mcd,8266_IriunWebcam_before,0.975609756097561,6.317675102796987,0.05555555555555555,0.05555555555555555,0.10952036173155656,16,-0.1275318499970461,-18,0.12185040236133074,1
mcd,8266_USBVideo_after,0.8431952662721893,4.715690865427211,0.16666666666666666,0.2,0.1073498614051412,-29,0.1508901033695497,-29,0.1508901033695497,1
mcd,8266_USBVideo_before,0.9763313609467456,6.50925114192993,0.2222222222222222,0.2222222222222222,0.17997411019102064,18,0.20875036197659813,18,0.20875036197659813,1
mcd,8290_FullHDwebcam_after,0.9763313609467456,4.972123264173335,0.7777777777777778,0.875,-0.5552035036053726,-3,-0.5552035036053726,6,0.5320204651938113,1
mcd,8290_FullHDwebcam_before,0.9763313609467456,6.9734982337991065,0.8888888888888888,0.8888888888888888,-0.6701997413741085,7,0.7123611789773151,7,0.7123611789773151,1
mcd,8290_IriunWebcam_after,0.975609756097561,4.860491527536476,0.2222222222222222,0.25,0.269406706963913,4,0.269406706963913,4,0.269406706963913,1
mcd,8290_IriunWebcam_before,0.975609756097561,6.916311032272313,0.2222222222222222,0.2222222222222222,0.2125001997820257,-20,0.262504400024857,-20,0.262504400024857,1
mcd,8290_USBVideo_after,0.9763313609467456,4.9617120723067645,0.6111111111111112,0.5625,0.3985241809917007,2,0.3985241809917007,2,0.3985241809917007,1
mcd,8331_FullHDwebcam_after,0.9763313609467456,7.125440637462558,0.5555555555555556,0.5555555555555556,-0.3946408853266362,17,-0.42113988060941604,7,0.40908114488366315,1
mcd,8331_FullHDwebcam_before,0.7544378698224852,1.7229007704624437,0.6111111111111112,0.6923076923076923,-0.28854233543025626,-14,0.3210148255777824,-14,0.3210148255777824,1
mcd,8331_IriunWebcam_after,0.9763313609467456,7.092663340047679,0.1111111111111111,0.1111111111111111,0.19538881061460522,10,-0.20289496953772518,1,0.19538881061460522,1
mcd,8331_IriunWebcam_before,0.753880266075388,1.6482486855846297,0.4444444444444444,0.38461538461538464,-0.1382017562442863,-6,-0.17808849614356626,-19,0.1644286698259241,1
mcd,8364_FullHDwebcam_after,0.35502958579881655,-1.3505522068546454,0.4444444444444444,0.8333333333333334,-0.2836670384155576,-29,0.3259540268257792,-29,0.3259540268257792,0
mcd,8364_FullHDwebcam_before,0.9763313609467456,6.199773579125749,1.0,1.0,-0.6325424984613887,-1,-0.6325424984613887,8,0.6082370948863749,1
mcd,8364_IriunWebcam_after,0.35476718403547675,-1.2832771870585886,0.0,0.0,-0.12384045835450362,23,0.17541620571655445,23,0.17541620571655445,0
mcd,8364_IriunWebcam_before,0.975609756097561,5.881959655060022,0.2222222222222222,0.26666666666666666,-0.11562571567155874,-11,0.1442561659971287,-11,0.1442561659971287,1
mcd,8370_FullHDwebcam_after,0.9763313609467456,10.43806795506749,0.3888888888888889,0.3888888888888889,-0.31495184583744495,-13,0.3624173237183174,-13,0.3624173237183174,1
mcd,8370_FullHDwebcam_before,0.9763313609467456,11.097765725710376,1.0,1.0,-0.5326317419433209,16,-0.5448412350022546,6,0.4675894753460437,1
mcd,8370_IriunWebcam_after,0.975609756097561,10.355993841246326,0.3333333333333333,0.3333333333333333,0.16687875548835007,20,0.20457761608563418,20,0.20457761608563418,1
mcd,8377_FullHDwebcam_after,0.9763313609467456,10.588245417315507,1.0,1.0,-0.6090885288633402,-2,-0.6090885288633402,8,0.5540156076856485,1
mcd,8377_FullHDwebcam_before,0.9763313609467456,8.805279323280542,0.8888888888888888,0.8888888888888888,-0.5281409967092275,-23,-0.5605608747334887,30,0.4696645551206788,1
mcd,8377_IriunWebcam_after,0.9763313609467456,10.554862696545147,0.3333333333333333,0.3333333333333333,0.35280733883515936,-6,-0.38324218004197624,5,0.35467033475358895,1
mcd,8377_IriunWebcam_before,0.9763313609467456,8.756796616195732,0.7777777777777778,0.7777777777777778,0.46986702834035665,-6,-0.5071494828224196,-19,0.4845599942969318,1
mcd,8377_USBVideo_after,0.9763313609467456,10.468379379687969,0.6111111111111112,0.6111111111111112,0.3599797673075435,-25,0.3759646405193296,-25,0.3759646405193296,1
mcd,8377_USBVideo_before,0.9763313609467456,8.687708625863898,0.4444444444444444,0.4444444444444444,0.36956330006880656,22,0.40761112826291984,22,0.40761112826291984,1
mcd,8380_FullHDwebcam_after,0.9763313609467456,9.216113106642178,0.6666666666666666,0.6666666666666666,-0.5175654449710392,-4,-0.5175654449710392,-17,0.46317700176068105,1
mcd,8380_FullHDwebcam_before,0.9763313609467456,9.107430761091667,1.0,1.0,-0.6315742874283148,7,0.6569947987631413,7,0.6569947987631413,1
mcd,8380_IriunWebcam_after,0.975609756097561,9.142004206957703,0.2222222222222222,0.2222222222222222,0.24996734972822454,-8,-0.3035437665161642,-21,0.27366951421271585,1
mcd,8380_IriunWebcam_before,0.975609756097561,9.190797007916975,0.3888888888888889,0.3888888888888889,0.19630055823513254,-7,-0.23278983990612487,5,0.20994444834227066,1
mcd,8381_FullHDwebcam_after,0.9763313609467456,7.4824701517205305,1.0,1.0,-0.4988621082290697,6,0.5320905739411506,6,0.5320905739411506,1
mcd,8381_FullHDwebcam_before,0.9763313609467456,7.33273972543134,0.9444444444444444,1.0,-0.588001806554869,7,0.6089827783873515,7,0.6089827783873515,1
mcd,8381_IriunWebcam_after,0.975609756097561,7.01907959466224,0.4444444444444444,0.4444444444444444,0.29344576647172615,-15,0.38729902286380885,-15,0.38729902286380885,1
mcd,8381_IriunWebcam_before,0.975609756097561,7.0335095517657304,0.2222222222222222,0.23529411764705882,0.330350509557885,-27,-0.33497889584983315,4,0.330350509557885,1
mcd,8384_FullHDwebcam_after,0.9763313609467456,10.459400428266246,1.0,1.0,-0.5963231824056342,-3,-0.5963231824056342,6,0.5660302198419951,1
mcd,8384_FullHDwebcam_before,0.7100591715976331,8.606741384853485,0.8888888888888888,1.0,-0.5945036718584141,-3,-0.5945036718584141,-14,0.5616627810277515,1
mcd,8384_IriunWebcam_after,0.9763313609467456,10.42482309690464,0.05555555555555555,0.05555555555555555,0.12593763617976825,2,0.12593763617976825,2,0.12593763617976825,1
mcd,8384_IriunWebcam_before,0.7100591715976331,8.515360127214505,0.16666666666666666,0.07142857142857142,-0.03377537306734766,29,-0.07256348559545085,-13,0.05313904625291695,1
mcd,8384_USBVideo_after,0.975609756097561,10.492746920568141,0.8333333333333334,0.8333333333333334,0.5476924043367315,2,0.5476924043367315,2,0.5476924043367315,1
mcd,8384_USBVideo_before,0.7100591715976331,8.31267629905614,0.7222222222222222,0.9285714285714286,0.4190914731948828,-9,-0.5128978186265487,25,0.43394732715613166,1
mcd,8412_FullHDwebcam_after,0.9763313609467456,4.542183051122265,0.8333333333333334,0.8333333333333334,-0.5195155642419089,-6,-0.5947427518821498,7,0.5923362567919911,1
mcd,8412_FullHDwebcam_before,0.9763313609467456,2.207781917685261,0.6666666666666666,0.7333333333333333,-0.45535321373858256,-4,-0.45535321373858256,8,0.3524874329571249,1
mcd,8412_IriunWebcam_after,0.9763313609467456,4.437035588625898,0.3333333333333333,0.3333333333333333,0.22257534947745736,11,-0.2353945438395965,-1,0.22257534947745736,1
mcd,8412_IriunWebcam_before,0.975609756097561,2.3219874914202854,0.16666666666666666,0.2,-0.20693046889835837,-6,-0.23812884998033473,7,0.21201999210521771,1
mcd,8412_USBVideo_after,0.9763313609467456,4.400137236001635,0.7222222222222222,0.7058823529411765,0.5116129862025947,1,0.5116129862025947,1,0.5116129862025947,1
mcd,8428_FullHDwebcam_after,0.9763313609467456,4.640169075893681,0.6111111111111112,0.6111111111111112,-0.43942942122549977,-2,-0.43942942122549977,-9,0.43711230016437547,1
mcd,8428_FullHDwebcam_before,0.9763313609467456,6.349020447779925,0.2777777777777778,0.2777777777777778,-0.4025949252995597,-1,-0.4025949252995597,8,0.37128370300059,1
mcd,8428_IriunWebcam_after,0.975609756097561,4.5097988661185155,0.05555555555555555,0.05555555555555555,-0.1797716265560083,19,0.2069711702750521,19,0.2069711702750521,1
mcd,8428_IriunWebcam_before,0.9763313609467456,6.4554309971023685,0.1111111111111111,0.1111111111111111,0.2610298898172419,14,-0.27328273814723847,5,0.26532338955220164,1
mcd,8428_USBVideo_after,0.9763313609467456,4.789594184915655,0.05555555555555555,0.05555555555555555,0.10313511618345601,30,0.13211615766698825,30,0.13211615766698825,1
mcd,8428_USBVideo_before,0.9763313609467456,6.386882067052406,0.05555555555555555,0.05555555555555555,0.03370211989524125,-22,0.09408131370782502,-22,0.09408131370782502,1
mcd,8430_FullHDwebcam_after,0.3994082840236686,0.5685178731362244,0.6111111111111112,0.875,-0.6297613115645732,-2,-0.6297613115645732,7,0.5863432844794758,0
mcd,8430_FullHDwebcam_before,0.8431952662721893,8.063486974729672,0.8888888888888888,0.9333333333333333,-0.6358191581358844,-2,-0.6358191581358844,6,0.6318232948275648,1
mcd,8430_IriunWebcam_after,0.3991130820399113,0.5359464297337475,0.1111111111111111,0.0,0.17759301443238987,4,0.17759301443238987,4,0.17759301443238987,0
mcd,8430_IriunWebcam_before,0.8425720620842572,8.065082807563343,0.0,0.0,0.1683333504714557,0,0.1683333504714557,0,0.1683333504714557,1
mcd,8432_FullHDwebcam_after,0.9763313609467456,4.264730636416955,0.2222222222222222,0.25,-0.3047556314019568,17,-0.31534885581584504,5,0.29365487376879323,1
mcd,8432_FullHDwebcam_before,0.9763313609467456,5.255946544607288,0.1111111111111111,0.125,-0.21981926760773812,-14,0.23940467991122447,-14,0.23940467991122447,1
mcd,8432_IriunWebcam_after,0.975609756097561,3.9363062667043964,0.0,0.0,0.0824006923272819,-6,-0.0932655768766982,-19,0.08570175726050187,1
mcd,8432_IriunWebcam_before,0.975609756097561,5.2381086567873965,0.2777777777777778,0.25,0.024304766264647656,-21,0.08599611443205632,-21,0.08599611443205632,1
mcd,8432_USBVideo_after,0.9763313609467456,3.7560211441468616,0.2222222222222222,0.25,0.21976819176039414,-1,0.21976819176039414,-1,0.21976819176039414,1
mcd,8432_USBVideo_before,0.9763313609467456,5.222494633278281,0.3888888888888889,0.4375,0.23325743701392435,-9,-0.2337707800728105,0,0.23325743701392435,1
mcd,8490_FullHDwebcam_after,0.665680473372781,5.506504852283818,0.8888888888888888,1.0,-0.5856322379690589,-2,-0.5856322379690589,8,0.5299227591453847,1
mcd,8490_FullHDwebcam_before,0.9763313609467456,3.9008795406604686,0.4444444444444444,0.4444444444444444,-0.43411684326261507,-2,-0.43411684326261507,7,0.39273164506071906,1
mcd,8490_IriunWebcam_after,0.665680473372781,5.407788285624482,0.2222222222222222,0.3076923076923077,0.19581982873751025,28,0.2485151786163999,28,0.2485151786163999,1
mcd,8490_IriunWebcam_before,0.9763313609467456,4.041427102443331,0.0,0.0,0.17493211296739702,-17,0.2375119102692004,-17,0.2375119102692004,1
mcd,8500_FullHDwebcam_after,0.9763313609467456,6.89171529774633,0.5555555555555556,0.5555555555555556,-0.3213555266206728,-3,-0.3213555266206728,9,0.2713992838800584,1
mcd,8500_FullHDwebcam_before,0.9763313609467456,5.256906531500077,0.5,0.5,-0.45618387485852585,-1,-0.45618387485852585,-13,0.3432231539780673,1
mcd,8500_IriunWebcam_after,0.9763313609467456,7.05827291433378,0.3888888888888889,0.3888888888888889,0.2664940885919683,4,0.2664940885919683,4,0.2664940885919683,1
mcd,8500_IriunWebcam_before,0.9770540340488527,5.0941613054561135,0.2777777777777778,0.2777777777777778,0.24199958888537967,-7,-0.24640979692832884,-21,0.242436127863203,1
mcd,8500_USBVideo_after,0.975609756097561,6.943550045470571,0.05555555555555555,0.05555555555555555,0.1924024163132186,-12,-0.2347198176429111,-22,0.1998940644418025,1
mcd,8500_USBVideo_before,0.975609756097561,5.083347070903018,0.2777777777777778,0.2777777777777778,0.3548328704326075,1,0.3548328704326075,1,0.3548328704326075,1
mcd,8514_FullHDwebcam_after,0.621301775147929,0.05034774473584389,0.5,0.7777777777777778,-0.5279293515440864,-2,-0.5279293515440864,8,0.3896589348556335,1
mcd,8514_FullHDwebcam_before,0.9763313609467456,3.2341415124655777,0.5,0.5,-0.39371494457193495,-4,-0.39371494457193495,-17,0.356991637312561,1
mcd,8514_IriunWebcam_after,0.6208425720620843,0.010170474935978328,0.1111111111111111,0.0,0.1184696426049022,6,0.14665493086321757,6,0.14665493086321757,1
mcd,8514_USBVideo_before,0.9763313609467456,3.2687304161999213,0.2222222222222222,0.2222222222222222,0.2988667115696251,-23,0.3054481426402195,-23,0.3054481426402195,1
mcd,8517_FullHDwebcam_after,0.9319526627218935,6.400528000253189,0.1111111111111111,0.11764705882352941,-0.23541970332175893,6,0.24972089059284266,6,0.24972089059284266,1
mcd,8517_FullHDwebcam_before,0.9763313609467456,5.494770417926674,0.3333333333333333,0.3333333333333333,-0.32159568524048915,-17,0.3612464021979274,-17,0.3612464021979274,1
mcd,8517_IriunWebcam_after,0.9312638580931264,6.4828303442071675,0.0,0.0,-0.04937127208493055,-19,-0.06836552988439398,-9,0.05676459466003765,1
mcd,8517_IriunWebcam_before,0.975609756097561,5.846160311875913,0.05555555555555555,0.05555555555555555,0.21572931731029238,12,-0.21846696943065053,1,0.21572931731029238,1
mcd,8517_USBVideo_after,0.9319526627218935,6.672146763395644,0.05555555555555555,0.0625,0.2539087383033119,-9,-0.26138981703724995,0,0.2539087383033119,1
mcd,8517_USBVideo_before,0.975609756097561,5.608617543756196,0.2777777777777778,0.2777777777777778,0.36658430569384887,1,0.36658430569384887,1,0.36658430569384887,1
mcd,8540_FullHDwebcam_after,0.9763313609467456,6.122999781682996,0.9444444444444444,1.0,-0.7351066180982919,-2,-0.7351066180982919,11,0.6585113506187766,1
mcd,8540_FullHDwebcam_before,0.9763313609467456,8.839750801181395,1.0,1.0,-0.7939880087182352,-3,-0.7939880087182352,10,0.7135271984572961,1
mcd,8540_IriunWebcam_after,0.9770540340488527,6.181826623740472,0.3888888888888889,0.4375,-0.3815146199212678,-4,-0.3815146199212678,9,0.32990109942896734,1
mcd,8540_IriunWebcam_before,0.9763313609467456,8.852877149189162,0.7222222222222222,0.7222222222222222,0.5100858750682233,-9,-0.5592151330309619,-24,0.5266991586955477,1
mcd,8540_USBVideo_after,0.9763313609467456,6.120651307013389,0.5555555555555556,0.5625,0.4187456666183814,2,0.4187456666183814,2,0.4187456666183814,1
mcd,8540_USBVideo_before,0.9763313609467456,8.851017931226243,0.8888888888888888,0.8888888888888888,0.6337567460480115,1,0.6337567460480115,1,0.6337567460480115,1
mcd,8541_FullHDwebcam_after,0.9763313609467456,7.971094384621428,0.9444444444444444,0.9444444444444444,-0.6501160551480551,-2,-0.6501160551480551,6,0.6295537219029157,1
mcd,8541_FullHDwebcam_before,0.9763313609467456,6.97499201236031,1.0,1.0,-0.6805457522295505,-1,-0.6805457522295505,6,0.6434012658731826,1
mcd,8541_IriunWebcam_after,0.9763313609467456,8.076414063277884,0.0,0.0,0.1074638501717409,-5,0.10782583071522275,-5,0.10782583071522275,1
mcd,8541_IriunWebcam_before,0.9763313609467456,6.683091989295997,0.1111111111111111,0.1111111111111111,0.08771145375005446,-23,-0.12949194960179417,-30,0.11996100989318621,1
mcd,8550_FullHDwebcam_after,0.9763313609467456,8.56545261492537,1.0,1.0,-0.7400211795059934,-4,-0.7400211795059934,7,0.6676436505491811,1
mcd,8550_FullHDwebcam_before,0.9763313609467456,8.985299888081641,1.0,1.0,-0.7280850981943497,-5,-0.7306856781028676,7,0.6656488441053294,1
mcd,8550_IriunWebcam_after,0.9763313609467456,8.785606061471707,0.5,0.5,0.167377680648717,18,-0.20171269185861154,28,0.18871899874268172,1
mcd,8550_IriunWebcam_before,0.9763313609467456,9.058931655357751,0.6111111111111112,0.6111111111111112,0.44293645943443066,16,-0.47614478785457,3,0.44293645943443066,1
mcd,8550_USBVideo_after,0.9763313609467456,8.601613681504858,0.7777777777777778,0.7777777777777778,0.50207453989719,-23,0.5382212276501372,-23,0.5382212276501372,1
mcd,8555_FullHDwebcam_after,0.9763313609467456,6.298815037060228,0.2222222222222222,0.2222222222222222,0.12432475563692148,6,0.15220438452952967,6,0.15220438452952967,1
mcd,8555_FullHDwebcam_before,0.9763313609467456,4.32943986378536,0.4444444444444444,0.47058823529411764,-0.45650501039891456,-4,-0.45650501039891456,8,0.44102375834247787,1
mcd,8555_IriunWebcam_after,0.9763313609467456,6.486207550238021,0.16666666666666666,0.16666666666666666,0.13154163897191487,6,0.14922052724756743,6,0.14922052724756743,1
mcd,8555_IriunWebcam_before,0.9763313609467456,4.355613690149154,0.16666666666666666,0.17647058823529413,0.10092387240585293,18,-0.16738015387054772,30,0.1299033509286851,1
mcd,8555_USBVideo_after,0.9763313609467456,6.614005187740935,0.2777777777777778,0.2777777777777778,0.3838188280036771,-11,-0.4157292826142714,1,0.3838188280036771,1
mcd,8555_USBVideo_before,0.9763313609467456,4.301778353033375,0.5555555555555556,0.5294117647058824,0.5016649271952962,-9,-0.5325364546538721,3,0.5016649271952962,1
mcd,8563_FullHDwebcam_after,0.9763313609467456,7.783445137311373,0.9444444444444444,0.9444444444444444,-0.6855024943456024,20,-0.6996752681792762,8,0.5893826668789761,1
mcd,8563_FullHDwebcam_before,0.9763313609467456,9.343868289439467,0.8888888888888888,0.8888888888888888,-0.5751227083488097,-5,-0.5911946129953419,6,0.5729249661331853,1
mcd,8563_IriunWebcam_after,0.9763313609467456,7.687457009630873,0.0,0.0,0.06216139019004387,-15,-0.07972884480195,-22,0.07939945563645456,1
mcd,8563_IriunWebcam_before,0.975609756097561,9.441759014981216,0.3888888888888889,0.3888888888888889,0.381310814765302,3,0.381310814765302,3,0.381310814765302,1
mcd,8565_FullHDwebcam_after,0.9763313609467456,7.274709173512445,1.0,1.0,-0.7503522260578407,-1,-0.7503522260578407,-13,0.6831839727158714,1
mcd,8565_FullHDwebcam_before,0.9763313609467456,8.970081950613388,0.9444444444444444,0.9444444444444444,-0.7055211006964306,-3,-0.7055211006964306,9,0.6001655739225878,1
mcd,8565_IriunWebcam_after,0.9763313609467456,7.125809887874783,0.9444444444444444,0.9444444444444444,0.626867664227725,4,0.626867664227725,4,0.626867664227725,1
mcd,8565_IriunWebcam_before,0.9763313609467456,8.957140272164265,0.8333333333333334,0.8333333333333334,0.5166105109859026,-7,-0.5592678553866208,30,0.5266581957223332,1
mcd,8565_USBVideo_after,0.9763313609467456,7.220710017018114,0.4444444444444444,0.4444444444444444,0.32394691395230624,-13,-0.36850962867460996,-24,0.3374976309204824,1
mcd,8565_USBVideo_before,0.9763313609467456,8.908154603735603,0.6666666666666666,0.6666666666666666,0.4506708601324787,13,-0.4561211646439196,0,0.4506708601324787,1
mcd,8584_FullHDwebcam_after,0.9763313609467456,10.458922309209953,0.7777777777777778,0.7777777777777778,-0.540630347849984,0,-0.540630347849984,-10,0.4762664573075448,1
mcd,8584_FullHDwebcam_before,0.9763313609467456,11.03968155074347,0.8333333333333334,0.8333333333333334,-0.5919927112275538,20,-0.6074476849868207,9,0.5586516141516528,1
mcd,8584_IriunWebcam_after,0.975609756097561,10.4222870722708,0.3333333333333333,0.3333333333333333,-0.3570496687520955,-26,-0.38039885884900865,-16,0.36159626089931113,1
mcd,8584_IriunWebcam_before,0.975609756097561,11.033054005051415,0.3888888888888889,0.3888888888888889,0.3241331770225397,25,0.3269869181814553,25,0.3269869181814553,1
mcd,8584_USBVideo_after,0.975609756097561,10.373813064831028,0.7222222222222222,0.7222222222222222,0.3080753839203245,24,0.3091161837751605,24,0.3091161837751605,1
mcd,8584_USBVideo_before,0.975609756097561,11.048567095631611,0.3333333333333333,0.3333333333333333,0.3285323803260402,-20,0.3459258762534681,-20,0.3459258762534681,1
mcd,8587_FullHDwebcam_after,0.13313609467455623,-1.4226486189659369,0.5555555555555556,0.5,-0.7032947873424786,-2,-0.7032947873424786,7,0.533461727940714,0
mcd,8587_FullHDwebcam_before,0.0,-0.7362858153503374,0.6666666666666666,1.0,-0.7098987426048577,-2,-0.7098987426048577,7,0.5587831465582629,0
mcd,8587_IriunWebcam_after,0.13303769401330376,-1.2818698047757016,0.2222222222222222,0.25,0.47043962981534815,3,0.47043962981534815,3,0.47043962981534815,0
mcd,8587_IriunWebcam_before,0.0,-0.6227099119222088,0.3333333333333333,0.3333333333333333,0.3502564513463116,-7,-0.4400975817196168,4,0.3502564513463116,0
mcd,8587_USBVideo_after,0.22189349112426035,-1.3813144731742186,0.5,0.6,0.32984962273736645,-11,-0.4503548137490902,0,0.32984962273736645,0
mcd,8587_USBVideo_before,0.0,-0.764431316574189,0.5555555555555556,1.0,0.465344921286856,-12,-0.5058600975650457,-2,0.465344921286856,0
mcd,8603_FullHDwebcam_after,0.9763313609467456,9.617096139043916,0.8888888888888888,0.8888888888888888,-0.5458564724607621,5,0.5474966723945074,5,0.5474966723945074,1
mcd,8603_FullHDwebcam_before,0.9763313609467456,9.09006203600063,0.7222222222222222,0.7222222222222222,-0.5157575931819,-2,-0.5157575931819,5,0.4855856911630549,1
mcd,8603_IriunWebcam_before,0.975609756097561,9.182755392076688,0.0,0.0,-0.21513816949621248,-5,-0.2214269363373539,-28,0.20300384939867722,1
mcd,8661_FullHDwebcam_after,0.9763313609467456,6.369168376098415,0.8333333333333334,0.8333333333333334,-0.5689328942083022,-1,-0.5689328942083022,7,0.4717998289730163,1
mcd,8661_FullHDwebcam_before,0.9763313609467456,3.31035413300326,0.9444444444444444,1.0,-0.8007127243817039,-1,-0.8007127243817039,8,0.6307771157248464,1
mcd,8661_IriunWebcam_after,0.9763313609467456,6.23419529687873,0.0,0.0,-0.25784163658829146,-4,-0.25784163658829146,5,0.2193737123496013,1
mcd,8661_IriunWebcam_before,0.975609756097561,3.5925659510252235,0.16666666666666666,0.17647058823529413,0.31616752650744584,14,-0.36828507551954265,3,0.31616752650744584,1
mcd,8661_USBVideo_after,0.9763313609467456,6.465292145776162,0.16666666666666666,0.16666666666666666,0.19731137988608305,-10,-0.2498083342785625,-19,0.23609154219234918,1
mcd,8661_USBVideo_before,0.9763313609467456,3.344486308938623,0.1111111111111111,0.11764705882352941,0.34000297806270496,0,0.34000297806270496,0,0.34000297806270496,1
mcd,8664_FullHDwebcam_after,0.9763313609467456,7.523042321977434,0.9444444444444444,0.9444444444444444,-0.6185546870643447,-3,-0.6185546870643447,8,0.5565097658346875,1
mcd,8664_FullHDwebcam_before,0.9763313609467456,5.598457167683849,0.8333333333333334,0.8333333333333334,-0.5058525127286704,-2,-0.5058525127286704,-16,0.4910545841681974,1
mcd,8664_IriunWebcam_after,0.975609756097561,7.546817702156188,0.5,0.5,0.36367202131065895,5,0.36654470070099,5,0.36654470070099,1
mcd,8664_IriunWebcam_before,0.9763313609467456,5.628772587170133,0.2222222222222222,0.2222222222222222,0.27327841726974406,3,0.27327841726974406,3,0.27327841726974406,1
mcd,8664_USBVideo_after,0.9763313609467456,7.6058777947248055,0.2777777777777778,0.2777777777777778,0.29696582269814104,-11,-0.3696777192410018,-1,0.29696582269814104,1
mcd,8664_USBVideo_before,0.9763313609467456,5.66047545627211,0.4444444444444444,0.4444444444444444,0.35163501067011077,15,-0.37839658663312004,1,0.35163501067011077,1
mcd,8679_FullHDwebcam_after,0.9763313609467456,7.489429389278868,1.0,1.0,-0.6651300648710765,-1,-0.6651300648710765,12,0.5430577680876768,1
mcd,8679_FullHDwebcam_before,0.9763313609467456,7.728389916172144,1.0,1.0,-0.736926873642097,-2,-0.736926873642097,11,0.6325029790058369,1
mcd,8679_IriunWebcam_after,0.975609756097561,7.479182559252989,0.3333333333333333,0.3333333333333333,0.3262591921914858,3,0.3262591921914858,3,0.3262591921914858,1
mcd,8679_IriunWebcam_before,0.9763313609467456,7.7733272860615745,0.2777777777777778,0.2777777777777778,0.24365870581627652,-7,-0.28504752864469063,3,0.24365870581627652,1
mcd,8679_USBVideo_after,0.9763313609467456,7.501346983319845,0.6666666666666666,0.6666666666666666,0.46320736672403884,-12,-0.5038581246989623,1,0.46320736672403884,1
mcd,8679_USBVideo_before,0.9763313609467456,7.6231226129565215,0.4444444444444444,0.4444444444444444,0.4122094596700922,0,0.4122094596700922,0,0.4122094596700922,1
mcd,8681_FullHDwebcam_after,0.9763313609467456,11.002909750724182,0.2777777777777778,0.2777777777777778,-0.37281644040155504,25,0.39310322697560274,25,0.39310322697560274,1
mcd,8681_FullHDwebcam_before,0.9763313609467456,8.852638619687628,0.9444444444444444,0.9444444444444444,-0.5227263850832267,-3,-0.5227263850832267,-14,0.4885610858778998,1
mcd,8681_IriunWebcam_after,0.975609756097561,10.817398009439101,0.05555555555555555,0.05555555555555555,0.16577186498990623,-6,-0.1854611023932756,-18,0.1787588162102138,1
mcd,8681_IriunWebcam_before,0.975609756097561,8.657816944434684,0.05555555555555555,0.05555555555555555,0.21723590349606392,24,0.24896552719140785,24,0.24896552719140785,1
mcd,8706_FullHDwebcam_after,0.9763313609467456,11.354238801655871,0.8333333333333334,0.8333333333333334,-0.5484906153100121,-21,-0.5550899384287085,-13,0.5335182012988103,1
mcd,8706_FullHDwebcam_before,0.9763313609467456,6.542914040864006,0.9444444444444444,0.9444444444444444,-0.6700003786967553,-3,-0.6700003786967553,8,0.576162717889486,1
mcd,8706_IriunWebcam_after,0.975609756097561,11.220850321549465,0.05555555555555555,0.05555555555555555,0.08795801660127878,18,0.11287243459511676,18,0.11287243459511676,1
mcd,8706_IriunWebcam_before,0.9763313609467456,6.397336154815333,0.3333333333333333,0.3333333333333333,0.2328035256807508,-10,-0.2535308448310177,-23,0.24036726746457254,1
mcd,8718_FullHDwebcam_after,0.9763313609467456,5.607860552547953,0.1111111111111111,0.1111111111111111,0.1790018501205916,5,0.18046664681300462,5,0.18046664681300462,1
mcd,8718_FullHDwebcam_before,0.7988165680473372,7.274873457627184,0.05555555555555555,0.07142857142857142,0.14754544267883152,15,-0.20277474377463842,24,0.18399311951654335,1
mcd,8718_IriunWebcam_after,0.9763313609467456,5.445037695460788,0.1111111111111111,0.1111111111111111,0.09573754817964057,-16,0.16822201030671277,-16,0.16822201030671277,1
mcd,8718_IriunWebcam_before,0.7988165680473372,7.324005206729067,0.2222222222222222,0.14285714285714285,0.11639870868490876,-23,-0.18409767713454825,21,0.14853828271650935,1
mcd,8718_USBVideo_before,0.7988165680473372,7.104678074350176,0.2777777777777778,0.2857142857142857,0.19663495221835792,-28,-0.2162438839979578,0,0.19663495221835792,1
mcd,8730_FullHDwebcam_after,0.9763313609467456,12.53002756380025,1.0,1.0,-0.7079036235758643,7,0.7179091503391123,7,0.7179091503391123,1
mcd,8730_FullHDwebcam_before,0.9763313609467456,12.796823341086181,1.0,1.0,-0.6926582870286924,-2,-0.6926582870286924,-15,0.6241202395101094,1
mcd,8730_IriunWebcam_after,0.975609756097561,12.512551954829021,0.3333333333333333,0.3333333333333333,0.302817599219478,-28,-0.31767591587065785,-18,0.3096034890516881,1
mcd,8730_IriunWebcam_before,0.975609756097561,12.6846555342254,0.7777777777777778,0.7777777777777778,0.3822816604058221,2,0.3822816604058221,2,0.3822816604058221,1
mcd,8730_USBVideo_after,0.9763313609467456,12.528090391980959,0.4444444444444444,0.4444444444444444,0.3566207013642483,20,0.3643853308408215,20,0.3643853308408215,1
mcd,8730_USBVideo_before,0.9763313609467456,12.758589042632023,0.4444444444444444,0.4444444444444444,0.3411211248466258,-14,-0.3654264020950872,-24,0.3431620046753431,1
mcd,8738_FullHDwebcam_after,0.9763313609467456,5.244697365556438,0.2777777777777778,0.29411764705882354,-0.36204457467918133,-3,-0.36204457467918133,5,0.3266727376145838,1
mcd,8738_FullHDwebcam_before,0.9319526627218935,9.442566866789697,0.8888888888888888,0.9411764705882353,-0.5835722172874227,6,0.5890633271174592,6,0.5890633271174592,1
mcd,8738_IriunWebcam_after,0.975609756097561,5.0516020368154795,0.05555555555555555,0.058823529411764705,-0.06754695393236541,-13,0.09893878749698534,-13,0.09893878749698534,1
mcd,8738_IriunWebcam_before,0.975609756097561,9.364658431453126,0.16666666666666666,0.16666666666666666,0.14196768101662435,13,-0.17187106190744186,23,0.15206245858681033,1
mcd,8768_FullHDwebcam_after,0.9763313609467456,9.5832447124558,0.9444444444444444,0.9444444444444444,-0.6214217205060795,8,0.6224474828896575,8,0.6224474828896575,1
mcd,8768_FullHDwebcam_before,0.9763313609467456,7.77865686064292,0.9444444444444444,0.9444444444444444,-0.6582514183960535,-4,-0.6582514183960535,9,0.6494206379070918,1
mcd,8768_IriunWebcam_after,0.9763313609467456,9.616746990514628,0.2777777777777778,0.2777777777777778,0.13352085960686721,-27,0.1441470005350439,-27,0.1441470005350439,1
mcd,8768_IriunWebcam_before,0.9770540340488527,7.711192297329287,0.3333333333333333,0.3333333333333333,-0.19866511560138192,-5,-0.21366017677554688,-18,0.212350762045548,1
mcd,8768_USBVideo_after,0.9763313609467456,9.519107409163386,0.9444444444444444,0.9444444444444444,0.5604444183577346,2,0.5604444183577346,2,0.5604444183577346,1
mcd,8768_USBVideo_before,0.9763313609467456,7.518148099394052,0.7777777777777778,0.7777777777777778,0.4774026544391316,4,0.4774026544391316,4,0.4774026544391316,1
mcd,8772_FullHDwebcam_after,0.9763313609467456,5.952204725278293,1.0,1.0,-0.6968787700419476,6,0.7120612001401713,6,0.7120612001401713,1
mcd,8772_FullHDwebcam_before,0.9763313609467456,6.160104129916972,0.7777777777777778,0.7777777777777778,-0.5024011273573475,-3,-0.5024011273573475,6,0.501082776900764,1
mcd,8772_IriunWebcam_after,0.9763313609467456,5.852597251312913,0.05555555555555555,0.05555555555555555,-0.06610386852132284,-20,-0.08170677368600408,-11,0.07545962433701865,1
mcd,8772_IriunWebcam_before,0.9763313609467456,6.103894141290173,0.05555555555555555,0.05555555555555555,-0.07290201996914572,27,0.1531395266597469,27,0.1531395266597469,1
mcd,8785_FullHDwebcam_after,0.9763313609467456,7.115333857554291,0.4444444444444444,0.4444444444444444,-0.3963278790788756,-1,-0.3963278790788756,6,0.3684461292389721,1
mcd,8785_FullHDwebcam_before,0.9763313609467456,7.27340457034547,0.2777777777777778,0.2777777777777778,-0.39404804877664135,18,-0.4054507550762307,8,0.3897353507126737,1
mcd,8785_IriunWebcam_after,0.9763313609467456,6.858226792283926,0.1111111111111111,0.1111111111111111,0.12124056406021759,-10,-0.14439923763933393,-18,0.1273476837149886,1
mcd,8785_IriunWebcam_before,0.975609756097561,7.254296243976267,0.0,0.0,0.057311292967758026,24,0.10553178841405425,24,0.10553178841405425,1
mcd,8802_FullHDwebcam_after,0.9763313609467456,7.124989425982538,1.0,1.0,-0.660857616911449,-3,-0.660857616911449,6,0.6062199929267477,1
mcd,8802_FullHDwebcam_before,0.621301775147929,1.5520931662075057,0.6666666666666666,0.9090909090909091,-0.670311847415399,-2,-0.670311847415399,8,0.6028847317863959,1
mcd,8802_IriunWebcam_after,0.975609756097561,6.923335027941558,0.0,0.0,0.08714277718200152,21,0.10417379747963919,21,0.10417379747963919,1
mcd,8802_IriunWebcam_before,0.6208425720620843,1.3695106292932187,0.05555555555555555,0.09090909090909091,0.10708406163381297,-25,0.18205326065140098,-25,0.18205326065140098,1
mcd,8808_FullHDwebcam_after,0.9763313609467456,4.0817614133844256,0.6111111111111112,0.6875,-0.48970574526140787,-6,-0.5422791737877712,6,0.49116150319398405,1
mcd,8808_FullHDwebcam_before,0.9763313609467456,7.5804784155061204,1.0,1.0,-0.568699353499832,-6,-0.60326294157841,-23,0.5927796031816921,1
mcd,8808_IriunWebcam_after,0.9763313609467456,4.08381341512219,0.2222222222222222,0.25,0.2781943322355235,4,0.2781943322355235,4,0.2781943322355235,1
mcd,8808_IriunWebcam_before,0.9763313609467456,7.778361921277951,0.1111111111111111,0.1111111111111111,0.16975285231457918,-14,-0.1767802013337369,-2,0.16975285231457918,1
mcd,8808_USBVideo_after,0.9763313609467456,4.100984140723222,0.5,0.5,0.3703821790702561,1,0.3703821790702561,1,0.3703821790702561,1
mcd,8817_FullHDwebcam_after,0.9763313609467456,7.59178852268974,1.0,1.0,-0.7046327370084818,-2,-0.7046327370084818,-15,0.6209554332072601,1
mcd,8817_FullHDwebcam_before,0.9763313609467456,8.151483886984774,0.7222222222222222,0.7222222222222222,-0.5552572093262224,-1,-0.5552572093262224,7,0.40918615128630564,1
mcd,8817_IriunWebcam_after,0.9763313609467456,8.018327882615278,0.05555555555555555,0.05555555555555555,0.2801436890351829,3,0.2801436890351829,3,0.2801436890351829,1
mcd,8817_IriunWebcam_before,0.9763313609467456,8.273605995921645,0.2777777777777778,0.2777777777777778,0.3370121376513609,2,0.3370121376513609,2,0.3370121376513609,1
mcd,8817_USBVideo_after,0.9763313609467456,7.916041808836498,0.3888888888888889,0.3888888888888889,0.28276888042626913,-14,-0.2845088532668713,-1,0.28276888042626913,1
mcd,8817_USBVideo_before,0.9763313609467456,8.450071257055164,0.5,0.5,0.350916943901786,-1,0.350916943901786,-1,0.350916943901786,1
mcd,8834_FullHDwebcam_after,0.9763313609467456,6.526629050289076,0.6111111111111112,0.6111111111111112,-0.49341725982585016,-3,-0.49341725982585016,-13,0.401151525565327,1
mcd,8834_FullHDwebcam_before,0.9763313609467456,9.177646201296751,0.9444444444444444,0.9444444444444444,-0.6271347434926611,-1,-0.6271347434926611,7,0.4892155977720527,1
mcd,8834_IriunWebcam_after,0.9763313609467456,6.381031584385932,0.16666666666666666,0.16666666666666666,0.3818635543590118,2,0.3818635543590118,2,0.3818635543590118,1
mcd,8834_IriunWebcam_before,0.9763313609467456,9.188052483959,0.1111111111111111,0.1111111111111111,0.2957596081638476,-18,0.29814375170148033,-18,0.29814375170148033,1
mcd,8834_USBVideo_after,0.9763313609467456,6.631991195520168,0.4444444444444444,0.4444444444444444,0.3826890075000858,-1,0.3826890075000858,-1,0.3826890075000858,1
mcd,8834_USBVideo_before,0.9763313609467456,9.214271260358124,0.05555555555555555,0.05555555555555555,0.23744519050306895,19,0.2430391694338008,19,0.2430391694338008,1
mcd,8844_FullHDwebcam_after,0.8431952662721893,7.6802145561416575,0.16666666666666666,0.125,-0.2103074436430474,-14,0.22146712359208703,-14,0.22146712359208703,1
mcd,8844_FullHDwebcam_before,0.9763313609467456,7.2246837842710185,0.16666666666666666,0.16666666666666666,-0.35150665205384407,-5,-0.3580648099026938,-15,0.3330274255059487,1
mcd,8844_IriunWebcam_after,0.8431952662721893,7.437767557950529,0.2777777777777778,0.3125,-0.2590425954461631,-29,-0.3275413238461667,29,0.24004319401044388,1
mcd,8844_IriunWebcam_before,0.9763313609467456,7.214164673681617,0.2777777777777778,0.2777777777777778,0.24754043929376907,2,0.24754043929376907,2,0.24754043929376907,1
mcd,8844_USBVideo_after,0.8431952662721893,7.428206114920135,0.05555555555555555,0.0625,0.13791819406684172,-24,0.16189913763431632,-24,0.16189913763431632,1
mcd,8844_USBVideo_before,0.9763313609467456,7.0671925398294455,0.1111111111111111,0.1111111111111111,0.2478870558174873,-1,0.2478870558174873,-1,0.2478870558174873,1
mcd,8847_FullHDwebcam_after,0.7988165680473372,3.695953439201819,0.5,0.5,-0.438631159339852,-2,-0.438631159339852,6,0.42746263322156397,1
mcd,8847_FullHDwebcam_before,0.9763313609467456,6.432467679824468,0.9444444444444444,0.9444444444444444,-0.5672429644843454,5,0.621431084632714,5,0.621431084632714,1
mcd,8847_IriunWebcam_after,0.7982261640798226,3.5635817088036186,0.05555555555555555,0.07142857142857142,-0.26533735617100374,-4,-0.26533735617100374,4,0.20601926191348333,1
mcd,8847_IriunWebcam_before,0.975609756097561,6.352598484007338,0.16666666666666666,0.16666666666666666,-0.08054759591741854,22,-0.1460565827683813,30,0.11425374763569297,1
mcd,8848_FullHDwebcam_after,0.9763313609467456,6.992910222283974,0.2777777777777778,0.2777777777777778,-0.40306228056888294,0,-0.40306228056888294,-11,0.3377776911243497,1
mcd,8848_FullHDwebcam_before,0.9763313609467456,7.169804877226937,0.7222222222222222,0.7222222222222222,-0.44956985177817393,-1,-0.44956985177817393,10,0.3866055951038512,1
mcd,8848_IriunWebcam_after,0.9763313609467456,7.011614600465675,0.05555555555555555,0.05555555555555555,0.11007516104235293,21,0.1328750096780178,21,0.1328750096780178,1
mcd,8848_IriunWebcam_before,0.9763313609467456,7.19825679604523,0.16666666666666666,0.16666666666666666,0.056964706054893795,6,0.06497542054701702,6,0.06497542054701702,1
mcd,8848_USBVideo_after,0.9763313609467456,6.897495360920507,0.16666666666666666,0.16666666666666666,0.09817521097639052,-6,0.12228965592926884,-6,0.12228965592926884,1
mcd,8848_USBVideo_before,0.9763313609467456,7.186446677890192,0.05555555555555555,0.05555555555555555,0.14074955860233754,-2,0.14074955860233754,-2,0.14074955860233754,1
mcd,8852_FullHDwebcam_after,0.9763313609467456,6.099787801981353,0.4444444444444444,0.4444444444444444,-0.3532639984955674,-2,-0.3532639984955674,8,0.33349738675067475,1
mcd,8852_FullHDwebcam_before,0.9763313609467456,6.282495193973588,0.5555555555555556,0.5555555555555556,-0.45105762316951126,-3,-0.45105762316951126,6,0.42689687169964835,1
mcd,8852_IriunWebcam_after,0.975609756097561,6.221308211178133,0.2777777777777778,0.2777777777777778,0.1538577910822202,-22,0.16006528233917508,-22,0.16006528233917508,1
mcd,8852_IriunWebcam_before,0.9763313609467456,6.339695265214529,0.4444444444444444,0.4444444444444444,0.3432930292020266,25,0.3614268173338333,25,0.3614268173338333,1
mcd,8852_USBVideo_after,0.9763313609467456,6.191826087284721,0.16666666666666666,0.16666666666666666,0.10766222665305403,-14,-0.18165260768504646,-23,0.12075940202351688,1
mcd,8874_FullHDwebcam_after,0.9763313609467456,6.228452676286138,0.8888888888888888,0.8888888888888888,-0.5327014978170802,-5,-0.5347942924725386,6,0.5081834039184832,1
mcd,8874_FullHDwebcam_before,0.9763313609467456,7.21362389600484,0.7222222222222222,0.7222222222222222,-0.4359278005294972,7,0.5301351355412085,7,0.5301351355412085,1
mcd,8874_IriunWebcam_after,0.9763313609467456,6.247719603256812,0.2777777777777778,0.2777777777777778,0.09495647184295695,13,-0.11966447394970198,30,0.11536462516152789,1
mcd,8874_IriunWebcam_before,0.975609756097561,7.196253219458075,0.3888888888888889,0.3888888888888889,0.030761610810007133,29,0.07488627291812332,29,0.07488627291812332,1
mcd,8897_FullHDwebcam_after,0.9763313609467456,3.1321454660553236,0.3888888888888889,0.3125,-0.35272865351169824,7,0.37799546976994985,7,0.37799546976994985,1
mcd,8897_FullHDwebcam_before,0.9763313609467456,5.712191576656549,0.5,0.5,-0.38037863879030015,-2,-0.38037863879030015,7,0.38029153920504105,1
mcd,8897_IriunWebcam_after,0.975609756097561,3.021328520740066,0.0,0.0,-0.06561192732192533,18,0.11487115986287284,18,0.11487115986287284,1
mcd,8897_IriunWebcam_before,0.975609756097561,5.3758569955924,0.05555555555555555,0.05555555555555555,-0.13215482549927904,-4,-0.13215482549927904,4,0.11810620059782492,1
mcd,8902_FullHDwebcam_after,0.5769230769230769,1.1866383258897883,0.3333333333333333,0.3,0.3563580794302884,5,0.38479242559991306,5,0.38479242559991306,1
mcd,8902_FullHDwebcam_before,0.35502958579881655,2.0794902459578735,0.05555555555555555,0.14285714285714285,-0.3693624046000579,-4,-0.3693624046000579,6,0.28759412240627935,0
mcd,8902_IriunWebcam_after,0.5764966740576497,1.3890603023857189,0.2777777777777778,0.3,-0.09656214730491208,21,-0.19078990471899848,-21,0.13455593054702394,1
mcd,8902_IriunWebcam_before,0.35502958579881655,1.8620417686626418,0.05555555555555555,0.0,-0.09970881534538537,-20,0.18398622707273762,-20,0.18398622707273762,0
mcd,9003_FullHDwebcam_after,0.9763313609467456,5.632640728046963,0.5555555555555556,0.625,-0.3860986950739229,6,0.4131744770722073,6,0.4131744770722073,1
mcd,9003_FullHDwebcam_before,0.9763313609467456,8.827148461692781,0.7222222222222222,0.7222222222222222,-0.4689082041915935,-2,-0.4689082041915935,7,0.3245236413491393,1
mcd,9003_IriunWebcam_after,0.975609756097561,5.600214915551447,0.16666666666666666,0.1875,0.2285461744569583,4,0.2285461744569583,4,0.2285461744569583,1
mcd,9003_IriunWebcam_before,0.975609756097561,8.663450238305959,0.3333333333333333,0.3333333333333333,0.3216210523201538,-20,0.3525302001524319,-20,0.3525302001524319,1
mcd,9003_USBVideo_after,0.9763313609467456,5.642682960980122,0.3888888888888889,0.4375,0.26771438703661143,-12,-0.2708406512921578,-3,0.26771438703661143,1
mcd,9003_USBVideo_before,0.9763313609467456,8.869018626790655,0.3888888888888889,0.3888888888888889,0.3202177223131589,-24,0.3315171931010844,-24,0.3315171931010844,1
mcd,9028_FullHDwebcam_after,0.9763313609467456,4.29568911190562,0.4444444444444444,0.4375,-0.31616665419649326,-2,-0.31616665419649326,10,0.2398458989910888,1
mcd,9028_FullHDwebcam_before,0.9763313609467456,8.877594667035742,0.6111111111111112,0.6111111111111112,-0.5251929642393335,-3,-0.5251929642393335,-16,0.4869791675206468,1
mcd,9028_IriunWebcam_after,0.9763313609467456,4.326753342042522,0.2222222222222222,0.25,0.38377740700201735,4,0.38377740700201735,4,0.38377740700201735,1
mcd,9028_IriunWebcam_before,0.9763313609467456,8.852209338346205,0.2777777777777778,0.2777777777777778,0.22408331980745783,-21,0.23278614245785134,-21,0.23278614245785134,1
mcd,9028_USBVideo_after,0.8869179600886918,4.431562915708562,0.05555555555555555,0.06666666666666667,0.12004357073119304,-11,-0.1963278617510634,-26,0.14245297135115964,1
mcd,9028_USBVideo_before,0.9763313609467456,8.819594451762338,0.3333333333333333,0.3333333333333333,0.2678326814095977,-14,-0.37219142692611007,-28,0.27780622492746154,1
mcd,9039_FullHDwebcam_after,0.9763313609467456,8.438232451152142,0.9444444444444444,0.9444444444444444,-0.6645115918473692,-2,-0.6645115918473692,7,0.5529816218083627,1
mcd,9039_FullHDwebcam_before,0.9763313609467456,7.442154451015847,0.8333333333333334,0.8333333333333334,-0.4883632281763918,-3,-0.4883632281763918,7,0.45451580942175995,1
mcd,9039_IriunWebcam_after,0.9763313609467456,8.416439225952288,0.16666666666666666,0.16666666666666666,0.3712500154031437,2,0.3712500154031437,2,0.3712500154031437,1
mcd,9039_IriunWebcam_before,0.975609756097561,7.429311150020081,0.5555555555555556,0.5555555555555556,0.354297323027223,27,0.38153184552844593,27,0.38153184552844593,1
mcd,9039_USBVideo_after,0.9763313609467456,8.554977600860258,0.1111111111111111,0.1111111111111111,0.14289774624057194,-13,-0.24639560317085016,-22,0.16214358898312967,1
mcd,9039_USBVideo_before,0.9763313609467456,7.39420873170102,0.4444444444444444,0.4444444444444444,0.29357512707205213,-3,0.29357512707205213,-3,0.29357512707205213,1
mcd,9064_FullHDwebcam_after,0.9763313609467456,8.456598584811294,0.8888888888888888,0.8888888888888888,-0.527491172444984,-2,-0.527491172444984,8,0.4552840674153517,1
mcd,9064_FullHDwebcam_before,0.8431952662721893,5.490616074559745,0.5555555555555556,0.6666666666666666,-0.5120227475725477,7,0.533229970657857,7,0.533229970657857,1
mcd,9064_IriunWebcam_after,0.975609756097561,8.297885766959345,0.1111111111111111,0.1111111111111111,0.10090039706086198,-1,0.10090039706086198,-1,0.10090039706086198,1
mcd,9064_IriunWebcam_before,0.8425720620842572,5.193133237435731,0.1111111111111111,0.125,-0.20299368038691193,-4,-0.20299368038691193,-19,0.18448860807299763,1
mcd,9077_FullHDwebcam_after,0.9763313609467456,5.128276746535338,0.4444444444444444,0.47058823529411764,-0.34257998815270024,5,0.348630882209457,5,0.348630882209457,1
mcd,9077_FullHDwebcam_before,0.9763313609467456,7.184019045508974,0.6111111111111112,0.5882352941176471,-0.3868390197706832,5,0.3891314294136344,5,0.3891314294136344,1
mcd,9077_IriunWebcam_after,0.975609756097561,5.053270494053264,0.05555555555555555,0.0,-0.15318483023085075,-3,-0.15318483023085075,-12,0.12568165233816075,1
mcd,9077_IriunWebcam_before,0.975609756097561,7.092477989950675,0.0,0.0,0.11816252599152863,-20,0.12539944576040143,-20,0.12539944576040143,1
mcd,9077_USBVideo_after,0.9763313609467456,5.034177064374303,0.16666666666666666,0.17647058823529413,0.22403340285581327,-1,0.22403340285581327,-1,0.22403340285581327,1
mcd,9077_USBVideo_before,0.9763313609467456,7.18487556872612,0.2222222222222222,0.23529411764705882,0.21107491464161662,-20,0.26718588080187455,-20,0.26718588080187455,1
mcd,9092_FullHDwebcam_after,0.9763313609467456,8.276124468361006,0.6666666666666666,0.6666666666666666,-0.47908399131258084,-2,-0.47908399131258084,-11,0.4756355932856453,1
mcd,9092_FullHDwebcam_before,0.9763313609467456,6.694998734896711,1.0,1.0,-0.5168016989534273,-2,-0.5168016989534273,-11,0.511898225323884,1
mcd,9092_IriunWebcam_after,0.9763313609467456,8.311532163584172,0.0,0.0,-0.08108038202861771,-28,0.10284316469808934,-28,0.10284316469808934,1
mcd,9092_IriunWebcam_before,0.9763313609467456,6.49583505394632,0.05555555555555555,0.05555555555555555,0.06695417505451477,-10,-0.09129965032683876,-18,0.08522511580762786,1
mcd,9098_FullHDwebcam_after,0.9763313609467456,7.161146915490551,0.5555555555555556,0.5555555555555556,-0.3383224960631905,-3,-0.3383224960631905,6,0.3302415062753255,1
mcd,9098_FullHDwebcam_before,0.9763313609467456,9.8101134313798,0.3888888888888889,0.3888888888888889,-0.350327089575832,-15,0.3879484570072173,-15,0.3879484570072173,1
mcd,9098_IriunWebcam_after,0.975609756097561,6.977712178447784,0.2222222222222222,0.2222222222222222,-0.10359995366028624,14,-0.19214285019681596,21,0.12044794984675167,1
mcd,9098_IriunWebcam_before,0.9763313609467456,9.625936204941848,0.0,0.0,-0.11383836266235728,21,-0.12151533026982338,10,0.11980796979406756,1
mcd,9105_FullHDwebcam_after,0.9763313609467456,6.675047097580237,0.7777777777777778,0.7777777777777778,-0.48485070627778665,-14,0.4891433428066294,-14,0.4891433428066294,1
mcd,9105_FullHDwebcam_before,0.9763313609467456,8.312461731520298,0.7222222222222222,0.7222222222222222,-0.44000044493616425,-1,-0.44000044493616425,-14,0.4274641525458481,1
mcd,9105_IriunWebcam_after,0.9763313609467456,6.656755646885684,0.3333333333333333,0.3333333333333333,0.2770611987911517,3,0.2770611987911517,3,0.2770611987911517,1
mcd,9105_IriunWebcam_before,0.9763313609467456,8.470491656412314,0.6111111111111112,0.6111111111111112,-0.3696295305583065,20,-0.40390914030816916,7,0.34952074646313624,1
mcd,9105_USBVideo_after,0.975609756097561,6.6266029112882086,0.3888888888888889,0.3888888888888889,0.4114546572943869,-1,0.4114546572943869,-1,0.4114546572943869,1
mcd,9105_USBVideo_before,0.9763313609467456,8.43014922574175,0.3888888888888889,0.3888888888888889,0.30548112807194183,-23,0.3212982825858626,-23,0.3212982825858626,1
mcd,9115_FullHDwebcam_after,0.9763313609467456,10.164567958454004,0.8333333333333334,0.8333333333333334,-0.48183909873058794,-2,-0.48183909873058794,7,0.4375310442010159,1
mcd,9115_FullHDwebcam_before,0.9763313609467456,11.47597380758565,0.7222222222222222,0.7222222222222222,-0.46969248172620137,-21,-0.47954072471992365,-12,0.3689847614035699,1
mcd,9115_IriunWebcam_after,0.9763313609467456,10.163179025587885,0.2222222222222222,0.2222222222222222,0.22858265892590918,23,0.2509252318905008,23,0.2509252318905008,1
mcd,9115_IriunWebcam_before,0.9763313609467456,11.406774812796888,0.2222222222222222,0.2222222222222222,0.24141197938953443,-5,-0.246937226760691,3,0.24141197938953443,1
mcd,9115_USBVideo_after,0.975609756097561,10.249175579831274,0.2777777777777778,0.2777777777777778,0.2312724043202087,-12,-0.2583760576160408,19,0.24326478182685005,1
mcd,9115_USBVideo_before,0.975609756097561,11.527519482520496,0.3333333333333333,0.3333333333333333,0.3423687135741692,-23,0.35044656385063877,-23,0.35044656385063877,1
mcd,9118_FullHDwebcam_after,0.9763313609467456,7.792484046782726,0.7777777777777778,0.7777777777777778,-0.4612799472677197,-4,-0.4612799472677197,-20,0.4115637009132157,1
mcd,9118_FullHDwebcam_before,0.9763313609467456,6.787058992049059,0.2777777777777778,0.2777777777777778,-0.2886705529601632,9,0.3369136810585223,9,0.3369136810585223,1
mcd,9118_IriunWebcam_after,0.975609756097561,7.793822616682062,0.05555555555555555,0.05555555555555555,0.19884427700978338,30,0.20153928605977053,30,0.20153928605977053,1
mcd,9118_IriunWebcam_before,0.9763313609467456,6.860414070791188,0.2222222222222222,0.2222222222222222,-0.19049739733654925,0,-0.19049739733654925,-9,0.14840706318527555,1
mcd,9139_FullHDwebcam_after,0.9763313609467456,8.217036165537994,1.0,1.0,-0.844622798461227,-4,-0.844622798461227,-19,0.7300412636072093,1
mcd,9139_FullHDwebcam_before,0.9763313609467456,8.2164522674946,1.0,1.0,-0.7952537899734706,-4,-0.7952537899734706,8,0.6767955336746344,1
mcd,9139_IriunWebcam_after,0.9763313609467456,8.259879606147454,0.3888888888888889,0.3888888888888889,0.22595022501490197,1,0.22595022501490197,1,0.22595022501490197,1
mcd,9139_IriunWebcam_before,0.9763313609467456,8.257202368548112,0.6111111111111112,0.6111111111111112,0.29837233995822443,-8,-0.39003152034158356,6,0.3158385955357105,1
mcd,9141_FullHDwebcam_after,0.9763313609467456,5.794218679404972,0.3333333333333333,0.3333333333333333,-0.32088006034976635,-3,-0.32088006034976635,8,0.3118845365022752,1
mcd,9141_FullHDwebcam_before,0.9763313609467456,4.015271293287931,0.6666666666666666,0.7058823529411765,-0.2335642877868316,25,-0.2709034475096192,7,0.26429785390468086,1
mcd,9141_IriunWebcam_before,0.975609756097561,4.069888894473679,0.16666666666666666,0.17647058823529413,0.1576875785049434,4,0.1576875785049434,4,0.1576875785049434,1
mcd,9146_FullHDwebcam_after,0.9763313609467456,7.495924797091716,0.7777777777777778,0.7777777777777778,-0.5827928966952599,6,0.593730694292807,6,0.593730694292807,1
mcd,9146_FullHDwebcam_before,0.9763313609467456,9.168734907417477,1.0,1.0,-0.7668963789554278,-3,-0.7668963789554278,8,0.6038628015807059,1
mcd,9146_IriunWebcam_after,0.975609756097561,8.053384002273114,0.3333333333333333,0.3333333333333333,0.15945009544447034,24,0.17252285267609957,24,0.17252285267609957,1
mcd,9146_IriunWebcam_before,0.975609756097561,9.207556069011988,0.3333333333333333,0.3333333333333333,0.23226240940710827,14,-0.2473252688943891,3,0.23226240940710827,1
mcd,9153_FullHDwebcam_after,0.8875739644970414,1.7631955935389165,0.9444444444444444,1.0,-0.7918027389074814,-3,-0.7918027389074814,7,0.6989357356901248,1
mcd,9153_FullHDwebcam_before,0.9763313609467456,8.467341265276131,0.9444444444444444,0.9444444444444444,-0.7029413335774586,-3,-0.7029413335774586,-14,0.5996624224314094,1
mcd,9153_IriunWebcam_after,0.8869179600886918,1.5996318073319278,0.3333333333333333,0.23076923076923078,0.38451824615729474,1,0.38451824615729474,1,0.38451824615729474,1
mcd,9153_IriunWebcam_before,0.9763313609467456,8.222933936078157,0.6111111111111112,0.6111111111111112,0.28782355098762835,3,0.28782355098762835,3,0.28782355098762835,1
mcd,9153_USBVideo_after,0.8875739644970414,1.6521686160247775,0.5555555555555556,0.6923076923076923,0.4005290940850912,-23,0.44738023872639066,-23,0.44738023872639066,1
mcd,9153_USBVideo_before,0.975609756097561,8.534206941642495,0.5,0.5,0.43969615584151955,-2,0.43969615584151955,-2,0.43969615584151955,1
mcd,9160_FullHDwebcam_after,0.9763313609467456,5.200959946635534,0.7222222222222222,0.7222222222222222,-0.5167826885583452,-5,-0.5235683687136384,8,0.4807004501571075,1
mcd,9160_FullHDwebcam_before,0.9763313609467456,5.432497799330867,0.8333333333333334,0.8333333333333334,-0.47658650460106544,-5,-0.48857211050900456,8,0.4772626697489808,1
mcd,9160_IriunWebcam_after,0.9763313609467456,5.18662753502941,0.4444444444444444,0.4444444444444444,0.25643758027104735,26,0.26669698674802184,26,0.26669698674802184,1
mcd,9160_IriunWebcam_before,0.9770540340488527,5.329541962644569,0.4444444444444444,0.4444444444444444,0.18927178364502756,30,0.1897861133788054,30,0.1897861133788054,1
mcd,9160_USBVideo_after,0.9763313609467456,5.250844610024965,0.6666666666666666,0.6666666666666666,0.42330497491696917,-10,-0.43511622722588944,-25,0.42900545672271573,1
mcd,9160_USBVideo_before,0.9763313609467456,5.465034159641348,0.5,0.5,0.4162303985069996,17,-0.48967528297975815,4,0.4162303985069996,1
mcd,9163_FullHDwebcam_after,0.975609756097561,5.9550373484836605,0.8888888888888888,0.8823529411764706,-0.505515307290369,0,-0.505515307290369,-9,0.48165856898781206,1
mcd,9163_FullHDwebcam_before,0.9763313609467456,6.97649480109189,0.9444444444444444,0.9444444444444444,-0.5591343693051853,0,-0.5591343693051853,8,0.5377604570596233,1
mcd,9163_IriunWebcam_after,0.975609756097561,6.024886780708478,0.05555555555555555,0.058823529411764705,-0.032271278613584434,-30,-0.08792579853419663,-22,0.053413391104506,1
mcd,9163_IriunWebcam_before,0.9319526627218935,6.965833702204312,0.05555555555555555,0.058823529411764705,0.21329719844006367,-10,-0.2205196837258954,-1,0.21329719844006367,1
mcd,9174_FullHDwebcam_after,0.9763313609467456,5.912599148405279,0.8333333333333334,0.8333333333333334,-0.6725633689149397,-2,-0.6725633689149397,7,0.6033356678118514,1
mcd,9174_FullHDwebcam_before,0.9763313609467456,4.8892914362710265,0.4444444444444444,0.4444444444444444,-0.4908022747853997,-1,-0.4908022747853997,-15,0.3786318111983855,1
mcd,9174_IriunWebcam_after,0.975609756097561,6.1104943582107625,0.5,0.5,0.47396856280349287,3,0.47396856280349287,3,0.47396856280349287,1
mcd,9174_IriunWebcam_before,0.9763313609467456,4.662117046224289,0.4444444444444444,0.4444444444444444,0.39575966585344746,3,0.39575966585344746,3,0.39575966585344746,1
mcd,9174_USBVideo_after,0.9763313609467456,6.213718076061055,0.3888888888888889,0.3888888888888889,0.24843198612951192,11,-0.2867238849574948,21,0.25403413036914363,1
mcd,9174_USBVideo_before,0.975609756097561,4.878905565857238,0.3888888888888889,0.3888888888888889,0.3564339972247025,0,0.3564339972247025,0,0.3564339972247025,1
mcd,9199_FullHDwebcam_after,0.9763313609467456,7.995504510937242,0.8888888888888888,0.8888888888888888,-0.5283635999303717,8,0.5518595673950039,8,0.5518595673950039,1
mcd,9199_FullHDwebcam_before,0.9763313609467456,8.88092713269586,1.0,1.0,-0.637737817738027,21,-0.6381064770939633,7,0.6213611203766986,1
mcd,9199_IriunWebcam_after,0.975609756097561,7.99446533435508,0.3888888888888889,0.3888888888888889,0.339315044333663,4,0.339315044333663,4,0.339315044333663,1
mcd,9199_IriunWebcam_before,0.9763313609467456,8.76831299061677,0.0,0.0,0.041653233566077016,18,-0.11886767063400981,8,0.08008252873765631,1
mcd,9211_FullHDwebcam_after,0.9763313609467456,7.108944426496992,1.0,1.0,-0.7201286323558147,-3,-0.7201286323558147,9,0.6851325408560245,1
mcd,9211_FullHDwebcam_before,0.9763313609467456,4.204302155018522,0.7777777777777778,0.875,-0.5632409300678937,-1,-0.5632409300678937,9,0.5589166178998481,1
mcd,9211_IriunWebcam_after,0.975609756097561,7.388083562220669,0.05555555555555555,0.05555555555555555,0.0910894994724879,-13,-0.10262131273594405,3,0.0910894994724879,1
mcd,9229_FullHDwebcam_after,0.9763313609467456,10.995319547149856,0.8888888888888888,0.8888888888888888,-0.5718565583959085,-2,-0.5718565583959085,6,0.5057702068988816,1
mcd,9229_FullHDwebcam_before,0.9763313609467456,7.808033320784015,0.6666666666666666,0.6666666666666666,-0.35837553289240026,-30,-0.38978107685063523,-19,0.3172949378054197,1
mcd,9229_IriunWebcam_after,0.975609756097561,10.990656786342797,0.2222222222222222,0.2222222222222222,0.15759334838474015,-20,0.1662950710727793,-20,0.1662950710727793,1
mcd,9229_IriunWebcam_before,0.975609756097561,7.806872436112562,0.4444444444444444,0.4444444444444444,0.15817440605334046,26,0.16014119947158725,26,0.16014119947158725,1
mcd,9256_FullHDwebcam_after,0.9763313609467456,7.798231675277177,0.7222222222222222,0.7222222222222222,-0.3482435402347503,-12,0.391844917521742,-12,0.391844917521742,1
mcd,9256_FullHDwebcam_before,0.8431952662721893,5.13734492080068,0.3888888888888889,0.4666666666666667,-0.37754901514364686,-4,-0.37754901514364686,5,0.36975764963240315,1
mcd,9256_IriunWebcam_after,0.975609756097561,7.551009357955811,0.05555555555555555,0.05555555555555555,0.16710295732761926,-16,0.17755066338580938,-16,0.17755066338580938,1
mcd,9256_IriunWebcam_before,0.8425720620842572,5.170538754707588,0.16666666666666666,0.2,0.30880022625408104,-5,-0.3242410781800353,4,0.30880022625408104,1
mcd,9282_FullHDwebcam_after,0.8431952662721893,6.931044260187106,0.8888888888888888,1.0,-0.6446917852433274,-2,-0.6446917852433274,8,0.5872595783544078,1
mcd,9282_FullHDwebcam_before,0.9763313609467456,6.0495351655912195,1.0,1.0,-0.6010515701088512,9,0.6225263056560515,9,0.6225263056560515,1
mcd,9282_IriunWebcam_after,0.8431952662721893,6.993658822359282,0.4444444444444444,0.5,0.45052367831084517,-6,-0.529694738778756,5,0.454137400450782,1
mcd,9282_IriunWebcam_before,0.9763313609467456,6.046371360973086,0.7777777777777778,0.7777777777777778,0.5501372992233047,4,0.5501372992233047,4,0.5501372992233047,1
mcd,9282_USBVideo_after,0.8431952662721893,7.039049897114746,0.16666666666666666,0.125,0.13141788925119938,-23,0.18328933177450174,-23,0.18328933177450174,1
mcd,9282_USBVideo_before,0.9763313609467456,5.886247526635461,0.4444444444444444,0.4444444444444444,0.3808616185013682,-1,0.3808616185013682,-1,0.3808616185013682,1
mcd,9283_FullHDwebcam_after,0.8431952662721893,4.748766957147301,0.5555555555555556,0.6,-0.4538104948131975,-3,-0.4538104948131975,-12,0.38388245084150036,1
mcd,9283_FullHDwebcam_before,0.9763313609467456,4.907761979058149,0.6666666666666666,0.7058823529411765,-0.4142522534734824,-3,-0.4142522534734824,25,0.3878439160971968,1
mcd,9283_IriunWebcam_after,0.8431952662721893,4.933458036069813,0.16666666666666666,0.13333333333333333,0.22441643748057075,2,0.22441643748057075,2,0.22441643748057075,1
mcd,9283_IriunWebcam_before,0.9763313609467456,5.036688037211974,0.2777777777777778,0.29411764705882354,0.18614712293102953,12,-0.24958104793727917,21,0.24304368029096599,1
mcd,9283_USBVideo_after,0.8431952662721893,4.718908759542422,0.16666666666666666,0.2,0.17249331084615993,17,0.19397856581919995,17,0.19397856581919995,1
mcd,9283_USBVideo_before,0.9763313609467456,4.989390291988426,0.1111111111111111,0.11764705882352941,0.17652935309907375,-3,0.17652935309907375,-3,0.17652935309907375,1
mcd,9286_FullHDwebcam_after,0.9763313609467456,9.193435949554118,1.0,1.0,-0.7253889383634854,-2,-0.7253889383634854,8,0.6120412196604692,1
mcd,9286_FullHDwebcam_before,0.9763313609467456,7.292698631313649,1.0,1.0,-0.7658473245315403,-2,-0.7658473245315403,10,0.6709182074570229,1
mcd,9286_IriunWebcam_after,0.975609756097561,9.370180897331249,0.5,0.5,0.43362686961489133,3,0.43362686961489133,3,0.43362686961489133,1
mcd,9286_IriunWebcam_before,0.9763313609467456,7.326770047369639,0.8888888888888888,0.8888888888888888,0.5150679730133418,5,0.5156529937518497,5,0.5156529937518497,1
mcd,9286_USBVideo_after,0.9763313609467456,9.315250341847866,0.3333333333333333,0.3333333333333333,0.25435666468862633,21,0.26953518660850145,21,0.26953518660850145,1
mcd,9286_USBVideo_before,0.9763313609467456,7.207296990390315,0.7777777777777778,0.7777777777777778,0.4534073937375507,1,0.4534073937375507,1,0.4534073937375507,1
mcd,9292_FullHDwebcam_after,0.8431952662721893,5.6261813346042935,0.2777777777777778,0.25,-0.2227812553507346,-22,-0.24182474482657634,7,0.24086593321480315,1
mcd,9292_FullHDwebcam_before,0.9763313609467456,7.171796947980482,0.5,0.5,-0.4048546805158269,-3,-0.4048546805158269,8,0.38301869506733943,1
mcd,9292_IriunWebcam_after,0.8431952662721893,5.58144890901054,0.2222222222222222,0.25,0.20369458892822262,0,0.20369458892822262,0,0.20369458892822262,1
mcd,9292_IriunWebcam_before,0.975609756097561,7.0220709262721925,0.5,0.5,0.2561020620118885,18,-0.2838444962075347,5,0.2730090992094896,1
mcd,9292_USBVideo_after,0.8431952662721893,5.474888204996674,0.16666666666666666,0.125,0.09029451651420625,-8,-0.135945677613051,-23,0.13554484163676117,1
mcd,9292_USBVideo_before,0.9763313609467456,7.0486582419939925,0.3888888888888889,0.3888888888888889,0.15327506654938375,-10,-0.17106213175496873,-23,0.16274755978255784,1
mcd,9305_FullHDwebcam_after,0.9763313609467456,10.704913600732485,1.0,1.0,-0.7101686561988583,-2,-0.7101686561988583,-15,0.7018293611894366,1
mcd,9305_FullHDwebcam_before,0.9763313609467456,9.95511187205057,1.0,1.0,-0.6266004890035404,-3,-0.6266004890035404,-15,0.5754106394830482,1
mcd,9305_IriunWebcam_before,0.975609756097561,9.825759991495586,0.4444444444444444,0.4444444444444444,0.4135054289139907,4,0.4135054289139907,4,0.4135054289139907,1
mcd,9308_FullHDwebcam_after,0.9763313609467456,6.237258446984592,0.8888888888888888,0.8888888888888888,-0.650388718122531,-2,-0.650388718122531,9,0.5446984223056156,1
mcd,9308_FullHDwebcam_before,0.9763313609467456,5.85277905348538,1.0,1.0,-0.5276485458804004,-2,-0.5276485458804004,9,0.44784772730300687,1
mcd,9308_IriunWebcam_after,0.9763313609467456,6.516746179996146,0.6111111111111112,0.6111111111111112,-0.3271980985736774,-6,-0.37668082155382787,7,0.37063092497821576,1
mcd,9308_IriunWebcam_before,0.975609756097561,5.851927856571895,0.2222222222222222,0.2222222222222222,0.13085072844654336,30,0.14039677952058077,30,0.14039677952058077,1
mcd,9308_USBVideo_after,0.975609756097561,6.253449199038684,0.5,0.5,0.3494479796459408,-1,0.3494479796459408,-1,0.3494479796459408,1
mcd,9308_USBVideo_before,0.9763313609467456,5.672659312292987,0.6666666666666666,0.6666666666666666,0.4891134355510806,-2,0.4891134355510806,-2,0.4891134355510806,1
mcd,9309_FullHDwebcam_after,0.9763313609467456,4.1521832184706575,0.5,0.5,-0.5870643011266585,-1,-0.5870643011266585,10,0.44166130507674783,1
mcd,9309_FullHDwebcam_before,0.9763313609467456,4.115013361592739,0.9444444444444444,1.0,-0.672312106422014,-1,-0.672312106422014,10,0.5830124357494935,1
mcd,9309_IriunWebcam_after,0.9763313609467456,3.8986091534429734,0.2777777777777778,0.3125,-0.28804924672593335,-5,-0.3026397127751313,-18,0.27594347006031844,1
mcd,9309_IriunWebcam_before,0.975609756097561,4.051716960665715,0.3333333333333333,0.375,0.2978411080493816,6,0.35957127156840074,6,0.35957127156840074,1
mcd,9309_USBVideo_after,0.9763313609467456,4.064202266453018,0.05555555555555555,0.0625,0.13351666503038484,-11,-0.18284223042978773,-2,0.13351666503038484,1
mcd,9309_USBVideo_before,0.975609756097561,3.9863233059526615,0.5,0.5,0.3954632440708807,-12,-0.4038626318566353,0,0.3954632440708807,1
mcd,9396_FullHDwebcam_after,0.9763313609467456,5.543612965980648,0.0,0.0,0.12201729754318946,30,0.17931845312101816,30,0.17931845312101816,1
mcd,9396_FullHDwebcam_before,0.7988165680473372,4.214688632357911,0.1111111111111111,0.13333333333333333,0.1887067793649288,4,0.1887067793649288,4,0.1887067793649288,1
mcd,9396_IriunWebcam_after,0.975609756097561,5.380467865047169,0.0,0.0,-0.08082983966783955,29,-0.09821815880229619,7,0.08885072079154449,1
mcd,9396_IriunWebcam_before,0.8425720620842572,4.244512627272233,0.0,0.0,-0.032004516586198385,-26,-0.10208870271160463,21,0.06239879191787565,1
mcd,9396_USBVideo_after,0.9763313609467456,5.549810333668828,0.0,0.0,0.1367106172114829,-7,-0.1398305697100595,0,0.1367106172114829,1
mcd,9396_USBVideo_before,0.7988165680473372,4.523346252558058,0.0,0.0,0.07456759843632288,25,-0.13805463627782777,17,0.10972530198683375,1
mcd,9401_FullHDwebcam_after,0.9763313609467456,7.011608190938591,1.0,1.0,0.5122096883495216,6,0.5829661464655207,6,0.5829661464655207,1
mcd,9401_FullHDwebcam_before,0.9763313609467456,7.717212607912003,1.0,1.0,-0.6663977231335734,-4,-0.6663977231335734,8,0.6146604454059805,1
mcd,9401_IriunWebcam_after,0.975609756097561,7.093040124076262,0.5,0.5,0.2597896838482809,-25,0.28591334512896105,-25,0.28591334512896105,1
mcd,9401_IriunWebcam_before,0.975609756097561,7.667987402616661,0.2222222222222222,0.2222222222222222,0.11457783551815556,-11,-0.1645575342437373,4,0.11457783551815556,1
mcd,9425_FullHDwebcam_after,0.9763313609467456,9.987270727226663,0.5,0.5,-0.45542967881952573,-2,-0.45542967881952573,7,0.42638526446542335,1
mcd,9425_FullHDwebcam_before,0.9763313609467456,9.222418431806759,0.3888888888888889,0.3888888888888889,-0.4302515722220247,-1,-0.4302515722220247,8,0.38601154436443363,1
mcd,9425_IriunWebcam_after,0.9763313609467456,9.886607352974647,0.2222222222222222,0.2222222222222222,-0.2960396760730705,-5,-0.3039256919107681,-15,0.2829140129379468,1
mcd,9425_IriunWebcam_before,0.975609756097561,9.071997504350328,0.3888888888888889,0.3888888888888889,-0.3318312562372499,-24,-0.3575239137330214,-15,0.3409850961762366,1
mcd,9425_USBVideo_after,0.9763313609467456,9.80435896317351,0.3333333333333333,0.3333333333333333,0.2536092553590308,-2,0.2536092553590308,-2,0.2536092553590308,1
mcd,9425_USBVideo_before,0.975609756097561,8.945117922460339,0.3888888888888889,0.3888888888888889,0.3024871892509499,18,0.31673288974216407,18,0.31673288974216407,1
mcd,9464_FullHDwebcam_after,0.621301775147929,5.220228869248943,0.8333333333333334,0.8333333333333334,-0.5260736611530263,-2,-0.5260736611530263,-14,0.4626142924165337,1
mcd,9464_FullHDwebcam_before,0.9763313609467456,7.806591961766381,0.7777777777777778,0.7777777777777778,-0.4734703939334223,8,0.5306779424812686,8,0.5306779424812686,1
mcd,9464_IriunWebcam_after,0.6208425720620843,5.366805956393332,0.5,0.5,0.31833317341295925,13,-0.33204807490150284,2,0.31833317341295925,1
mcd,9464_IriunWebcam_before,0.9763313609467456,7.592276168284625,0.7222222222222222,0.7222222222222222,0.4294700113310295,-8,-0.4449007641479351,3,0.4294700113310295,1
mcd,9464_USBVideo_after,0.621301775147929,5.451746654837757,0.3333333333333333,0.4166666666666667,0.34824984388190655,-2,0.34824984388190655,-2,0.34824984388190655,1
mcd,9464_USBVideo_before,0.9763313609467456,7.718038674302081,0.6666666666666666,0.6666666666666666,0.41059443394979733,-2,0.41059443394979733,-2,0.41059443394979733,1
mcd,9486_FullHDwebcam_after,0.9763313609467456,2.594542978483429,0.7777777777777778,0.8125,-0.6404799625955275,-2,-0.6404799625955275,8,0.5607420127367143,1
mcd,9486_FullHDwebcam_before,0.9763313609467456,3.7414264311224166,0.8333333333333334,0.8333333333333334,-0.6503283954829222,-2,-0.6503283954829222,-14,0.5113417513253086,1
mcd,9486_IriunWebcam_after,0.975609756097561,2.3334209308967178,0.0,0.0,-0.19328366762424393,-6,-0.21532613284477276,4,0.1897638628074671,1
mcd,9486_IriunWebcam_before,0.975609756097561,3.4706182888765973,0.4444444444444444,0.4444444444444444,-0.36201638342189163,-7,-0.5018488726580211,-20,0.3919854926186817,1
mcd,9486_USBVideo_after,0.9763313609467456,2.199779211407968,0.2777777777777778,0.3125,0.3251886742885864,-1,0.3251886742885864,-1,0.3251886742885864,1
mcd,9486_USBVideo_before,0.9763313609467456,3.5320239432918177,0.3333333333333333,0.3333333333333333,0.3201105086921627,-12,-0.38044404770609164,-24,0.33254077776394714,1
mcd,9512_FullHDwebcam_after,0.9763313609467456,9.90458736759518,0.9444444444444444,0.9444444444444444,-0.5115735606693942,-17,0.5330765532564623,-17,0.5330765532564623,1
mcd,9512_FullHDwebcam_before,0.9763313609467456,10.576156911553742,0.9444444444444444,0.9444444444444444,-0.6130077263204576,-2,-0.6130077263204576,-15,0.5904507593408952,1
mcd,9512_IriunWebcam_after,0.975609756097561,9.944184417457079,0.3888888888888889,0.3888888888888889,0.3991709363285037,3,0.3991709363285037,3,0.3991709363285037,1
mcd,9512_IriunWebcam_before,0.9763313609467456,10.742975259212718,0.2777777777777778,0.2777777777777778,0.02100860974131847,-30,-0.06177953391137006,30,0.04837479129217647,1
mcd,9519_FullHDwebcam_after,0.7100591715976331,5.048997578951029,0.6111111111111112,0.7142857142857143,-0.3155351885507623,-5,-0.3453053377835373,-17,0.33896067521205847,1
mcd,9519_FullHDwebcam_before,0.7544378698224852,5.44900942001172,0.8888888888888888,1.0,-0.4420806668329036,-5,-0.465399469076261,7,0.44211440985303013,1
mcd,9519_IriunWebcam_after,0.753880266075388,4.752521168960297,0.05555555555555555,0.0,0.07295006075372933,-20,0.08512510299188226,-20,0.08512510299188226,1
mcd,9519_IriunWebcam_before,0.8431952662721893,5.495429166772329,0.0,0.0,0.1329721200595561,-11,-0.17917047351308205,-26,0.1657293206866825,1
mcd,9519_USBVideo_after,0.753880266075388,4.8945147342881405,0.4444444444444444,0.4666666666666667,0.4414080555924231,-1,0.4414080555924231,-1,0.4414080555924231,1
mcd,9519_USBVideo_before,0.753880266075388,5.787159850400249,0.6666666666666666,0.7333333333333333,0.373244809469883,2,0.373244809469883,2,0.373244809469883,1
mcd,9554_FullHDwebcam_after,0.9763313609467456,5.643106409234608,0.1111111111111111,0.1111111111111111,0.273536919895433,3,0.273536919895433,3,0.273536919895433,1
mcd,9554_FullHDwebcam_before,0.8875739644970414,2.334077228763588,0.3888888888888889,0.35714285714285715,0.38329836723824634,-7,-0.39636408395341083,4,0.38329836723824634,1
mcd,9554_IriunWebcam_after,0.9763313609467456,5.682367746470618,0.0,0.0,-0.07171610353873072,16,0.07380029844463254,16,0.07380029844463254,1
mcd,9554_IriunWebcam_before,0.9312638580931264,2.4967142754999565,0.05555555555555555,0.0,0.10623953957597077,23,0.16515928403226057,23,0.16515928403226057,1
mcd,9597_FullHDwebcam_after,0.9319526627218935,4.851144513751354,0.7777777777777778,0.875,0.5602004383683306,5,0.581749361687714,5,0.581749361687714,1
mcd,9597_FullHDwebcam_before,0.9763313609467456,9.65630816908508,0.8888888888888888,0.8888888888888888,-0.6008504499157912,19,-0.6077530351223303,7,0.5286139099909165,1
mcd,9597_IriunWebcam_after,0.9312638580931264,4.838641152956079,0.16666666666666666,0.1875,0.2117576916577991,9,-0.21501417746905327,-2,0.2117576916577991,1
mcd,9597_IriunWebcam_before,0.975609756097561,9.341565890457817,0.2777777777777778,0.2777777777777778,0.20210004444180546,-12,-0.23871247387944616,-25,0.20314180062789125,1
mcd,9620_FullHDwebcam_after,0.9763313609467456,9.683259509331226,0.7777777777777778,0.7777777777777778,-0.4789322058277762,-2,-0.4789322058277762,-12,0.4046562103202949,1
mcd,9620_FullHDwebcam_before,0.9763313609467456,8.778078731067303,0.7777777777777778,0.7777777777777778,-0.5838566803516352,-1,-0.5838566803516352,7,0.5242395304120855,1
mcd,9620_IriunWebcam_after,0.975609756097561,9.595492450371657,0.4444444444444444,0.4444444444444444,0.2876341591450304,-26,-0.3115471756327723,-16,0.29631045422227065,1
mcd,9620_IriunWebcam_before,0.975609756097561,8.80841313459741,0.2777777777777778,0.2777777777777778,0.3049747832186437,2,0.3049747832186437,2,0.3049747832186437,1
mcd,9620_USBVideo_after,0.975609756097561,9.795372224390489,0.05555555555555555,0.05555555555555555,0.07026554393989219,-1,0.07026554393989219,-1,0.07026554393989219,1
mcd,9620_USBVideo_before,0.975609756097561,8.71105507433916,0.05555555555555555,0.05555555555555555,0.19956971177074062,-23,0.20177832961150843,-23,0.20177832961150843,1
mcd,9629_FullHDwebcam_after,0.9763313609467456,6.438358414017555,0.8888888888888888,0.9375,-0.7683121727182795,-1,-0.7683121727182795,8,0.5679477254295618,1
mcd,9629_FullHDwebcam_before,0.9763313609467456,4.715726853774055,1.0,1.0,-0.8005691172793874,-1,-0.8005691172793874,8,0.6671941900719736,1
mcd,9629_IriunWebcam_after,0.9763313609467456,6.011497106793586,0.2222222222222222,0.1875,0.26114274473715055,-6,-0.28107447891390047,4,0.26114274473715055,1
mcd,9629_IriunWebcam_before,0.9770540340488527,4.711264774247459,0.05555555555555555,0.05555555555555555,-0.12263478301915728,-26,-0.16930953765059908,27,0.1451315227913902,1
mcd,9629_USBVideo_after,0.975609756097561,6.29449654001758,0.3333333333333333,0.375,0.3655204203039343,-8,-0.4062443884859679,-19,0.39112764401116923,1
mcd,9640_FullHDwebcam_after,0.9763313609467456,5.641973360410139,1.0,1.0,-0.6897769271326932,-3,-0.6897769271326932,-15,0.6463630483212889,1
mcd,9640_FullHDwebcam_before,0.9763313609467456,8.7440438524389,1.0,1.0,-0.6873401737503982,-1,-0.6873401737503982,9,0.5900281076155525,1
mcd,9640_IriunWebcam_after,0.975609756097561,5.698586150069634,0.1111111111111111,0.1111111111111111,0.09287644649076747,15,-0.19802648339490903,28,0.17699067612613012,1
mcd,9640_IriunWebcam_before,0.9763313609467456,8.616470023337557,0.2777777777777778,0.2777777777777778,0.22173183667208204,0,0.22173183667208204,0,0.22173183667208204,1
mcd,9640_USBVideo_after,0.9763313609467456,5.675806069508548,0.2777777777777778,0.2777777777777778,0.11598892155855799,9,-0.17498955616737838,22,0.1467722911022251,1
mcd,9676_FullHDwebcam_after,0.9319526627218935,7.210899919048707,0.16666666666666666,0.17647058823529413,0.36416335585810583,4,0.36416335585810583,4,0.36416335585810583,1
mcd,9676_FullHDwebcam_before,0.9763313609467456,7.730187311518494,0.2222222222222222,0.2222222222222222,0.286094544157058,-12,0.3015717490004555,-12,0.3015717490004555,1
mcd,9676_IriunWebcam_after,0.9319526627218935,7.161986677106586,0.0,0.0,0.050498672440534666,2,0.050498672440534666,2,0.050498672440534666,1
mcd,9676_IriunWebcam_before,0.9770540340488527,7.72419945383875,0.0,0.0,-0.12067990702384376,-10,0.13107524618875266,-10,0.13107524618875266,1
mcd,9676_USBVideo_after,0.9319526627218935,7.187134876509821,0.16666666666666666,0.17647058823529413,0.30721690281257186,-1,0.30721690281257186,-1,0.30721690281257186,1
mcd,9676_USBVideo_before,0.9763313609467456,7.955205744087129,0.2777777777777778,0.2777777777777778,0.2512472292531454,-26,-0.28107313976175213,-18,0.2717666380795597,1
mcd,9711_FullHDwebcam_after,0.9763313609467456,4.59358317658667,0.7222222222222222,0.7222222222222222,-0.5589574814568833,6,0.5793704761942265,6,0.5793704761942265,1
mcd,9711_FullHDwebcam_before,0.9763313609467456,8.300865477966683,0.8888888888888888,0.8888888888888888,-0.4498346777994953,-6,-0.528807590948394,7,0.49757130936242333,1
mcd,9711_IriunWebcam_after,0.975609756097561,4.666414311122821,0.05555555555555555,0.05555555555555555,0.22028891462425784,-11,-0.2484572201008075,3,0.22028891462425784,1
mcd,9711_IriunWebcam_before,0.9763313609467456,8.406660246504995,0.2222222222222222,0.2222222222222222,0.2955479248398861,-30,-0.32775096821848787,-19,0.305973422631523,1
mcd,9715_FullHDwebcam_after,0.9763313609467456,5.391148545114271,0.8333333333333334,0.8333333333333334,-0.4575844568228428,-15,0.4980781301847696,-15,0.4980781301847696,1
mcd,9715_FullHDwebcam_before,0.9763313609467456,4.401046031696228,0.9444444444444444,0.9444444444444444,-0.5684430791084695,-4,-0.5684430791084695,-15,0.5665991651087099,1
mcd,9715_IriunWebcam_after,0.975609756097561,5.379347462780728,0.3888888888888889,0.3888888888888889,-0.18475995393740485,16,-0.20564771722993844,4,0.18309771445558018,1
mcd,9715_IriunWebcam_before,0.9763313609467456,4.494339601213646,0.1111111111111111,0.1111111111111111,-0.20812686434918223,-5,-0.21962114091704626,24,0.21028892920442194,1
mcd,9720_FullHDwebcam_after,0.9319526627218935,6.566366702612678,0.9444444444444444,0.9411764705882353,-0.5115185492486309,-1,-0.5115185492486309,7,0.44892865145634947,1
mcd,9720_FullHDwebcam_before,0.7544378698224852,6.300452881099396,0.6111111111111112,0.6923076923076923,-0.505986126104131,-2,-0.505986126104131,8,0.4456386747251304,1
mcd,9720_IriunWebcam_after,0.9319526627218935,6.49581863049866,0.05555555555555555,0.058823529411764705,0.19782319773754484,3,0.19782319773754484,3,0.19782319773754484,1
mcd,9720_IriunWebcam_before,0.753880266075388,6.058795484395285,0.16666666666666666,0.23076923076923078,-0.06167908650344815,-16,-0.08152391217108095,18,0.0761563987870953,1
mcd,9725_FullHDwebcam_after,0.5325443786982249,2.075331659097799,0.3333333333333333,0.5,-0.47119742029370704,-3,-0.47119742029370704,5,0.4035034159917804,1
mcd,9725_FullHDwebcam_before,0.22189349112426035,-0.6904993070238685,0.3333333333333333,0.2,-0.4548239358190606,-4,-0.4548239358190606,7,0.36075107379446636,0
mcd,9725_IriunWebcam_after,0.5325443786982249,2.169678959810157,0.16666666666666666,0.2,0.0666960759970566,30,-0.11422721059604994,2,0.0666960759970566,1
mcd,9725_IriunWebcam_before,0.22189349112426035,-0.748788554161521,0.16666666666666666,0.2,0.04811289704957482,26,0.12684493036356867,26,0.12684493036356867,0
mcd,9737_FullHDwebcam_after,0.9763313609467456,5.384538849316687,0.7777777777777778,0.7777777777777778,0.5551900796897874,5,0.588043539635656,5,0.588043539635656,1
mcd,9737_FullHDwebcam_before,0.9763313609467456,8.429673816389741,0.8888888888888888,0.8888888888888888,-0.4601515518344287,7,0.5622826362768889,7,0.5622826362768889,1
mcd,9737_IriunWebcam_after,0.9763313609467456,5.186788920944699,0.2222222222222222,0.2222222222222222,0.182907235079038,15,-0.27274314847267,-19,0.2498182789689636,1
mcd,9737_IriunWebcam_before,0.975609756097561,8.473320689089874,0.6666666666666666,0.6666666666666666,0.3973918599413559,18,-0.4141394925230659,5,0.3994250896810552,1
mcd,9739_FullHDwebcam_after,0.7100591715976331,2.4014945596909243,0.7777777777777778,0.8333333333333334,-0.6297216819765131,-2,-0.6297216819765131,7,0.5241990911874639,1
mcd,9739_FullHDwebcam_before,0.665680473372781,1.1424924298629615,0.6666666666666666,0.8181818181818182,-0.6811554349101199,-2,-0.6811554349101199,8,0.555746199261009,1
mcd,9739_IriunWebcam_after,0.7100591715976331,2.37221473978593,0.4444444444444444,0.5,0.37053208339858545,-6,-0.44274601865276303,3,0.37053208339858545,1
mcd,9739_IriunWebcam_before,0.6208425720620843,1.0512658576389535,0.16666666666666666,0.2,0.22284169205536583,0,0.22284169205536583,0,0.22284169205536583,1
mcd,9739_USBVideo_after,0.7100591715976331,2.538236946019216,0.16666666666666666,0.25,0.29115674787385004,-11,-0.32933310292646006,-1,0.29115674787385004,1
mcd,9739_USBVideo_before,0.621301775147929,1.147382201679143,0.2777777777777778,0.4,0.34391210896547464,-12,-0.36266150067172503,-2,0.34391210896547464,1
mcd,9753_FullHDwebcam_after,0.9763313609467456,10.41496833843727,0.6111111111111112,0.6111111111111112,-0.4023349712571197,9,0.4781812487557031,9,0.4781812487557031,1
mcd,9753_FullHDwebcam_before,0.9763313609467456,11.171022932764572,0.4444444444444444,0.4444444444444444,-0.5442405828074741,-2,-0.5442405828074741,-14,0.3709940950425102,1
mcd,9753_IriunWebcam_after,0.975609756097561,10.474843637210132,0.2777777777777778,0.2777777777777778,0.25522899401307453,28,0.284403563240224,28,0.284403563240224,1
mcd,9753_IriunWebcam_before,0.9763313609467456,11.169687807956352,0.5,0.5,0.3156129774225897,1,0.3156129774225897,1,0.3156129774225897,1
mcd,9753_USBVideo_after,0.9763313609467456,10.456053697008066,0.5555555555555556,0.5555555555555556,0.4356861004894414,1,0.4356861004894414,1,0.4356861004894414,1
mcd,9753_USBVideo_before,0.9763313609467456,11.142271468865522,0.6666666666666666,0.6666666666666666,0.33632901249834724,-25,0.3380588773612416,-25,0.3380588773612416,1
mcd,9779_FullHDwebcam_after,0.9763313609467456,7.782977932442428,0.5555555555555556,0.5555555555555556,-0.39121084186460076,-1,-0.39121084186460076,7,0.36965420485320644,1
mcd,9779_FullHDwebcam_before,0.9763313609467456,10.762649249476071,0.8333333333333334,0.8333333333333334,-0.5926891521454521,0,-0.5926891521454521,9,0.44532120660363483,1
mcd,9779_IriunWebcam_after,0.975609756097561,7.76513694742229,0.05555555555555555,0.05555555555555555,0.2490133322926844,2,0.2490133322926844,2,0.2490133322926844,1
mcd,9779_IriunWebcam_before,0.975609756097561,10.607249366060298,0.1111111111111111,0.1111111111111111,0.11883539206058043,16,-0.1416884115999754,4,0.11883539206058043,1
mcd,9779_USBVideo_after,0.9763313609467456,7.940567031760354,0.0,0.0,0.13566486716405696,-3,0.13566486716405696,-3,0.13566486716405696,1
mcd,9779_USBVideo_before,0.9763313609467456,10.910342913764502,0.16666666666666666,0.16666666666666666,0.23097572949908615,-20,0.25318912125130877,-20,0.25318912125130877,1
mcd,9808_FullHDwebcam_after,0.9763313609467456,7.090074389652697,0.9444444444444444,0.9444444444444444,-0.6391814687816312,-3,-0.6391814687816312,-17,0.597174783869613,1
mcd,9808_FullHDwebcam_before,0.9763313609467456,9.005904613693243,0.8888888888888888,0.8888888888888888,-0.5938747140555567,-1,-0.5938747140555567,9,0.4669410167916454,1
mcd,9808_IriunWebcam_after,0.9763313609467456,7.095040089665128,0.8888888888888888,0.8888888888888888,0.518120378878716,16,-0.5700780036642092,3,0.518120378878716,1
mcd,9808_IriunWebcam_before,0.9763313609467456,8.93510741088152,0.4444444444444444,0.4444444444444444,0.3209617753032998,3,0.3209617753032998,3,0.3209617753032998,1
mcd,9808_USBVideo_after,0.9763313609467456,6.953268393213932,0.6666666666666666,0.6666666666666666,0.43831783243565686,0,0.43831783243565686,0,0.43831783243565686,1
mcd,9808_USBVideo_before,0.9763313609467456,8.90400630709063,0.7777777777777778,0.7777777777777778,0.42768650892379684,-11,-0.4369433112226499,-23,0.43420661053626886,1
mcd,9825_FullHDwebcam_after,0.9763313609467456,3.1958358422391795,0.5555555555555556,0.5555555555555556,-0.5041428559933577,-1,-0.5041428559933577,6,0.4702338892173766,1
mcd,9825_FullHDwebcam_before,0.665680473372781,3.5840489186845335,0.4444444444444444,0.5454545454545454,-0.41046194449821133,-2,-0.41046194449821133,6,0.39944411030897903,1
mcd,9825_IriunWebcam_after,0.975609756097561,3.2504960185325937,0.0,0.0,0.1380597841829261,27,0.1999505616408808,27,0.1999505616408808,1
mcd,9825_IriunWebcam_before,0.6651884700665188,3.3992418970763474,0.05555555555555555,0.0,0.16043394449899606,11,-0.2229844535669873,20,0.16606581080078114,1
mcd,9825_USBVideo_after,0.9763313609467456,2.9977211618323034,0.0,0.0,0.06636320060675245,-7,-0.10762057313910364,-29,0.0858132759245437,1
mcd,9827_FullHDwebcam_after,0.9763313609467456,7.974456027763158,0.2777777777777778,0.2777777777777778,-0.34508897348448675,17,-0.35202240904414295,26,0.33332856532851,1
mcd,9827_FullHDwebcam_before,0.9763313609467456,7.762883808568777,0.5,0.5,-0.37267389922362537,-13,0.38493885914489057,-13,0.38493885914489057,1
mcd,9827_IriunWebcam_after,0.975609756097561,8.202868662599776,0.05555555555555555,0.05555555555555555,0.23875148128095358,-8,-0.24242417032327285,1,0.23875148128095358,1
mcd,9827_IriunWebcam_before,0.975609756097561,7.882708398469645,0.16666666666666666,0.16666666666666666,0.17445661048117372,-8,-0.1927480500871885,4,0.17445661048117372,1
mcd,9827_USBVideo_after,0.9763313609467456,8.581164373314603,0.1111111111111111,0.1111111111111111,0.11423302558265637,-14,-0.12152557655780415,-4,0.11423302558265637,1
mcd,9827_USBVideo_before,0.9763313609467456,7.814103219127236,0.3888888888888889,0.3888888888888889,0.29497829762685984,-12,-0.31806057078708444,-3,0.29497829762685984,1
mcd,9833_FullHDwebcam_after,0.9763313609467456,8.779384495689108,0.8888888888888888,0.8888888888888888,-0.49658530638440757,9,0.5406373683919296,9,0.5406373683919296,1
mcd,9833_FullHDwebcam_before,0.9763313609467456,9.616899037451788,0.8888888888888888,0.8888888888888888,-0.6063823885693393,-2,-0.6063823885693393,8,0.5835493851122006,1
mcd,9833_IriunWebcam_after,0.975609756097561,8.920778628888314,0.4444444444444444,0.4444444444444444,0.31610522477541314,-21,0.3399698117228715,-21,0.3399698117228715,1
mcd,9833_IriunWebcam_before,0.9763313609467456,9.755675358712278,0.6666666666666666,0.6666666666666666,0.3619829907614404,-8,-0.43694364263981605,-19,0.37122829547520336,1
mcd,9833_USBVideo_after,0.9763313609467456,8.72113475905179,0.5,0.5,0.3340219213292015,-3,0.3340219213292015,-3,0.3340219213292015,1
mcd,9833_USBVideo_before,0.9763313609467456,9.685792472773205,0.5555555555555556,0.5555555555555556,0.31995039591036284,-24,0.3278815804202335,-24,0.3278815804202335,1
mcd,9869_FullHDwebcam_after,0.9763313609467456,9.606360583436956,0.4444444444444444,0.4444444444444444,0.3544781089274544,5,0.38058912534020073,5,0.38058912534020073,1
mcd,9869_FullHDwebcam_before,0.9763313609467456,6.011630427423851,0.5555555555555556,0.5555555555555556,-0.3755137688008363,-3,-0.3755137688008363,9,0.30852716279102027,1
mcd,9869_IriunWebcam_after,0.975609756097561,9.473230551254462,0.0,0.0,0.21119567867878417,2,0.21119567867878417,2,0.21119567867878417,1
mcd,9869_IriunWebcam_before,0.9763313609467456,5.911433306442946,0.05555555555555555,0.05555555555555555,0.13696624804009355,-7,-0.1564601872896133,4,0.13696624804009355,1
mcd,9869_USBVideo_after,0.975609756097561,9.657317650142264,0.1111111111111111,0.1111111111111111,0.09510276077291553,29,-0.13040274162692797,19,0.10146812517514017,1
mcd,9869_USBVideo_before,0.9763313609467456,5.813420272072256,0.1111111111111111,0.1111111111111111,0.13472050326670404,25,0.20674109516168834,25,0.20674109516168834,1
mcd,9884_FullHDwebcam_after,0.9763313609467456,6.683884113840392,1.0,1.0,-0.6773882514268624,-1,-0.6773882514268624,9,0.6285915208680082,1
mcd,9884_FullHDwebcam_before,0.9763313609467456,6.997582108283892,0.7777777777777778,0.7777777777777778,-0.5802621413339264,-2,-0.5802621413339264,9,0.5323071470440285,1
mcd,9884_IriunWebcam_after,0.9770540340488527,6.636271888626355,0.1111111111111111,0.1111111111111111,-0.23373152997826013,-4,-0.23373152997826013,4,0.19650341050726713,1
mcd,9884_IriunWebcam_before,0.9763313609467456,6.85278621206719,0.5555555555555556,0.5555555555555556,0.3125543188130578,-18,0.3302722444792399,-18,0.3302722444792399,1
mcd,9891_FullHDwebcam_after,0.9763313609467456,6.741229503069345,0.6111111111111112,0.6111111111111112,-0.5149839709468248,-2,-0.5149839709468248,9,0.42098497088071163,1
mcd,9891_FullHDwebcam_before,0.9763313609467456,8.421966121609337,1.0,1.0,-0.6025602946173784,-3,-0.6025602946173784,7,0.544839036753542,1
mcd,9891_IriunWebcam_after,0.975609756097561,6.875850321757399,0.2777777777777778,0.2777777777777778,0.2961960114298486,2,0.2961960114298486,2,0.2961960114298486,1
mcd,9891_IriunWebcam_before,0.975609756097561,8.3333971264952,0.3888888888888889,0.3888888888888889,0.3892404166962543,26,0.3904754176181099,26,0.3904754176181099,1
mcd,9891_USBVideo_after,0.9763313609467456,6.694414534984121,0.5,0.5,0.3139700182575435,-13,-0.33300677305263404,-23,0.32508674979768243,1
mcd,9891_USBVideo_before,0.9763313609467456,8.434224082666054,0.05555555555555555,0.05555555555555555,0.16295513194896474,23,0.17214571944264295,23,0.17214571944264295,1
mcd,9922_FullHDwebcam_after,0.9763313609467456,8.109176122079115,1.0,1.0,-0.6487900548467594,-4,-0.6487900548467594,6,0.626261417009438,1
mcd,9922_FullHDwebcam_before,0.9763313609467456,4.907483637014315,1.0,1.0,-0.7375712288209257,-5,-0.7402397036756714,6,0.6829899759317156,1
mcd,9922_IriunWebcam_after,0.975609756097561,8.096509184320958,0.3888888888888889,0.3888888888888889,-0.3359588841615596,-6,-0.37756808798839253,-18,0.32034179697113385,1
mcd,9922_IriunWebcam_before,0.975609756097561,4.887819510549376,0.3333333333333333,0.3333333333333333,0.20908483670140493,16,-0.25016235391043606,5,0.21063756189280397,1
mcd,9922_USBVideo_after,0.9763313609467456,8.067325689380052,0.6666666666666666,0.6666666666666666,0.5541429128623174,1,0.5541429128623174,1,0.5541429128623174,1
mcd,9938_FullHDwebcam_after,0.9763313609467456,6.117321759228047,0.8333333333333334,0.8333333333333334,-0.5463827549520761,-2,-0.5463827549520761,7,0.4130521903385841,1
mcd,9938_FullHDwebcam_before,0.9763313609467456,7.227746484586618,1.0,1.0,-0.7508377916232256,-3,-0.7508377916232256,9,0.6138099087972224,1
mcd,9938_IriunWebcam_after,0.975609756097561,6.224392257093912,0.6111111111111112,0.6111111111111112,0.4055082708089448,-6,-0.4191417706602683,3,0.4055082708089448,1
mcd,9938_IriunWebcam_before,0.9763313609467456,7.259026972283091,0.7777777777777778,0.7777777777777778,0.5161054638224384,4,0.5161054638224384,4,0.5161054638224384,1
mcd,9938_USBVideo_after,0.9763313609467456,6.3001401938669535,0.4444444444444444,0.4444444444444444,0.36226621322975416,-1,0.36226621322975416,-1,0.36226621322975416,1
mcd,9938_USBVideo_before,0.975609756097561,7.112910090486886,0.9444444444444444,0.9444444444444444,0.5278043491623741,0,0.5278043491623741,0,0.5278043491623741,1
mcd,9940_FullHDwebcam_after,0.9763313609467456,6.77541567138145,0.5555555555555556,0.5294117647058824,-0.3411864931137017,-20,-0.3899766358352307,-11,0.3278113414513284,1
mcd,9940_FullHDwebcam_before,0.9763313609467456,7.199366764013421,0.5555555555555556,0.5555555555555556,-0.4315164790980946,-2,-0.4315164790980946,27,0.4267327664966438,1
mcd,9940_IriunWebcam_after,0.9763313609467456,6.884544944955293,0.0,0.0,0.20438712637078693,-18,0.22023477795300594,-18,0.22023477795300594,1
mcd,9940_IriunWebcam_before,0.975609756097561,7.303587021084919,0.0,0.0,0.022945954123400628,-14,0.04002902481634127,-14,0.04002902481634127,1
mcd,9940_USBVideo_after,0.9763313609467456,6.873033820669799,0.0,0.0,0.05393611601861517,-29,-0.11818992982160845,16,0.11714399649963235,1
mcd,9940_USBVideo_before,0.9763313609467456,7.554612983094243,0.4444444444444444,0.4444444444444444,0.13985645187029008,27,-0.17061572751177345,19,0.14047126850474806,1
mcd,9957_FullHDwebcam_after,0.9763313609467456,6.3755036664290134,0.8888888888888888,0.8888888888888888,0.5250092934525363,6,0.5900764899330418,6,0.5900764899330418,1
mcd,9957_FullHDwebcam_before,0.9763313609467456,7.52994899018335,0.7222222222222222,0.7222222222222222,-0.5101754627087852,-4,-0.5101754627087852,7,0.5050488693847911,1
mcd,9957_IriunWebcam_after,0.975609756097561,6.20593711221847,0.4444444444444444,0.4444444444444444,0.3573411307431547,3,0.3573411307431547,3,0.3573411307431547,1
mcd,9957_IriunWebcam_before,0.9763313609467456,7.28767742480178,0.6111111111111112,0.6111111111111112,0.3836801727946068,-8,-0.3975015842016317,-21,0.38970037316634176,1
mcd,9957_USBVideo_after,0.9763313609467456,6.308240807216983,0.5,0.5,0.35468249014510494,-28,0.39090825756412334,-28,0.39090825756412334,1
mcd,9968_FullHDwebcam_after,0.9763313609467456,8.289883286874641,0.2222222222222222,0.2222222222222222,-0.3460325197070506,-4,-0.3460325197070506,-16,0.3172336933634583,1
mcd,9968_FullHDwebcam_before,0.9763313609467456,8.9692146792245,0.7777777777777778,0.7777777777777778,0.4615870572481943,-18,0.47467159681391125,-18,0.47467159681391125,1
mcd,9968_IriunWebcam_after,0.9763313609467456,8.22159557642344,0.1111111111111111,0.1111111111111111,0.13879865953821324,-30,-0.25095886328142825,-20,0.23065604227728836,1
mcd,9968_IriunWebcam_before,0.9763313609467456,9.067903254086222,0.2222222222222222,0.2222222222222222,0.10378579725941804,-26,0.12424952748472061,-26,0.12424952748472061,1
mcd,9968_USBVideo_after,0.9763313609467456,8.221620304794484,0.3333333333333333,0.3333333333333333,0.3687863871948213,12,-0.4013275996963252,1,0.3687863871948213,1
mcd,9968_USBVideo_before,0.9763313609467456,8.878841879656648,0.7777777777777778,0.7777777777777778,0.4667655313760191,-10,-0.48597148947477264,-23,0.47110563599527827,1
mcd,9980_FullHDwebcam_after,0.4881656804733728,0.5081780528041766,0.2777777777777778,0.1111111111111111,0.46295560730044927,4,0.46295560730044927,4,0.46295560730044927,0
mcd,9980_FullHDwebcam_before,0.9763313609467456,5.713223998370426,0.16666666666666666,0.17647058823529413,-0.2748795802556665,-2,-0.2748795802556665,-13,0.2536024661068369,1
mcd,9980_IriunWebcam_after,0.4878048780487805,0.42794243743567884,0.3333333333333333,0.5555555555555556,0.34731444762485236,2,0.34731444762485236,2,0.34731444762485236,0
mcd,9980_IriunWebcam_before,0.975609756097561,5.749467111256179,0.4444444444444444,0.47058823529411764,0.2716500825751432,12,-0.2933353363708343,21,0.2862430541444047,1
mcd,9980_USBVideo_before,0.9763313609467456,5.9085943782910935,0.05555555555555555,0.058823529411764705,0.12880248273465103,-22,0.13372547497428314,-22,0.13372547497428314,1
mcd,9981_FullHDwebcam_after,0.9763313609467456,8.056127182528561,0.8333333333333334,0.8333333333333334,-0.49088302132493533,-2,-0.49088302132493533,7,0.43918468659248705,1
mcd,9981_FullHDwebcam_before,0.9763313609467456,9.388107031997313,0.7777777777777778,0.7777777777777778,-0.521629552124025,-3,-0.521629552124025,7,0.43985423725553163,1
mcd,9981_IriunWebcam_after,0.975609756097561,8.234872902420685,0.3333333333333333,0.3333333333333333,0.21797252986291266,-19,0.22186433143156634,-19,0.22186433143156634,1
mcd,9981_IriunWebcam_before,0.9763313609467456,9.236746415769788,0.2222222222222222,0.2222222222222222,0.25502314084730987,2,0.25502314084730987,2,0.25502314084730987,1
mcd,9981_USBVideo_after,0.9319526627218935,8.17075420677783,0.0,0.0,0.2139433653944728,-23,0.23226604907290135,-23,0.23226604907290135,1
mcd,9981_USBVideo_before,0.9763313609467456,9.199479648095885,0.0,0.0,0.21464813018294115,-14,-0.2400867319593187,-27,0.23678371594889722,1
mcd,9987_FullHDwebcam_after,0.9763313609467456,4.0019252444055775,0.6111111111111112,0.6875,-0.5299685636703513,-16,0.5482243857007468,-16,0.5482243857007468,1
mcd,9987_FullHDwebcam_before,0.9763313609467456,9.311164612129396,0.9444444444444444,0.9444444444444444,0.5784840168527945,6,0.6545019994759564,6,0.6545019994759564,1
mcd,9987_IriunWebcam_after,0.975609756097561,4.075604809126904,0.3888888888888889,0.375,0.2234293511014289,1,0.2234293511014289,1,0.2234293511014289,1
mcd,9987_IriunWebcam_before,0.9770540340488527,9.412514374675528,0.6111111111111112,0.6111111111111112,0.3789741297016251,-7,-0.42389530695483346,5,0.39616272487792265,1
mcd,9987_USBVideo_after,0.9763313609467456,3.920535162962845,0.7222222222222222,0.75,0.41539819751525014,-3,0.41539819751525014,-3,0.41539819751525014,1
mcd,9987_USBVideo_before,0.975609756097561,9.330155829392716,0.6666666666666666,0.6666666666666666,0.4545402355751471,-1,0.4545402355751471,-1,0.4545402355751471,1
mcd,9998_FullHDwebcam_after,0.8431952662721893,5.6747013583228565,0.2777777777777778,0.26666666666666666,-0.3500607533055143,-2,-0.3500607533055143,5,0.3220348429913047,1
mcd,9998_FullHDwebcam_before,0.0,-2.3658966698097856,0.16666666666666666,1.0,-0.209067704866585,6,0.24738261821620575,6,0.24738261821620575,0
mcd,9998_IriunWebcam_after,0.8431952662721893,5.522292777379008,0.0,0.0,-0.18137951990636872,-3,-0.18137951990636872,-12,0.13271629468373577,1
mcd,9998_IriunWebcam_before,0.04434589800443459,-2.1218208809560744,0.16666666666666666,0.5,0.10665228626917031,-26,0.1613548281068758,-26,0.1613548281068758,0
mcd,9998_USBVideo_after,0.8431952662721893,5.5630049961562715,0.05555555555555555,0.06666666666666667,0.030033594897467077,25,0.10404161541574848,25,0.10404161541574848,1
mcd,9998_USBVideo_before,0.04437869822485207,-2.260152210375967,0.0,0.0,0.04151493721426574,-23,0.13155760399596436,-23,0.13155760399596436,0
pure,01-01,0.9744094488188977,8.186662922254929,1.0,1.0,0.8147026452238879,-2,0.8147026452238879,-2,0.8147026452238879,1
pure,01-02,0.9758501724987678,7.353824809655926,1.0,1.0,0.7553138347403852,-1,0.7553138347403852,-1,0.7553138347403852,1
pure,01-03,0.9911361804995971,9.425889277476482,1.0,1.0,0.810804241241865,-1,0.810804241241865,-1,0.810804241241865,1
pure,01-04,0.9871589085072231,9.378311738913862,1.0,1.0,0.7433692561791242,-1,0.7433692561791242,-1,0.7433692561791242,1
pure,01-05,0.9763313609467456,8.842738273744036,1.0,1.0,0.8413284950132485,-1,0.8413284950132485,-1,0.8413284950132485,1
pure,01-06,1.0,8.466777589667956,1.0,1.0,0.813382553931863,-1,0.813382553931863,-1,0.813382553931863,1
pure,02-01,0.9710642471799902,9.545806515873876,1.0,1.0,0.8792382868918329,-1,0.8792382868918329,-1,0.8792382868918329,1
pure,02-02,0.9726443768996961,7.619654554806629,0.8928571428571429,0.8928571428571429,0.6377955472385487,-1,0.6377955472385487,-1,0.6377955472385487,1
pure,02-03,0.9876543209876543,7.936602738751519,0.9375,0.9375,0.8184405307637889,-1,0.8184405307637889,-1,0.8184405307637889,1
pure,02-04,0.9982014388489209,9.878599059742196,1.0,1.0,0.6928287610951696,-1,0.6928287610951696,-1,0.6928287610951696,1
pure,02-05,1.0,9.748005582842893,1.0,1.0,0.843065766863955,-1,0.843065766863955,-1,0.843065766863955,1
pure,02-06,0.9881626351003603,8.821847248676352,1.0,1.0,0.863726694029057,-1,0.863726694029057,-1,0.863726694029057,1
pure,03-01,0.9726443768996961,7.4247630009625745,1.0,1.0,0.8232921326897744,-3,0.8232921326897744,-3,0.8232921326897744,1
pure,03-02,0.9806835066864784,8.207794611544148,1.0,1.0,0.7973390444955755,-2,0.7973390444955755,-2,0.7973390444955755,1
pure,03-03,0.9782608695652174,8.083292969723274,1.0,1.0,0.7414965869305861,-2,0.7414965869305861,-2,0.7414965869305861,1
pure,03-04,0.986228342958685,8.327540991933454,0.9696969696969697,0.9696969696969697,0.7022561693763476,-2,0.7022561693763476,-2,0.7022561693763476,1
pure,03-05,0.9907120743034056,7.894092051114379,1.0,1.0,0.8253359335892886,-2,0.8253359335892886,-2,0.8253359335892886,1
pure,03-06,0.9831029185867896,7.6746706229429185,1.0,1.0,0.8182976223787939,-2,0.8182976223787939,-2,0.8182976223787939,1
pure,04-01,0.975609756097561,6.924230610895442,1.0,1.0,0.7472084868593466,9,-0.7706190388802895,-3,0.7472084868593466,1
pure,04-02,0.9772951628825272,5.5829678263300355,1.0,1.0,0.7620296230790137,-2,0.7620296230790137,-2,0.7620296230790137,1
pure,04-03,0.9784045835169678,7.885229180578563,1.0,1.0,0.7198115664505317,9,-0.7392014524907456,-3,0.7198115664505317,1
pure,04-04,0.9995615957913196,6.788599334990392,0.7058823529411765,0.7058823529411765,0.4725828354998835,8,-0.5093264076091838,-2,0.4725828354998835,1
pure,04-05,0.9846153846153847,7.711809579864318,1.0,1.0,0.7763299202860933,8,-0.8040929043979012,-3,0.7763299202860933,1
pure,04-06,0.975609756097561,7.198293345994176,0.8928571428571429,0.8928571428571429,0.6842474351565869,8,-0.7108382610564156,-3,0.6842474351565869,1
pure,05-01,0.9969788519637462,3.8074660397811972,1.0,1.0,0.6892487452362518,-3,0.6892487452362518,-3,0.6892487452362518,1
pure,05-02,0.9870388833499502,2.482178214661671,0.4827586206896552,0.5652173913043478,0.39303781344155747,-3,0.39303781344155747,-3,0.39303781344155747,1
pure,05-03,0.9995615957913196,4.65849968918983,1.0,1.0,0.6546275985609054,-3,0.6546275985609054,-3,0.6546275985609054,1
pure,05-05,0.9775967413441955,4.746465157245103,0.8214285714285714,0.8214285714285714,0.5002075315842465,-3,0.5002075315842465,-3,0.5002075315842465,1
pure,05-06,0.974124809741248,4.48845090847323,0.5714285714285714,0.5714285714285714,0.4129903618883294,-2,0.4129903618883294,-2,0.4129903618883294,1
pure,06-01,0.97165991902834,8.680612080080248,1.0,1.0,0.8683627269998088,-2,0.8683627269998088,-2,0.8683627269998088,1
pure,06-03,0.9784045835169678,8.823861319694853,1.0,1.0,0.8128773507922717,-1,0.8128773507922717,-1,0.8128773507922717,1
pure,06-04,0.974539069359087,9.040599689574245,0.8787878787878788,0.8787878787878788,0.6317822732288438,-1,0.6317822732288438,-1,0.6317822732288438,1
pure,06-05,0.9800918836140888,9.151862149123449,1.0,1.0,0.843037408405122,-2,0.843037408405122,-2,0.843037408405122,1
pure,06-06,0.9751142712036567,8.827340006827665,1.0,1.0,0.8368605245117507,-2,0.8368605245117507,-2,0.8368605245117507,1
pure,07-01,0.9785932721712538,9.075248437840951,1.0,1.0,0.9115221407769313,7,-0.912562598847601,0,0.9115221407769313,1
pure,07-02,0.7969639468690702,1.8779278418118548,1.0,1.0,0.5776951554209472,0,0.5776951554209472,0,0.5776951554209472,1
pure,07-03,0.9836065573770492,9.571273398721194,0.9696969696969697,0.9696969696969697,0.8464891127860287,7,-0.8487348964045469,0,0.8464891127860287,1
pure,07-04,1.0,8.419182263575514,1.0,1.0,0.7305813818668037,7,-0.7454816053212389,0,0.7305813818668037,1
pure,07-05,0.9886714727085479,7.032080299448435,1.0,1.0,0.7466303440317521,-7,-0.750940860378321,0,0.7466303440317521,1
pure,07-06,0.9795918367346939,7.620383591863762,1.0,1.0,0.6817350286795243,7,-0.6856194505252883,0,0.6817350286795243,1
pure,08-01,0.97809475292919,5.6663926994919915,1.0,1.0,0.7316716574674333,-2,0.7316716574674333,-2,0.7316716574674333,1
pure,08-02,1.0,6.385089833458094,1.0,1.0,0.778427237345467,-2,0.778427237345467,-2,0.778427237345467,1
pure,08-03,0.9801324503311258,7.232148609727869,1.0,1.0,0.8090487780454805,-1,0.8090487780454805,-1,0.8090487780454805,1
pure,08-04,0.9925990422289943,7.423003652624573,1.0,1.0,0.8061513828867535,-1,0.8061513828867535,-1,0.8061513828867535,1
pure,08-05,0.9831029185867896,7.206008182535092,1.0,1.0,0.8663691075107595,-2,0.8663691075107595,-2,0.8663691075107595,1
pure,08-06,0.9775967413441955,6.799737529813956,1.0,1.0,0.7913162580406077,-2,0.7913162580406077,-2,0.7913162580406077,1
pure,09-01,0.9775967413441955,5.886285893061361,1.0,1.0,0.8143161096794619,-2,0.8143161096794619,-2,0.8143161096794619,1
pure,09-02,0.9816559246405553,6.484694543849071,0.9310344827586207,0.9310344827586207,0.668702215243222,-2,0.668702215243222,-2,0.668702215243222,1
pure,09-03,0.9978118161925602,6.425017010419811,1.0,1.0,0.7125864696039733,-2,0.7125864696039733,-2,0.7125864696039733,1
pure,09-04,0.97712291585886,6.327028479387112,0.7631578947368421,0.7631578947368421,0.5692077570703046,-1,0.5692077570703046,-1,0.5692077570703046,1
pure,09-05,0.9785932721712538,6.570368692466862,1.0,1.0,0.7465138127319987,-2,0.7465138127319987,-2,0.7465138127319987,1
pure,09-06,0.9984871406959153,6.480844339201762,0.9655172413793104,0.9655172413793104,0.7664281074798929,-2,0.7664281074798929,-2,0.7664281074798929,1
pure,10-01,0.9815950920245399,9.874096727107005,1.0,1.0,0.8907723945843602,-1,0.8907723945843602,-1,0.8907723945843602,1
pure,10-02,0.9934771700953337,7.525392278629565,0.9655172413793104,1.0,0.7329765552688593,0,0.7329765552688593,0,0.7329765552688593,1
pure,10-03,0.9900130264871906,8.280867557911645,1.0,1.0,0.8264822886349867,-1,0.8264822886349867,-1,0.8264822886349867,1
pure,10-04,0.9751924721984602,8.431408641281084,0.9705882352941176,0.9705882352941176,0.729937974272048,-1,0.729937974272048,-1,0.729937974272048,1
pure,10-05,0.9800918836140888,8.488520844996536,1.0,1.0,0.8719735967156275,-1,0.8719735967156275,-1,0.8719735967156275,1
pure,10-06,0.9841107124551512,10.098914630814425,1.0,1.0,0.820739743045722,-1,0.820739743045722,-1,0.820739743045722,1
ubfc,subject12,0.9959758551307847,6.472580759165031,1.0,1.0,0.7238007083320437,-3,0.7238007083320437,-3,0.7238007083320437,1
ubfc,subject13,0.9816559246405553,6.97082297912038,1.0,1.0,0.7019052046725075,-1,0.7019052046725075,-1,0.7019052046725075,1
ubfc,subject14,0.8730556949322629,3.1476795953969496,0.8275862068965517,0.9166666666666666,0.7054942003877017,-2,0.7054942003877017,-2,0.7054942003877017,1
ubfc,subject15,0.9806835066864784,9.724853078920496,0.896551724137931,0.9285714285714286,0.6192863291781868,0,0.6192863291781868,0,0.6192863291781868,1
ubfc,subject16,0.9956076134699854,8.69919518421332,0.9666666666666667,0.9666666666666667,0.6633202887219262,-1,0.6633202887219262,-1,0.6633202887219262,1
ubfc,subject17,0.9970674486803519,9.473832934636341,1.0,1.0,0.7514525988361499,0,0.7514525988361499,0,0.7514525988361499,1
ubfc,subject18,0.9739301524840138,8.04375257900751,0.9310344827586207,0.9310344827586207,0.7525878444603579,1,0.7525878444603579,1,0.7525878444603579,1
ubfc,subject20,0.9821428571428571,5.676223341405971,0.9655172413793104,1.0,0.6412985168410343,-1,0.6412985168410343,-1,0.6412985168410343,1
ubfc,subject22,0.9748892171344166,6.8865040374074376,0.8620689655172413,0.8620689655172413,0.675109153405501,-1,0.675109153405501,-1,0.675109153405501,1
ubfc,subject23,0.9810935104752172,6.337167975633191,1.0,1.0,0.7742754071610243,-3,0.7742754071610243,-3,0.7742754071610243,1
ubfc,subject24,0.9556993529118964,6.241035609039977,0.9655172413793104,1.0,0.77979957022532,-1,0.77979957022532,-1,0.77979957022532,1
ubfc,subject25,0.995162404975812,6.990470259112083,1.0,1.0,0.7633034706352847,-4,0.7633034706352847,-4,0.7633034706352847,1
ubfc,subject26,0.9703504043126685,8.038867542478622,1.0,1.0,0.7288472463640677,-4,0.7288472463640677,-4,0.7288472463640677,1
ubfc,subject27,0.8391608391608392,3.2653549294570343,0.7368421052631579,0.8125,0.6105725540207907,-4,0.6105725540207907,-4,0.6105725540207907,1
ubfc,subject30,0.9768130241736557,7.824679265675333,0.9655172413793104,0.9642857142857143,0.6139827629198744,-1,0.6139827629198744,-1,0.6139827629198744,1
ubfc,subject31,0.9772951628825272,7.754734592278703,1.0,1.0,0.6766117884645817,-2,0.6766117884645817,-2,0.6766117884645817,1
ubfc,subject32,0.9448818897637795,6.161667636069871,0.5862068965517241,0.6296296296296297,0.4774161977236354,0,0.4774161977236354,0,0.4774161977236354,1
ubfc,subject33,0.990990990990991,4.448129317837333,0.9310344827586207,0.9583333333333334,0.8736314751312051,-1,0.8736314751312051,-1,0.8736314751312051,1
ubfc,subject34,0.9734513274336283,7.273761592264272,1.0,1.0,0.7882631555984665,0,0.7882631555984665,0,0.7882631555984665,1
ubfc,subject35,0.9951219512195122,7.760161406312241,1.0,1.0,0.9116592268343483,0,0.9116592268343483,0,0.9116592268343483,1
ubfc,subject36,0.9946367625548513,8.555655440687605,1.0,1.0,0.8089118300322191,0,0.8089118300322191,0,0.8089118300322191,1
ubfc,subject37,0.9748892171344166,7.448471041438144,1.0,1.0,0.7374662438060231,-4,0.7374662438060231,-4,0.7374662438060231,1
ubfc,subject38,0.9956076134699854,9.640173526594337,0.8666666666666667,0.8666666666666667,0.6810460201639572,0,0.6810460201639572,0,0.6810460201639572,1
ubfc,subject39,0.9724950884086444,6.701306789022448,1.0,1.0,0.6806582311508658,-14,-0.6951351989085626,-1,0.6806582311508658,1
ubfc,subject40,0.9768130241736557,7.0696885651402095,1.0,1.0,0.7566836329691231,-1,0.7566836329691231,-1,0.7566836329691231,1
ubfc,subject41,0.9724950884086444,6.018774214882061,0.20689655172413793,0.23076923076923078,0.4091351770444357,0,0.4091351770444357,0,0.4091351770444357,1
ubfc,subject42,0.9995100440960314,8.700845000841333,1.0,1.0,0.8050330593173586,0,0.8050330593173586,0,0.8050330593173586,1
ubfc,subject43,0.9556993529118964,4.628789936573679,1.0,1.0,0.7600927962583394,-1,0.7600927962583394,-1,0.7600927962583394,1
ubfc,subject44,0.9821428571428571,6.326815827083321,1.0,1.0,0.7298099658036605,-1,0.7298099658036605,-1,0.7298099658036605,1
ubfc,subject45,0.9748892171344166,6.873378857438358,0.896551724137931,0.896551724137931,0.6032266004411426,-1,0.6032266004411426,-1,0.6032266004411426,1
ubfc,subject46,0.9949748743718593,7.299578268585513,0.896551724137931,0.9285714285714286,0.6587584274754352,-1,0.6587584274754352,-1,0.6587584274754352,1
ubfc,subject47,0.9787444389520514,6.910664177375098,0.9655172413793104,1.0,0.7489502719477635,-1,0.7489502719477635,-1,0.7489502719477635,1
ubfc,subject48,0.9815950920245399,5.0734358976230975,1.0,1.0,0.7273809226126992,-22,0.7548009219983381,-22,0.7548009219983381,1
ubfc,subject49,0.9739301524840138,9.851739172267752,1.0,1.0,0.6870627908987181,7,-0.6994816493138412,-1,0.6870627908987181,1
