MCD: 590 kişi, 3540 video
  [1/3540] 1156_IriunWebcam_after: 1352 kare, yüz %100  (11 s)
  [2/3540] 1156_FullHDwebcam_after: 1352 kare, yüz %100  (11 s)
  [3/3540] 1156_USBVideo_after: 1352 kare, yüz %0  (12 s)
  [4/3540] 1156_USBVideo_before: 1353 kare, yüz %37  (18 s)
  [5/3540] 1156_IriunWebcam_before: 1353 kare, yüz %100  (19 s)
  [6/3540] 1156_FullHDwebcam_before: 1352 kare, yüz %100  (20 s)
  [7/3540] 1176_IriunWebcam_after: 1352 kare, yüz %100  (26 s)
  [8/3540] 1176_USBVideo_after: 1353 kare, yüz %100  (27 s)
  [9/3540] 1176_FullHDwebcam_after: 1352 kare, yüz %100  (27 s)
  [10/3540] 1176_IriunWebcam_before: 1352 kare, yüz %100  (32 s)
  [11/3540] 1176_USBVideo_before: 1352 kare, yüz %100  (33 s)
  [12/3540] 1176_FullHDwebcam_before: 1352 kare, yüz %100  (36 s)
  [13/3540] 1180_FullHDwebcam_after: 1352 kare, yüz %100  (41 s)
  [14/3540] 1180_IriunWebcam_after: 1352 kare, yüz %100  (43 s)
  [15/3540] 1180_USBVideo_after: 1352 kare, yüz %0  (43 s)
  [16/3540] 1180_FullHDwebcam_before: 1352 kare, yüz %100  (48 s)
  [17/3540] 1180_IriunWebcam_before: 1351 kare, yüz %100  (49 s)
  [18/3540] 1180_USBVideo_before: 1352 kare, yüz %0  (53 s)
  [19/3540] 1181_FullHDwebcam_after: 1352 kare, yüz %100  (53 s)
  [20/3540] 1181_USBVideo_after: 1352 kare, yüz %100  (55 s)
  [21/3540] 1181_IriunWebcam_after: 1353 kare, yüz %100  (58 s)
  [22/3540] 1181_FullHDwebcam_before: 1352 kare, yüz %100  (59 s)
  [23/3540] 1181_USBVideo_before: 1353 kare, yüz %100  (62 s)
  [24/3540] 1181_IriunWebcam_before: 1353 kare, yüz %100  (62 s)
  [25/3540] 1213_FullHDwebcam_after: 1352 kare, yüz %100  (66 s)
  [26/3540] 1213_IriunWebcam_after: 1353 kare, yüz %100  (68 s)
  [27/3540] 1213_USBVideo_after: 1352 kare, yüz %87  (68 s)
  [28/3540] 1213_IriunWebcam_before: 1353 kare, yüz %100  (75 s)
  [29/3540] 1213_USBVideo_before: 1352 kare, yüz %100  (75 s)
  [30/3540] 1213_FullHDwebcam_before: 1352 kare, yüz %100  (75 s)
  [31/3540] 1217_IriunWebcam_after: 1351 kare, yüz %100  (80 s)
  [32/3540] 1217_USBVideo_after: 1353 kare, yüz %100  (81 s)
  [33/3540] 1217_FullHDwebcam_after: 1352 kare, yüz %100  (82 s)
  [34/3540] 1217_FullHDwebcam_before: 1352 kare, yüz %100  (88 s)
  [35/3540] 1217_IriunWebcam_before: 1352 kare, yüz %100  (88 s)
  [36/3540] 1217_USBVideo_before: 1353 kare, yüz %100  (88 s)
  [37/3540] 1234_IriunWebcam_after: 1353 kare, yüz %100  (93 s)
  [38/3540] 1234_FullHDwebcam_after: 1352 kare, yüz %100  (93 s)
  [39/3540] 1234_USBVideo_after: 1352 kare, yüz %95  (97 s)
  [40/3540] 1234_FullHDwebcam_before: 1352 kare, yüz %100  (99 s)
  [41/3540] 1234_USBVideo_before: 1352 kare, yüz %91  (101 s)
  [42/3540] 1234_IriunWebcam_before: 1353 kare, yüz %100  (101 s)
  [43/3540] 1259_IriunWebcam_after: 1352 kare, yüz %100  (107 s)
  [44/3540] 1259_FullHDwebcam_after: 1352 kare, yüz %100  (107 s)
  [45/3540] 1259_USBVideo_after: 1353 kare, yüz %100  (108 s)
  [46/3540] 1259_IriunWebcam_before: 1352 kare, yüz %100  (114 s)
  [47/3540] 1259_USBVideo_before: 1352 kare, yüz %100  (115 s)
  [48/3540] 1259_FullHDwebcam_before: 1352 kare, yüz %100  (116 s)
  [49/3540] 1266_FullHDwebcam_after: 1352 kare, yüz %100  (121 s)
  [50/3540] 1266_IriunWebcam_after: 1353 kare, yüz %100  (122 s)
  [51/3540] 1266_USBVideo_after: 1352 kare, yüz %0  (126 s)
  [52/3540] 1266_FullHDwebcam_before: 1352 kare, yüz %100  (127 s)
  [53/3540] 1266_USBVideo_before: 1353 kare, yüz %100  (129 s)
  [54/3540] 1266_IriunWebcam_before: 1353 kare, yüz %100  (132 s)
  [55/3540] 1275_FullHDwebcam_after: 1352 kare, yüz %100  (135 s)
  [56/3540] 1275_IriunWebcam_after: 1352 kare, yüz %100  (138 s)
  [57/3540] 1275_USBVideo_after: 1352 kare, yüz %0  (140 s)
  [58/3540] 1275_FullHDwebcam_before: 1352 kare, yüz %100  (144 s)
  [59/3540] 1275_IriunWebcam_before: 1353 kare, yüz %100  (146 s)
  [60/3540] 1275_USBVideo_before: 1353 kare, yüz %0  (148 s)
  [61/3540] 1285_FullHDwebcam_after: 1352 kare, yüz %100  (150 s)
  [62/3540] 1285_USBVideo_after: 1352 kare, yüz %2  (152 s)
  [63/3540] 1285_IriunWebcam_after: 1352 kare, yüz %100  (153 s)
  [64/3540] 1285_FullHDwebcam_before: 1352 kare, yüz %100  (155 s)
  [65/3540] 1285_IriunWebcam_before: 1352 kare, yüz %100  (158 s)
  [66/3540] 1285_USBVideo_before: 1352 kare, yüz %78  (158 s)
  [67/3540] 1287_FullHDwebcam_after: 1352 kare, yüz %100  (161 s)
  [68/3540] 1287_IriunWebcam_after: 1352 kare, yüz %100  (164 s)
  [69/3540] 1287_USBVideo_after: 1352 kare, yüz %100  (164 s)
  [70/3540] 1287_FullHDwebcam_before: 1352 kare, yüz %100  (169 s)
  [71/3540] 1287_IriunWebcam_before: 1352 kare, yüz %100  (170 s)
  [72/3540] 1287_USBVideo_before: 1352 kare, yüz %100  (170 s)
  [73/3540] 1292_FullHDwebcam_after: 1352 kare, yüz %100  (175 s)
  [74/3540] 1292_IriunWebcam_after: 1353 kare, yüz %100  (176 s)
  [75/3540] 1292_USBVideo_after: 1352 kare, yüz %100  (177 s)
  [76/3540] 1292_IriunWebcam_before: 1352 kare, yüz %100  (182 s)
  [77/3540] 1292_FullHDwebcam_before: 1352 kare, yüz %100  (183 s)
  [78/3540] 1292_USBVideo_before: 1353 kare, yüz %100  (183 s)
  [79/3540] 1298_IriunWebcam_after: 1353 kare, yüz %100  (188 s)
  [80/3540] 1298_USBVideo_after: 1352 kare, yüz %100  (190 s)
  [81/3540] 1298_FullHDwebcam_after: 1352 kare, yüz %100  (192 s)
  [82/3540] 1298_IriunWebcam_before: 1353 kare, yüz %100  (198 s)
  [83/3540] 1298_FullHDwebcam_before: 1352 kare, yüz %100  (198 s)
  [84/3540] 1298_USBVideo_before: 1352 kare, yüz %100  (198 s)
  [85/3540] 1305_IriunWebcam_after: 1353 kare, yüz %100  (206 s)
  [86/3540] 1305_FullHDwebcam_after: 1352 kare, yüz %100  (206 s)
  [87/3540] 1305_USBVideo_after: 1352 kare, yüz %0  (208 s)
  [88/3540] 1305_FullHDwebcam_before: 1352 kare, yüz %100  (213 s)
  [89/3540] 1305_IriunWebcam_before: 1353 kare, yüz %100  (215 s)
  [90/3540] 1305_USBVideo_before: 1352 kare, yüz %15  (215 s)
  [91/3540] 1314_IriunWebcam_after: 1353 kare, yüz %100  (220 s)
  [92/3540] 1314_FullHDwebcam_after: 1352 kare, yüz %100  (221 s)
  [93/3540] 1314_USBVideo_after: 1352 kare, yüz %100  (221 s)
  [94/3540] 1314_IriunWebcam_before: 1353 kare, yüz %100  (227 s)
  [95/3540] 1314_USBVideo_before: 1352 kare, yüz %100  (227 s)
  [96/3540] 1314_FullHDwebcam_before: 1352 kare, yüz %100  (230 s)
  [97/3540] 1360_FullHDwebcam_after: 1352 kare, yüz %100  (235 s)
  [98/3540] 1360_IriunWebcam_after: 1352 kare, yüz %100  (236 s)
  [99/3540] 1360_USBVideo_after: 1352 kare, yüz %0  (238 s)
  [100/3540] 1360_FullHDwebcam_before: 1352 kare, yüz %100  (243 s)
  [101/3540] 1360_IriunWebcam_before: 1352 kare, yüz %100  (245 s)
  [102/3540] 1360_USBVideo_before: 1352 kare, yüz %0  (247 s)
  [103/3540] 1362_FullHDwebcam_after: 1352 kare, yüz %100  (251 s)
  [104/3540] 1362_IriunWebcam_after: 1353 kare, yüz %24  (253 s)
  [105/3540] 1362_USBVideo_after: 1352 kare, yüz %0  (253 s)
  [106/3540] 1362_FullHDwebcam_before: 1352 kare, yüz %100  (259 s)
  [107/3540] 1362_IriunWebcam_before: 1352 kare, yüz %100  (260 s)
  [108/3540] 1362_USBVideo_before: 1352 kare, yüz %0  (263 s)
  [109/3540] 1386_FullHDwebcam_after: 1352 kare, yüz %100  (266 s)
  [110/3540] 1386_USBVideo_after: 1353 kare, yüz %2  (269 s)
  [111/3540] 1386_IriunWebcam_after: 1353 kare, yüz %57  (269 s)
  [112/3540] 1386_FullHDwebcam_before: 1352 kare, yüz %100  (272 s)
  [113/3540] 1386_IriunWebcam_before: 1353 kare, yüz %100  (274 s)
  [114/3540] 1386_USBVideo_before: 1352 kare, yüz %0  (278 s)
  [115/3540] 1399_USBVideo_after: 1352 kare, yüz %100  (279 s)
  [116/3540] 1399_FullHDwebcam_after: 1352 kare, yüz %100  (280 s)
  [117/3540] 1399_IriunWebcam_after: 1353 kare, yüz %100  (282 s)
  [118/3540] 1399_USBVideo_before: 1352 kare, yüz %100  (285 s)
  [119/3540] 1399_IriunWebcam_before: 1352 kare, yüz %100  (288 s)
  [120/3540] 1399_FullHDwebcam_before: 1352 kare, yüz %100  (288 s)
  [121/3540] 1414_FullHDwebcam_after: 1352 kare, yüz %100  (292 s)
  [122/3540] 1414_IriunWebcam_after: 1353 kare, yüz %100  (294 s)
  [123/3540] 1414_USBVideo_after: 1352 kare, yüz %41  (295 s)
  [124/3540] 1414_FullHDwebcam_before: 1352 kare, yüz %100  (299 s)
  [125/3540] 1414_IriunWebcam_before: 1351 kare, yüz %100  (301 s)
  [126/3540] 1414_USBVideo_before: 1352 kare, yüz %11  (301 s)
  [127/3540] 1442_FullHDwebcam_after: 1352 kare, yüz %100  (306 s)
  [128/3540] 1442_IriunWebcam_after: 1352 kare, yüz %100  (307 s)
  [129/3540] 1442_USBVideo_after: 1353 kare, yüz %100  (307 s)
  [130/3540] 1442_IriunWebcam_before: 1353 kare, yüz %100  (312 s)
  [131/3540] 1442_USBVideo_before: 1352 kare, yüz %100  (313 s)
  [132/3540] 1442_FullHDwebcam_before: 1352 kare, yüz %100  (314 s)
  [133/3540] 1474_FullHDwebcam_after: 1352 kare, yüz %100  (319 s)
  [134/3540] 1474_IriunWebcam_after: 1353 kare, yüz %100  (320 s)
  [135/3540] 1474_USBVideo_after: 1352 kare, yüz %0  (322 s)
  [136/3540] 1474_FullHDwebcam_before: 1352 kare, yüz %100  (326 s)
  [137/3540] 1474_IriunWebcam_before: 1353 kare, yüz %100  (328 s)
  [138/3540] 1474_USBVideo_before: 1352 kare, yüz %0  (330 s)
  [139/3540] 1477_FullHDwebcam_after: 1352 kare, yüz %100  (333 s)
  [140/3540] 1477_USBVideo_after: 1352 kare, yüz %0  (337 s)
  [141/3540] 1477_IriunWebcam_after: 1352 kare, yüz %100  (338 s)
  [142/3540] 1477_FullHDwebcam_before: 1352 kare, yüz %100  (340 s)
  [143/3540] 1477_IriunWebcam_before: 1352 kare, yüz %100  (344 s)
  [144/3540] 1513_FullHDwebcam_after: 1352 kare, yüz %100  (346 s)
  [145/3540] 1477_USBVideo_before: 1352 kare, yüz %0  (347 s)
  [146/3540] 1513_USBVideo_after: 1352 kare, yüz %100  (350 s)
  [147/3540] 1513_IriunWebcam_after: 1353 kare, yüz %100  (352 s)
  [148/3540] 1513_FullHDwebcam_before: 1352 kare, yüz %100  (352 s)
  [149/3540] 1513_USBVideo_before: 1352 kare, yüz %100  (357 s)
  [150/3540] 1513_IriunWebcam_before: 1351 kare, yüz %100  (357 s)
  [151/3540] 1531_FullHDwebcam_after: 1352 kare, yüz %98  (360 s)
  [152/3540] 1531_IriunWebcam_after: 1353 kare, yüz %97  (362 s)
  [153/3540] 1531_USBVideo_after: 1352 kare, yüz %100  (363 s)
  [154/3540] 1531_FullHDwebcam_before: 1352 kare, yüz %100  (366 s)
  [155/3540] 1531_USBVideo_before: 1353 kare, yüz %100  (368 s)
  [156/3540] 1531_IriunWebcam_before: 1352 kare, yüz %100  (368 s)
  [157/3540] 1541_FullHDwebcam_after: 1352 kare, yüz %100  (372 s)
  [158/3540] 1541_IriunWebcam_after: 1352 kare, yüz %100  (373 s)
  [159/3540] 1541_USBVideo_after: 1353 kare, yüz %100  (374 s)
  [160/3540] 1541_FullHDwebcam_before: 1352 kare, yüz %100  (379 s)
  [161/3540] 1541_IriunWebcam_before: 1353 kare, yüz %100  (381 s)
  [162/3540] 1541_USBVideo_before: 1352 kare, yüz %0  (382 s)
  [163/3540] 1543_FullHDwebcam_after: 1352 kare, yüz %100  (385 s)
  [164/3540] 1543_IriunWebcam_after: 1353 kare, yüz %100  (387 s)
  [165/3540] 1543_USBVideo_after: 1352 kare, yüz %0  (390 s)
  [166/3540] 1543_FullHDwebcam_before: 1352 kare, yüz %100  (393 s)
  [167/3540] 1543_IriunWebcam_before: 1352 kare, yüz %100  (396 s)
  [168/3540] 1543_USBVideo_before: 1352 kare, yüz %0  (397 s)
  [169/3540] 1563_FullHDwebcam_after: 1352 kare, yüz %100  (402 s)
  [170/3540] 1563_USBVideo_after: 1352 kare, yüz %100  (403 s)
  [171/3540] 1563_IriunWebcam_after: 1353 kare, yüz %100  (403 s)
  [172/3540] 1563_IriunWebcam_before: 1351 kare, yüz %100  (409 s)
  [173/3540] 1563_FullHDwebcam_before: 1352 kare, yüz %100  (410 s)
  [174/3540] 1563_USBVideo_before: 1353 kare, yüz %100  (410 s)
  [175/3540] 1581_FullHDwebcam_after: 1352 kare, yüz %100  (415 s)
  [176/3540] 1581_IriunWebcam_after: 1353 kare, yüz %100  (415 s)
  [177/3540] 1581_USBVideo_after: 1352 kare, yüz %0  (418 s)
  [178/3540] 1581_FullHDwebcam_before: 1352 kare, yüz %100  (420 s)
  [179/3540] 1581_IriunWebcam_before: 1353 kare, yüz %100  (423 s)
  [180/3540] 1581_USBVideo_before: 1352 kare, yüz %0  (423 s)
  [181/3540] 1589_IriunWebcam_after: 1353 kare, yüz %100  (429 s)
  [182/3540] 1589_FullHDwebcam_after: 1352 kare, yüz %100  (429 s)
  [183/3540] 1589_USBVideo_after: 1353 kare, yüz %100  (429 s)
  [184/3540] 1589_IriunWebcam_before: 1352 kare, yüz %100  (435 s)
  [185/3540] 1589_USBVideo_before: 1352 kare, yüz %100  (435 s)
  [186/3540] 1589_FullHDwebcam_before: 1352 kare, yüz %100  (438 s)
  [187/3540] 1601_FullHDwebcam_after: 1352 kare, yüz %100  (442 s)
  [188/3540] 1601_IriunWebcam_after: 1352 kare, yüz %100  (444 s)
  [189/3540] 1601_USBVideo_after: 1352 kare, yüz %0  (445 s)
  [190/3540] 1601_FullHDwebcam_before: 1352 kare, yüz %100  (450 s)
  [191/3540] 1601_IriunWebcam_before: 1351 kare, yüz %100  (451 s)
  [192/3540] 1601_USBVideo_before: 1352 kare, yüz %0  (453 s)
  [193/3540] 1609_FullHDwebcam_after: 1352 kare, yüz %100  (458 s)
  [194/3540] 1609_USBVideo_after: 1352 kare, yüz %100  (458 s)
  [195/3540] 1609_IriunWebcam_after: 1352 kare, yüz %97  (459 s)
  [196/3540] 1609_IriunWebcam_before: 1353 kare, yüz %100  (464 s)
  [197/3540] 1609_USBVideo_before: 1352 kare, yüz %100  (464 s)
  [198/3540] 1609_FullHDwebcam_before: 1352 kare, yüz %100  (465 s)
  [199/3540] 1610_IriunWebcam_after: 1352 kare, yüz %100  (471 s)
  [200/3540] 1610_FullHDwebcam_after: 1352 kare, yüz %100  (472 s)
  [201/3540] 1610_USBVideo_after: 1352 kare, yüz %0  (474 s)
  [202/3540] 1610_FullHDwebcam_before: 1352 kare, yüz %100  (479 s)
  [203/3540] 1610_IriunWebcam_before: 1352 kare, yüz %78  (480 s)
  [204/3540] 1610_USBVideo_before: 1352 kare, yüz %0  (482 s)
  [205/3540] 1649_FullHDwebcam_after: 1352 kare, yüz %100  (485 s)
  [206/3540] 1649_USBVideo_after: 1352 kare, yüz %64  (486 s)
  [207/3540] 1649_IriunWebcam_after: 1352 kare, yüz %100  (487 s)
  [208/3540] 1649_FullHDwebcam_before: 1352 kare, yüz %100  (492 s)
  [209/3540] 1649_IriunWebcam_before: 1353 kare, yüz %100  (492 s)
  [210/3540] 1649_USBVideo_before: 1352 kare, yüz %80  (492 s)
  [211/3540] 1672_IriunWebcam_after: 1353 kare, yüz %100  (499 s)
  [212/3540] 1672_USBVideo_after: 1352 kare, yüz %100  (500 s)
  [213/3540] 1672_FullHDwebcam_after: 1352 kare, yüz %100  (500 s)
  [214/3540] 1672_IriunWebcam_before: 1353 kare, yüz %100  (505 s)
  [215/3540] 1672_USBVideo_before: 1352 kare, yüz %100  (507 s)
  [216/3540] 1672_FullHDwebcam_before: 1352 kare, yüz %100  (507 s)
  [217/3540] 1715_FullHDwebcam_after: 1352 kare, yüz %100  (513 s)
  [218/3540] 1715_IriunWebcam_after: 1353 kare, yüz %100  (513 s)
  [219/3540] 1715_USBVideo_after: 1352 kare, yüz %0  (517 s)
  [220/3540] 1715_FullHDwebcam_before: 1352 kare, yüz %100  (519 s)
  [221/3540] 1715_USBVideo_before: 1352 kare, yüz %0  (522 s)
  [222/3540] 1715_IriunWebcam_before: 1353 kare, yüz %100  (522 s)
  [223/3540] 1745_FullHDwebcam_after: 1352 kare, yüz %98  (526 s)
  [224/3540] 1745_IriunWebcam_after: 1352 kare, yüz %97  (529 s)
  [225/3540] 1745_USBVideo_after: 1352 kare, yüz %9  (531 s)
  [226/3540] 1745_FullHDwebcam_before: 1352 kare, yüz %100  (534 s)
  [227/3540] 1745_USBVideo_before: 1352 kare, yüz %100  (537 s)
  [228/3540] 1745_IriunWebcam_before: 1353 kare, yüz %100  (538 s)
  [229/3540] 1749_FullHDwebcam_after: 1352 kare, yüz %100  (540 s)
  [230/3540] 1749_IriunWebcam_after: 1352 kare, yüz %100  (543 s)
  [231/3540] 1749_USBVideo_after: 1352 kare, yüz %100  (544 s)
  [232/3540] 1749_FullHDwebcam_before: 1352 kare, yüz %100  (546 s)
  [233/3540] 1749_USBVideo_before: 1352 kare, yüz %100  (549 s)
  [234/3540] 1749_IriunWebcam_before: 1353 kare, yüz %100  (549 s)
  [235/3540] 1760_FullHDwebcam_after: 1352 kare, yüz %100  (555 s)
  [236/3540] 1760_IriunWebcam_after: 1351 kare, yüz %100  (555 s)
  [237/3540] 1760_USBVideo_after: 1353 kare, yüz %100  (556 s)
  [238/3540] 1760_USBVideo_before: 1352 kare, yüz %96  (563 s)
  [239/3540] 1760_IriunWebcam_before: 1352 kare, yüz %100  (563 s)
  [240/3540] 1760_FullHDwebcam_before: 1352 kare, yüz %100  (563 s)
  [241/3540] 1765_IriunWebcam_after: 1352 kare, yüz %100  (569 s)
  [242/3540] 1765_USBVideo_after: 1352 kare, yüz %100  (569 s)
  [243/3540] 1765_FullHDwebcam_after: 1352 kare, yüz %100  (571 s)
  [244/3540] 1765_USBVideo_before: 1352 kare, yüz %100  (575 s)
  [245/3540] 1765_IriunWebcam_before: 1352 kare, yüz %100  (577 s)
  [246/3540] 1765_FullHDwebcam_before: 1352 kare, yüz %100  (577 s)
  [247/3540] 1785_FullHDwebcam_after: 1352 kare, yüz %100  (582 s)
  [248/3540] 1785_USBVideo_after: 1353 kare, yüz %7  (583 s)
  [249/3540] 1785_IriunWebcam_after: 1353 kare, yüz %100  (583 s)
  [250/3540] 1785_IriunWebcam_before: 1352 kare, yüz %100  (589 s)
  [251/3540] 1785_FullHDwebcam_before: 1352 kare, yüz %100  (589 s)
  [252/3540] 1785_USBVideo_before: 1352 kare, yüz %0  (591 s)
  [253/3540] 1790_FullHDwebcam_after: 1352 kare, yüz %100  (596 s)
  [254/3540] 1790_USBVideo_after: 1352 kare, yüz %30  (597 s)
  [255/3540] 1790_IriunWebcam_after: 1353 kare, yüz %100  (598 s)
  [256/3540] 1790_FullHDwebcam_before: 1352 kare, yüz %100  (604 s)
  [257/3540] 1790_IriunWebcam_before: 1353 kare, yüz %100  (604 s)
  [258/3540] 1790_USBVideo_before: 1352 kare, yüz %0  (607 s)
  [259/3540] 1838_FullHDwebcam_after: 1352 kare, yüz %100  (610 s)
  [260/3540] 1838_IriunWebcam_after: 1353 kare, yüz %100  (611 s)
  [261/3540] 1838_USBVideo_after: 1352 kare, yüz %0  (612 s)
  [262/3540] 1838_FullHDwebcam_before: 1352 kare, yüz %100  (616 s)
  [263/3540] 1838_IriunWebcam_before: 1352 kare, yüz %100  (617 s)
  [264/3540] 1838_USBVideo_before: 1353 kare, yüz %0  (619 s)
  [265/3540] 1859_FullHDwebcam_after: 1352 kare, yüz %100  (622 s)
  [266/3540] 1859_USBVideo_after: 1352 kare, yüz %80  (624 s)
  [267/3540] 1859_IriunWebcam_after: 1353 kare, yüz %100  (625 s)
  [268/3540] 1859_FullHDwebcam_before: 1352 kare, yüz %100  (629 s)
  [269/3540] 1859_IriunWebcam_before: 1353 kare, yüz %100  (631 s)
  [270/3540] 1922_FullHDwebcam_after: 1352 kare, yüz %100  (634 s)
  [271/3540] 1859_USBVideo_before: 1352 kare, yüz %58  (635 s)
  [272/3540] 1922_USBVideo_after: 1353 kare, yüz %100  (637 s)
  [273/3540] 1922_IriunWebcam_after: 1353 kare, yüz %100  (639 s)
  [274/3540] 1922_FullHDwebcam_before: 1352 kare, yüz %100  (641 s)
  [275/3540] 1922_USBVideo_before: 1352 kare, yüz %100  (644 s)
  [276/3540] 1922_IriunWebcam_before: 1352 kare, yüz %100  (644 s)
  [277/3540] 1932_FullHDwebcam_after: 1352 kare, yüz %100  (649 s)
  [278/3540] 1932_IriunWebcam_after: 1353 kare, yüz %97  (650 s)
  [279/3540] 1932_USBVideo_after: 1353 kare, yüz %100  (651 s)
  [280/3540] 1932_USBVideo_before: 1352 kare, yüz %100  (656 s)
  [281/3540] 1932_IriunWebcam_before: 1353 kare, yüz %100  (656 s)
  [282/3540] 1932_FullHDwebcam_before: 1352 kare, yüz %100  (656 s)
  [283/3540] 1943_IriunWebcam_after: 1353 kare, yüz %100  (663 s)
  [284/3540] 1943_FullHDwebcam_after: 1352 kare, yüz %100  (663 s)
  [285/3540] 1943_USBVideo_after: 1352 kare, yüz %0  (666 s)
  [286/3540] 1943_FullHDwebcam_before: 1352 kare, yüz %100  (671 s)
  [287/3540] 1943_IriunWebcam_before: 1351 kare, yüz %100  (673 s)
  [288/3540] 1943_USBVideo_before: 1352 kare, yüz %0  (674 s)
  [289/3540] 1973_FullHDwebcam_after: 1352 kare, yüz %100  (678 s)
  [290/3540] 1973_IriunWebcam_after: 1353 kare, yüz %100  (681 s)
  [291/3540] 1973_USBVideo_after: 1352 kare, yüz %0  (682 s)
  [292/3540] 1973_FullHDwebcam_before: 1352 kare, yüz %100  (687 s)
  [293/3540] 1973_IriunWebcam_before: 1352 kare, yüz %100  (688 s)
  [294/3540] 1973_USBVideo_before: 1352 kare, yüz %22  (689 s)
  [295/3540] 1981_FullHDwebcam_after: 1352 kare, yüz %100  (693 s)
  [296/3540] 1981_IriunWebcam_after: 1353 kare, yüz %100  (694 s)
  [297/3540] 1981_FullHDwebcam_before: 1352 kare, yüz %100  (700 s)
  [298/3540] 1981_USBVideo_before: 1352 kare, yüz %0  (704 s)
  [299/3540] 1981_USBVideo_after: 1353 kare, yüz %0  (705 s)
  [300/3540] 1981_IriunWebcam_before: 1352 kare, yüz %100  (706 s)
  [301/3540] 2003_FullHDwebcam_after: 1352 kare, yüz %100  (710 s)
  [302/3540] 2003_IriunWebcam_after: 1353 kare, yüz %100  (711 s)
  [303/3540] 2003_USBVideo_after: 1352 kare, yüz %0  (714 s)
  [304/3540] 2003_FullHDwebcam_before: 1352 kare, yüz %100  (717 s)
  [305/3540] 2003_IriunWebcam_before: 1353 kare, yüz %100  (720 s)
  [306/3540] 2003_USBVideo_before: 1352 kare, yüz %0  (721 s)
  [307/3540] 2022_FullHDwebcam_after: 1352 kare, yüz %100  (727 s)
  [308/3540] 2022_USBVideo_after: 1352 kare, yüz %100  (727 s)
  [309/3540] 2022_IriunWebcam_after: 1353 kare, yüz %100  (728 s)
  [310/3540] 2022_IriunWebcam_before: 1352 kare, yüz %100  (735 s)
  [311/3540] 2022_USBVideo_before: 1352 kare, yüz %100  (736 s)
  [312/3540] 2022_FullHDwebcam_before: 1352 kare, yüz %100  (736 s)
  [313/3540] 2091_IriunWebcam_after: 1353 kare, yüz %100  (743 s)
  [314/3540] 2091_FullHDwebcam_after: 1352 kare, yüz %100  (743 s)
  [315/3540] 2091_USBVideo_after: 1352 kare, yüz %20  (744 s)
  [316/3540] 2091_IriunWebcam_before: 1353 kare, yüz %100  (751 s)
  [317/3540] 2091_FullHDwebcam_before: 1352 kare, yüz %100  (752 s)
  [318/3540] 2091_USBVideo_before: 1352 kare, yüz %0  (758 s)
  [319/3540] 2110_USBVideo_after: 1352 kare, yüz %100  (761 s)
  [320/3540] 2110_FullHDwebcam_after: 1352 kare, yüz %100  (762 s)
  [321/3540] 2110_IriunWebcam_after: 1353 kare, yüz %100  (764 s)
  [322/3540] 2110_USBVideo_before: 1352 kare, yüz %100  (770 s)
  [323/3540] 2110_IriunWebcam_before: 1353 kare, yüz %100  (771 s)
  [324/3540] 2110_FullHDwebcam_before: 1352 kare, yüz %100  (772 s)
  [325/3540] 2120_IriunWebcam_after: 1353 kare, yüz %100  (779 s)
  [326/3540] 2120_FullHDwebcam_after: 1352 kare, yüz %100  (780 s)
  [327/3540] 2120_USBVideo_after: 1352 kare, yüz %35  (781 s)
  [328/3540] 2120_FullHDwebcam_before: 1352 kare, yüz %100  (788 s)
  [329/3540] 2120_IriunWebcam_before: 1352 kare, yüz %100  (788 s)
  [330/3540] 2120_USBVideo_before: 1352 kare, yüz %100  (789 s)
  [331/3540] 2147_USBVideo_after: 1352 kare, yüz %98  (796 s)
  [332/3540] 2147_IriunWebcam_after: 1353 kare, yüz %97  (796 s)
  [333/3540] 2147_FullHDwebcam_after: 1352 kare, yüz %100  (796 s)
  [334/3540] 2147_IriunWebcam_before: 1352 kare, yüz %100  (802 s)
  [335/3540] 2147_FullHDwebcam_before: 1352 kare, yüz %100  (804 s)
  [336/3540] 2147_USBVideo_before: 1352 kare, yüz %100  (804 s)
  [337/3540] 2149_IriunWebcam_after: 1353 kare, yüz %95  (812 s)
  [338/3540] 2149_FullHDwebcam_after: 1352 kare, yüz %100  (812 s)
  [339/3540] 2149_USBVideo_after: 1352 kare, yüz %2  (814 s)
  [340/3540] 2149_FullHDwebcam_before: 1352 kare, yüz %100  (821 s)
  [341/3540] 2149_IriunWebcam_before: 1352 kare, yüz %97  (822 s)
  [342/3540] 2149_USBVideo_before: 1352 kare, yüz %0  (825 s)
  [343/3540] 2153_FullHDwebcam_after: 1352 kare, yüz %100  (829 s)
  [344/3540] 2153_USBVideo_after: 1352 kare, yüz %100  (830 s)
  [345/3540] 2153_IriunWebcam_after: 1352 kare, yüz %100  (831 s)
  [346/3540] 2153_FullHDwebcam_before: 1352 kare, yüz %100  (836 s)
  [347/3540] 2153_USBVideo_before: 1352 kare, yüz %98  (838 s)
  [348/3540] 2153_IriunWebcam_before: 1352 kare, yüz %100  (838 s)
  [349/3540] 2161_FullHDwebcam_after: 1352 kare, yüz %100  (843 s)
  [350/3540] 2161_IriunWebcam_after: 1352 kare, yüz %100  (844 s)
  [351/3540] 2161_USBVideo_after: 1352 kare, yüz %100  (846 s)
  [352/3540] 2161_FullHDwebcam_before: 1352 kare, yüz %100  (850 s)
  [353/3540] 2161_USBVideo_before: 1352 kare, yüz %100  (852 s)
  [354/3540] 2161_IriunWebcam_before: 1353 kare, yüz %100  (852 s)
  [355/3540] 2183_IriunWebcam_after: 1353 kare, yüz %100  (859 s)
  [356/3540] 2183_FullHDwebcam_after: 1352 kare, yüz %100  (860 s)
  [357/3540] 2183_USBVideo_after: 1352 kare, yüz %100  (860 s)
  [358/3540] 2183_IriunWebcam_before: 1352 kare, yüz %100  (869 s)
  [359/3540] 2183_USBVideo_before: 1352 kare, yüz %100  (870 s)
  [360/3540] 2183_FullHDwebcam_before: 1352 kare, yüz %100  (870 s)
  [361/3540] 2187_IriunWebcam_after: 1352 kare, yüz %100  (878 s)
  [362/3540] 2187_USBVideo_after: 1352 kare, yüz %100  (879 s)
  [363/3540] 2187_FullHDwebcam_after: 1352 kare, yüz %100  (880 s)
  [364/3540] 2187_IriunWebcam_before: 1353 kare, yüz %100  (887 s)
  [365/3540] 2187_USBVideo_before: 1353 kare, yüz %100  (888 s)
  [366/3540] 2187_FullHDwebcam_before: 1352 kare, yüz %100  (889 s)
  [367/3540] 2194_IriunWebcam_after: 1352 kare, yüz %100  (895 s)
  [368/3540] 2194_USBVideo_after: 1352 kare, yüz %100  (896 s)
  [369/3540] 2194_FullHDwebcam_after: 1352 kare, yüz %100  (896 s)
  [370/3540] 2194_IriunWebcam_before: 1352 kare, yüz %100  (902 s)
  [371/3540] 2194_USBVideo_before: 1352 kare, yüz %98  (902 s)
  [372/3540] 2194_FullHDwebcam_before: 1352 kare, yüz %100  (903 s)
  [373/3540] 2221_FullHDwebcam_after: 1352 kare, yüz %100  (910 s)
  [374/3540] 2221_IriunWebcam_after: 1352 kare, yüz %100  (911 s)
  [375/3540] 2221_USBVideo_after: 1352 kare, yüz %0  (914 s)
  [376/3540] 2221_FullHDwebcam_before: 1352 kare, yüz %100  (919 s)
  [377/3540] 2221_USBVideo_before: 1352 kare, yüz %2  (920 s)
  [378/3540] 2221_IriunWebcam_before: 1352 kare, yüz %100  (921 s)
  [379/3540] 2233_FullHDwebcam_after: 1352 kare, yüz %100  (926 s)
  [380/3540] 2233_IriunWebcam_after: 1352 kare, yüz %100  (927 s)
  [381/3540] 2233_USBVideo_after: 1352 kare, yüz %100  (928 s)
  [382/3540] 2233_FullHDwebcam_before: 1352 kare, yüz %100  (934 s)
  [383/3540] 2233_IriunWebcam_before: 1352 kare, yüz %100  (934 s)
  [384/3540] 2233_USBVideo_before: 1352 kare, yüz %91  (935 s)
  [385/3540] 2242_IriunWebcam_after: 1352 kare, yüz %100  (942 s)
  [386/3540] 2242_USBVideo_after: 1352 kare, yüz %100  (944 s)
  [387/3540] 2242_FullHDwebcam_after: 1352 kare, yüz %100  (944 s)
  [388/3540] 2242_IriunWebcam_before: 1353 kare, yüz %100  (951 s)
  [389/3540] 2242_USBVideo_before: 1352 kare, yüz %100  (952 s)
  [390/3540] 2242_FullHDwebcam_before: 1352 kare, yüz %100  (952 s)
  [391/3540] 2245_FullHDwebcam_after: 1352 kare, yüz %96  (960 s)
  [392/3540] 2245_IriunWebcam_after: 1351 kare, yüz %38  (960 s)
  [393/3540] 2245_USBVideo_after: 1353 kare, yüz %0  (964 s)
  [394/3540] 2245_FullHDwebcam_before: 1352 kare, yüz %67  (968 s)
  [395/3540] 2245_IriunWebcam_before: 1352 kare, yüz %97  (971 s)
  [396/3540] 2245_USBVideo_before: 1353 kare, yüz %0  (971 s)
  [397/3540] 2246_FullHDwebcam_after: 1352 kare, yüz %76  (978 s)
  [398/3540] 2246_USBVideo_after: 1352 kare, yüz %24  (979 s)
  [399/3540] 2246_IriunWebcam_after: 1352 kare, yüz %0  (979 s)
  [400/3540] 2246_IriunWebcam_before: 1353 kare, yüz %100  (987 s)
  [401/3540] 2246_USBVideo_before: 1352 kare, yüz %98  (987 s)
  [402/3540] 2246_FullHDwebcam_before: 1352 kare, yüz %100  (987 s)
  [403/3540] 2247_IriunWebcam_after: 1352 kare, yüz %100  (994 s)
  [404/3540] 2247_FullHDwebcam_after: 1352 kare, yüz %100  (994 s)
  [405/3540] 2247_USBVideo_after: 1352 kare, yüz %100  (995 s)
  [406/3540] 2247_IriunWebcam_before: 1353 kare, yüz %100  (1000 s)
  [407/3540] 2247_FullHDwebcam_before: 1352 kare, yüz %100  (1000 s)
  [408/3540] 2247_USBVideo_before: 1352 kare, yüz %100  (1001 s)
  [409/3540] 2253_FullHDwebcam_after: 1352 kare, yüz %100  (1007 s)
  [410/3540] 2253_IriunWebcam_after: 1352 kare, yüz %100  (1008 s)
  [411/3540] 2253_USBVideo_after: 1352 kare, yüz %88  (1008 s)
  [412/3540] 2253_FullHDwebcam_before: 1352 kare, yüz %100  (1015 s)
  [413/3540] 2253_IriunWebcam_before: 1352 kare, yüz %100  (1016 s)
  [414/3540] 2253_USBVideo_before: 1352 kare, yüz %9  (1018 s)
  [415/3540] 2284_FullHDwebcam_after: 1352 kare, yüz %100  (1024 s)
  [416/3540] 2284_USBVideo_after: 1352 kare, yüz %74  (1024 s)
  [417/3540] 2284_IriunWebcam_after: 1353 kare, yüz %100  (1024 s)
  [418/3540] 2284_FullHDwebcam_before: 1352 kare, yüz %100  (1031 s)
  [419/3540] 2284_IriunWebcam_before: 1353 kare, yüz %100  (1032 s)
  [420/3540] 2284_USBVideo_before: 1352 kare, yüz %13  (1033 s)
  [421/3540] 2285_FullHDwebcam_after: 1352 kare, yüz %100  (1039 s)
  [422/3540] 2285_IriunWebcam_after: 1353 kare, yüz %100  (1040 s)
  [423/3540] 2285_USBVideo_after: 1352 kare, yüz %0  (1042 s)
  [424/3540] 2285_FullHDwebcam_before: 1352 kare, yüz %100  (1045 s)
  [425/3540] 2285_USBVideo_before: 1352 kare, yüz %24  (1048 s)
  [426/3540] 2285_IriunWebcam_before: 1353 kare, yüz %100  (1048 s)
  [427/3540] 2291_FullHDwebcam_after: 1352 kare, yüz %100  (1053 s)
  [428/3540] 2291_IriunWebcam_after: 1352 kare, yüz %100  (1054 s)
  [429/3540] 2291_USBVideo_after: 1353 kare, yüz %0  (1059 s)
  [430/3540] 2291_FullHDwebcam_before: 1352 kare, yüz %100  (1063 s)
  [431/3540] 2291_IriunWebcam_before: 1353 kare, yüz %100  (1065 s)
  [432/3540] 2291_USBVideo_before: 1352 kare, yüz %0  (1067 s)
  [433/3540] 2323_USBVideo_after: 1352 kare, yüz %100  (1072 s)
  [434/3540] 2323_FullHDwebcam_after: 1352 kare, yüz %100  (1073 s)
  [435/3540] 2323_IriunWebcam_after: 1352 kare, yüz %100  (1073 s)
  [436/3540] 2323_USBVideo_before: 1352 kare, yüz %100  (1080 s)
  [437/3540] 2323_IriunWebcam_before: 1352 kare, yüz %100  (1080 s)
  [438/3540] 2323_FullHDwebcam_before: 1352 kare, yüz %100  (1081 s)
  [439/3540] 2339_IriunWebcam_after: 1352 kare, yüz %100  (1089 s)
  [440/3540] 2339_FullHDwebcam_after: 1352 kare, yüz %100  (1090 s)
  [441/3540] 2339_USBVideo_after: 1352 kare, yüz %2  (1093 s)
  [442/3540] 2339_FullHDwebcam_before: 1352 kare, yüz %100  (1099 s)
  [443/3540] 2339_USBVideo_before: 1352 kare, yüz %0  (1102 s)
  [444/3540] 2339_IriunWebcam_before: 1353 kare, yüz %0  (1102 s)
  [445/3540] 2375_FullHDwebcam_after: 1352 kare, yüz %100  (1108 s)
  [446/3540] 2375_IriunWebcam_after: 1353 kare, yüz %100  (1108 s)
  [447/3540] 2375_USBVideo_after: 1352 kare, yüz %100  (1109 s)
  [448/3540] 2375_IriunWebcam_before: 1353 kare, yüz %100  (1115 s)
  [449/3540] 2375_USBVideo_before: 1352 kare, yüz %100  (1116 s)
  [450/3540] 2375_FullHDwebcam_before: 1352 kare, yüz %100  (1116 s)
  [451/3540] 2414_IriunWebcam_after: 1352 kare, yüz %100  (1122 s)
  [452/3540] 2414_FullHDwebcam_after: 1352 kare, yüz %100  (1124 s)
  [453/3540] 2414_USBVideo_after: 1352 kare, yüz %0  (1127 s)
  [454/3540] 2414_FullHDwebcam_before: 1352 kare, yüz %100  (1132 s)
  [455/3540] 2414_IriunWebcam_before: 1352 kare, yüz %100  (1134 s)
  [456/3540] 2414_USBVideo_before: 1352 kare, yüz %0  (1135 s)
  [457/3540] 2439_FullHDwebcam_after: 1352 kare, yüz %100  (1142 s)
  [458/3540] 2439_IriunWebcam_after: 1352 kare, yüz %100  (1143 s)
  [459/3540] 2439_USBVideo_after: 1352 kare, yüz %100  (1143 s)
  [460/3540] 2439_IriunWebcam_before: 1353 kare, yüz %100  (1151 s)
  [461/3540] 2439_FullHDwebcam_before: 1352 kare, yüz %100  (1152 s)
  [462/3540] 2439_USBVideo_before: 1352 kare, yüz %100  (1152 s)
  [463/3540] 2445_FullHDwebcam_after: 1352 kare, yüz %100  (1160 s)
  [464/3540] 2445_IriunWebcam_after: 1352 kare, yüz %100  (1160 s)
  [465/3540] 2445_USBVideo_after: 1353 kare, yüz %0  (1162 s)
  [466/3540] 2445_USBVideo_before: 1352 kare, yüz %15  (1167 s)
  [467/3540] 2445_FullHDwebcam_before: 1352 kare, yüz %100  (1167 s)
  [468/3540] 2445_IriunWebcam_before: 1353 kare, yüz %100  (1168 s)
  [469/3540] 2446_IriunWebcam_after: 1352 kare, yüz %100  (1174 s)
  [470/3540] 2446_USBVideo_after: 1352 kare, yüz %100  (1175 s)
  [471/3540] 2446_FullHDwebcam_after: 1352 kare, yüz %100  (1175 s)
  [472/3540] 2446_IriunWebcam_before: 1352 kare, yüz %100  (1181 s)
  [473/3540] 2446_FullHDwebcam_before: 1352 kare, yüz %98  (1183 s)
  [474/3540] 2446_USBVideo_before: 1353 kare, yüz %98  (1183 s)
  [475/3540] 2459_FullHDwebcam_after: 1352 kare, yüz %100  (1189 s)
  [476/3540] 2459_IriunWebcam_after: 1353 kare, yüz %100  (1189 s)
  [477/3540] 2459_USBVideo_after: 1352 kare, yüz %20  (1191 s)
  [478/3540] 2459_IriunWebcam_before: 1353 kare, yüz %100  (1197 s)
  [479/3540] 2459_USBVideo_before: 1352 kare, yüz %17  (1198 s)
  [480/3540] 2459_FullHDwebcam_before: 1352 kare, yüz %100  (1199 s)
  [481/3540] 2462_IriunWebcam_after: 1352 kare, yüz %100  (1206 s)
  [482/3540] 2462_USBVideo_after: 1352 kare, yüz %96  (1206 s)
  [483/3540] 2462_FullHDwebcam_after: 1352 kare, yüz %100  (1208 s)
  [484/3540] 2462_IriunWebcam_before: 1353 kare, yüz %100  (1215 s)
  [485/3540] 2462_FullHDwebcam_before: 1352 kare, yüz %100  (1216 s)
  [486/3540] 2462_USBVideo_before: 1352 kare, yüz %98  (1216 s)
  [487/3540] 2463_IriunWebcam_after: 1352 kare, yüz %100  (1222 s)
  [488/3540] 2463_USBVideo_after: 1352 kare, yüz %100  (1223 s)
  [489/3540] 2463_FullHDwebcam_after: 1352 kare, yüz %100  (1224 s)
  [490/3540] 2463_IriunWebcam_before: 1353 kare, yüz %100  (1229 s)
  [491/3540] 2463_FullHDwebcam_before: 1352 kare, yüz %100  (1230 s)
  [492/3540] 2463_USBVideo_before: 1352 kare, yüz %100  (1230 s)
  [493/3540] 2508_USBVideo_after: 1352 kare, yüz %93  (1237 s)
  [494/3540] 2508_IriunWebcam_after: 1353 kare, yüz %97  (1237 s)
  [495/3540] 2508_FullHDwebcam_after: 1352 kare, yüz %96  (1238 s)
  [496/3540] 2508_FullHDwebcam_before: 1352 kare, yüz %100  (1245 s)
  [497/3540] 2508_USBVideo_before: 1352 kare, yüz %4  (1245 s)
  [498/3540] 2508_IriunWebcam_before: 1353 kare, yüz %94  (1245 s)
  [499/3540] 2527_IriunWebcam_after: 1353 kare, yüz %100  (1253 s)
  [500/3540] 2527_FullHDwebcam_after: 1352 kare, yüz %100  (1255 s)
  [501/3540] 2527_USBVideo_after: 1353 kare, yüz %0  (1259 s)
  [502/3540] 2527_FullHDwebcam_before: 1352 kare, yüz %100  (1263 s)
  [503/3540] 2527_USBVideo_before: 1353 kare, yüz %98  (1264 s)
  [504/3540] 2527_IriunWebcam_before: 1351 kare, yüz %100  (1266 s)
  [505/3540] 2558_FullHDwebcam_after: 1352 kare, yüz %100  (1270 s)
  [506/3540] 2558_IriunWebcam_after: 1353 kare, yüz %100  (1272 s)
  [507/3540] 2558_USBVideo_after: 1352 kare, yüz %0  (1274 s)
  [508/3540] 2558_FullHDwebcam_before: 1352 kare, yüz %100  (1277 s)
  [509/3540] 2558_IriunWebcam_before: 1352 kare, yüz %100  (1280 s)
  [510/3540] 2558_USBVideo_before: 1352 kare, yüz %0  (1282 s)
  [511/3540] 2619_FullHDwebcam_after: 1352 kare, yüz %100  (1285 s)
  [512/3540] 2619_IriunWebcam_after: 1353 kare, yüz %100  (1288 s)
  [513/3540] 2619_USBVideo_after: 1352 kare, yüz %2  (1289 s)
  [514/3540] 2619_FullHDwebcam_before: 1352 kare, yüz %100  (1293 s)
  [515/3540] 2619_IriunWebcam_before: 1353 kare, yüz %100  (1296 s)
  [516/3540] 2619_USBVideo_before: 1352 kare, yüz %0  (1298 s)
  [517/3540] 2625_FullHDwebcam_after: 1352 kare, yüz %100  (1303 s)
  [518/3540] 2625_USBVideo_after: 1352 kare, yüz %100  (1305 s)
  [519/3540] 2625_IriunWebcam_after: 1352 kare, yüz %100  (1306 s)
  [520/3540] 2625_IriunWebcam_before: 1353 kare, yüz %100  (1313 s)
  [521/3540] 2625_USBVideo_before: 1352 kare, yüz %100  (1314 s)
  [522/3540] 2625_FullHDwebcam_before: 1352 kare, yüz %100  (1315 s)
  [523/3540] 2638_USBVideo_after: 1352 kare, yüz %100  (1321 s)
  [524/3540] 2638_IriunWebcam_after: 1353 kare, yüz %100  (1323 s)
  [525/3540] 2638_FullHDwebcam_after: 1352 kare, yüz %100  (1324 s)
  [526/3540] 2638_USBVideo_before: 1352 kare, yüz %100  (1332 s)
  [527/3540] 2638_IriunWebcam_before: 1353 kare, yüz %100  (1332 s)
  [528/3540] 2638_FullHDwebcam_before: 1352 kare, yüz %100  (1332 s)
  [529/3540] 2646_FullHDwebcam_after: 1352 kare, yüz %100  (1338 s)
  [530/3540] 2646_IriunWebcam_after: 1352 kare, yüz %100  (1339 s)
  [531/3540] 2646_USBVideo_after: 1352 kare, yüz %100  (1339 s)
  [532/3540] 2646_FullHDwebcam_before: 1352 kare, yüz %100  (1344 s)
  [533/3540] 2646_IriunWebcam_before: 1353 kare, yüz %100  (1346 s)
  [534/3540] 2646_USBVideo_before: 1353 kare, yüz %100  (1347 s)
  [535/3540] 2651_FullHDwebcam_after: 1352 kare, yüz %100  (1354 s)
  [536/3540] 2651_IriunWebcam_after: 1352 kare, yüz %100  (1355 s)
  [537/3540] 2651_USBVideo_after: 1352 kare, yüz %0  (1357 s)
  [538/3540] 2651_IriunWebcam_before: 1352 kare, yüz %100  (1364 s)
  [539/3540] 2651_FullHDwebcam_before: 1352 kare, yüz %100  (1366 s)
  [540/3540] 2651_USBVideo_before: 1352 kare, yüz %0  (1366 s)
  [541/3540] 2659_IriunWebcam_after: 1353 kare, yüz %100  (1373 s)
  [542/3540] 2659_FullHDwebcam_after: 1352 kare, yüz %100  (1373 s)
  [543/3540] 2659_USBVideo_after: 1352 kare, yüz %0  (1377 s)
  [544/3540] 2659_FullHDwebcam_before: 1352 kare, yüz %100  (1381 s)
  [545/3540] 2659_USBVideo_before: 1352 kare, yüz %4  (1382 s)
  [546/3540] 2659_IriunWebcam_before: 1353 kare, yüz %100  (1384 s)
  [547/3540] 2672_FullHDwebcam_after: 1352 kare, yüz %100  (1389 s)
  [548/3540] 2672_IriunWebcam_after: 1353 kare, yüz %100  (1390 s)
  [549/3540] 2672_USBVideo_after: 1352 kare, yüz %0  (1393 s)
  [550/3540] 2672_FullHDwebcam_before: 1352 kare, yüz %100  (1398 s)
  [551/3540] 2672_IriunWebcam_before: 1353 kare, yüz %100  (1400 s)
  [552/3540] 2672_USBVideo_before: 1352 kare, yüz %0  (1403 s)
  [553/3540] 2676_FullHDwebcam_after: 1352 kare, yüz %100  (1408 s)
  [554/3540] 2676_IriunWebcam_after: 1352 kare, yüz %100  (1410 s)
  [555/3540] 2676_USBVideo_after: 1352 kare, yüz %9  (1410 s)
  [556/3540] 2676_IriunWebcam_before: 1353 kare, yüz %75  (1418 s)
  [557/3540] 2676_USBVideo_before: 1352 kare, yüz %82  (1418 s)
  [558/3540] 2676_FullHDwebcam_before: 1352 kare, yüz %96  (1419 s)
  [559/3540] 2704_IriunWebcam_after: 1352 kare, yüz %100  (1425 s)
  [560/3540] 2704_FullHDwebcam_after: 1352 kare, yüz %100  (1427 s)
  [561/3540] 2704_USBVideo_after: 1352 kare, yüz %0  (1432 s)
  [562/3540] 2704_FullHDwebcam_before: 1352 kare, yüz %100  (1434 s)
  [563/3540] 2704_USBVideo_before: 1352 kare, yüz %4  (1438 s)
  [564/3540] 2704_IriunWebcam_before: 1352 kare, yüz %100  (1439 s)
  [565/3540] 2732_FullHDwebcam_after: 1352 kare, yüz %100  (1441 s)
  [566/3540] 2732_IriunWebcam_after: 1352 kare, yüz %100  (1445 s)
  [567/3540] 2732_USBVideo_after: 1353 kare, yüz %100  (1445 s)
  [568/3540] 2732_FullHDwebcam_before: 1352 kare, yüz %100  (1448 s)
  [569/3540] 2732_IriunWebcam_before: 1351 kare, yüz %100  (1452 s)
  [570/3540] 2732_USBVideo_before: 1352 kare, yüz %100  (1453 s)
  [571/3540] 2751_FullHDwebcam_after: 1352 kare, yüz %100  (1457 s)
  [572/3540] 2751_IriunWebcam_after: 1352 kare, yüz %100  (1459 s)
  [573/3540] 2751_USBVideo_after: 1352 kare, yüz %0  (1465 s)
  [574/3540] 2751_FullHDwebcam_before: 1352 kare, yüz %100  (1466 s)
  [575/3540] 2751_USBVideo_before: 1352 kare, yüz %7  (1467 s)
  [576/3540] 2751_IriunWebcam_before: 1353 kare, yüz %100  (1472 s)
  [577/3540] 2755_USBVideo_after: 1352 kare, yüz %100  (1475 s)
  [578/3540] 2755_FullHDwebcam_after: 1352 kare, yüz %100  (1476 s)
  [579/3540] 2755_IriunWebcam_after: 1352 kare, yüz %100  (1478 s)
  [580/3540] 2755_FullHDwebcam_before: 1352 kare, yüz %100  (1485 s)
  [581/3540] 2755_USBVideo_before: 1352 kare, yüz %100  (1485 s)
  [582/3540] 2755_IriunWebcam_before: 1353 kare, yüz %100  (1485 s)
  [583/3540] 2778_IriunWebcam_after: 1352 kare, yüz %100  (1491 s)
  [584/3540] 2778_FullHDwebcam_after: 1352 kare, yüz %100  (1491 s)
  [585/3540] 2778_USBVideo_after: 1352 kare, yüz %100  (1492 s)
  [586/3540] 2778_FullHDwebcam_before: 1352 kare, yüz %100  (1496 s)
  [587/3540] 2778_IriunWebcam_before: 1352 kare, yüz %100  (1497 s)
  [588/3540] 2778_USBVideo_before: 1352 kare, yüz %100  (1498 s)
  [589/3540] 2801_IriunWebcam_after: 1353 kare, yüz %100  (1505 s)
  [590/3540] 2801_USBVideo_after: 1352 kare, yüz %98  (1505 s)
  [591/3540] 2801_FullHDwebcam_after: 1352 kare, yüz %100  (1505 s)
  [592/3540] 2801_IriunWebcam_before: 1352 kare, yüz %100  (1512 s)
  [593/3540] 2801_USBVideo_before: 1352 kare, yüz %100  (1513 s)
  [594/3540] 2801_FullHDwebcam_before: 1352 kare, yüz %100  (1515 s)
  [595/3540] 2802_FullHDwebcam_after: 1352 kare, yüz %100  (1521 s)
  [596/3540] 2802_USBVideo_after: 1352 kare, yüz %96  (1522 s)
  [597/3540] 2802_IriunWebcam_after: 1353 kare, yüz %100  (1522 s)
  [598/3540] 2802_IriunWebcam_before: 1352 kare, yüz %100  (1529 s)
  [599/3540] 2802_FullHDwebcam_before: 1352 kare, yüz %100  (1530 s)
  [600/3540] 2802_USBVideo_before: 1352 kare, yüz %89  (1530 s)
  [601/3540] 2818_IriunWebcam_after: 1351 kare, yüz %100  (1538 s)
  [602/3540] 2818_USBVideo_after: 1353 kare, yüz %100  (1539 s)
  [603/3540] 2818_FullHDwebcam_after: 1352 kare, yüz %100  (1540 s)
  [604/3540] 2818_USBVideo_before: 1352 kare, yüz %100  (1547 s)
  [605/3540] 2818_IriunWebcam_before: 1353 kare, yüz %100  (1547 s)
  [606/3540] 2818_FullHDwebcam_before: 1352 kare, yüz %100  (1548 s)
  [607/3540] 2823_IriunWebcam_after: 1353 kare, yüz %100  (1555 s)
  [608/3540] 2823_USBVideo_after: 1352 kare, yüz %100  (1556 s)
  [609/3540] 2823_FullHDwebcam_after: 1352 kare, yüz %100  (1557 s)
  [610/3540] 2823_IriunWebcam_before: 1353 kare, yüz %100  (1564 s)
  [611/3540] 2823_USBVideo_before: 1352 kare, yüz %100  (1565 s)
  [612/3540] 2823_FullHDwebcam_before: 1352 kare, yüz %100  (1566 s)
  [613/3540] 2842_FullHDwebcam_after: 1352 kare, yüz %100  (1572 s)
  [614/3540] 2842_USBVideo_after: 1352 kare, yüz %100  (1573 s)
  [615/3540] 2842_IriunWebcam_after: 1352 kare, yüz %100  (1573 s)
  [616/3540] 2842_IriunWebcam_before: 1353 kare, yüz %100  (1579 s)
  [617/3540] 2842_FullHDwebcam_before: 1352 kare, yüz %100  (1580 s)
  [618/3540] 2842_USBVideo_before: 1352 kare, yüz %100  (1580 s)
  [619/3540] 2851_IriunWebcam_after: 1352 kare, yüz %100  (1586 s)
  [620/3540] 2851_FullHDwebcam_after: 1352 kare, yüz %100  (1588 s)
  [621/3540] 2851_USBVideo_after: 1352 kare, yüz %100  (1588 s)
  [622/3540] 2851_IriunWebcam_before: 1353 kare, yüz %100  (1593 s)
  [623/3540] 2851_USBVideo_before: 1352 kare, yüz %100  (1595 s)
  [624/3540] 2851_FullHDwebcam_before: 1352 kare, yüz %100  (1595 s)
  [625/3540] 2852_FullHDwebcam_after: 1352 kare, yüz %100  (1602 s)
  [626/3540] 2852_IriunWebcam_after: 1351 kare, yüz %47  (1603 s)
  [627/3540] 2852_USBVideo_after: 1352 kare, yüz %0  (1606 s)
  [628/3540] 2852_FullHDwebcam_before: 1352 kare, yüz %100  (1611 s)
  [629/3540] 2852_USBVideo_before: 1353 kare, yüz %9  (1613 s)
  [630/3540] 2852_IriunWebcam_before: 1352 kare, yüz %8  (1613 s)
  [631/3540] 2857_FullHDwebcam_after: 1352 kare, yüz %100  (1618 s)
  [632/3540] 2857_IriunWebcam_after: 1353 kare, yüz %100  (1621 s)
  [633/3540] 2857_USBVideo_after: 1352 kare, yüz %0  (1625 s)
  [634/3540] 2857_FullHDwebcam_before: 1352 kare, yüz %100  (1626 s)
  [635/3540] 2857_IriunWebcam_before: 1353 kare, yüz %100  (1631 s)
  [636/3540] 2857_USBVideo_before: 1352 kare, yüz %0  (1631 s)
  [637/3540] 2874_FullHDwebcam_after: 1352 kare, yüz %100  (1637 s)
  [638/3540] 2874_IriunWebcam_after: 1353 kare, yüz %97  (1638 s)
  [639/3540] 2874_USBVideo_after: 1352 kare, yüz %100  (1639 s)
  [640/3540] 2874_USBVideo_before: 1352 kare, yüz %100  (1646 s)
  [641/3540] 2874_IriunWebcam_before: 1352 kare, yüz %100  (1646 s)
  [642/3540] 2874_FullHDwebcam_before: 1352 kare, yüz %100  (1647 s)
  [643/3540] 2875_FullHDwebcam_after: 1352 kare, yüz %100  (1653 s)
  [644/3540] 2875_IriunWebcam_after: 1352 kare, yüz %100  (1654 s)
  [645/3540] 2875_USBVideo_after: 1353 kare, yüz %0  (1657 s)
  [646/3540] 2875_FullHDwebcam_before: 1352 kare, yüz %100  (1662 s)
  [647/3540] 2875_IriunWebcam_before: 1353 kare, yüz %100  (1664 s)
  [648/3540] 2875_USBVideo_before: 1352 kare, yüz %0  (1665 s)
  [649/3540] 2895_USBVideo_after: 1352 kare, yüz %98  (1671 s)
  [650/3540] 2895_IriunWebcam_after: 1352 kare, yüz %94  (1672 s)
  [651/3540] 2895_FullHDwebcam_after: 1352 kare, yüz %100  (1676 s)
  [652/3540] 2895_USBVideo_before: 1352 kare, yüz %100  (1681 s)
  [653/3540] 2895_FullHDwebcam_before: 1352 kare, yüz %100  (1681 s)
  [654/3540] 2895_IriunWebcam_before: 1353 kare, yüz %94  (1683 s)
  [655/3540] 2907_USBVideo_after: 1352 kare, yüz %100  (1689 s)
  [656/3540] 2907_FullHDwebcam_after: 1352 kare, yüz %100  (1689 s)
  [657/3540] 2907_IriunWebcam_after: 1352 kare, yüz %100  (1689 s)
  [658/3540] 2907_IriunWebcam_before: 1353 kare, yüz %100  (1695 s)
  [659/3540] 2907_USBVideo_before: 1352 kare, yüz %100  (1698 s)
  [660/3540] 2907_FullHDwebcam_before: 1352 kare, yüz %100  (1698 s)
  [661/3540] 2916_FullHDwebcam_after: 1352 kare, yüz %5  (1703 s)
  [662/3540] 2916_IriunWebcam_after: 1352 kare, yüz %100  (1705 s)
  [663/3540] 2916_USBVideo_after: 1352 kare, yüz %0  (1711 s)
  [664/3540] 2916_FullHDwebcam_before: 1352 kare, yüz %52  (1714 s)
  [665/3540] 2916_USBVideo_before: 1352 kare, yüz %0  (1718 s)
  [666/3540] 2916_IriunWebcam_before: 1353 kare, yüz %97  (1721 s)
  [667/3540] 2928_FullHDwebcam_after: 1352 kare, yüz %100  (1721 s)
  [668/3540] 2928_USBVideo_after: 1352 kare, yüz %89  (1725 s)
  [669/3540] 2928_IriunWebcam_after: 1353 kare, yüz %100  (1727 s)
  [670/3540] 2928_FullHDwebcam_before: 1352 kare, yüz %100  (1731 s)
  [671/3540] 2928_IriunWebcam_before: 1352 kare, yüz %100  (1735 s)
  [672/3540] 2928_USBVideo_before: 1352 kare, yüz %85  (1735 s)
  [673/3540] 2948_FullHDwebcam_after: 1352 kare, yüz %100  (1739 s)
  [674/3540] 2948_IriunWebcam_after: 1353 kare, yüz %100  (1743 s)
  [675/3540] 2948_USBVideo_after: 1352 kare, yüz %0  (1745 s)
  [676/3540] 2948_FullHDwebcam_before: 1352 kare, yüz %100  (1747 s)
  [677/3540] 2948_IriunWebcam_before: 1353 kare, yüz %100  (1752 s)
  [678/3540] 2948_USBVideo_before: 1352 kare, yüz %0  (1753 s)
  [679/3540] 2962_FullHDwebcam_after: 1352 kare, yüz %100  (1756 s)
  [680/3540] 2962_IriunWebcam_after: 1353 kare, yüz %100  (1760 s)
  [681/3540] 2962_USBVideo_after: 1352 kare, yüz %100  (1761 s)
  [682/3540] 2962_FullHDwebcam_before: 1352 kare, yüz %100  (1766 s)
  [683/3540] 2962_IriunWebcam_before: 1353 kare, yüz %100  (1768 s)
  [684/3540] 2962_USBVideo_before: 1352 kare, yüz %100  (1768 s)
  [685/3540] 2964_FullHDwebcam_after: 1352 kare, yüz %100  (1775 s)
  [686/3540] 2964_USBVideo_after: 1352 kare, yüz %100  (1776 s)
  [687/3540] 2964_IriunWebcam_after: 1353 kare, yüz %100  (1776 s)
  [688/3540] 2964_USBVideo_before: 1352 kare, yüz %100  (1783 s)
  [689/3540] 2964_IriunWebcam_before: 1353 kare, yüz %100  (1783 s)
  [690/3540] 2964_FullHDwebcam_before: 1352 kare, yüz %100  (1789 s)
  [691/3540] 2967_USBVideo_after: 1352 kare, yüz %100  (1791 s)
  [692/3540] 2967_FullHDwebcam_after: 1352 kare, yüz %100  (1793 s)
  [693/3540] 2967_IriunWebcam_after: 1353 kare, yüz %100  (1795 s)
  [694/3540] 2967_FullHDwebcam_before: 1352 kare, yüz %100  (1800 s)
  [695/3540] 2967_USBVideo_before: 1352 kare, yüz %100  (1801 s)
  [696/3540] 2967_IriunWebcam_before: 1353 kare, yüz %100  (1801 s)
  [697/3540] 2968_FullHDwebcam_after: 1352 kare, yüz %98  (1807 s)
  [698/3540] 2968_IriunWebcam_after: 1353 kare, yüz %97  (1807 s)
  [699/3540] 2968_USBVideo_after: 1352 kare, yüz %100  (1808 s)
  [700/3540] 2968_FullHDwebcam_before: 1352 kare, yüz %100  (1814 s)
  [701/3540] 2968_IriunWebcam_before: 1353 kare, yüz %100  (1815 s)
  [702/3540] 2968_USBVideo_before: 1352 kare, yüz %100  (1815 s)
  [703/3540] 3000_IriunWebcam_after: 1353 kare, yüz %100  (1822 s)
  [704/3540] 3000_FullHDwebcam_after: 1352 kare, yüz %100  (1823 s)
  [705/3540] 3000_USBVideo_after: 1352 kare, yüz %0  (1828 s)
  [706/3540] 3000_FullHDwebcam_before: 1352 kare, yüz %100  (1830 s)
  [707/3540] 3000_USBVideo_before: 1353 kare, yüz %7  (1832 s)
  [708/3540] 3000_IriunWebcam_before: 1353 kare, yüz %100  (1834 s)
  [709/3540] 3006_FullHDwebcam_after: 1352 kare, yüz %100  (1838 s)
  [710/3540] 3006_IriunWebcam_after: 1352 kare, yüz %100  (1841 s)
  [711/3540] 3006_USBVideo_after: 1353 kare, yüz %100  (1841 s)
  [712/3540] 3006_FullHDwebcam_before: 1352 kare, yüz %100  (1845 s)
  [713/3540] 3006_IriunWebcam_before: 1352 kare, yüz %100  (1847 s)
  [714/3540] 3006_USBVideo_before: 1352 kare, yüz %100  (1849 s)
  [715/3540] 3016_FullHDwebcam_after: 1352 kare, yüz %100  (1853 s)
  [716/3540] 3016_IriunWebcam_after: 1353 kare, yüz %86  (1856 s)
  [717/3540] 3016_USBVideo_after: 1352 kare, yüz %0  (1860 s)
  [718/3540] 3016_FullHDwebcam_before: 1352 kare, yüz %100  (1865 s)
  [719/3540] 3016_IriunWebcam_before: 1352 kare, yüz %97  (1867 s)
  [720/3540] 3016_USBVideo_before: 1353 kare, yüz %0  (1868 s)
  [721/3540] 3059_FullHDwebcam_after: 1352 kare, yüz %100  (1875 s)
  [722/3540] 3059_IriunWebcam_after: 1352 kare, yüz %100  (1876 s)
  [723/3540] 3059_USBVideo_after: 1352 kare, yüz %100  (1876 s)
  [724/3540] 3059_IriunWebcam_before: 1352 kare, yüz %100  (1884 s)
  [725/3540] 3059_USBVideo_before: 1352 kare, yüz %100  (1884 s)
  [726/3540] 3059_FullHDwebcam_before: 1352 kare, yüz %100  (1886 s)
  [727/3540] 3066_FullHDwebcam_after: 1352 kare, yüz %100  (1894 s)
  [728/3540] 3066_IriunWebcam_after: 1351 kare, yüz %100  (1894 s)
  [729/3540] 3066_USBVideo_after: 1352 kare, yüz %0  (1895 s)
  [730/3540] 3066_IriunWebcam_before: 1353 kare, yüz %100  (1903 s)
  [731/3540] 3066_FullHDwebcam_before: 1352 kare, yüz %100  (1904 s)
  [732/3540] 3066_USBVideo_before: 1352 kare, yüz %0  (1906 s)
  [733/3540] 3077_FullHDwebcam_after: 1352 kare, yüz %100  (1911 s)
  [734/3540] 3077_USBVideo_after: 1352 kare, yüz %52  (1912 s)
  [735/3540] 3077_IriunWebcam_after: 1353 kare, yüz %100  (1913 s)
  [736/3540] 3077_FullHDwebcam_before: 1352 kare, yüz %100  (1920 s)
  [737/3540] 3077_IriunWebcam_before: 1353 kare, yüz %100  (1920 s)
  [738/3540] 3077_USBVideo_before: 1352 kare, yüz %24  (1922 s)
  [739/3540] 3096_IriunWebcam_after: 1353 kare, yüz %97  (1928 s)
  [740/3540] 3096_FullHDwebcam_after: 1352 kare, yüz %76  (1929 s)
  [741/3540] 3096_USBVideo_after: 1352 kare, yüz %4  (1930 s)
  [742/3540] 3096_FullHDwebcam_before: 1352 kare, yüz %100  (1940 s)
  [743/3540] 3096_USBVideo_before: 1353 kare, yüz %9  (1940 s)
  [744/3540] 3096_IriunWebcam_before: 1353 kare, yüz %86  (1940 s)
  [745/3540] 3133_IriunWebcam_after: 1353 kare, yüz %100  (1946 s)
  [746/3540] 3133_USBVideo_after: 1352 kare, yüz %100  (1948 s)
  [747/3540] 3133_FullHDwebcam_after: 1352 kare, yüz %100  (1949 s)
  [748/3540] 3133_IriunWebcam_before: 1353 kare, yüz %97  (1955 s)
  [749/3540] 3133_FullHDwebcam_before: 1352 kare, yüz %100  (1956 s)
  [750/3540] 3133_USBVideo_before: 1352 kare, yüz %84  (1956 s)
  [751/3540] 3142_IriunWebcam_after: 1353 kare, yüz %100  (1962 s)
  [752/3540] 3142_USBVideo_after: 1352 kare, yüz %100  (1964 s)
  [753/3540] 3142_FullHDwebcam_after: 1352 kare, yüz %100  (1965 s)
  [754/3540] 3142_FullHDwebcam_before: 1352 kare, yüz %100  (1972 s)
  [755/3540] 3142_USBVideo_before: 1352 kare, yüz %100  (1973 s)
  [756/3540] 3142_IriunWebcam_before: 1351 kare, yüz %100  (1973 s)
  [757/3540] 3150_IriunWebcam_after: 1353 kare, yüz %100  (1980 s)
  [758/3540] 3150_USBVideo_after: 1352 kare, yüz %100  (1982 s)
  [759/3540] 3150_FullHDwebcam_after: 1352 kare, yüz %100  (1983 s)
  [760/3540] 3150_FullHDwebcam_before: 1352 kare, yüz %100  (1991 s)
  [761/3540] 3150_USBVideo_before: 1353 kare, yüz %100  (1991 s)
  [762/3540] 3150_IriunWebcam_before: 1353 kare, yüz %100  (1993 s)
  [763/3540] 3153_IriunWebcam_after: 1352 kare, yüz %100  (1999 s)
  [764/3540] 3153_USBVideo_after: 1352 kare, yüz %100  (2000 s)
  [765/3540] 3153_FullHDwebcam_after: 1352 kare, yüz %100  (2001 s)
  [766/3540] 3153_IriunWebcam_before: 1353 kare, yüz %100  (2007 s)
  [767/3540] 3153_USBVideo_before: 1352 kare, yüz %100  (2008 s)
  [768/3540] 3153_FullHDwebcam_before: 1352 kare, yüz %100  (2009 s)
  [769/3540] 3155_USBVideo_after: 1352 kare, yüz %100  (2015 s)
  [770/3540] 3155_IriunWebcam_after: 1353 kare, yüz %100  (2015 s)
  [771/3540] 3155_FullHDwebcam_after: 1352 kare, yüz %100  (2016 s)
  [772/3540] 3155_IriunWebcam_before: 1352 kare, yüz %100  (2022 s)
  [773/3540] 3155_USBVideo_before: 1352 kare, yüz %100  (2023 s)
  [774/3540] 3155_FullHDwebcam_before: 1352 kare, yüz %100  (2024 s)
  [775/3540] 3180_IriunWebcam_after: 1352 kare, yüz %100  (2031 s)
  [776/3540] 3180_USBVideo_after: 1352 kare, yüz %100  (2032 s)
  [777/3540] 3180_FullHDwebcam_after: 1352 kare, yüz %100  (2032 s)
  [778/3540] 3180_IriunWebcam_before: 1353 kare, yüz %100  (2038 s)
  [779/3540] 3180_USBVideo_before: 1352 kare, yüz %98  (2040 s)
  [780/3540] 3180_FullHDwebcam_before: 1352 kare, yüz %100  (2043 s)
  [781/3540] 3192_FullHDwebcam_after: 1352 kare, yüz %100  (2048 s)
  [782/3540] 3192_USBVideo_after: 1352 kare, yüz %52  (2049 s)
  [783/3540] 3192_IriunWebcam_after: 1352 kare, yüz %100  (2049 s)
  [784/3540] 3192_IriunWebcam_before: 1351 kare, yüz %100  (2056 s)
  [785/3540] 3192_FullHDwebcam_before: 1352 kare, yüz %100  (2057 s)
  [786/3540] 3192_USBVideo_before: 1352 kare, yüz %100  (2058 s)
  [787/3540] 3194_IriunWebcam_after: 1353 kare, yüz %100  (2064 s)
  [788/3540] 3194_FullHDwebcam_after: 1352 kare, yüz %100  (2065 s)
  [789/3540] 3194_USBVideo_after: 1352 kare, yüz %100  (2066 s)
  [790/3540] 3194_IriunWebcam_before: 1352 kare, yüz %100  (2071 s)
  [791/3540] 3194_USBVideo_before: 1352 kare, yüz %100  (2072 s)
  [792/3540] 3194_FullHDwebcam_before: 1352 kare, yüz %100  (2072 s)
  [793/3540] 3196_IriunWebcam_after: 1353 kare, yüz %100  (2080 s)
  [794/3540] 3196_USBVideo_after: 1352 kare, yüz %100  (2081 s)
  [795/3540] 3196_FullHDwebcam_after: 1352 kare, yüz %100  (2081 s)
  [796/3540] 3196_IriunWebcam_before: 1352 kare, yüz %100  (2089 s)
  [797/3540] 3196_USBVideo_before: 1353 kare, yüz %100  (2090 s)
  [798/3540] 3196_FullHDwebcam_before: 1352 kare, yüz %100  (2090 s)
  [799/3540] 3220_IriunWebcam_after: 1353 kare, yüz %92  (2098 s)
  [800/3540] 3220_FullHDwebcam_after: 1352 kare, yüz %100  (2099 s)
  [801/3540] 3220_USBVideo_after: 1351 kare, yüz %0  (2104 s)
  [802/3540] 3220_FullHDwebcam_before: 1352 kare, yüz %100  (2108 s)
  [803/3540] 3220_IriunWebcam_before: 1352 kare, yüz %64  (2113 s)
  [804/3540] 3220_USBVideo_before: 1352 kare, yüz %7  (2113 s)
  [805/3540] 3232_FullHDwebcam_after: 1352 kare, yüz %100  (2115 s)
  [806/3540] 3232_IriunWebcam_after: 1353 kare, yüz %100  (2118 s)
  [807/3540] 3232_USBVideo_after: 1352 kare, yüz %89  (2120 s)
  [808/3540] 3232_FullHDwebcam_before: 1352 kare, yüz %100  (2122 s)
  [809/3540] 3232_IriunWebcam_before: 1353 kare, yüz %100  (2125 s)
  [810/3540] 3232_USBVideo_before: 1352 kare, yüz %100  (2125 s)
  [811/3540] 3235_FullHDwebcam_after: 1352 kare, yüz %100  (2128 s)
  [812/3540] 3235_IriunWebcam_after: 1353 kare, yüz %100  (2132 s)
  [813/3540] 3235_USBVideo_after: 1352 kare, yüz %100  (2133 s)
  [814/3540] 3235_FullHDwebcam_before: 1352 kare, yüz %100  (2135 s)
  [815/3540] 3235_IriunWebcam_before: 1352 kare, yüz %100  (2139 s)
  [816/3540] 3235_USBVideo_before: 1352 kare, yüz %100  (2140 s)
  [817/3540] 3245_FullHDwebcam_after: 1352 kare, yüz %100  (2147 s)
  [818/3540] 3245_IriunWebcam_after: 1352 kare, yüz %100  (2148 s)
  [819/3540] 3245_USBVideo_after: 1352 kare, yüz %100  (2149 s)
  [820/3540] 3245_IriunWebcam_before: 1352 kare, yüz %100  (2156 s)
  [821/3540] 3245_USBVideo_before: 1352 kare, yüz %100  (2157 s)
  [822/3540] 3245_FullHDwebcam_before: 1352 kare, yüz %100  (2158 s)
  [823/3540] 3254_FullHDwebcam_after: 1352 kare, yüz %100  (2165 s)
  [824/3540] 3254_IriunWebcam_after: 1352 kare, yüz %100  (2165 s)
  [825/3540] 3254_USBVideo_after: 1353 kare, yüz %57  (2166 s)
  [826/3540] 3254_FullHDwebcam_before: 1352 kare, yüz %100  (2172 s)
  [827/3540] 3254_USBVideo_before: 1352 kare, yüz %35  (2173 s)
  [828/3540] 3254_IriunWebcam_before: 1353 kare, yüz %100  (2173 s)
  [829/3540] 3315_FullHDwebcam_after: 1352 kare, yüz %100  (2181 s)
  [830/3540] 3315_IriunWebcam_after: 1353 kare, yüz %100  (2181 s)
  [831/3540] 3315_USBVideo_after: 1352 kare, yüz %0  (2184 s)
  [832/3540] 3315_FullHDwebcam_before: 1352 kare, yüz %100  (2189 s)
  [833/3540] 3315_USBVideo_before: 1352 kare, yüz %37  (2190 s)
  [834/3540] 3315_IriunWebcam_before: 1352 kare, yüz %100  (2191 s)
  [835/3540] 3326_IriunWebcam_after: 1353 kare, yüz %100  (2197 s)
  [836/3540] 3326_USBVideo_after: 1352 kare, yüz %100  (2198 s)
  [837/3540] 3326_FullHDwebcam_after: 1352 kare, yüz %100  (2199 s)
  [838/3540] 3326_USBVideo_before: 1352 kare, yüz %100  (2206 s)
  [839/3540] 3326_IriunWebcam_before: 1353 kare, yüz %100  (2206 s)
  [840/3540] 3326_FullHDwebcam_before: 1352 kare, yüz %100  (2207 s)
  [841/3540] 3342_IriunWebcam_after: 1353 kare, yüz %100  (2214 s)
  [842/3540] 3342_USBVideo_after: 1352 kare, yüz %100  (2214 s)
  [843/3540] 3342_FullHDwebcam_after: 1352 kare, yüz %100  (2217 s)
  [844/3540] 3342_USBVideo_before: 1352 kare, yüz %100  (2221 s)
  [845/3540] 3342_FullHDwebcam_before: 1352 kare, yüz %100  (2222 s)
  [846/3540] 3342_IriunWebcam_before: 1352 kare, yüz %100  (2223 s)
  [847/3540] 3345_FullHDwebcam_after: 1352 kare, yüz %100  (2229 s)
  [848/3540] 3345_IriunWebcam_after: 1352 kare, yüz %100  (2230 s)
  [849/3540] 3345_USBVideo_after: 1352 kare, yüz %0  (2233 s)
  [850/3540] 3345_FullHDwebcam_before: 1352 kare, yüz %100  (2240 s)
  [851/3540] 3345_IriunWebcam_before: 1353 kare, yüz %100  (2241 s)
  [852/3540] 3345_USBVideo_before: 1352 kare, yüz %0  (2243 s)
  [853/3540] 3348_FullHDwebcam_after: 1352 kare, yüz %100  (2247 s)
  [854/3540] 3348_IriunWebcam_after: 1352 kare, yüz %100  (2249 s)
  [855/3540] 3348_USBVideo_after: 1352 kare, yüz %0  (2252 s)
  [856/3540] 3348_FullHDwebcam_before: 1352 kare, yüz %100  (2257 s)
  [857/3540] 3348_IriunWebcam_before: 1352 kare, yüz %100  (2260 s)
  [858/3540] 3348_USBVideo_before: 1352 kare, yüz %0  (2261 s)
  [859/3540] 3351_FullHDwebcam_after: 1352 kare, yüz %100  (2266 s)
  [860/3540] 3351_USBVideo_after: 1352 kare, yüz %100  (2268 s)
  [861/3540] 3351_IriunWebcam_after: 1353 kare, yüz %100  (2268 s)
  [862/3540] 3351_FullHDwebcam_before: 1352 kare, yüz %100  (2274 s)
  [863/3540] 3351_IriunWebcam_before: 1353 kare, yüz %100  (2274 s)
  [864/3540] 3351_USBVideo_before: 1353 kare, yüz %100  (2275 s)
  [865/3540] 3363_IriunWebcam_after: 1353 kare, yüz %100  (2281 s)
  [866/3540] 3363_FullHDwebcam_after: 1352 kare, yüz %100  (2283 s)
  [867/3540] 3363_USBVideo_after: 1353 kare, yüz %2  (2284 s)
  [868/3540] 3363_FullHDwebcam_before: 1352 kare, yüz %100  (2288 s)
  [869/3540] 3363_IriunWebcam_before: 1351 kare, yüz %100  (2291 s)
  [870/3540] 3363_USBVideo_before: 1352 kare, yüz %0  (2292 s)
  [871/3540] 3364_FullHDwebcam_after: 1352 kare, yüz %98  (2297 s)
  [872/3540] 3364_IriunWebcam_after: 1353 kare, yüz %100  (2300 s)
  [873/3540] 3364_USBVideo_after: 1352 kare, yüz %16  (2300 s)
  [874/3540] 3364_FullHDwebcam_before: 1352 kare, yüz %98  (2306 s)
  [875/3540] 3364_IriunWebcam_before: 1353 kare, yüz %100  (2309 s)
  [876/3540] 3364_USBVideo_before: 1352 kare, yüz %2  (2310 s)
  [877/3540] 3375_FullHDwebcam_after: 1352 kare, yüz %100  (2317 s)
  [878/3540] 3375_USBVideo_after: 1352 kare, yüz %100  (2317 s)
  [879/3540] 3375_IriunWebcam_after: 1352 kare, yüz %100  (2317 s)
  [880/3540] 3375_IriunWebcam_before: 1352 kare, yüz %100  (2324 s)
  [881/3540] 3375_USBVideo_before: 1353 kare, yüz %100  (2325 s)
  [882/3540] 3375_FullHDwebcam_before: 1352 kare, yüz %100  (2328 s)
  [883/3540] 3385_FullHDwebcam_after: 1352 kare, yüz %100  (2333 s)
  [884/3540] 3385_IriunWebcam_after: 1353 kare, yüz %100  (2334 s)
  [885/3540] 3385_USBVideo_after: 1352 kare, yüz %0  (2337 s)
  [886/3540] 3385_FullHDwebcam_before: 1352 kare, yüz %100  (2341 s)
  [887/3540] 3385_USBVideo_before: 1352 kare, yüz %16  (2342 s)
  [888/3540] 3385_IriunWebcam_before: 1353 kare, yüz %100  (2343 s)
  [889/3540] 3394_FullHDwebcam_after: 1352 kare, yüz %100  (2348 s)
  [890/3540] 3394_IriunWebcam_after: 1352 kare, yüz %100  (2349 s)
  [891/3540] 3394_USBVideo_after: 1352 kare, yüz %50  (2350 s)
  [892/3540] 3394_FullHDwebcam_before: 1352 kare, yüz %100  (2355 s)
  [893/3540] 3394_IriunWebcam_before: 1353 kare, yüz %100  (2357 s)
  [894/3540] 3394_USBVideo_before: 1352 kare, yüz %83  (2358 s)
  [895/3540] 3401_FullHDwebcam_after: 1352 kare, yüz %100  (2362 s)
  [896/3540] 3401_IriunWebcam_after: 1353 kare, yüz %100  (2365 s)
  [897/3540] 3401_USBVideo_after: 1352 kare, yüz %100  (2365 s)
  [898/3540] 3401_FullHDwebcam_before: 1352 kare, yüz %100  (2369 s)
  [899/3540] 3401_IriunWebcam_before: 1353 kare, yüz %100  (2372 s)
  [900/3540] 3401_USBVideo_before: 1352 kare, yüz %100  (2373 s)
  [901/3540] 3406_FullHDwebcam_after: 1352 kare, yüz %100  (2376 s)
  [902/3540] 3406_IriunWebcam_after: 1353 kare, yüz %100  (2380 s)
  [903/3540] 3406_USBVideo_after: 1352 kare, yüz %96  (2381 s)
  [904/3540] 3406_FullHDwebcam_before: 1352 kare, yüz %100  (2382 s)
  [905/3540] 3406_IriunWebcam_before: 1352 kare, yüz %100  (2387 s)
  [906/3540] 3406_USBVideo_before: 1352 kare, yüz %100  (2388 s)
  [907/3540] 3418_FullHDwebcam_after: 1352 kare, yüz %100  (2393 s)
  [908/3540] 3418_IriunWebcam_after: 1353 kare, yüz %100  (2395 s)
  [909/3540] 3418_USBVideo_after: 1352 kare, yüz %100  (2396 s)
  [910/3540] 3418_IriunWebcam_before: 1351 kare, yüz %100  (2403 s)
  [911/3540] 3418_USBVideo_before: 1352 kare, yüz %100  (2404 s)
  [912/3540] 3418_FullHDwebcam_before: 1352 kare, yüz %100  (2404 s)
  [913/3540] 3420_USBVideo_after: 1352 kare, yüz %100  (2410 s)
  [914/3540] 3420_IriunWebcam_after: 1353 kare, yüz %100  (2411 s)
  [915/3540] 3420_FullHDwebcam_after: 1352 kare, yüz %100  (2413 s)
  [916/3540] 3420_USBVideo_before: 1352 kare, yüz %100  (2419 s)
  [917/3540] 3420_FullHDwebcam_before: 1352 kare, yüz %100  (2420 s)
  [918/3540] 3420_IriunWebcam_before: 1353 kare, yüz %100  (2420 s)
  [919/3540] 3448_FullHDwebcam_after: 1352 kare, yüz %100  (2428 s)
  [920/3540] 3448_IriunWebcam_after: 1352 kare, yüz %97  (2429 s)
  [921/3540] 3448_USBVideo_after: 1352 kare, yüz %0  (2432 s)
  [922/3540] 3448_FullHDwebcam_before: 1352 kare, yüz %100  (2434 s)
  [923/3540] 3448_IriunWebcam_before: 1353 kare, yüz %100  (2439 s)
  [924/3540] 3465_FullHDwebcam_after: 1352 kare, yüz %100  (2444 s)
  [925/3540] 3465_USBVideo_after: 1352 kare, yüz %100  (2447 s)
  [926/3540] 3448_USBVideo_before: 1352 kare, yüz %85  (2447 s)
  [927/3540] 3465_IriunWebcam_after: 1353 kare, yüz %100  (2449 s)
  [928/3540] 3465_USBVideo_before: 1352 kare, yüz %100  (2455 s)
  [929/3540] 3465_IriunWebcam_before: 1352 kare, yüz %100  (2456 s)
  [930/3540] 3465_FullHDwebcam_before: 1352 kare, yüz %100  (2457 s)
  [931/3540] 3494_IriunWebcam_after: 1352 kare, yüz %97  (2463 s)
  [932/3540] 3494_FullHDwebcam_after: 1352 kare, yüz %100  (2463 s)
  [933/3540] 3494_USBVideo_after: 1352 kare, yüz %0  (2468 s)
  [934/3540] 3494_FullHDwebcam_before: 1352 kare, yüz %100  (2472 s)
  [935/3540] 3494_IriunWebcam_before: 1352 kare, yüz %100  (2475 s)
  [936/3540] 3494_USBVideo_before: 1352 kare, yüz %0  (2475 s)
  [937/3540] 3508_FullHDwebcam_after: 1352 kare, yüz %100  (2480 s)
  [938/3540] 3508_IriunWebcam_after: 1353 kare, yüz %100  (2482 s)
  [939/3540] 3508_USBVideo_after: 1352 kare, yüz %53  (2484 s)
  [940/3540] 3508_FullHDwebcam_before: 1352 kare, yüz %100  (2490 s)
  [941/3540] 3508_IriunWebcam_before: 1353 kare, yüz %100  (2492 s)
  [942/3540] 3508_USBVideo_before: 1352 kare, yüz %0  (2496 s)
  [943/3540] 3520_USBVideo_after: 1352 kare, yüz %100  (2499 s)
  [944/3540] 3520_FullHDwebcam_after: 1352 kare, yüz %100  (2501 s)
  [945/3540] 3520_IriunWebcam_after: 1352 kare, yüz %100  (2502 s)
  [946/3540] 3520_USBVideo_before: 1352 kare, yüz %100  (2508 s)
  [947/3540] 3520_IriunWebcam_before: 1353 kare, yüz %100  (2508 s)
  [948/3540] 3520_FullHDwebcam_before: 1352 kare, yüz %100  (2509 s)
  [949/3540] 3523_FullHDwebcam_after: 1352 kare, yüz %100  (2515 s)
  [950/3540] 3523_IriunWebcam_after: 1352 kare, yüz %100  (2516 s)
  [951/3540] 3523_USBVideo_after: 1352 kare, yüz %13  (2516 s)
  [952/3540] 3523_IriunWebcam_before: 1353 kare, yüz %100  (2524 s)
  [953/3540] 3523_FullHDwebcam_before: 1352 kare, yüz %100  (2526 s)
  [954/3540] 3523_USBVideo_before: 1352 kare, yüz %93  (2527 s)
  [955/3540] 3524_FullHDwebcam_after: 1352 kare, yüz %100  (2533 s)
  [956/3540] 3524_IriunWebcam_after: 1352 kare, yüz %100  (2534 s)
  [957/3540] 3524_USBVideo_after: 1353 kare, yüz %2  (2538 s)
  [958/3540] 3524_FullHDwebcam_before: 1352 kare, yüz %100  (2543 s)
  [959/3540] 3524_IriunWebcam_before: 1353 kare, yüz %100  (2545 s)
  [960/3540] 3524_USBVideo_before: 1353 kare, yüz %0  (2545 s)
  [961/3540] 3526_FullHDwebcam_after: 1352 kare, yüz %100  (2552 s)
  [962/3540] 3526_IriunWebcam_after: 1352 kare, yüz %100  (2553 s)
  [963/3540] 3526_USBVideo_after: 1352 kare, yüz %0  (2555 s)
  [964/3540] 3526_FullHDwebcam_before: 1352 kare, yüz %100  (2560 s)
  [965/3540] 3526_IriunWebcam_before: 1353 kare, yüz %100  (2562 s)
  [966/3540] 3526_USBVideo_before: 1352 kare, yüz %0  (2563 s)
  [967/3540] 3529_IriunWebcam_after: 1353 kare, yüz %100  (2570 s)
  [968/3540] 3529_FullHDwebcam_after: 1352 kare, yüz %100  (2570 s)
  [969/3540] 3529_USBVideo_after: 1352 kare, yüz %52  (2572 s)
  [970/3540] 3529_IriunWebcam_before: 1352 kare, yüz %100  (2579 s)
  [971/3540] 3529_USBVideo_before: 1352 kare, yüz %100  (2579 s)
  [972/3540] 3529_FullHDwebcam_before: 1352 kare, yüz %100  (2581 s)
  [973/3540] 3533_USBVideo_after: 1352 kare, yüz %100  (2587 s)
  [974/3540] 3533_IriunWebcam_after: 1352 kare, yüz %100  (2588 s)
  [975/3540] 3533_FullHDwebcam_after: 1352 kare, yüz %100  (2588 s)
  [976/3540] 3533_IriunWebcam_before: 1352 kare, yüz %100  (2595 s)
  [977/3540] 3533_FullHDwebcam_before: 1352 kare, yüz %100  (2597 s)
  [978/3540] 3533_USBVideo_before: 1352 kare, yüz %100  (2597 s)
  [979/3540] 3554_FullHDwebcam_after: 1352 kare, yüz %100  (2604 s)
  [980/3540] 3554_IriunWebcam_after: 1351 kare, yüz %100  (2604 s)
  [981/3540] 3554_USBVideo_after: 1353 kare, yüz %100  (2604 s)
  [982/3540] 3554_IriunWebcam_before: 1352 kare, yüz %100  (2611 s)
  [983/3540] 3554_FullHDwebcam_before: 1352 kare, yüz %100  (2611 s)
  [984/3540] 3554_USBVideo_before: 1352 kare, yüz %100  (2612 s)
  [985/3540] 3557_FullHDwebcam_after: 1352 kare, yüz %100  (2617 s)
  [986/3540] 3557_IriunWebcam_after: 1353 kare, yüz %100  (2617 s)
  [987/3540] 3557_USBVideo_after: 1352 kare, yüz %20  (2620 s)
  [988/3540] 3557_FullHDwebcam_before: 1352 kare, yüz %98  (2624 s)
  [989/3540] 3557_IriunWebcam_before: 1353 kare, yüz %97  (2626 s)
  [990/3540] 3557_USBVideo_before: 1352 kare, yüz %0  (2628 s)
  [991/3540] 3571_FullHDwebcam_after: 1352 kare, yüz %100  (2633 s)
  [992/3540] 3571_IriunWebcam_after: 1352 kare, yüz %8  (2635 s)
  [993/3540] 3571_USBVideo_after: 1352 kare, yüz %0  (2638 s)
  [994/3540] 3571_FullHDwebcam_before: 1352 kare, yüz %100  (2641 s)
  [995/3540] 3571_USBVideo_before: 1352 kare, yüz %0  (2645 s)
  [996/3540] 3571_IriunWebcam_before: 1353 kare, yüz %0  (2649 s)
  [997/3540] 3581_FullHDwebcam_after: 1352 kare, yüz %100  (2652 s)
  [998/3540] 3581_USBVideo_after: 1352 kare, yüz %100  (2654 s)
  [999/3540] 3581_IriunWebcam_after: 1352 kare, yüz %100  (2655 s)
  [1000/3540] 3581_IriunWebcam_before: 1353 kare, yüz %100  (2662 s)
  [1001/3540] 3581_USBVideo_before: 1352 kare, yüz %100  (2662 s)
  [1002/3540] 3581_FullHDwebcam_before: 1352 kare, yüz %100  (2663 s)
  [1003/3540] 3593_IriunWebcam_after: 1353 kare, yüz %100  (2670 s)
  [1004/3540] 3593_FullHDwebcam_after: 1352 kare, yüz %100  (2672 s)
  [1005/3540] 3593_USBVideo_after: 1352 kare, yüz %0  (2674 s)
  [1006/3540] 3593_FullHDwebcam_before: 1352 kare, yüz %100  (2677 s)
  [1007/3540] 3593_IriunWebcam_before: 1352 kare, yüz %100  (2681 s)
  [1008/3540] 3593_USBVideo_before: 1352 kare, yüz %0  (2683 s)
  [1009/3540] 3600_FullHDwebcam_after: 1352 kare, yüz %100  (2687 s)
  [1010/3540] 3600_IriunWebcam_after: 1352 kare, yüz %100  (2689 s)
  [1011/3540] 3600_USBVideo_after: 1353 kare, yüz %100  (2690 s)
  [1012/3540] 3600_FullHDwebcam_before: 1352 kare, yüz %100  (2699 s)
  [1013/3540] 3600_USBVideo_before: 1352 kare, yüz %100  (2699 s)
  [1014/3540] 3600_IriunWebcam_before: 1352 kare, yüz %100  (2699 s)
  [1015/3540] 3625_IriunWebcam_after: 1353 kare, yüz %100  (2705 s)
  [1016/3540] 3625_FullHDwebcam_after: 1352 kare, yüz %100  (2708 s)
  [1017/3540] 3625_USBVideo_after: 1353 kare, yüz %98  (2709 s)
  [1018/3540] 3625_FullHDwebcam_before: 1352 kare, yüz %100  (2715 s)
  [1019/3540] 3625_IriunWebcam_before: 1352 kare, yüz %100  (2717 s)
  [1020/3540] 3625_USBVideo_before: 1352 kare, yüz %0  (2719 s)
  [1021/3540] 3636_FullHDwebcam_after: 1352 kare, yüz %100  (2725 s)
  [1022/3540] 3636_USBVideo_after: 1352 kare, yüz %100  (2726 s)
  [1023/3540] 3636_IriunWebcam_after: 1353 kare, yüz %100  (2726 s)
  [1024/3540] 3636_IriunWebcam_before: 1352 kare, yüz %100  (2731 s)
  [1025/3540] 3636_USBVideo_before: 1352 kare, yüz %100  (2733 s)
  [1026/3540] 3636_FullHDwebcam_before: 1352 kare, yüz %100  (2737 s)
  [1027/3540] 3656_FullHDwebcam_after: 1352 kare, yüz %100  (2741 s)
  [1028/3540] 3656_USBVideo_after: 1352 kare, yüz %100  (2741 s)
  [1029/3540] 3656_IriunWebcam_after: 1353 kare, yüz %100  (2743 s)
  [1030/3540] 3656_FullHDwebcam_before: 1352 kare, yüz %100  (2750 s)
  [1031/3540] 3656_IriunWebcam_before: 1352 kare, yüz %100  (2750 s)
  [1032/3540] 3656_USBVideo_before: 1352 kare, yüz %100  (2751 s)
  [1033/3540] 3658_FullHDwebcam_after: 1352 kare, yüz %100  (2758 s)
  [1034/3540] 3658_IriunWebcam_after: 1352 kare, yüz %100  (2759 s)
  [1035/3540] 3658_USBVideo_after: 1352 kare, yüz %100  (2760 s)
  [1036/3540] 3658_USBVideo_before: 1352 kare, yüz %100  (2767 s)
  [1037/3540] 3658_FullHDwebcam_before: 1352 kare, yüz %100  (2767 s)
  [1038/3540] 3658_IriunWebcam_before: 1353 kare, yüz %100  (2768 s)
  [1039/3540] 3682_IriunWebcam_after: 1353 kare, yüz %28  (2775 s)
  [1040/3540] 3682_USBVideo_after: 1353 kare, yüz %38  (2776 s)
  [1041/3540] 3682_FullHDwebcam_after: 1352 kare, yüz %100  (2776 s)
  [1042/3540] 3682_FullHDwebcam_before: 1352 kare, yüz %100  (2784 s)
  [1043/3540] 3682_USBVideo_before: 1352 kare, yüz %84  (2784 s)
  [1044/3540] 3682_IriunWebcam_before: 1353 kare, yüz %0  (2785 s)
  [1045/3540] 3683_USBVideo_after: 1352 kare, yüz %100  (2791 s)
  [1046/3540] 3683_IriunWebcam_after: 1352 kare, yüz %100  (2791 s)
  [1047/3540] 3683_FullHDwebcam_before: 1352 kare, yüz %100  (2796 s)
  [1048/3540] 3683_USBVideo_before: 1352 kare, yüz %100  (2799 s)
  [1049/3540] 3683_IriunWebcam_before: 1352 kare, yüz %100  (2803 s)
  [1050/3540] 3683_FullHDwebcam_after: 1352 kare, yüz %100  (2803 s)
  [1051/3540] 3699_FullHDwebcam_after: 1352 kare, yüz %100  (2808 s)
  [1052/3540] 3699_IriunWebcam_after: 1353 kare, yüz %100  (2812 s)
  [1053/3540] 3699_USBVideo_after: 1352 kare, yüz %0  (2814 s)
  [1054/3540] 3699_FullHDwebcam_before: 1352 kare, yüz %100  (2817 s)
  [1055/3540] 3699_IriunWebcam_before: 1353 kare, yüz %100  (2822 s)
  [1056/3540] 3699_USBVideo_before: 1352 kare, yüz %0  (2823 s)
  [1057/3540] 3700_FullHDwebcam_after: 1352 kare, yüz %100  (2827 s)
  [1058/3540] 3700_IriunWebcam_after: 1352 kare, yüz %100  (2829 s)
  [1059/3540] 3700_USBVideo_after: 1352 kare, yüz %100  (2830 s)
  [1060/3540] 3700_IriunWebcam_before: 1352 kare, yüz %100  (2836 s)
  [1061/3540] 3700_USBVideo_before: 1352 kare, yüz %100  (2836 s)
  [1062/3540] 3700_FullHDwebcam_before: 1352 kare, yüz %100  (2837 s)
  [1063/3540] 3701_IriunWebcam_after: 1353 kare, yüz %100  (2842 s)
  [1064/3540] 3701_FullHDwebcam_after: 1352 kare, yüz %100  (2843 s)
  [1065/3540] 3701_USBVideo_after: 1353 kare, yüz %100  (2844 s)
  [1066/3540] 3701_FullHDwebcam_before: 1352 kare, yüz %100  (2849 s)
  [1067/3540] 3701_IriunWebcam_before: 1353 kare, yüz %100  (2850 s)
  [1068/3540] 3701_USBVideo_before: 1353 kare, yüz %100  (2851 s)
  [1069/3540] 3732_FullHDwebcam_after: 1352 kare, yüz %100  (2859 s)
  [1070/3540] 3732_IriunWebcam_after: 1353 kare, yüz %100  (2859 s)
  [1071/3540] 3732_USBVideo_after: 1353 kare, yüz %89  (2861 s)
  [1072/3540] 3732_FullHDwebcam_before: 1352 kare, yüz %100  (2870 s)
  [1073/3540] 3732_IriunWebcam_before: 1352 kare, yüz %100  (2870 s)
  [1074/3540] 3732_USBVideo_before: 1352 kare, yüz %78  (2872 s)
  [1075/3540] 3735_FullHDwebcam_after: 1352 kare, yüz %100  (2878 s)
  [1076/3540] 3735_IriunWebcam_after: 1353 kare, yüz %100  (2879 s)
  [1077/3540] 3735_USBVideo_after: 1352 kare, yüz %0  (2882 s)
  [1078/3540] 3735_FullHDwebcam_before: 1352 kare, yüz %100  (2886 s)
  [1079/3540] 3735_IriunWebcam_before: 1353 kare, yüz %100  (2888 s)
  [1080/3540] 3735_USBVideo_before: 1352 kare, yüz %0  (2889 s)
  [1081/3540] 3738_FullHDwebcam_after: 1352 kare, yüz %100  (2894 s)
  [1082/3540] 3738_USBVideo_after: 1353 kare, yüz %100  (2895 s)
  [1083/3540] 3738_IriunWebcam_after: 1353 kare, yüz %100  (2896 s)
  [1084/3540] 3738_FullHDwebcam_before: 1352 kare, yüz %100  (2902 s)
  [1085/3540] 3738_IriunWebcam_before: 1352 kare, yüz %100  (2903 s)
  [1086/3540] 3738_USBVideo_before: 1352 kare, yüz %100  (2903 s)
  [1087/3540] 3754_IriunWebcam_after: 1353 kare, yüz %100  (2911 s)
  [1088/3540] 3754_USBVideo_after: 1352 kare, yüz %100  (2912 s)
  [1089/3540] 3754_FullHDwebcam_after: 1352 kare, yüz %100  (2912 s)
  [1090/3540] 3754_IriunWebcam_before: 1353 kare, yüz %100  (2920 s)
  [1091/3540] 3754_USBVideo_before: 1352 kare, yüz %100  (2920 s)
  [1092/3540] 3754_FullHDwebcam_before: 1352 kare, yüz %100  (2921 s)
  [1093/3540] 3763_IriunWebcam_after: 1352 kare, yüz %97  (2929 s)
  [1094/3540] 3763_FullHDwebcam_after: 1352 kare, yüz %100  (2930 s)
  [1095/3540] 3763_USBVideo_after: 1353 kare, yüz %0  (2931 s)
  [1096/3540] 3763_FullHDwebcam_before: 1352 kare, yüz %100  (2937 s)
  [1097/3540] 3763_USBVideo_before: 1352 kare, yüz %67  (2937 s)
  [1098/3540] 3763_IriunWebcam_before: 1352 kare, yüz %100  (2938 s)
  [1099/3540] 3778_USBVideo_after: 1352 kare, yüz %89  (2945 s)
  [1100/3540] 3778_IriunWebcam_after: 1352 kare, yüz %100  (2945 s)
  [1101/3540] 3778_FullHDwebcam_after: 1352 kare, yüz %100  (2946 s)
  [1102/3540] 3778_USBVideo_before: 1352 kare, yüz %100  (2952 s)
  [1103/3540] 3778_IriunWebcam_before: 1353 kare, yüz %100  (2953 s)
  [1104/3540] 3778_FullHDwebcam_before: 1352 kare, yüz %100  (2955 s)
  [1105/3540] 3780_FullHDwebcam_after: 1352 kare, yüz %100  (2958 s)
  [1106/3540] 3780_USBVideo_after: 1352 kare, yüz %100  (2960 s)
  [1107/3540] 3780_IriunWebcam_after: 1352 kare, yüz %100  (2961 s)
  [1108/3540] 3780_FullHDwebcam_before: 1352 kare, yüz %100  (2966 s)
  [1109/3540] 3780_IriunWebcam_before: 1353 kare, yüz %100  (2968 s)
  [1110/3540] 3780_USBVideo_before: 1352 kare, yüz %100  (2968 s)
  [1111/3540] 3783_FullHDwebcam_after: 1352 kare, yüz %100  (2974 s)
  [1112/3540] 3783_IriunWebcam_after: 1353 kare, yüz %100  (2976 s)
  [1113/3540] 3783_FullHDwebcam_before: 1352 kare, yüz %98  (2981 s)
  [1114/3540] 3783_USBVideo_after: 1352 kare, yüz %4  (2981 s)
  [1115/3540] 3783_IriunWebcam_before: 1353 kare, yüz %95  (2989 s)
  [1116/3540] 3783_USBVideo_before: 1352 kare, yüz %20  (2989 s)
  [1117/3540] 3784_FullHDwebcam_after: 1352 kare, yüz %100  (2990 s)
  [1118/3540] 3784_IriunWebcam_after: 1353 kare, yüz %100  (2997 s)
  [1119/3540] 3784_USBVideo_after: 1352 kare, yüz %78  (2998 s)
  [1120/3540] 3784_FullHDwebcam_before: 1352 kare, yüz %100  (2999 s)
  [1121/3540] 3784_USBVideo_before: 1353 kare, yüz %13  (3006 s)
  [1122/3540] 3784_IriunWebcam_before: 1353 kare, yüz %100  (3006 s)
  [1123/3540] 3797_FullHDwebcam_after: 1352 kare, yüz %100  (3007 s)
  [1124/3540] 3797_IriunWebcam_after: 1352 kare, yüz %100  (3012 s)
  [1125/3540] 3797_USBVideo_after: 1352 kare, yüz %100  (3014 s)
  [1126/3540] 3797_FullHDwebcam_before: 1352 kare, yüz %100  (3014 s)
  [1127/3540] 3797_USBVideo_before: 1352 kare, yüz %80  (3019 s)
  [1128/3540] 3797_IriunWebcam_before: 1352 kare, yüz %100  (3019 s)
  [1129/3540] 3833_FullHDwebcam_after: 1352 kare, yüz %100  (3024 s)
  [1130/3540] 3833_IriunWebcam_after: 1352 kare, yüz %100  (3025 s)
  [1131/3540] 3833_USBVideo_after: 1352 kare, yüz %100  (3026 s)
  [1132/3540] 3833_IriunWebcam_before: 1352 kare, yüz %100  (3033 s)
  [1133/3540] 3833_USBVideo_before: 1353 kare, yüz %100  (3034 s)
  [1134/3540] 3833_FullHDwebcam_before: 1352 kare, yüz %100  (3034 s)
  [1135/3540] 3889_FullHDwebcam_after: 1352 kare, yüz %100  (3040 s)
  [1136/3540] 3889_IriunWebcam_after: 1353 kare, yüz %100  (3041 s)
  [1137/3540] 3889_USBVideo_after: 1352 kare, yüz %0  (3045 s)
  [1138/3540] 3889_FullHDwebcam_before: 1352 kare, yüz %100  (3050 s)
  [1139/3540] 3889_IriunWebcam_before: 1353 kare, yüz %100  (3052 s)
  [1140/3540] 3889_USBVideo_before: 1353 kare, yüz %0  (3053 s)
  [1141/3540] 3906_FullHDwebcam_after: 1352 kare, yüz %100  (3060 s)
  [1142/3540] 3906_IriunWebcam_after: 1353 kare, yüz %100  (3060 s)
  [1143/3540] 3906_USBVideo_after: 1352 kare, yüz %0  (3066 s)
  [1144/3540] 3906_FullHDwebcam_before: 1352 kare, yüz %100  (3071 s)
  [1145/3540] 3906_USBVideo_before: 1352 kare, yüz %0  (3072 s)
  [1146/3540] 3906_IriunWebcam_before: 1352 kare, yüz %100  (3073 s)
  [1147/3540] 3930_IriunWebcam_after: 1353 kare, yüz %100  (3079 s)
  [1148/3540] 3930_USBVideo_after: 1352 kare, yüz %100  (3079 s)
  [1149/3540] 3930_FullHDwebcam_after: 1352 kare, yüz %100  (3080 s)
  [1150/3540] 3930_IriunWebcam_before: 1352 kare, yüz %100  (3086 s)
  [1151/3540] 3930_USBVideo_before: 1352 kare, yüz %100  (3086 s)
  [1152/3540] 3930_FullHDwebcam_before: 1352 kare, yüz %100  (3087 s)
  [1153/3540] 3957_FullHDwebcam_after: 1352 kare, yüz %100  (3094 s)
  [1154/3540] 3957_USBVideo_after: 1352 kare, yüz %100  (3094 s)
  [1155/3540] 3957_IriunWebcam_after: 1353 kare, yüz %100  (3094 s)
  [1156/3540] 3957_IriunWebcam_before: 1352 kare, yüz %100  (3102 s)
  [1157/3540] 3957_FullHDwebcam_before: 1352 kare, yüz %100  (3103 s)
  [1158/3540] 3957_USBVideo_before: 1352 kare, yüz %100  (3103 s)
  [1159/3540] 3962_IriunWebcam_after: 1353 kare, yüz %100  (3110 s)
  [1160/3540] 3962_USBVideo_after: 1352 kare, yüz %100  (3111 s)
  [1161/3540] 3962_FullHDwebcam_after: 1352 kare, yüz %100  (3111 s)
  [1162/3540] 3962_IriunWebcam_before: 1352 kare, yüz %100  (3118 s)
  [1163/3540] 3962_USBVideo_before: 1352 kare, yüz %100  (3119 s)
  [1164/3540] 3962_FullHDwebcam_before: 1352 kare, yüz %100  (3119 s)
  [1165/3540] 4016_IriunWebcam_after: 1353 kare, yüz %100  (3127 s)
  [1166/3540] 4016_USBVideo_after: 1352 kare, yüz %100  (3127 s)
  [1167/3540] 4016_FullHDwebcam_after: 1352 kare, yüz %100  (3127 s)
  [1168/3540] 4016_IriunWebcam_before: 1353 kare, yüz %100  (3134 s)
  [1169/3540] 4016_USBVideo_before: 1352 kare, yüz %100  (3134 s)
  [1170/3540] 4016_FullHDwebcam_before: 1352 kare, yüz %100  (3136 s)
  [1171/3540] 4055_FullHDwebcam_after: 1352 kare, yüz %100  (3140 s)
  [1172/3540] 4055_IriunWebcam_after: 1352 kare, yüz %100  (3141 s)
  [1173/3540] 4055_USBVideo_after: 1352 kare, yüz %100  (3142 s)
  [1174/3540] 4055_FullHDwebcam_before: 1352 kare, yüz %100  (3146 s)
  [1175/3540] 4055_USBVideo_before: 1352 kare, yüz %100  (3149 s)
  [1176/3540] 4055_IriunWebcam_before: 1352 kare, yüz %100  (3149 s)
  [1177/3540] 4073_IriunWebcam_after: 1352 kare, yüz %100  (3155 s)
  [1178/3540] 4073_FullHDwebcam_after: 1352 kare, yüz %100  (3157 s)
  [1179/3540] 4073_USBVideo_after: 1352 kare, yüz %2  (3160 s)
  [1180/3540] 4073_FullHDwebcam_before: 1352 kare, yüz %100  (3163 s)
  [1181/3540] 4073_IriunWebcam_before: 1352 kare, yüz %100  (3167 s)
  [1182/3540] 4073_USBVideo_before: 1352 kare, yüz %0  (3168 s)
  [1183/3540] 4074_FullHDwebcam_after: 1352 kare, yüz %100  (3171 s)
  [1184/3540] 4074_IriunWebcam_after: 1353 kare, yüz %100  (3175 s)
  [1185/3540] 4074_USBVideo_after: 1352 kare, yüz %2  (3178 s)
  [1186/3540] 4074_FullHDwebcam_before: 1352 kare, yüz %100  (3181 s)
  [1187/3540] 4074_IriunWebcam_before: 1353 kare, yüz %100  (3186 s)
  [1188/3540] 4074_USBVideo_before: 1352 kare, yüz %0  (3189 s)
  [1189/3540] 4087_FullHDwebcam_after: 1352 kare, yüz %100  (3191 s)
  [1190/3540] 4087_USBVideo_after: 1353 kare, yüz %100  (3193 s)
  [1191/3540] 4087_IriunWebcam_after: 1353 kare, yüz %100  (3194 s)
  [1192/3540] 4087_USBVideo_before: 1352 kare, yüz %100  (3199 s)
  [1193/3540] 4087_FullHDwebcam_before: 1352 kare, yüz %100  (3199 s)
  [1194/3540] 4087_IriunWebcam_before: 1353 kare, yüz %100  (3200 s)
  [1195/3540] 4119_IriunWebcam_after: 1352 kare, yüz %100  (3207 s)
  [1196/3540] 4119_FullHDwebcam_after: 1352 kare, yüz %100  (3208 s)
  [1197/3540] 4119_USBVideo_after: 1352 kare, yüz %0  (3210 s)
  [1198/3540] 4119_FullHDwebcam_before: 1352 kare, yüz %100  (3214 s)
  [1199/3540] 4119_IriunWebcam_before: 1352 kare, yüz %100  (3216 s)
  [1200/3540] 4119_USBVideo_before: 1352 kare, yüz %0  (3217 s)
  [1201/3540] 4172_FullHDwebcam_after: 1352 kare, yüz %100  (3220 s)
  [1202/3540] 4172_USBVideo_after: 1352 kare, yüz %100  (3223 s)
  [1203/3540] 4172_IriunWebcam_after: 1353 kare, yüz %100  (3224 s)
  [1204/3540] 4172_FullHDwebcam_before: 1352 kare, yüz %100  (3226 s)
  [1205/3540] 4172_IriunWebcam_before: 1353 kare, yüz %100  (3230 s)
  [1206/3540] 4172_USBVideo_before: 1352 kare, yüz %100  (3231 s)
  [1207/3540] 4173_FullHDwebcam_after: 1352 kare, yüz %100  (3231 s)
  [1208/3540] 4173_IriunWebcam_after: 1352 kare, yüz %100  (3236 s)
  [1209/3540] 4173_USBVideo_after: 1353 kare, yüz %11  (3237 s)
  [1210/3540] 4173_FullHDwebcam_before: 1352 kare, yüz %98  (3237 s)
  [1211/3540] 4173_IriunWebcam_before: 1352 kare, yüz %97  (3242 s)
  [1212/3540] 4173_USBVideo_before: 1352 kare, yüz %64  (3244 s)
  [1213/3540] 4179_FullHDwebcam_after: 1352 kare, yüz %100  (3245 s)
  [1214/3540] 4179_IriunWebcam_after: 1353 kare, yüz %100  (3251 s)
  [1215/3540] 4179_USBVideo_after: 1352 kare, yüz %0  (3251 s)
  [1216/3540] 4179_FullHDwebcam_before: 1352 kare, yüz %100  (3252 s)
  [1217/3540] 4179_IriunWebcam_before: 1352 kare, yüz %100  (3257 s)
  [1218/3540] 4179_USBVideo_before: 1352 kare, yüz %0  (3260 s)
  [1219/3540] 4182_FullHDwebcam_after: 1352 kare, yüz %100  (3261 s)
  [1220/3540] 4182_USBVideo_after: 1353 kare, yüz %100  (3263 s)
  [1221/3540] 4182_IriunWebcam_after: 1353 kare, yüz %100  (3265 s)
  [1222/3540] 4182_USBVideo_before: 1352 kare, yüz %59  (3269 s)
  [1223/3540] 4182_FullHDwebcam_before: 1352 kare, yüz %100  (3270 s)
  [1224/3540] 4182_IriunWebcam_before: 1352 kare, yüz %100  (3271 s)
  [1225/3540] 4187_FullHDwebcam_after: 1352 kare, yüz %100  (3274 s)
  [1226/3540] 4187_IriunWebcam_after: 1353 kare, yüz %100  (3276 s)
  [1227/3540] 4187_USBVideo_after: 1353 kare, yüz %100  (3277 s)
  [1228/3540] 4187_FullHDwebcam_before: 1352 kare, yüz %100  (3280 s)
  [1229/3540] 4187_IriunWebcam_before: 1352 kare, yüz %100  (3282 s)
  [1230/3540] 4187_USBVideo_before: 1352 kare, yüz %100  (3283 s)
  [1231/3540] 4211_FullHDwebcam_after: 1352 kare, yüz %100  (3289 s)
  [1232/3540] 4211_IriunWebcam_after: 1352 kare, yüz %100  (3289 s)
  [1233/3540] 4211_USBVideo_after: 1352 kare, yüz %100  (3289 s)
  [1234/3540] 4211_IriunWebcam_before: 1353 kare, yüz %100  (3296 s)
  [1235/3540] 4211_USBVideo_before: 1353 kare, yüz %100  (3296 s)
  [1236/3540] 4211_FullHDwebcam_before: 1352 kare, yüz %100  (3298 s)
  [1237/3540] 4225_USBVideo_after: 1352 kare, yüz %100  (3304 s)
  [1238/3540] 4225_IriunWebcam_after: 1353 kare, yüz %100  (3304 s)
  [1239/3540] 4225_FullHDwebcam_after: 1352 kare, yüz %100  (3305 s)
  [1240/3540] 4225_IriunWebcam_before: 1352 kare, yüz %100  (3312 s)
  [1241/3540] 4225_USBVideo_before: 1352 kare, yüz %100  (3312 s)
  [1242/3540] 4225_FullHDwebcam_before: 1352 kare, yüz %100  (3314 s)
  [1243/3540] 4249_FullHDwebcam_after: 1352 kare, yüz %100  (3319 s)
  [1244/3540] 4249_IriunWebcam_after: 1353 kare, yüz %100  (3319 s)
  [1245/3540] 4249_USBVideo_after: 1352 kare, yüz %100  (3320 s)
  [1246/3540] 4249_FullHDwebcam_before: 1352 kare, yüz %100  (3324 s)
  [1247/3540] 4249_IriunWebcam_before: 1352 kare, yüz %100  (3326 s)
  [1248/3540] 4249_USBVideo_before: 1352 kare, yüz %100  (3327 s)
  [1249/3540] 4256_FullHDwebcam_after: 1352 kare, yüz %100  (3333 s)
  [1250/3540] 4256_IriunWebcam_after: 1351 kare, yüz %100  (3334 s)
  [1251/3540] 4256_USBVideo_after: 1352 kare, yüz %0  (3338 s)
  [1252/3540] 4256_FullHDwebcam_before: 1352 kare, yüz %100  (3342 s)
  [1253/3540] 4256_IriunWebcam_before: 1352 kare, yüz %100  (3345 s)
  [1254/3540] 4256_USBVideo_before: 1352 kare, yüz %0  (3346 s)
  [1255/3540] 4264_FullHDwebcam_after: 1352 kare, yüz %100  (3348 s)
  [1256/3540] 4264_USBVideo_after: 1352 kare, yüz %100  (3351 s)
  [1257/3540] 4264_IriunWebcam_after: 1353 kare, yüz %100  (3352 s)
  [1258/3540] 4264_FullHDwebcam_before: 1352 kare, yüz %100  (3354 s)
  [1259/3540] 4264_IriunWebcam_before: 1353 kare, yüz %100  (3357 s)
  [1260/3540] 4264_USBVideo_before: 1352 kare, yüz %100  (3358 s)
  [1261/3540] 4295_FullHDwebcam_after: 1352 kare, yüz %100  (3362 s)
  [1262/3540] 4295_IriunWebcam_after: 1353 kare, yüz %46  (3363 s)
  [1263/3540] 4295_USBVideo_after: 1352 kare, yüz %0  (3366 s)
  [1264/3540] 4295_FullHDwebcam_before: 1352 kare, yüz %100  (3369 s)
  [1265/3540] 4295_USBVideo_before: 1352 kare, yüz %2  (3372 s)
  [1266/3540] 4295_IriunWebcam_before: 1352 kare, yüz %100  (3372 s)
  [1267/3540] 4307_FullHDwebcam_after: 1352 kare, yüz %100  (3377 s)
  [1268/3540] 4307_IriunWebcam_after: 1352 kare, yüz %100  (3379 s)
  [1269/3540] 4307_USBVideo_after: 1352 kare, yüz %0  (3383 s)
  [1270/3540] 4307_FullHDwebcam_before: 1352 kare, yüz %100  (3385 s)
  [1271/3540] 4307_USBVideo_before: 1352 kare, yüz %2  (3388 s)
  [1272/3540] 4307_IriunWebcam_before: 1353 kare, yüz %100  (3389 s)
  [1273/3540] 4311_FullHDwebcam_after: 1352 kare, yüz %100  (3392 s)
  [1274/3540] 4311_IriunWebcam_after: 1353 kare, yüz %100  (3395 s)
  [1275/3540] 4311_USBVideo_after: 1352 kare, yüz %0  (3398 s)
  [1276/3540] 4311_FullHDwebcam_before: 1352 kare, yüz %100  (3399 s)
  [1277/3540] 4311_USBVideo_before: 1352 kare, yüz %0  (3404 s)
  [1278/3540] 4311_IriunWebcam_before: 1353 kare, yüz %100  (3404 s)
  [1279/3540] 4312_FullHDwebcam_after: 1352 kare, yüz %100  (3409 s)
  [1280/3540] 4312_IriunWebcam_after: 1352 kare, yüz %100  (3410 s)
  [1281/3540] 4312_USBVideo_after: 1353 kare, yüz %100  (3410 s)
  [1282/3540] 4312_IriunWebcam_before: 1353 kare, yüz %97  (3417 s)
  [1283/3540] 4312_USBVideo_before: 1352 kare, yüz %96  (3417 s)
  [1284/3540] 4312_FullHDwebcam_before: 1352 kare, yüz %96  (3418 s)
  [1285/3540] 4321_FullHDwebcam_after: 1352 kare, yüz %100  (3423 s)
  [1286/3540] 4321_IriunWebcam_after: 1352 kare, yüz %100  (3423 s)
  [1287/3540] 4321_USBVideo_after: 1352 kare, yüz %0  (3426 s)
  [1288/3540] 4321_FullHDwebcam_before: 1352 kare, yüz %100  (3430 s)
  [1289/3540] 4321_USBVideo_before: 1353 kare, yüz %2  (3430 s)
  [1290/3540] 4321_IriunWebcam_before: 1353 kare, yüz %100  (3432 s)
  [1291/3540] 4322_IriunWebcam_after: 1352 kare, yüz %100  (3439 s)
  [1292/3540] 4322_FullHDwebcam_after: 1352 kare, yüz %100  (3439 s)
  [1293/3540] 4322_USBVideo_after: 1352 kare, yüz %4  (3440 s)
  [1294/3540] 4322_FullHDwebcam_before: 1352 kare, yüz %100  (3446 s)
  [1295/3540] 4322_IriunWebcam_before: 1352 kare, yüz %100  (3446 s)
  [1296/3540] 4322_USBVideo_before: 1352 kare, yüz %67  (3447 s)
  [1297/3540] 4332_IriunWebcam_after: 1352 kare, yüz %100  (3452 s)
  [1298/3540] 4332_USBVideo_after: 1352 kare, yüz %20  (3454 s)
  [1299/3540] 4332_FullHDwebcam_before: 1352 kare, yüz %100  (3457 s)
  [1300/3540] 4332_FullHDwebcam_after: 1352 kare, yüz %100  (3463 s)
  [1301/3540] 4332_IriunWebcam_before: 1353 kare, yüz %100  (3463 s)
  [1302/3540] 4332_USBVideo_before: 1352 kare, yüz %0  (3465 s)
  [1303/3540] 4354_FullHDwebcam_after: 1352 kare, yüz %100  (3470 s)
  [1304/3540] 4354_IriunWebcam_after: 1352 kare, yüz %100  (3471 s)
  [1305/3540] 4354_USBVideo_after: 1353 kare, yüz %0  (3473 s)
  [1306/3540] 4354_FullHDwebcam_before: 1352 kare, yüz %100  (3477 s)
  [1307/3540] 4354_USBVideo_before: 1352 kare, yüz %49  (3478 s)
  [1308/3540] 4354_IriunWebcam_before: 1353 kare, yüz %100  (3479 s)
  [1309/3540] 4356_FullHDwebcam_after: 1352 kare, yüz %100  (3485 s)
  [1310/3540] 4356_IriunWebcam_after: 1352 kare, yüz %100  (3485 s)
  [1311/3540] 4356_USBVideo_after: 1352 kare, yüz %11  (3488 s)
  [1312/3540] 4356_FullHDwebcam_before: 1352 kare, yüz %100  (3492 s)
  [1313/3540] 4356_USBVideo_before: 1352 kare, yüz %0  (3494 s)
  [1314/3540] 4356_IriunWebcam_before: 1352 kare, yüz %100  (3494 s)
  [1315/3540] 4397_IriunWebcam_after: 1352 kare, yüz %100  (3500 s)
  [1316/3540] 4397_FullHDwebcam_after: 1352 kare, yüz %100  (3501 s)
  [1317/3540] 4397_USBVideo_after: 1352 kare, yüz %100  (3501 s)
  [1318/3540] 4397_IriunWebcam_before: 1353 kare, yüz %100  (3506 s)
  [1319/3540] 4397_USBVideo_before: 1352 kare, yüz %100  (3508 s)
  [1320/3540] 4397_FullHDwebcam_before: 1352 kare, yüz %100  (3508 s)
  [1321/3540] 4404_IriunWebcam_after: 1353 kare, yüz %100  (3514 s)
  [1322/3540] 4404_FullHDwebcam_after: 1352 kare, yüz %100  (3514 s)
  [1323/3540] 4404_USBVideo_after: 1352 kare, yüz %0  (3518 s)
  [1324/3540] 4404_FullHDwebcam_before: 1352 kare, yüz %100  (3520 s)
  [1325/3540] 4404_USBVideo_before: 1352 kare, yüz %0  (3524 s)
  [1326/3540] 4404_IriunWebcam_before: 1352 kare, yüz %100  (3524 s)
  [1327/3540] 4430_FullHDwebcam_after: 1352 kare, yüz %100  (3526 s)
  [1328/3540] 4430_IriunWebcam_after: 1353 kare, yüz %100  (3529 s)
  [1329/3540] 4430_USBVideo_after: 1353 kare, yüz %100  (3531 s)
  [1330/3540] 4430_FullHDwebcam_before: 1352 kare, yüz %100  (3532 s)
  [1331/3540] 4430_IriunWebcam_before: 1353 kare, yüz %100  (3536 s)
  [1332/3540] 4430_USBVideo_before: 1352 kare, yüz %100  (3536 s)
  [1333/3540] 4434_FullHDwebcam_after: 1352 kare, yüz %100  (3540 s)
  [1334/3540] 4434_IriunWebcam_after: 1352 kare, yüz %100  (3542 s)
  [1335/3540] 4434_USBVideo_after: 1352 kare, yüz %100  (3543 s)
  [1336/3540] 4434_FullHDwebcam_before: 1352 kare, yüz %100  (3546 s)
  [1337/3540] 4434_IriunWebcam_before: 1353 kare, yüz %100  (3549 s)
  [1338/3540] 4434_USBVideo_before: 1352 kare, yüz %100  (3549 s)
  [1339/3540] 4440_FullHDwebcam_after: 1352 kare, yüz %100  (3554 s)
  [1340/3540] 4440_IriunWebcam_after: 1352 kare, yüz %100  (3555 s)
  [1341/3540] 4440_USBVideo_after: 1353 kare, yüz %100  (3555 s)
  [1342/3540] 4440_IriunWebcam_before: 1352 kare, yüz %100  (3561 s)
  [1343/3540] 4440_USBVideo_before: 1352 kare, yüz %100  (3562 s)
  [1344/3540] 4440_FullHDwebcam_before: 1352 kare, yüz %100  (3562 s)
  [1345/3540] 4448_IriunWebcam_after: 1353 kare, yüz %100  (3568 s)
  [1346/3540] 4448_FullHDwebcam_after: 1352 kare, yüz %100  (3569 s)
  [1347/3540] 4448_USBVideo_after: 1352 kare, yüz %0  (3572 s)
  [1348/3540] 4448_FullHDwebcam_before: 1352 kare, yüz %100  (3576 s)
  [1349/3540] 4448_IriunWebcam_before: 1353 kare, yüz %100  (3578 s)
  [1350/3540] 4448_USBVideo_before: 1352 kare, yüz %0  (3580 s)
  [1351/3540] 4479_FullHDwebcam_after: 1352 kare, yüz %100  (3583 s)
  [1352/3540] 4479_USBVideo_after: 1352 kare, yüz %100  (3585 s)
  [1353/3540] 4479_IriunWebcam_after: 1353 kare, yüz %100  (3586 s)
  [1354/3540] 4479_FullHDwebcam_before: 1352 kare, yüz %100  (3590 s)
  [1355/3540] 4479_IriunWebcam_before: 1352 kare, yüz %100  (3592 s)
  [1356/3540] 4479_USBVideo_before: 1352 kare, yüz %100  (3593 s)
  [1357/3540] 4482_FullHDwebcam_after: 1352 kare, yüz %100  (3598 s)
  [1358/3540] 4482_IriunWebcam_after: 1352 kare, yüz %100  (3600 s)
  [1359/3540] 4482_USBVideo_after: 1352 kare, yüz %4  (3603 s)
  [1360/3540] 4482_FullHDwebcam_before: 1352 kare, yüz %100  (3605 s)
  [1361/3540] 4482_USBVideo_before: 1352 kare, yüz %80  (3609 s)
  [1362/3540] 4482_IriunWebcam_before: 1353 kare, yüz %100  (3609 s)
  [1363/3540] 4488_FullHDwebcam_after: 1352 kare, yüz %100  (3611 s)
  [1364/3540] 4488_IriunWebcam_after: 1353 kare, yüz %100  (3615 s)
  [1365/3540] 4488_USBVideo_after: 1352 kare, yüz %98  (3617 s)
  [1366/3540] 4488_FullHDwebcam_before: 1352 kare, yüz %100  (3618 s)
  [1367/3540] 4488_IriunWebcam_before: 1351 kare, yüz %100  (3622 s)
  [1368/3540] 4488_USBVideo_before: 1352 kare, yüz %96  (3623 s)
  [1369/3540] 4493_FullHDwebcam_after: 1352 kare, yüz %100  (3627 s)
  [1370/3540] 4493_USBVideo_after: 1352 kare, yüz %100  (3628 s)
  [1371/3540] 4493_IriunWebcam_after: 1352 kare, yüz %100  (3628 s)
  [1372/3540] 4493_IriunWebcam_before: 1352 kare, yüz %100  (3635 s)
  [1373/3540] 4493_FullHDwebcam_before: 1352 kare, yüz %100  (3635 s)
  [1374/3540] 4493_USBVideo_before: 1352 kare, yüz %80  (3635 s)
  [1375/3540] 4504_IriunWebcam_after: 1353 kare, yüz %100  (3642 s)
  [1376/3540] 4504_FullHDwebcam_after: 1352 kare, yüz %100  (3644 s)
  [1377/3540] 4504_USBVideo_after: 1352 kare, yüz %25  (3644 s)
  [1378/3540] 4504_FullHDwebcam_before: 1352 kare, yüz %100  (3651 s)
  [1379/3540] 4504_IriunWebcam_before: 1353 kare, yüz %100  (3651 s)
  [1380/3540] 4504_USBVideo_before: 1353 kare, yüz %16  (3653 s)
  [1381/3540] 4519_USBVideo_after: 1352 kare, yüz %100  (3658 s)
  [1382/3540] 4519_FullHDwebcam_after: 1352 kare, yüz %100  (3659 s)
  [1383/3540] 4519_IriunWebcam_after: 1353 kare, yüz %100  (3659 s)
  [1384/3540] 4519_IriunWebcam_before: 1352 kare, yüz %100  (3666 s)
  [1385/3540] 4519_FullHDwebcam_before: 1352 kare, yüz %100  (3666 s)
  [1386/3540] 4519_USBVideo_before: 1353 kare, yüz %100  (3666 s)
  [1387/3540] 4532_IriunWebcam_after: 1351 kare, yüz %100  (3672 s)
  [1388/3540] 4532_USBVideo_after: 1353 kare, yüz %100  (3673 s)
  [1389/3540] 4532_FullHDwebcam_after: 1352 kare, yüz %100  (3675 s)
  [1390/3540] 4532_USBVideo_before: 1352 kare, yüz %100  (3680 s)
  [1391/3540] 4532_IriunWebcam_before: 1352 kare, yüz %100  (3681 s)
  [1392/3540] 4532_FullHDwebcam_before: 1352 kare, yüz %100  (3682 s)
  [1393/3540] 4546_FullHDwebcam_after: 1352 kare, yüz %100  (3687 s)
  [1394/3540] 4546_IriunWebcam_after: 1353 kare, yüz %100  (3688 s)
  [1395/3540] 4546_USBVideo_after: 1352 kare, yüz %0  (3692 s)
  [1396/3540] 4546_FullHDwebcam_before: 1352 kare, yüz %100  (3694 s)
  [1397/3540] 4546_IriunWebcam_before: 1353 kare, yüz %100  (3698 s)
  [1398/3540] 4551_FullHDwebcam_after: 1352 kare, yüz %100  (3701 s)
  [1399/3540] 4546_USBVideo_before: 1352 kare, yüz %0  (3701 s)
  [1400/3540] 4551_USBVideo_after: 1352 kare, yüz %62  (3704 s)
  [1401/3540] 4551_IriunWebcam_after: 1352 kare, yüz %100  (3706 s)
  [1402/3540] 4551_FullHDwebcam_before: 1352 kare, yüz %100  (3710 s)
  [1403/3540] 4551_IriunWebcam_before: 1353 kare, yüz %100  (3712 s)
  [1404/3540] 4551_USBVideo_before: 1353 kare, yüz %0  (3715 s)
  [1405/3540] 4557_FullHDwebcam_after: 1352 kare, yüz %100  (3718 s)
  [1406/3540] 4557_USBVideo_after: 1352 kare, yüz %4  (3722 s)
  [1407/3540] 4557_IriunWebcam_after: 1353 kare, yüz %100  (3722 s)
  [1408/3540] 4557_FullHDwebcam_before: 1352 kare, yüz %100  (3725 s)
  [1409/3540] 4557_IriunWebcam_before: 1353 kare, yüz %100  (3729 s)
  [1410/3540] 4557_USBVideo_before: 1353 kare, yüz %0  (3731 s)
  [1411/3540] 4571_FullHDwebcam_after: 1352 kare, yüz %100  (3733 s)
  [1412/3540] 4571_IriunWebcam_after: 1352 kare, yüz %100  (3737 s)
  [1413/3540] 4571_FullHDwebcam_before: 1352 kare, yüz %100  (3740 s)
  [1414/3540] 4571_USBVideo_after: 1353 kare, yüz %0  (3740 s)
  [1415/3540] 4571_USBVideo_before: 1352 kare, yüz %2  (3744 s)
  [1416/3540] 4571_IriunWebcam_before: 1353 kare, yüz %100  (3746 s)
  [1417/3540] 4577_FullHDwebcam_after: 1352 kare, yüz %100  (3749 s)
  [1418/3540] 4577_IriunWebcam_after: 1352 kare, yüz %100  (3753 s)
  [1419/3540] 4577_USBVideo_after: 1352 kare, yüz %100  (3754 s)
  [1420/3540] 4577_FullHDwebcam_before: 1352 kare, yüz %100  (3758 s)
  [1421/3540] 4577_IriunWebcam_before: 1353 kare, yüz %100  (3760 s)
  [1422/3540] 4577_USBVideo_before: 1352 kare, yüz %100  (3761 s)
  [1423/3540] 4610_FullHDwebcam_after: 1352 kare, yüz %100  (3765 s)
  [1424/3540] 4610_IriunWebcam_after: 1353 kare, yüz %100  (3767 s)
  [1425/3540] 4610_USBVideo_after: 1352 kare, yüz %100  (3767 s)
  [1426/3540] 4610_IriunWebcam_before: 1353 kare, yüz %100  (3773 s)
  [1427/3540] 4610_USBVideo_before: 1352 kare, yüz %100  (3774 s)
  [1428/3540] 4610_FullHDwebcam_before: 1352 kare, yüz %100  (3775 s)
  [1429/3540] 4617_IriunWebcam_after: 1352 kare, yüz %100  (3781 s)
  [1430/3540] 4617_FullHDwebcam_after: 1352 kare, yüz %100  (3781 s)
  [1431/3540] 4617_USBVideo_after: 1352 kare, yüz %100  (3781 s)
  [1432/3540] 4617_IriunWebcam_before: 1353 kare, yüz %100  (3787 s)
  [1433/3540] 4617_USBVideo_before: 1352 kare, yüz %100  (3788 s)
  [1434/3540] 4617_FullHDwebcam_before: 1352 kare, yüz %100  (3788 s)
  [1435/3540] 4639_FullHDwebcam_after: 1352 kare, yüz %100  (3794 s)
  [1436/3540] 4639_IriunWebcam_after: 1352 kare, yüz %100  (3795 s)
  [1437/3540] 4639_USBVideo_after: 1352 kare, yüz %0  (3799 s)
  [1438/3540] 4639_FullHDwebcam_before: 1352 kare, yüz %100  (3800 s)
  [1439/3540] 4639_USBVideo_before: 1352 kare, yüz %48  (3803 s)
  [1440/3540] 4639_IriunWebcam_before: 1352 kare, yüz %100  (3805 s)
  [1441/3540] 4646_FullHDwebcam_after: 1352 kare, yüz %100  (3808 s)
  [1442/3540] 4646_IriunWebcam_after: 1353 kare, yüz %100  (3810 s)
  [1443/3540] 4646_USBVideo_after: 1352 kare, yüz %100  (3810 s)
  [1444/3540] 4646_FullHDwebcam_before: 1352 kare, yüz %100  (3814 s)
  [1445/3540] 4646_IriunWebcam_before: 1352 kare, yüz %100  (3815 s)
  [1446/3540] 4646_USBVideo_before: 1352 kare, yüz %100  (3819 s)
  [1447/3540] 4685_FullHDwebcam_after: 1352 kare, yüz %100  (3822 s)
  [1448/3540] 4685_USBVideo_after: 1352 kare, yüz %13  (3824 s)
  [1449/3540] 4685_IriunWebcam_after: 1352 kare, yüz %100  (3825 s)
  [1450/3540] 4685_FullHDwebcam_before: 1352 kare, yüz %100  (3829 s)
  [1451/3540] 4685_IriunWebcam_before: 1352 kare, yüz %100  (3832 s)
  [1452/3540] 4685_USBVideo_before: 1353 kare, yüz %0  (3833 s)
  [1453/3540] 4691_FullHDwebcam_after: 1352 kare, yüz %100  (3836 s)
  [1454/3540] 4691_IriunWebcam_after: 1351 kare, yüz %100  (3839 s)
  [1455/3540] 4691_USBVideo_after: 1353 kare, yüz %57  (3839 s)
  [1456/3540] 4691_FullHDwebcam_before: 1352 kare, yüz %100  (3842 s)
  [1457/3540] 4691_IriunWebcam_before: 1353 kare, yüz %100  (3845 s)
  [1458/3540] 4691_USBVideo_before: 1353 kare, yüz %7  (3846 s)
  [1459/3540] 4698_FullHDwebcam_after: 1352 kare, yüz %100  (3850 s)
  [1460/3540] 4698_IriunWebcam_after: 1353 kare, yüz %100  (3854 s)
  [1461/3540] 4698_USBVideo_after: 1353 kare, yüz %0  (3855 s)
  [1462/3540] 4698_FullHDwebcam_before: 1352 kare, yüz %100  (3858 s)
  [1463/3540] 4698_IriunWebcam_before: 1353 kare, yüz %100  (3862 s)
  [1464/3540] 4698_USBVideo_before: 1352 kare, yüz %0  (3865 s)
  [1465/3540] 4704_FullHDwebcam_after: 1352 kare, yüz %100  (3866 s)
  [1466/3540] 4704_IriunWebcam_after: 1352 kare, yüz %100  (3871 s)
  [1467/3540] 4704_USBVideo_after: 1352 kare, yüz %0  (3873 s)
  [1468/3540] 4704_FullHDwebcam_before: 1352 kare, yüz %100  (3875 s)
  [1469/3540] 4704_IriunWebcam_before: 1353 kare, yüz %62  (3880 s)
  [1470/3540] 4704_USBVideo_before: 1352 kare, yüz %0  (3882 s)
  [1471/3540] 4718_FullHDwebcam_after: 1352 kare, yüz %100  (3885 s)
  [1472/3540] 4718_USBVideo_after: 1352 kare, yüz %100  (3886 s)
  [1473/3540] 4718_IriunWebcam_after: 1353 kare, yüz %100  (3887 s)
  [1474/3540] 4718_USBVideo_before: 1352 kare, yüz %100  (3893 s)
  [1475/3540] 4718_IriunWebcam_before: 1353 kare, yüz %100  (3893 s)
  [1476/3540] 4718_FullHDwebcam_before: 1352 kare, yüz %100  (3894 s)
  [1477/3540] 4724_IriunWebcam_after: 1352 kare, yüz %100  (3900 s)
  [1478/3540] 4724_FullHDwebcam_after: 1352 kare, yüz %100  (3900 s)
  [1479/3540] 4724_USBVideo_after: 1352 kare, yüz %9  (3901 s)
  [1480/3540] 4724_FullHDwebcam_before: 1352 kare, yüz %100  (3906 s)
  [1481/3540] 4724_IriunWebcam_before: 1352 kare, yüz %100  (3907 s)
  [1482/3540] 4724_USBVideo_before: 1352 kare, yüz %53  (3907 s)
  [1483/3540] 4731_IriunWebcam_after: 1351 kare, yüz %100  (3913 s)
  [1484/3540] 4731_FullHDwebcam_after: 1352 kare, yüz %100  (3913 s)
  [1485/3540] 4731_USBVideo_after: 1352 kare, yüz %15  (3915 s)
  [1486/3540] 4731_IriunWebcam_before: 1353 kare, yüz %100  (3921 s)
  [1487/3540] 4731_FullHDwebcam_before: 1352 kare, yüz %100  (3921 s)
  [1488/3540] 4731_USBVideo_before: 1352 kare, yüz %0  (3924 s)
  [1489/3540] 4754_FullHDwebcam_after: 1352 kare, yüz %100  (3927 s)
  [1490/3540] 4754_USBVideo_after: 1352 kare, yüz %17  (3927 s)
  [1491/3540] 4754_IriunWebcam_after: 1353 kare, yüz %100  (3929 s)
  [1492/3540] 4754_FullHDwebcam_before: 1352 kare, yüz %100  (3933 s)
  [1493/3540] 4754_USBVideo_before: 1352 kare, yüz %20  (3933 s)
  [1494/3540] 4754_IriunWebcam_before: 1353 kare, yüz %100  (3935 s)
  [1495/3540] 4784_FullHDwebcam_after: 1352 kare, yüz %100  (3940 s)
  [1496/3540] 4784_USBVideo_after: 1352 kare, yüz %100  (3940 s)
  [1497/3540] 4784_IriunWebcam_after: 1353 kare, yüz %100  (3941 s)
  [1498/3540] 4784_FullHDwebcam_before: 1352 kare, yüz %100  (3947 s)
  [1499/3540] 4784_IriunWebcam_before: 1353 kare, yüz %100  (3947 s)
  [1500/3540] 4784_USBVideo_before: 1352 kare, yüz %100  (3948 s)
  [1501/3540] 4815_USBVideo_after: 1352 kare, yüz %100  (3955 s)
  [1502/3540] 4815_IriunWebcam_after: 1353 kare, yüz %100  (3955 s)
  [1503/3540] 4815_FullHDwebcam_after: 1352 kare, yüz %100  (3956 s)
  [1504/3540] 4815_IriunWebcam_before: 1353 kare, yüz %100  (3963 s)
  [1505/3540] 4815_USBVideo_before: 1352 kare, yüz %100  (3963 s)
  [1506/3540] 4815_FullHDwebcam_before: 1352 kare, yüz %100  (3964 s)
  [1507/3540] 4822_IriunWebcam_after: 1352 kare, yüz %100  (3970 s)
  [1508/3540] 4822_FullHDwebcam_after: 1352 kare, yüz %100  (3970 s)
  [1509/3540] 4822_USBVideo_after: 1352 kare, yüz %100  (3971 s)
  [1510/3540] 4822_IriunWebcam_before: 1353 kare, yüz %95  (3976 s)
  [1511/3540] 4822_USBVideo_before: 1352 kare, yüz %100  (3978 s)
  [1512/3540] 4822_FullHDwebcam_before: 1352 kare, yüz %100  (3978 s)
  [1513/3540] 4844_FullHDwebcam_after: 1352 kare, yüz %100  (3984 s)
  [1514/3540] 4844_IriunWebcam_after: 1352 kare, yüz %100  (3985 s)
  [1515/3540] 4844_USBVideo_after: 1352 kare, yüz %0  (3989 s)
  [1516/3540] 4844_FullHDwebcam_before: 1352 kare, yüz %100  (3991 s)
  [1517/3540] 4844_IriunWebcam_before: 1353 kare, yüz %100  (3994 s)
  [1518/3540] 4844_USBVideo_before: 1352 kare, yüz %0  (3995 s)
  [1519/3540] 4874_FullHDwebcam_after: 1352 kare, yüz %100  (3998 s)
  [1520/3540] 4874_IriunWebcam_after: 1352 kare, yüz %100  (4001 s)
  [1521/3540] 4874_USBVideo_after: 1352 kare, yüz %0  (4004 s)
  [1522/3540] 4874_FullHDwebcam_before: 1352 kare, yüz %100  (4006 s)
  [1523/3540] 4874_IriunWebcam_before: 1353 kare, yüz %100  (4010 s)
  [1524/3540] 4874_USBVideo_before: 1352 kare, yüz %0  (4012 s)
  [1525/3540] 4892_FullHDwebcam_after: 1352 kare, yüz %100  (4013 s)
  [1526/3540] 4892_USBVideo_after: 1352 kare, yüz %7  (4018 s)
  [1527/3540] 4892_IriunWebcam_after: 1353 kare, yüz %100  (4018 s)
  [1528/3540] 4892_FullHDwebcam_before: 1352 kare, yüz %100  (4019 s)
  [1529/3540] 4892_IriunWebcam_before: 1353 kare, yüz %100  (4024 s)
  [1530/3540] 4892_USBVideo_before: 1353 kare, yüz %78  (4024 s)
  [1531/3540] 4902_FullHDwebcam_after: 1352 kare, yüz %100  (4027 s)
  [1532/3540] 4902_IriunWebcam_after: 1353 kare, yüz %100  (4030 s)
  [1533/3540] 4902_FullHDwebcam_before: 1352 kare, yüz %100  (4035 s)
  [1534/3540] 4902_USBVideo_after: 1352 kare, yüz %0  (4035 s)
  [1535/3540] 4902_USBVideo_before: 1352 kare, yüz %28  (4040 s)
  [1536/3540] 4902_IriunWebcam_before: 1353 kare, yüz %100  (4041 s)
  [1537/3540] 4909_FullHDwebcam_after: 1352 kare, yüz %100  (4043 s)
  [1538/3540] 4909_USBVideo_after: 1352 kare, yüz %73  (4046 s)
  [1539/3540] 4909_IriunWebcam_after: 1353 kare, yüz %0  (4048 s)
  [1540/3540] 4909_USBVideo_before: 1352 kare, yüz %2  (4054 s)
  [1541/3540] 4909_IriunWebcam_before: 1353 kare, yüz %97  (4054 s)
  [1542/3540] 4929_USBVideo_after: 1352 kare, yüz %100  (4063 s)
  [1543/3540] 4929_FullHDwebcam_after: 1352 kare, yüz %100  (4064 s)
  [1544/3540] 4909_FullHDwebcam_before: 1352 kare, yüz %100  (4064 s)
  [1545/3540] 4929_IriunWebcam_after: 1353 kare, yüz %100  (4070 s)
  [1546/3540] 4929_USBVideo_before: 1352 kare, yüz %100  (4072 s)
  [1547/3540] 4929_FullHDwebcam_before: 1352 kare, yüz %100  (4074 s)
  [1548/3540] 4929_IriunWebcam_before: 1351 kare, yüz %100  (4076 s)
  [1549/3540] 4932_FullHDwebcam_after: 1352 kare, yüz %100  (4079 s)
  [1550/3540] 4932_USBVideo_after: 1352 kare, yüz %4  (4082 s)
  [1551/3540] 4932_IriunWebcam_after: 1353 kare, yüz %100  (4083 s)
  [1552/3540] 4932_FullHDwebcam_before: 1352 kare, yüz %100  (4086 s)
  [1553/3540] 4932_IriunWebcam_before: 1352 kare, yüz %100  (4089 s)
  [1554/3540] 4932_USBVideo_before: 1353 kare, yüz %0  (4093 s)
  [1555/3540] 4936_FullHDwebcam_after: 1352 kare, yüz %100  (4094 s)
  [1556/3540] 4936_USBVideo_after: 1352 kare, yüz %93  (4096 s)
  [1557/3540] 4936_IriunWebcam_after: 1353 kare, yüz %100  (4099 s)
  [1558/3540] 4936_USBVideo_before: 1352 kare, yüz %57  (4103 s)
  [1559/3540] 4936_FullHDwebcam_before: 1352 kare, yüz %100  (4103 s)
  [1560/3540] 4936_IriunWebcam_before: 1353 kare, yüz %100  (4105 s)
  [1561/3540] 4937_FullHDwebcam_after: 1352 kare, yüz %100  (4111 s)
  [1562/3540] 4937_IriunWebcam_after: 1353 kare, yüz %100  (4111 s)
  [1563/3540] 4937_USBVideo_after: 1352 kare, yüz %0  (4114 s)
  [1564/3540] 4937_FullHDwebcam_before: 1352 kare, yüz %100  (4117 s)
  [1565/3540] 4937_IriunWebcam_before: 1353 kare, yüz %100  (4120 s)
  [1566/3540] 4937_USBVideo_before: 1352 kare, yüz %0  (4123 s)
  [1567/3540] 4952_FullHDwebcam_after: 1352 kare, yüz %100  (4124 s)
  [1568/3540] 4952_IriunWebcam_after: 1353 kare, yüz %100  (4129 s)
  [1569/3540] 4952_FullHDwebcam_before: 1352 kare, yüz %100  (4131 s)
  [1570/3540] 4952_USBVideo_after: 1352 kare, yüz %0  (4131 s)
  [1571/3540] 4952_USBVideo_before: 1353 kare, yüz %100  (4135 s)
  [1572/3540] 4952_IriunWebcam_before: 1353 kare, yüz %100  (4136 s)
  [1573/3540] 4968_FullHDwebcam_after: 1352 kare, yüz %100  (4139 s)
  [1574/3540] 4968_IriunWebcam_after: 1353 kare, yüz %100  (4142 s)
  [1575/3540] 4968_FullHDwebcam_before: 1352 kare, yüz %100  (4146 s)
  [1576/3540] 4968_USBVideo_after: 1352 kare, yüz %0  (4147 s)
  [1577/3540] 4968_USBVideo_before: 1352 kare, yüz %0  (4152 s)
  [1578/3540] 4968_IriunWebcam_before: 1352 kare, yüz %100  (4153 s)
  [1579/3540] 5003_FullHDwebcam_after: 1352 kare, yüz %100  (4153 s)
  [1580/3540] 5003_IriunWebcam_after: 1352 kare, yüz %100  (4158 s)
  [1581/3540] 5003_USBVideo_after: 1353 kare, yüz %100  (4159 s)
  [1582/3540] 5003_FullHDwebcam_before: 1352 kare, yüz %100  (4159 s)
  [1583/3540] 5003_IriunWebcam_before: 1353 kare, yüz %100  (4164 s)
  [1584/3540] 5003_USBVideo_before: 1352 kare, yüz %100  (4165 s)
  [1585/3540] 5031_FullHDwebcam_after: 1352 kare, yüz %100  (4167 s)
  [1586/3540] 5031_FullHDwebcam_before: 1352 kare, yüz %100  (4173 s)
  [1587/3540] 5031_USBVideo_after: 1352 kare, yüz %0  (4175 s)
  [1588/3540] 5031_USBVideo_before: 1352 kare, yüz %80  (4180 s)
  [1589/3540] 5031_IriunWebcam_before: 1352 kare, yüz %100  (4181 s)
  [1590/3540] 5031_IriunWebcam_after: 1353 kare, yüz %100  (4182 s)
  [1591/3540] 5044_FullHDwebcam_after: 1352 kare, yüz %100  (4186 s)
  [1592/3540] 5044_IriunWebcam_after: 1352 kare, yüz %100  (4188 s)
  [1593/3540] 5044_USBVideo_after: 1352 kare, yüz %0  (4190 s)
  [1594/3540] 5044_FullHDwebcam_before: 1352 kare, yüz %100  (4193 s)
  [1595/3540] 5044_IriunWebcam_before: 1352 kare, yüz %100  (4196 s)
  [1596/3540] 5044_USBVideo_before: 1352 kare, yüz %0  (4197 s)
  [1597/3540] 5074_FullHDwebcam_after: 1352 kare, yüz %100  (4199 s)
  [1598/3540] 5074_USBVideo_after: 1352 kare, yüz %100  (4203 s)
  [1599/3540] 5074_IriunWebcam_after: 1352 kare, yüz %100  (4203 s)
  [1600/3540] 5074_FullHDwebcam_before: 1352 kare, yüz %100  (4205 s)
  [1601/3540] 5074_IriunWebcam_before: 1353 kare, yüz %100  (4209 s)
  [1602/3540] 5074_USBVideo_before: 1352 kare, yüz %100  (4209 s)
  [1603/3540] 5078_FullHDwebcam_after: 1352 kare, yüz %100  (4215 s)
  [1604/3540] 5078_IriunWebcam_after: 1353 kare, yüz %100  (4216 s)
  [1605/3540] 5078_USBVideo_after: 1352 kare, yüz %100  (4217 s)
  [1606/3540] 5078_USBVideo_before: 1352 kare, yüz %100  (4224 s)
  [1607/3540] 5078_IriunWebcam_before: 1353 kare, yüz %100  (4224 s)
  [1608/3540] 5078_FullHDwebcam_before: 1352 kare, yüz %100  (4224 s)
  [1609/3540] 5096_FullHDwebcam_after: 1352 kare, yüz %100  (4231 s)
  [1610/3540] 5096_IriunWebcam_after: 1352 kare, yüz %100  (4231 s)
  [1611/3540] 5096_USBVideo_after: 1352 kare, yüz %38  (4233 s)
  [1612/3540] 5096_FullHDwebcam_before: 1352 kare, yüz %100  (4238 s)
  [1613/3540] 5096_USBVideo_before: 1353 kare, yüz %84  (4239 s)
  [1614/3540] 5096_IriunWebcam_before: 1353 kare, yüz %100  (4239 s)
  [1615/3540] 5123_IriunWebcam_after: 1353 kare, yüz %94  (4245 s)
  [1616/3540] 5123_FullHDwebcam_after: 1352 kare, yüz %91  (4246 s)
  [1617/3540] 5123_USBVideo_after: 1352 kare, yüz %0  (4250 s)
  [1618/3540] 5123_FullHDwebcam_before: 1352 kare, yüz %100  (4252 s)
  [1619/3540] 5123_IriunWebcam_before: 1352 kare, yüz %100  (4256 s)
  [1620/3540] 5123_USBVideo_before: 1352 kare, yüz %0  (4256 s)
  [1621/3540] 5125_FullHDwebcam_after: 1352 kare, yüz %100  (4259 s)
  [1622/3540] 5125_IriunWebcam_after: 1352 kare, yüz %100  (4262 s)
  [1623/3540] 5125_USBVideo_after: 1353 kare, yüz %100  (4263 s)
  [1624/3540] 5125_FullHDwebcam_before: 1352 kare, yüz %100  (4266 s)
  [1625/3540] 5125_IriunWebcam_before: 1353 kare, yüz %100  (4268 s)
  [1626/3540] 5125_USBVideo_before: 1353 kare, yüz %100  (4269 s)
  [1627/3540] 5130_IriunWebcam_after: 1353 kare, yüz %100  (4275 s)
  [1628/3540] 5130_FullHDwebcam_after: 1352 kare, yüz %100  (4276 s)
  [1629/3540] 5130_USBVideo_after: 1353 kare, yüz %100  (4276 s)
  [1630/3540] 5130_IriunWebcam_before: 1352 kare, yüz %100  (4282 s)
  [1631/3540] 5130_USBVideo_before: 1352 kare, yüz %98  (4283 s)
  [1632/3540] 5130_FullHDwebcam_before: 1352 kare, yüz %100  (4284 s)
  [1633/3540] 5138_FullHDwebcam_after: 1352 kare, yüz %100  (4290 s)
  [1634/3540] 5138_USBVideo_after: 1352 kare, yüz %100  (4291 s)
  [1635/3540] 5138_IriunWebcam_after: 1352 kare, yüz %100  (4291 s)
  [1636/3540] 5138_IriunWebcam_before: 1353 kare, yüz %100  (4298 s)
  [1637/3540] 5138_FullHDwebcam_before: 1352 kare, yüz %100  (4299 s)
  [1638/3540] 5138_USBVideo_before: 1352 kare, yüz %100  (4299 s)
  [1639/3540] 5148_FullHDwebcam_after: 1352 kare, yüz %100  (4304 s)
  [1640/3540] 5148_IriunWebcam_after: 1353 kare, yüz %100  (4305 s)
  [1641/3540] 5148_USBVideo_after: 1352 kare, yüz %100  (4306 s)
  [1642/3540] 5148_FullHDwebcam_before: 1352 kare, yüz %100  (4310 s)
  [1643/3540] 5148_IriunWebcam_before: 1353 kare, yüz %100  (4311 s)
  [1644/3540] 5148_USBVideo_before: 1353 kare, yüz %100  (4312 s)
  [1645/3540] 5156_FullHDwebcam_after: 1352 kare, yüz %100  (4316 s)
  [1646/3540] 5156_USBVideo_after: 1352 kare, yüz %100  (4318 s)
  [1647/3540] 5156_IriunWebcam_after: 1353 kare, yüz %100  (4318 s)
  [1648/3540] 5156_FullHDwebcam_before: 1352 kare, yüz %100  (4322 s)
  [1649/3540] 5156_IriunWebcam_before: 1351 kare, yüz %100  (4323 s)
  [1650/3540] 5156_USBVideo_before: 1352 kare, yüz %100  (4325 s)
  [1651/3540] 5174_FullHDwebcam_after: 1352 kare, yüz %100  (4330 s)
  [1652/3540] 5174_USBVideo_after: 1353 kare, yüz %89  (4330 s)
  [1653/3540] 5174_IriunWebcam_after: 1352 kare, yüz %100  (4331 s)
  [1654/3540] 5174_IriunWebcam_before: 1352 kare, yüz %100  (4337 s)
  [1655/3540] 5174_FullHDwebcam_before: 1352 kare, yüz %100  (4337 s)
  [1656/3540] 5174_USBVideo_before: 1352 kare, yüz %98  (4338 s)
  [1657/3540] 5207_FullHDwebcam_after: 1352 kare, yüz %100  (4343 s)
  [1658/3540] 5207_IriunWebcam_after: 1352 kare, yüz %100  (4344 s)
  [1659/3540] 5207_USBVideo_after: 1352 kare, yüz %100  (4344 s)
  [1660/3540] 5207_FullHDwebcam_before: 1352 kare, yüz %100  (4349 s)
  [1661/3540] 5207_IriunWebcam_before: 1353 kare, yüz %100  (4350 s)
  [1662/3540] 5207_USBVideo_before: 1352 kare, yüz %100  (4351 s)
  [1663/3540] 5214_USBVideo_after: 1352 kare, yüz %100  (4357 s)
  [1664/3540] 5214_IriunWebcam_after: 1352 kare, yüz %100  (4357 s)
  [1665/3540] 5214_FullHDwebcam_after: 1352 kare, yüz %100  (4357 s)
  [1666/3540] 5214_IriunWebcam_before: 1353 kare, yüz %100  (4363 s)
  [1667/3540] 5214_USBVideo_before: 1352 kare, yüz %100  (4364 s)
  [1668/3540] 5214_FullHDwebcam_before: 1352 kare, yüz %100  (4365 s)
  [1669/3540] 5215_FullHDwebcam_after: 1352 kare, yüz %100  (4370 s)
  [1670/3540] 5215_IriunWebcam_after: 1352 kare, yüz %100  (4370 s)
  [1671/3540] 5215_USBVideo_after: 1353 kare, yüz %27  (4371 s)
  [1672/3540] 5215_FullHDwebcam_before: 1352 kare, yüz %100  (4375 s)
  [1673/3540] 5215_IriunWebcam_before: 1353 kare, yüz %100  (4376 s)
  [1674/3540] 5215_USBVideo_before: 1352 kare, yüz %7  (4377 s)
  [1675/3540] 5217_IriunWebcam_after: 1353 kare, yüz %100  (4384 s)
  [1676/3540] 5217_USBVideo_after: 1352 kare, yüz %100  (4384 s)
  [1677/3540] 5217_FullHDwebcam_after: 1352 kare, yüz %100  (4384 s)
  [1678/3540] 5217_IriunWebcam_before: 1352 kare, yüz %89  (4391 s)
  [1679/3540] 5217_USBVideo_before: 1352 kare, yüz %93  (4392 s)
  [1680/3540] 5217_FullHDwebcam_before: 1352 kare, yüz %96  (4393 s)
  [1681/3540] 5223_FullHDwebcam_after: 1352 kare, yüz %100  (4400 s)
  [1682/3540] 5223_IriunWebcam_after: 1352 kare, yüz %100  (4400 s)
  [1683/3540] 5223_USBVideo_after: 1352 kare, yüz %2  (4401 s)
  [1684/3540] 5223_IriunWebcam_before: 1353 kare, yüz %100  (4408 s)
  [1685/3540] 5223_FullHDwebcam_before: 1353 kare, yüz %93  (4408 s)
  [1686/3540] 5223_USBVideo_before: 1353 kare, yüz %0  (4409 s)
  [1687/3540] 5228_FullHDwebcam_after: 1352 kare, yüz %100  (4416 s)
  [1688/3540] 5228_IriunWebcam_after: 1353 kare, yüz %100  (4417 s)
  [1689/3540] 5228_USBVideo_after: 1352 kare, yüz %100  (4418 s)
  [1690/3540] 5228_IriunWebcam_before: 1353 kare, yüz %97  (4425 s)
  [1691/3540] 5228_FullHDwebcam_before: 1352 kare, yüz %100  (4426 s)
  [1692/3540] 5228_USBVideo_before: 1352 kare, yüz %13  (4427 s)
  [1693/3540] 5237_USBVideo_after: 1352 kare, yüz %100  (4432 s)
  [1694/3540] 5237_IriunWebcam_after: 1351 kare, yüz %100  (4433 s)
  [1695/3540] 5237_FullHDwebcam_after: 1352 kare, yüz %100  (4435 s)
  [1696/3540] 5237_USBVideo_before: 1352 kare, yüz %100  (4440 s)
  [1697/3540] 5237_FullHDwebcam_before: 1352 kare, yüz %100  (4440 s)
  [1698/3540] 5237_IriunWebcam_before: 1352 kare, yüz %100  (4441 s)
  [1699/3540] 5243_FullHDwebcam_after: 1352 kare, yüz %100  (4447 s)
  [1700/3540] 5243_IriunWebcam_after: 1352 kare, yüz %100  (4447 s)
  [1701/3540] 5243_USBVideo_after: 1352 kare, yüz %98  (4448 s)
  [1702/3540] 5243_IriunWebcam_before: 1352 kare, yüz %100  (4455 s)
  [1703/3540] 5243_FullHDwebcam_before: 1352 kare, yüz %100  (4455 s)
  [1704/3540] 5243_USBVideo_before: 1353 kare, yüz %9  (4456 s)
  [1705/3540] 5250_IriunWebcam_after: 1353 kare, yüz %100  (4462 s)
  [1706/3540] 5250_FullHDwebcam_after: 1352 kare, yüz %100  (4462 s)
  [1707/3540] 5250_USBVideo_after: 1352 kare, yüz %0  (4466 s)
  [1708/3540] 5250_FullHDwebcam_before: 1352 kare, yüz %100  (4470 s)
  [1709/3540] 5250_USBVideo_before: 1352 kare, yüz %2  (4471 s)
  [1710/3540] 5250_IriunWebcam_before: 1351 kare, yüz %100  (4472 s)
  [1711/3540] 5287_IriunWebcam_after: 1352 kare, yüz %100  (4479 s)
  [1712/3540] 5287_FullHDwebcam_after: 1352 kare, yüz %100  (4480 s)
  [1713/3540] 5287_USBVideo_after: 1352 kare, yüz %0  (4481 s)
  [1714/3540] 5287_FullHDwebcam_before: 1352 kare, yüz %100  (4488 s)
  [1715/3540] 5287_IriunWebcam_before: 1353 kare, yüz %100  (4488 s)
  [1716/3540] 5287_USBVideo_before: 1352 kare, yüz %5  (4490 s)
  [1717/3540] 5288_USBVideo_after: 1352 kare, yüz %100  (4494 s)
  [1718/3540] 5288_FullHDwebcam_after: 1352 kare, yüz %100  (4496 s)
  [1719/3540] 5288_IriunWebcam_after: 1352 kare, yüz %100  (4496 s)
  [1720/3540] 5288_IriunWebcam_before: 1353 kare, yüz %100  (4502 s)
  [1721/3540] 5288_USBVideo_before: 1352 kare, yüz %52  (4503 s)
  [1722/3540] 5288_FullHDwebcam_before: 1352 kare, yüz %100  (4503 s)
  [1723/3540] 5292_USBVideo_after: 1352 kare, yüz %100  (4510 s)
  [1724/3540] 5292_IriunWebcam_after: 1353 kare, yüz %100  (4510 s)
  [1725/3540] 5292_FullHDwebcam_after: 1352 kare, yüz %100  (4511 s)
  [1726/3540] 5292_IriunWebcam_before: 1353 kare, yüz %100  (4517 s)
  [1727/3540] 5292_USBVideo_before: 1352 kare, yüz %100  (4518 s)
  [1728/3540] 5292_FullHDwebcam_before: 1352 kare, yüz %100  (4519 s)
  [1729/3540] 5307_USBVideo_after: 1352 kare, yüz %30  (4525 s)
  [1730/3540] 5307_IriunWebcam_after: 1353 kare, yüz %97  (4525 s)
  [1731/3540] 5307_FullHDwebcam_after: 1352 kare, yüz %98  (4526 s)
  [1732/3540] 5307_IriunWebcam_before: 1353 kare, yüz %100  (4532 s)
  [1733/3540] 5307_USBVideo_before: 1352 kare, yüz %100  (4533 s)
  [1734/3540] 5307_FullHDwebcam_before: 1352 kare, yüz %100  (4535 s)
  [1735/3540] 5308_FullHDwebcam_after: 1352 kare, yüz %100  (4539 s)
  [1736/3540] 5308_IriunWebcam_after: 1353 kare, yüz %100  (4541 s)
  [1737/3540] 5308_USBVideo_after: 1352 kare, yüz %0  (4543 s)
  [1738/3540] 5308_FullHDwebcam_before: 1352 kare, yüz %100  (4547 s)
  [1739/3540] 5308_IriunWebcam_before: 1352 kare, yüz %3  (4549 s)
  [1740/3540] 5308_USBVideo_before: 1352 kare, yüz %0  (4553 s)
  [1741/3540] 5332_FullHDwebcam_after: 1352 kare, yüz %100  (4554 s)
  [1742/3540] 5332_USBVideo_after: 1352 kare, yüz %0  (4559 s)
  [1743/3540] 5332_FullHDwebcam_before: 1352 kare, yüz %100  (4561 s)
  [1744/3540] 5332_IriunWebcam_after: 1352 kare, yüz %0  (4562 s)
  [1745/3540] 5332_USBVideo_before: 1353 kare, yüz %0  (4570 s)
  [1746/3540] 5332_IriunWebcam_before: 1353 kare, yüz %0  (4570 s)
  [1747/3540] 5347_FullHDwebcam_after: 1352 kare, yüz %100  (4570 s)
  [1748/3540] 5347_IriunWebcam_after: 1352 kare, yüz %100  (4575 s)
  [1749/3540] 5347_USBVideo_after: 1352 kare, yüz %100  (4576 s)
  [1750/3540] 5347_FullHDwebcam_before: 1352 kare, yüz %100  (4579 s)
  [1751/3540] 5347_USBVideo_before: 1352 kare, yüz %100  (4582 s)
  [1752/3540] 5347_IriunWebcam_before: 1353 kare, yüz %100  (4582 s)
  [1753/3540] 5353_FullHDwebcam_after: 1352 kare, yüz %98  (4586 s)
  [1754/3540] 5353_IriunWebcam_after: 1353 kare, yüz %100  (4588 s)
  [1755/3540] 5353_USBVideo_after: 1352 kare, yüz %4  (4589 s)
  [1756/3540] 5353_FullHDwebcam_before: 1352 kare, yüz %100  (4593 s)
  [1757/3540] 5353_IriunWebcam_before: 1352 kare, yüz %100  (4597 s)
  [1758/3540] 5353_USBVideo_before: 1352 kare, yüz %2  (4597 s)
  [1759/3540] 5356_FullHDwebcam_after: 1352 kare, yüz %100  (4600 s)
  [1760/3540] 5356_IriunWebcam_after: 1353 kare, yüz %100  (4604 s)
  [1761/3540] 5356_USBVideo_after: 1352 kare, yüz %0  (4608 s)
  [1762/3540] 5356_FullHDwebcam_before: 1352 kare, yüz %100  (4608 s)
  [1763/3540] 5356_USBVideo_before: 1352 kare, yüz %65  (4611 s)
  [1764/3540] 5356_IriunWebcam_before: 1353 kare, yüz %100  (4614 s)
  [1765/3540] 5394_FullHDwebcam_after: 1352 kare, yüz %100  (4616 s)
  [1766/3540] 5394_USBVideo_after: 1352 kare, yüz %87  (4619 s)
  [1767/3540] 5394_IriunWebcam_after: 1353 kare, yüz %59  (4620 s)
  [1768/3540] 5394_FullHDwebcam_before: 1352 kare, yüz %100  (4623 s)
  [1769/3540] 5394_IriunWebcam_before: 1353 kare, yüz %100  (4626 s)
  [1770/3540] 5394_USBVideo_before: 1352 kare, yüz %57  (4626 s)
  [1771/3540] 5395_FullHDwebcam_after: 1352 kare, yüz %100  (4631 s)
  [1772/3540] 5395_IriunWebcam_after: 1353 kare, yüz %100  (4632 s)
  [1773/3540] 5395_USBVideo_after: 1352 kare, yüz %100  (4633 s)
  [1774/3540] 5395_FullHDwebcam_before: 1352 kare, yüz %100  (4638 s)
  [1775/3540] 5395_IriunWebcam_before: 1353 kare, yüz %100  (4639 s)
  [1776/3540] 5395_USBVideo_before: 1352 kare, yüz %100  (4639 s)
  [1777/3540] 5441_FullHDwebcam_after: 1352 kare, yüz %100  (4646 s)
  [1778/3540] 5441_IriunWebcam_after: 1353 kare, yüz %100  (4646 s)
  [1779/3540] 5441_USBVideo_after: 1352 kare, yüz %0  (4650 s)
  [1780/3540] 5441_FullHDwebcam_before: 1352 kare, yüz %100  (4653 s)
  [1781/3540] 5441_USBVideo_before: 1352 kare, yüz %4  (4654 s)
  [1782/3540] 5441_IriunWebcam_before: 1353 kare, yüz %100  (4655 s)
  [1783/3540] 5483_FullHDwebcam_after: 1352 kare, yüz %100  (4662 s)
  [1784/3540] 5483_IriunWebcam_after: 1353 kare, yüz %100  (4662 s)
  [1785/3540] 5483_USBVideo_after: 1352 kare, yüz %0  (4664 s)
  [1786/3540] 5483_FullHDwebcam_before: 1352 kare, yüz %100  (4671 s)
  [1787/3540] 5483_IriunWebcam_before: 1352 kare, yüz %100  (4671 s)
  [1788/3540] 5483_USBVideo_before: 1352 kare, yüz %0  (4673 s)
  [1789/3540] 5486_IriunWebcam_after: 1353 kare, yüz %100  (4679 s)
  [1790/3540] 5486_FullHDwebcam_after: 1352 kare, yüz %100  (4679 s)
  [1791/3540] 5486_USBVideo_after: 1352 kare, yüz %2  (4680 s)
  [1792/3540] 5486_FullHDwebcam_before: 1352 kare, yüz %98  (4687 s)
  [1793/3540] 5486_USBVideo_before: 1352 kare, yüz %38  (4688 s)
  [1794/3540] 5486_IriunWebcam_before: 1352 kare, yüz %44  (4688 s)
  [1795/3540] 5500_IriunWebcam_after: 1353 kare, yüz %100  (4694 s)
  [1796/3540] 5500_USBVideo_after: 1352 kare, yüz %100  (4694 s)
  [1797/3540] 5500_FullHDwebcam_after: 1352 kare, yüz %100  (4696 s)
  [1798/3540] 5500_USBVideo_before: 1352 kare, yüz %100  (4701 s)
  [1799/3540] 5500_IriunWebcam_before: 1352 kare, yüz %100  (4702 s)
  [1800/3540] 5500_FullHDwebcam_before: 1352 kare, yüz %100  (4703 s)
  [1801/3540] 5507_FullHDwebcam_after: 1352 kare, yüz %100  (4706 s)
  [1802/3540] 5507_IriunWebcam_after: 1353 kare, yüz %100  (4708 s)
  [1803/3540] 5507_FullHDwebcam_before: 1352 kare, yüz %100  (4712 s)
  [1804/3540] 5507_IriunWebcam_before: 1353 kare, yüz %100  (4718 s)
  [1805/3540] 5507_USBVideo_before: 1352 kare, yüz %0  (4723 s)
  [1806/3540] 5507_USBVideo_after: 1352 kare, yüz %0  (4724 s)
  [1807/3540] 5524_FullHDwebcam_after: 1352 kare, yüz %100  (4726 s)
  [1808/3540] 5524_IriunWebcam_after: 1352 kare, yüz %100  (4730 s)
  [1809/3540] 5524_USBVideo_after: 1352 kare, yüz %100  (4730 s)
  [1810/3540] 5524_FullHDwebcam_before: 1352 kare, yüz %100  (4734 s)
  [1811/3540] 5524_IriunWebcam_before: 1352 kare, yüz %100  (4736 s)
  [1812/3540] 5524_USBVideo_before: 1352 kare, yüz %100  (4736 s)
  [1813/3540] 5526_FullHDwebcam_after: 1352 kare, yüz %100  (4742 s)
  [1814/3540] 5526_IriunWebcam_after: 1353 kare, yüz %100  (4742 s)
  [1815/3540] 5526_USBVideo_after: 1353 kare, yüz %100  (4744 s)
  [1816/3540] 5526_USBVideo_before: 1352 kare, yüz %100  (4750 s)
  [1817/3540] 5526_IriunWebcam_before: 1353 kare, yüz %100  (4750 s)
  [1818/3540] 5526_FullHDwebcam_before: 1352 kare, yüz %100  (4751 s)
  [1819/3540] 5533_FullHDwebcam_after: 1352 kare, yüz %96  (4757 s)
  [1820/3540] 5533_IriunWebcam_after: 1353 kare, yüz %100  (4757 s)
  [1821/3540] 5533_USBVideo_after: 1352 kare, yüz %0  (4759 s)
  [1822/3540] 5533_IriunWebcam_before: 1353 kare, yüz %100  (4765 s)
  [1823/3540] 5533_FullHDwebcam_before: 1352 kare, yüz %100  (4765 s)
  [1824/3540] 5533_USBVideo_before: 1353 kare, yüz %0  (4769 s)
  [1825/3540] 5535_FullHDwebcam_after: 1352 kare, yüz %100  (4772 s)
  [1826/3540] 5535_USBVideo_after: 1353 kare, yüz %100  (4773 s)
  [1827/3540] 5535_IriunWebcam_after: 1352 kare, yüz %100  (4774 s)
  [1828/3540] 5535_FullHDwebcam_before: 1352 kare, yüz %100  (4779 s)
  [1829/3540] 5535_USBVideo_before: 1352 kare, yüz %100  (4780 s)
  [1830/3540] 5535_IriunWebcam_before: 1352 kare, yüz %100  (4781 s)
  [1831/3540] 5536_FullHDwebcam_after: 1352 kare, yüz %100  (4786 s)
  [1832/3540] 5536_IriunWebcam_after: 1353 kare, yüz %100  (4787 s)
  [1833/3540] 5536_USBVideo_after: 1352 kare, yüz %0  (4790 s)
  [1834/3540] 5536_FullHDwebcam_before: 1352 kare, yüz %100  (4792 s)
  [1835/3540] 5536_USBVideo_before: 1353 kare, yüz %100  (4794 s)
  [1836/3540] 5536_IriunWebcam_before: 1353 kare, yüz %95  (4795 s)
  [1837/3540] 5543_FullHDwebcam_after: 1352 kare, yüz %100  (4802 s)
  [1838/3540] 5543_IriunWebcam_after: 1352 kare, yüz %100  (4802 s)
  [1839/3540] 5543_USBVideo_after: 1352 kare, yüz %7  (4804 s)
  [1840/3540] 5543_FullHDwebcam_before: 1352 kare, yüz %100  (4809 s)
  [1841/3540] 5543_IriunWebcam_before: 1352 kare, yüz %100  (4809 s)
  [1842/3540] 5543_USBVideo_before: 1352 kare, yüz %0  (4811 s)
  [1843/3540] 5550_USBVideo_after: 1352 kare, yüz %98  (4816 s)
  [1844/3540] 5550_IriunWebcam_after: 1353 kare, yüz %100  (4817 s)
  [1845/3540] 5550_FullHDwebcam_after: 1352 kare, yüz %100  (4818 s)
  [1846/3540] 5550_IriunWebcam_before: 1352 kare, yüz %100  (4824 s)
  [1847/3540] 5550_USBVideo_before: 1352 kare, yüz %100  (4825 s)
  [1848/3540] 5550_FullHDwebcam_before: 1352 kare, yüz %100  (4825 s)
  [1849/3540] 5562_IriunWebcam_after: 1352 kare, yüz %100  (4830 s)
  [1850/3540] 5562_FullHDwebcam_after: 1352 kare, yüz %100  (4830 s)
  [1851/3540] 5562_FullHDwebcam_before: 1352 kare, yüz %100  (4838 s)
  [1852/3540] 5562_USBVideo_after: 1352 kare, yüz %7  (4839 s)
  [1853/3540] 5562_USBVideo_before: 1352 kare, yüz %0  (4841 s)
  [1854/3540] 5562_IriunWebcam_before: 1353 kare, yüz %100  (4844 s)
  [1855/3540] 5563_FullHDwebcam_after: 1352 kare, yüz %100  (4848 s)
  [1856/3540] 5563_USBVideo_after: 1352 kare, yüz %93  (4848 s)
  [1857/3540] 5563_IriunWebcam_after: 1353 kare, yüz %100  (4849 s)
  [1858/3540] 5563_USBVideo_before: 1352 kare, yüz %100  (4855 s)
  [1859/3540] 5563_IriunWebcam_before: 1353 kare, yüz %100  (4856 s)
  [1860/3540] 5563_FullHDwebcam_before: 1352 kare, yüz %100  (4857 s)
  [1861/3540] 5564_FullHDwebcam_after: 1352 kare, yüz %100  (4862 s)
  [1862/3540] 5564_IriunWebcam_after: 1352 kare, yüz %100  (4862 s)
  [1863/3540] 5564_USBVideo_after: 1352 kare, yüz %100  (4863 s)
  [1864/3540] 5564_IriunWebcam_before: 1352 kare, yüz %100  (4868 s)
  [1865/3540] 5564_FullHDwebcam_before: 1352 kare, yüz %100  (4869 s)
  [1866/3540] 5564_USBVideo_before: 1352 kare, yüz %96  (4869 s)
  [1867/3540] 5587_IriunWebcam_after: 1351 kare, yüz %100  (4875 s)
  [1868/3540] 5587_FullHDwebcam_after: 1352 kare, yüz %100  (4876 s)
  [1869/3540] 5587_USBVideo_after: 1352 kare, yüz %56  (4877 s)
  [1870/3540] 5587_FullHDwebcam_before: 1352 kare, yüz %100  (4881 s)
  [1871/3540] 5587_IriunWebcam_before: 1352 kare, yüz %100  (4883 s)
  [1872/3540] 5587_USBVideo_before: 1352 kare, yüz %69  (4884 s)
  [1873/3540] 5626_FullHDwebcam_after: 1352 kare, yüz %98  (4890 s)
  [1874/3540] 5626_IriunWebcam_after: 1353 kare, yüz %100  (4890 s)
  [1875/3540] 5626_USBVideo_after: 1353 kare, yüz %89  (4891 s)
  [1876/3540] 5626_IriunWebcam_before: 1353 kare, yüz %100  (4898 s)
  [1877/3540] 5626_USBVideo_before: 1352 kare, yüz %96  (4898 s)
  [1878/3540] 5626_FullHDwebcam_before: 1352 kare, yüz %98  (4899 s)
  [1879/3540] 5637_USBVideo_after: 1352 kare, yüz %100  (4905 s)
  [1880/3540] 5637_IriunWebcam_after: 1353 kare, yüz %100  (4906 s)
  [1881/3540] 5637_FullHDwebcam_after: 1352 kare, yüz %100  (4907 s)
  [1882/3540] 5637_USBVideo_before: 1352 kare, yüz %100  (4913 s)
  [1883/3540] 5637_IriunWebcam_before: 1353 kare, yüz %100  (4913 s)
  [1884/3540] 5637_FullHDwebcam_before: 1352 kare, yüz %100  (4914 s)
  [1885/3540] 5644_IriunWebcam_after: 1352 kare, yüz %100  (4920 s)
  [1886/3540] 5644_USBVideo_after: 1353 kare, yüz %100  (4922 s)
  [1887/3540] 5644_FullHDwebcam_after: 1352 kare, yüz %100  (4922 s)
  [1888/3540] 5644_IriunWebcam_before: 1353 kare, yüz %100  (4928 s)
  [1889/3540] 5644_FullHDwebcam_before: 1352 kare, yüz %100  (4929 s)
  [1890/3540] 5644_USBVideo_before: 1353 kare, yüz %100  (4930 s)
  [1891/3540] 5646_IriunWebcam_after: 1353 kare, yüz %100  (4936 s)
  [1892/3540] 5646_FullHDwebcam_after: 1352 kare, yüz %100  (4936 s)
  [1893/3540] 5646_USBVideo_after: 1352 kare, yüz %100  (4936 s)
  [1894/3540] 5646_IriunWebcam_before: 1352 kare, yüz %100  (4942 s)
  [1895/3540] 5646_USBVideo_before: 1352 kare, yüz %100  (4943 s)
  [1896/3540] 5646_FullHDwebcam_before: 1352 kare, yüz %100  (4943 s)
  [1897/3540] 5676_IriunWebcam_after: 1352 kare, yüz %100  (4950 s)
  [1898/3540] 5676_USBVideo_after: 1352 kare, yüz %100  (4950 s)
  [1899/3540] 5676_FullHDwebcam_after: 1352 kare, yüz %100  (4950 s)
  [1900/3540] 5676_IriunWebcam_before: 1353 kare, yüz %100  (4956 s)
  [1901/3540] 5676_USBVideo_before: 1353 kare, yüz %98  (4956 s)
  [1902/3540] 5676_FullHDwebcam_before: 1352 kare, yüz %100  (4958 s)
  [1903/3540] 5719_USBVideo_after: 1352 kare, yüz %100  (4963 s)
  [1904/3540] 5719_IriunWebcam_after: 1352 kare, yüz %100  (4965 s)
  [1905/3540] 5719_FullHDwebcam_after: 1352 kare, yüz %100  (4965 s)
  [1906/3540] 5719_IriunWebcam_before: 1353 kare, yüz %100  (4972 s)
  [1907/3540] 5719_USBVideo_before: 1352 kare, yüz %100  (4972 s)
  [1908/3540] 5719_FullHDwebcam_before: 1352 kare, yüz %100  (4973 s)
  [1909/3540] 5721_IriunWebcam_after: 1352 kare, yüz %100  (4980 s)
  [1910/3540] 5721_FullHDwebcam_after: 1352 kare, yüz %100  (4980 s)
  [1911/3540] 5721_USBVideo_after: 1353 kare, yüz %100  (4980 s)
  [1912/3540] 5721_FullHDwebcam_before: 1352 kare, yüz %100  (4987 s)
  [1913/3540] 5721_IriunWebcam_before: 1352 kare, yüz %100  (4987 s)
  [1914/3540] 5721_USBVideo_before: 1352 kare, yüz %100  (4988 s)
  [1915/3540] 5733_FullHDwebcam_after: 1352 kare, yüz %100  (4994 s)
  [1916/3540] 5733_IriunWebcam_after: 1352 kare, yüz %100  (4995 s)
  [1917/3540] 5733_USBVideo_after: 1352 kare, yüz %5  (4996 s)
  [1918/3540] 5733_FullHDwebcam_before: 1352 kare, yüz %100  (5002 s)
  [1919/3540] 5733_IriunWebcam_before: 1353 kare, yüz %100  (5003 s)
  [1920/3540] 5733_USBVideo_before: 1353 kare, yüz %2  (5004 s)
  [1921/3540] 5734_FullHDwebcam_after: 1352 kare, yüz %100  (5008 s)
  [1922/3540] 5734_IriunWebcam_after: 1353 kare, yüz %100  (5010 s)
  [1923/3540] 5734_USBVideo_after: 1352 kare, yüz %100  (5010 s)
  [1924/3540] 5734_FullHDwebcam_before: 1352 kare, yüz %100  (5015 s)
  [1925/3540] 5734_IriunWebcam_before: 1352 kare, yüz %100  (5017 s)
  [1926/3540] 5734_USBVideo_before: 1352 kare, yüz %100  (5017 s)
  [1927/3540] 5785_IriunWebcam_after: 1353 kare, yüz %100  (5024 s)
  [1928/3540] 5785_FullHDwebcam_after: 1352 kare, yüz %100  (5024 s)
  [1929/3540] 5785_USBVideo_after: 1353 kare, yüz %0  (5028 s)
  [1930/3540] 5785_FullHDwebcam_before: 1352 kare, yüz %100  (5030 s)
  [1931/3540] 5785_USBVideo_before: 1352 kare, yüz %64  (5030 s)
  [1932/3540] 5785_IriunWebcam_before: 1352 kare, yüz %100  (5033 s)
  [1933/3540] 5790_FullHDwebcam_after: 1352 kare, yüz %100  (5038 s)
  [1934/3540] 5790_IriunWebcam_after: 1353 kare, yüz %100  (5040 s)
  [1935/3540] 5790_USBVideo_after: 1352 kare, yüz %0  (5041 s)
  [1936/3540] 5790_FullHDwebcam_before: 1352 kare, yüz %100  (5046 s)
  [1937/3540] 5790_IriunWebcam_before: 1352 kare, yüz %100  (5048 s)
  [1938/3540] 5790_USBVideo_before: 1352 kare, yüz %0  (5050 s)
  [1939/3540] 5796_FullHDwebcam_after: 1352 kare, yüz %100  (5053 s)
  [1940/3540] 5796_USBVideo_after: 1353 kare, yüz %100  (5055 s)
  [1941/3540] 5796_IriunWebcam_after: 1352 kare, yüz %100  (5056 s)
  [1942/3540] 5796_FullHDwebcam_before: 1352 kare, yüz %100  (5061 s)
  [1943/3540] 5796_IriunWebcam_before: 1352 kare, yüz %100  (5061 s)
  [1944/3540] 5796_USBVideo_before: 1352 kare, yüz %100  (5063 s)
  [1945/3540] 5800_FullHDwebcam_after: 1352 kare, yüz %100  (5068 s)
  [1946/3540] 5800_USBVideo_after: 1352 kare, yüz %100  (5068 s)
  [1947/3540] 5800_IriunWebcam_after: 1352 kare, yüz %100  (5069 s)
  [1948/3540] 5800_IriunWebcam_before: 1353 kare, yüz %100  (5075 s)
  [1949/3540] 5800_USBVideo_before: 1352 kare, yüz %100  (5075 s)
  [1950/3540] 5800_FullHDwebcam_before: 1352 kare, yüz %100  (5076 s)
  [1951/3540] 5811_USBVideo_after: 1352 kare, yüz %100  (5083 s)
  [1952/3540] 5811_IriunWebcam_after: 1353 kare, yüz %100  (5083 s)
  [1953/3540] 5811_FullHDwebcam_after: 1352 kare, yüz %100  (5084 s)
  [1954/3540] 5811_USBVideo_before: 1352 kare, yüz %100  (5090 s)
  [1955/3540] 5811_IriunWebcam_before: 1352 kare, yüz %100  (5090 s)
  [1956/3540] 5811_FullHDwebcam_before: 1352 kare, yüz %100  (5092 s)
  [1957/3540] 5822_IriunWebcam_after: 1353 kare, yüz %100  (5098 s)
  [1958/3540] 5822_USBVideo_after: 1352 kare, yüz %100  (5099 s)
  [1959/3540] 5822_FullHDwebcam_after: 1352 kare, yüz %100  (5100 s)
  [1960/3540] 5822_IriunWebcam_before: 1352 kare, yüz %100  (5105 s)
  [1961/3540] 5822_USBVideo_before: 1352 kare, yüz %100  (5106 s)
  [1962/3540] 5833_FullHDwebcam_after: 1352 kare, yüz %100  (5112 s)
  [1963/3540] 5833_USBVideo_after: 1352 kare, yüz %2  (5114 s)
  [1964/3540] 5822_FullHDwebcam_before: 1352 kare, yüz %100  (5117 s)
  [1965/3540] 5833_IriunWebcam_after: 1352 kare, yüz %97  (5118 s)
  [1966/3540] 5833_FullHDwebcam_before: 1352 kare, yüz %100  (5121 s)
  [1967/3540] 5833_IriunWebcam_before: 1353 kare, yüz %61  (5124 s)
  [1968/3540] 5833_USBVideo_before: 1352 kare, yüz %0  (5128 s)
  [1969/3540] 5860_FullHDwebcam_after: 1352 kare, yüz %100  (5129 s)
  [1970/3540] 5860_IriunWebcam_after: 1352 kare, yüz %100  (5133 s)
  [1971/3540] 5860_USBVideo_after: 1352 kare, yüz %0  (5134 s)
  [1972/3540] 5860_FullHDwebcam_before: 1352 kare, yüz %100  (5138 s)
  [1973/3540] 5860_IriunWebcam_before: 1353 kare, yüz %100  (5140 s)
  [1974/3540] 5860_USBVideo_before: 1352 kare, yüz %0  (5144 s)
  [1975/3540] 5904_FullHDwebcam_after: 1352 kare, yüz %100  (5147 s)
  [1976/3540] 5904_USBVideo_after: 1352 kare, yüz %100  (5147 s)
  [1977/3540] 5904_IriunWebcam_after: 1353 kare, yüz %100  (5149 s)
  [1978/3540] 5904_USBVideo_before: 1352 kare, yüz %100  (5154 s)
  [1979/3540] 5904_IriunWebcam_before: 1352 kare, yüz %97  (5155 s)
  [1980/3540] 5904_FullHDwebcam_before: 1352 kare, yüz %98  (5155 s)
  [1981/3540] 5909_IriunWebcam_after: 1352 kare, yüz %100  (5161 s)
  [1982/3540] 5909_FullHDwebcam_after: 1352 kare, yüz %100  (5162 s)
  [1983/3540] 5909_USBVideo_after: 1352 kare, yüz %0  (5166 s)
  [1984/3540] 5909_FullHDwebcam_before: 1352 kare, yüz %100  (5169 s)
  [1985/3540] 5909_USBVideo_before: 1352 kare, yüz %0  (5173 s)
  [1986/3540] 5909_IriunWebcam_before: 1352 kare, yüz %100  (5173 s)
  [1987/3540] 5921_FullHDwebcam_after: 1352 kare, yüz %100  (5177 s)
  [1988/3540] 5921_IriunWebcam_after: 1352 kare, yüz %100  (5179 s)
  [1989/3540] 5921_USBVideo_after: 1352 kare, yüz %67  (5182 s)
  [1990/3540] 5921_FullHDwebcam_before: 1352 kare, yüz %100  (5185 s)
  [1991/3540] 5921_IriunWebcam_before: 1353 kare, yüz %100  (5188 s)
  [1992/3540] 5921_USBVideo_before: 1352 kare, yüz %80  (5188 s)
  [1993/3540] 5928_FullHDwebcam_after: 1352 kare, yüz %100  (5192 s)
  [1994/3540] 5928_IriunWebcam_after: 1353 kare, yüz %100  (5194 s)
  [1995/3540] 5928_USBVideo_after: 1352 kare, yüz %4  (5197 s)
  [1996/3540] 5928_FullHDwebcam_before: 1352 kare, yüz %100  (5199 s)
  [1997/3540] 5928_IriunWebcam_before: 1353 kare, yüz %100  (5203 s)
  [1998/3540] 5928_USBVideo_before: 1352 kare, yüz %0  (5204 s)
  [1999/3540] 5938_FullHDwebcam_after: 1352 kare, yüz %100  (5207 s)
  [2000/3540] 5938_IriunWebcam_after: 1353 kare, yüz %100  (5211 s)
  [2001/3540] 5938_USBVideo_after: 1352 kare, yüz %0  (5213 s)
  [2002/3540] 5938_FullHDwebcam_before: 1352 kare, yüz %100  (5216 s)
  [2003/3540] 5938_IriunWebcam_before: 1353 kare, yüz %100  (5221 s)
  [2004/3540] 5938_USBVideo_before: 1353 kare, yüz %89  (5222 s)
  [2005/3540] 5948_FullHDwebcam_after: 1352 kare, yüz %100  (5224 s)
  [2006/3540] 5948_IriunWebcam_after: 1352 kare, yüz %100  (5228 s)
  [2007/3540] 5948_USBVideo_after: 1352 kare, yüz %20  (5230 s)
  [2008/3540] 5948_FullHDwebcam_before: 1352 kare, yüz %100  (5233 s)
  [2009/3540] 5948_USBVideo_before: 1352 kare, yüz %31  (5236 s)
  [2010/3540] 5948_IriunWebcam_before: 1352 kare, yüz %100  (5237 s)
  [2011/3540] 5974_FullHDwebcam_after: 1352 kare, yüz %100  (5240 s)
  [2012/3540] 5974_IriunWebcam_after: 1352 kare, yüz %100  (5243 s)
  [2013/3540] 5974_USBVideo_after: 1352 kare, yüz %0  (5245 s)
  [2014/3540] 5974_FullHDwebcam_before: 1352 kare, yüz %100  (5248 s)
  [2015/3540] 5974_IriunWebcam_before: 1352 kare, yüz %100  (5252 s)
  [2016/3540] 5974_USBVideo_before: 1352 kare, yüz %0  (5255 s)
  [2017/3540] 5980_FullHDwebcam_after: 1352 kare, yüz %100  (5255 s)
  [2018/3540] 5980_USBVideo_after: 1352 kare, yüz %49  (5258 s)
  [2019/3540] 5980_IriunWebcam_after: 1353 kare, yüz %100  (5261 s)
  [2020/3540] 5980_FullHDwebcam_before: 1352 kare, yüz %100  (5262 s)
  [2021/3540] 5980_IriunWebcam_before: 1353 kare, yüz %100  (5267 s)
  [2022/3540] 5980_USBVideo_before: 1352 kare, yüz %0  (5267 s)
  [2023/3540] 5989_FullHDwebcam_after: 1352 kare, yüz %100  (5271 s)
  [2024/3540] 5989_IriunWebcam_after: 1353 kare, yüz %100  (5273 s)
  [2025/3540] 5989_USBVideo_after: 1352 kare, yüz %100  (5274 s)
  [2026/3540] 5989_FullHDwebcam_before: 1352 kare, yüz %100  (5280 s)
  [2027/3540] 5989_IriunWebcam_before: 1353 kare, yüz %100  (5280 s)
  [2028/3540] 5989_USBVideo_before: 1352 kare, yüz %100  (5281 s)
  [2029/3540] 6008_USBVideo_after: 1352 kare, yüz %100  (5287 s)
  [2030/3540] 6008_FullHDwebcam_after: 1352 kare, yüz %100  (5288 s)
  [2031/3540] 6008_IriunWebcam_after: 1353 kare, yüz %100  (5289 s)
  [2032/3540] 6008_USBVideo_before: 1352 kare, yüz %100  (5296 s)
  [2033/3540] 6008_IriunWebcam_before: 1353 kare, yüz %100  (5296 s)
  [2034/3540] 6008_FullHDwebcam_before: 1352 kare, yüz %100  (5297 s)
  [2035/3540] 6028_IriunWebcam_after: 1352 kare, yüz %100  (5304 s)
  [2036/3540] 6028_FullHDwebcam_after: 1352 kare, yüz %100  (5305 s)
  [2037/3540] 6028_USBVideo_after: 1352 kare, yüz %4  (5306 s)
  [2038/3540] 6028_FullHDwebcam_before: 1352 kare, yüz %100  (5311 s)
  [2039/3540] 6028_IriunWebcam_before: 1352 kare, yüz %100  (5313 s)
  [2040/3540] 6028_USBVideo_before: 1352 kare, yüz %7  (5316 s)
  [2041/3540] 6031_FullHDwebcam_after: 1352 kare, yüz %100  (5318 s)
  [2042/3540] 6031_IriunWebcam_after: 1353 kare, yüz %100  (5322 s)
  [2043/3540] 6031_USBVideo_after: 1352 kare, yüz %26  (5322 s)
  [2044/3540] 6031_FullHDwebcam_before: 1352 kare, yüz %100  (5325 s)
  [2045/3540] 6031_IriunWebcam_before: 1352 kare, yüz %100  (5329 s)
  [2046/3540] 6031_USBVideo_before: 1352 kare, yüz %0  (5333 s)
  [2047/3540] 6042_FullHDwebcam_after: 1352 kare, yüz %100  (5334 s)
  [2048/3540] 6042_IriunWebcam_after: 1352 kare, yüz %100  (5340 s)
  [2049/3540] 6042_USBVideo_after: 1352 kare, yüz %0  (5340 s)
  [2050/3540] 6042_FullHDwebcam_before: 1352 kare, yüz %100  (5342 s)
  [2051/3540] 6042_IriunWebcam_before: 1353 kare, yüz %100  (5347 s)
  [2052/3540] 6042_USBVideo_before: 1352 kare, yüz %0  (5351 s)
  [2053/3540] 6066_FullHDwebcam_after: 1352 kare, yüz %100  (5351 s)
  [2054/3540] 6066_USBVideo_after: 1352 kare, yüz %33  (5356 s)
  [2055/3540] 6066_IriunWebcam_after: 1352 kare, yüz %100  (5357 s)
  [2056/3540] 6066_FullHDwebcam_before: 1352 kare, yüz %100  (5359 s)
  [2057/3540] 6066_IriunWebcam_before: 1352 kare, yüz %100  (5364 s)
  [2058/3540] 6082_FullHDwebcam_after: 1352 kare, yüz %100  (5365 s)
  [2059/3540] 6066_USBVideo_before: 1352 kare, yüz %62  (5365 s)
  [2060/3540] 6082_IriunWebcam_after: 1352 kare, yüz %100  (5371 s)
  [2061/3540] 6082_USBVideo_after: 1352 kare, yüz %100  (5371 s)
  [2062/3540] 6082_FullHDwebcam_before: 1352 kare, yüz %100  (5372 s)
  [2063/3540] 6082_IriunWebcam_before: 1353 kare, yüz %100  (5378 s)
  [2064/3540] 6091_FullHDwebcam_after: 1352 kare, yüz %100  (5379 s)
  [2065/3540] 6082_USBVideo_before: 1352 kare, yüz %100  (5379 s)
  [2066/3540] 6091_FullHDwebcam_before: 1352 kare, yüz %100  (5386 s)
  [2067/3540] 6091_IriunWebcam_after: 1352 kare, yüz %100  (5386 s)
  [2068/3540] 6091_USBVideo_after: 1352 kare, yüz %100  (5386 s)
  [2069/3540] 6091_IriunWebcam_before: 1352 kare, yüz %100  (5392 s)
  [2070/3540] 6097_FullHDwebcam_after: 1352 kare, yüz %100  (5393 s)
  [2071/3540] 6091_USBVideo_before: 1352 kare, yüz %100  (5393 s)
  [2072/3540] 6097_IriunWebcam_after: 1352 kare, yüz %100  (5400 s)
  [2073/3540] 6097_USBVideo_after: 1352 kare, yüz %13  (5400 s)
  [2074/3540] 6097_FullHDwebcam_before: 1352 kare, yüz %100  (5402 s)
  [2075/3540] 6097_IriunWebcam_before: 1352 kare, yüz %100  (5407 s)
  [2076/3540] 6114_FullHDwebcam_after: 1352 kare, yüz %100  (5409 s)
  [2077/3540] 6097_USBVideo_before: 1352 kare, yüz %4  (5410 s)
  [2078/3540] 6114_USBVideo_after: 1352 kare, yüz %100  (5413 s)
  [2079/3540] 6114_IriunWebcam_after: 1353 kare, yüz %100  (5414 s)
  [2080/3540] 6114_FullHDwebcam_before: 1352 kare, yüz %100  (5416 s)
  [2081/3540] 6114_USBVideo_before: 1352 kare, yüz %100  (5420 s)
  [2082/3540] 6114_IriunWebcam_before: 1352 kare, yüz %100  (5420 s)
  [2083/3540] 6127_FullHDwebcam_after: 1352 kare, yüz %100  (5424 s)
  [2084/3540] 6127_IriunWebcam_after: 1352 kare, yüz %100  (5426 s)
  [2085/3540] 6127_USBVideo_after: 1352 kare, yüz %100  (5427 s)
  [2086/3540] 6127_FullHDwebcam_before: 1352 kare, yüz %100  (5433 s)
  [2087/3540] 6127_IriunWebcam_before: 1353 kare, yüz %100  (5433 s)
  [2088/3540] 6127_USBVideo_before: 1352 kare, yüz %100  (5435 s)
  [2089/3540] 6137_FullHDwebcam_after: 1352 kare, yüz %100  (5441 s)
  [2090/3540] 6137_USBVideo_after: 1352 kare, yüz %9  (5442 s)
  [2091/3540] 6137_IriunWebcam_after: 1351 kare, yüz %100  (5444 s)
  [2092/3540] 6137_USBVideo_before: 1352 kare, yüz %52  (5449 s)
  [2093/3540] 6137_IriunWebcam_before: 1353 kare, yüz %100  (5450 s)
  [2094/3540] 6137_FullHDwebcam_before: 1352 kare, yüz %100  (5450 s)
  [2095/3540] 6145_IriunWebcam_after: 1353 kare, yüz %100  (5457 s)
  [2096/3540] 6145_FullHDwebcam_after: 1352 kare, yüz %100  (5458 s)
  [2097/3540] 6145_USBVideo_after: 1352 kare, yüz %0  (5461 s)
  [2098/3540] 6145_FullHDwebcam_before: 1352 kare, yüz %100  (5466 s)
  [2099/3540] 6145_IriunWebcam_before: 1353 kare, yüz %100  (5468 s)
  [2100/3540] 6145_USBVideo_before: 1352 kare, yüz %0  (5469 s)
  [2101/3540] 6176_FullHDwebcam_after: 1352 kare, yüz %100  (5471 s)
  [2102/3540] 6176_USBVideo_after: 1353 kare, yüz %100  (5475 s)
  [2103/3540] 6176_IriunWebcam_after: 1353 kare, yüz %100  (5475 s)
  [2104/3540] 6176_FullHDwebcam_before: 1352 kare, yüz %100  (5477 s)
  [2105/3540] 6176_IriunWebcam_before: 1353 kare, yüz %100  (5480 s)
  [2106/3540] 6176_USBVideo_before: 1353 kare, yüz %100  (5482 s)
  [2107/3540] 6193_FullHDwebcam_after: 1352 kare, yüz %100  (5487 s)
  [2108/3540] 6193_USBVideo_after: 1352 kare, yüz %100  (5487 s)
  [2109/3540] 6193_IriunWebcam_after: 1353 kare, yüz %100  (5488 s)
  [2110/3540] 6193_IriunWebcam_before: 1352 kare, yüz %100  (5494 s)
  [2111/3540] 6193_USBVideo_before: 1352 kare, yüz %100  (5495 s)
  [2112/3540] 6193_FullHDwebcam_before: 1352 kare, yüz %100  (5497 s)
  [2113/3540] 6223_FullHDwebcam_after: 1352 kare, yüz %100  (5500 s)
  [2114/3540] 6223_USBVideo_after: 1352 kare, yüz %100  (5502 s)
  [2115/3540] 6223_IriunWebcam_after: 1353 kare, yüz %100  (5502 s)
  [2116/3540] 6223_FullHDwebcam_before: 1352 kare, yüz %100  (5506 s)
  [2117/3540] 6223_IriunWebcam_before: 1352 kare, yüz %100  (5508 s)
  [2118/3540] 6223_USBVideo_before: 1352 kare, yüz %100  (5510 s)
  [2119/3540] 6245_FullHDwebcam_after: 1352 kare, yüz %100  (5513 s)
  [2120/3540] 6245_USBVideo_after: 1352 kare, yüz %100  (5515 s)
  [2121/3540] 6245_IriunWebcam_after: 1353 kare, yüz %100  (5516 s)
  [2122/3540] 6245_FullHDwebcam_before: 1352 kare, yüz %100  (5520 s)
  [2123/3540] 6245_IriunWebcam_before: 1353 kare, yüz %100  (5522 s)
  [2124/3540] 6245_USBVideo_before: 1352 kare, yüz %93  (5523 s)
  [2125/3540] 6255_IriunWebcam_after: 1352 kare, yüz %100  (5529 s)
  [2126/3540] 6255_USBVideo_after: 1353 kare, yüz %100  (5529 s)
  [2127/3540] 6255_FullHDwebcam_after: 1352 kare, yüz %100  (5530 s)
  [2128/3540] 6255_USBVideo_before: 1352 kare, yüz %100  (5536 s)
  [2129/3540] 6255_IriunWebcam_before: 1352 kare, yüz %100  (5536 s)
  [2130/3540] 6255_FullHDwebcam_before: 1352 kare, yüz %100  (5537 s)
  [2131/3540] 6277_IriunWebcam_after: 1351 kare, yüz %100  (5544 s)
  [2132/3540] 6277_USBVideo_after: 1353 kare, yüz %100  (5546 s)
  [2133/3540] 6277_FullHDwebcam_after: 1352 kare, yüz %100  (5546 s)
  [2134/3540] 6277_IriunWebcam_before: 1353 kare, yüz %100  (5553 s)
  [2135/3540] 6277_USBVideo_before: 1352 kare, yüz %100  (5554 s)
  [2136/3540] 6277_FullHDwebcam_before: 1352 kare, yüz %100  (5554 s)
  [2137/3540] 6281_IriunWebcam_after: 1352 kare, yüz %100  (5560 s)
  [2138/3540] 6281_FullHDwebcam_after: 1352 kare, yüz %100  (5562 s)
  [2139/3540] 6281_USBVideo_after: 1352 kare, yüz %54  (5563 s)
  [2140/3540] 6281_FullHDwebcam_before: 1352 kare, yüz %100  (5568 s)
  [2141/3540] 6281_IriunWebcam_before: 1353 kare, yüz %100  (5570 s)
  [2142/3540] 6281_USBVideo_before: 1353 kare, yüz %38  (5571 s)
  [2143/3540] 6289_USBVideo_after: 1352 kare, yüz %100  (5578 s)
  [2144/3540] 6289_FullHDwebcam_after: 1352 kare, yüz %100  (5578 s)
  [2145/3540] 6289_IriunWebcam_after: 1353 kare, yüz %100  (5578 s)
  [2146/3540] 6289_USBVideo_before: 1352 kare, yüz %100  (5585 s)
  [2147/3540] 6289_IriunWebcam_before: 1352 kare, yüz %100  (5585 s)
  [2148/3540] 6289_FullHDwebcam_before: 1352 kare, yüz %100  (5587 s)
  [2149/3540] 6304_USBVideo_after: 1352 kare, yüz %100  (5592 s)
  [2150/3540] 6304_IriunWebcam_after: 1353 kare, yüz %100  (5593 s)
  [2151/3540] 6304_FullHDwebcam_after: 1352 kare, yüz %100  (5594 s)
  [2152/3540] 6304_IriunWebcam_before: 1352 kare, yüz %100  (5600 s)
  [2153/3540] 6304_USBVideo_before: 1352 kare, yüz %100  (5600 s)
  [2154/3540] 6304_FullHDwebcam_before: 1352 kare, yüz %100  (5601 s)
  [2155/3540] 6307_IriunWebcam_after: 1352 kare, yüz %100  (5607 s)
  [2156/3540] 6307_FullHDwebcam_after: 1352 kare, yüz %100  (5608 s)
  [2157/3540] 6307_USBVideo_after: 1352 kare, yüz %0  (5610 s)
  [2158/3540] 6307_FullHDwebcam_before: 1352 kare, yüz %100  (5613 s)
  [2159/3540] 6307_USBVideo_before: 1352 kare, yüz %2  (5616 s)
  [2160/3540] 6307_IriunWebcam_before: 1353 kare, yüz %11  (5616 s)
  [2161/3540] 6329_FullHDwebcam_after: 1352 kare, yüz %100  (5621 s)
  [2162/3540] 6329_IriunWebcam_after: 1353 kare, yüz %100  (5623 s)
  [2163/3540] 6329_USBVideo_after: 1352 kare, yüz %0  (5625 s)
  [2164/3540] 6329_FullHDwebcam_before: 1352 kare, yüz %100  (5630 s)
  [2165/3540] 6329_IriunWebcam_before: 1353 kare, yüz %100  (5632 s)
  [2166/3540] 6329_USBVideo_before: 1352 kare, yüz %0  (5633 s)
  [2167/3540] 6334_FullHDwebcam_after: 1352 kare, yüz %100  (5637 s)
  [2168/3540] 6334_IriunWebcam_after: 1352 kare, yüz %100  (5639 s)
  [2169/3540] 6334_USBVideo_after: 1353 kare, yüz %0  (5641 s)
  [2170/3540] 6334_FullHDwebcam_before: 1352 kare, yüz %100  (5644 s)
  [2171/3540] 6334_USBVideo_before: 1353 kare, yüz %29  (5645 s)
  [2172/3540] 6334_IriunWebcam_before: 1353 kare, yüz %100  (5647 s)
  [2173/3540] 6340_FullHDwebcam_after: 1352 kare, yüz %100  (5653 s)
  [2174/3540] 6340_IriunWebcam_after: 1352 kare, yüz %100  (5654 s)
  [2175/3540] 6340_USBVideo_after: 1352 kare, yüz %0  (5656 s)
  [2176/3540] 6340_FullHDwebcam_before: 1352 kare, yüz %100  (5659 s)
  [2177/3540] 6340_IriunWebcam_before: 1353 kare, yüz %100  (5662 s)
  [2178/3540] 6340_USBVideo_before: 1352 kare, yüz %67  (5662 s)
  [2179/3540] 6354_IriunWebcam_after: 1353 kare, yüz %100  (5669 s)
  [2180/3540] 6354_FullHDwebcam_after: 1352 kare, yüz %100  (5669 s)
  [2181/3540] 6354_USBVideo_after: 1352 kare, yüz %89  (5670 s)
  [2182/3540] 6354_USBVideo_before: 1352 kare, yüz %96  (5678 s)
  [2183/3540] 6354_IriunWebcam_before: 1352 kare, yüz %97  (5678 s)
  [2184/3540] 6354_FullHDwebcam_before: 1352 kare, yüz %96  (5678 s)
  [2185/3540] 6361_FullHDwebcam_after: 1352 kare, yüz %100  (5684 s)
  [2186/3540] 6361_IriunWebcam_after: 1352 kare, yüz %100  (5684 s)
  [2187/3540] 6361_USBVideo_after: 1352 kare, yüz %100  (5685 s)
  [2188/3540] 6361_FullHDwebcam_before: 1352 kare, yüz %100  (5690 s)
  [2189/3540] 6361_IriunWebcam_before: 1352 kare, yüz %100  (5691 s)
  [2190/3540] 6361_USBVideo_before: 1352 kare, yüz %100  (5692 s)
  [2191/3540] 6368_FullHDwebcam_after: 1352 kare, yüz %100  (5697 s)
  [2192/3540] 6368_IriunWebcam_after: 1352 kare, yüz %57  (5699 s)
  [2193/3540] 6368_USBVideo_after: 1352 kare, yüz %0  (5703 s)
  [2194/3540] 6368_FullHDwebcam_before: 1352 kare, yüz %100  (5704 s)
  [2195/3540] 6368_IriunWebcam_before: 1353 kare, yüz %100  (5710 s)
  [2196/3540] 6368_USBVideo_before: 1352 kare, yüz %0  (5711 s)
  [2197/3540] 6397_FullHDwebcam_after: 1352 kare, yüz %100  (5714 s)
  [2198/3540] 6397_IriunWebcam_after: 1353 kare, yüz %100  (5716 s)
  [2199/3540] 6397_USBVideo_after: 1352 kare, yüz %100  (5716 s)
  [2200/3540] 6397_IriunWebcam_before: 1353 kare, yüz %97  (5722 s)
  [2201/3540] 6397_USBVideo_before: 1352 kare, yüz %48  (5723 s)
  [2202/3540] 6397_FullHDwebcam_before: 1352 kare, yüz %100  (5723 s)
  [2203/3540] 6401_IriunWebcam_after: 1352 kare, yüz %100  (5729 s)
  [2204/3540] 6401_USBVideo_after: 1352 kare, yüz %50  (5730 s)
  [2205/3540] 6401_FullHDwebcam_after: 1352 kare, yüz %100  (5730 s)
  [2206/3540] 6401_IriunWebcam_before: 1352 kare, yüz %100  (5736 s)
  [2207/3540] 6401_USBVideo_before: 1353 kare, yüz %100  (5736 s)
  [2208/3540] 6401_FullHDwebcam_before: 1352 kare, yüz %100  (5738 s)
  [2209/3540] 6411_USBVideo_after: 1352 kare, yüz %100  (5743 s)
  [2210/3540] 6411_FullHDwebcam_after: 1352 kare, yüz %100  (5744 s)
  [2211/3540] 6411_IriunWebcam_after: 1353 kare, yüz %100  (5744 s)
  [2212/3540] 6411_IriunWebcam_before: 1353 kare, yüz %100  (5750 s)
  [2213/3540] 6411_FullHDwebcam_before: 1352 kare, yüz %100  (5751 s)
  [2214/3540] 6411_USBVideo_before: 1352 kare, yüz %100  (5751 s)
  [2215/3540] 6420_IriunWebcam_after: 1352 kare, yüz %100  (5758 s)
  [2216/3540] 6420_FullHDwebcam_after: 1352 kare, yüz %100  (5759 s)
  [2217/3540] 6420_USBVideo_after: 1352 kare, yüz %0  (5762 s)
  [2218/3540] 6420_FullHDwebcam_before: 1352 kare, yüz %100  (5766 s)
  [2219/3540] 6420_IriunWebcam_before: 1352 kare, yüz %97  (5769 s)
  [2220/3540] 6420_USBVideo_before: 1352 kare, yüz %0  (5770 s)
  [2221/3540] 6422_FullHDwebcam_after: 1352 kare, yüz %100  (5775 s)
  [2222/3540] 6422_IriunWebcam_after: 1352 kare, yüz %100  (5776 s)
  [2223/3540] 6422_USBVideo_after: 1353 kare, yüz %100  (5776 s)
  [2224/3540] 6422_IriunWebcam_before: 1353 kare, yüz %97  (5783 s)
  [2225/3540] 6422_USBVideo_before: 1352 kare, yüz %98  (5783 s)
  [2226/3540] 6422_FullHDwebcam_before: 1352 kare, yüz %98  (5784 s)
  [2227/3540] 6425_IriunWebcam_after: 1353 kare, yüz %95  (5789 s)
  [2228/3540] 6425_USBVideo_after: 1352 kare, yüz %91  (5790 s)
  [2229/3540] 6425_FullHDwebcam_after: 1352 kare, yüz %96  (5792 s)
  [2230/3540] 6425_USBVideo_before: 1352 kare, yüz %87  (5797 s)
  [2231/3540] 6425_IriunWebcam_before: 1353 kare, yüz %100  (5798 s)
  [2232/3540] 6425_FullHDwebcam_before: 1352 kare, yüz %100  (5798 s)
  [2233/3540] 6427_FullHDwebcam_after: 1352 kare, yüz %100  (5804 s)
  [2234/3540] 6427_IriunWebcam_after: 1352 kare, yüz %100  (5805 s)
  [2235/3540] 6427_USBVideo_after: 1352 kare, yüz %9  (5806 s)
  [2236/3540] 6427_FullHDwebcam_before: 1352 kare, yüz %95  (5812 s)
  [2237/3540] 6427_IriunWebcam_before: 1352 kare, yüz %94  (5812 s)
  [2238/3540] 6427_USBVideo_before: 1353 kare, yüz %0  (5816 s)
  [2239/3540] 6473_USBVideo_after: 1352 kare, yüz %100  (5819 s)
  [2240/3540] 6473_FullHDwebcam_after: 1352 kare, yüz %100  (5820 s)
  [2241/3540] 6473_IriunWebcam_after: 1352 kare, yüz %100  (5822 s)
  [2242/3540] 6473_FullHDwebcam_before: 1352 kare, yüz %100  (5827 s)
  [2243/3540] 6473_USBVideo_before: 1352 kare, yüz %100  (5828 s)
  [2244/3540] 6473_IriunWebcam_before: 1352 kare, yüz %100  (5828 s)
  [2245/3540] 6477_IriunWebcam_after: 1353 kare, yüz %100  (5835 s)
  [2246/3540] 6477_FullHDwebcam_after: 1352 kare, yüz %100  (5836 s)
  [2247/3540] 6477_USBVideo_after: 1352 kare, yüz %26  (5836 s)
  [2248/3540] 6477_IriunWebcam_before: 1353 kare, yüz %100  (5843 s)
  [2249/3540] 6477_FullHDwebcam_before: 1352 kare, yüz %100  (5843 s)
  [2250/3540] 6477_USBVideo_before: 1352 kare, yüz %37  (5843 s)
  [2251/3540] 6495_IriunWebcam_after: 1353 kare, yüz %100  (5851 s)
  [2252/3540] 6495_FullHDwebcam_after: 1352 kare, yüz %100  (5852 s)
  [2253/3540] 6495_USBVideo_after: 1352 kare, yüz %0  (5854 s)
  [2254/3540] 6495_FullHDwebcam_before: 1352 kare, yüz %100  (5860 s)
  [2255/3540] 6495_USBVideo_before: 1353 kare, yüz %0  (5861 s)
  [2256/3540] 6495_IriunWebcam_before: 1352 kare, yüz %100  (5862 s)
  [2257/3540] 6503_FullHDwebcam_after: 1352 kare, yüz %100  (5866 s)
  [2258/3540] 6503_IriunWebcam_after: 1353 kare, yüz %100  (5867 s)
  [2259/3540] 6503_USBVideo_after: 1352 kare, yüz %61  (5869 s)
  [2260/3540] 6503_FullHDwebcam_before: 1352 kare, yüz %86  (5874 s)
  [2261/3540] 6503_IriunWebcam_before: 1353 kare, yüz %100  (5875 s)
  [2262/3540] 6503_USBVideo_before: 1352 kare, yüz %30  (5876 s)
  [2263/3540] 6537_FullHDwebcam_after: 1352 kare, yüz %100  (5882 s)
  [2264/3540] 6537_IriunWebcam_after: 1353 kare, yüz %100  (5882 s)
  [2265/3540] 6537_USBVideo_after: 1352 kare, yüz %0  (5887 s)
  [2266/3540] 6537_FullHDwebcam_before: 1352 kare, yüz %100  (5888 s)
  [2267/3540] 6537_USBVideo_before: 1352 kare, yüz %2  (5889 s)
  [2268/3540] 6537_IriunWebcam_before: 1353 kare, yüz %100  (5892 s)
  [2269/3540] 6599_FullHDwebcam_after: 1352 kare, yüz %100  (5895 s)
  [2270/3540] 6599_IriunWebcam_after: 1352 kare, yüz %100  (5898 s)
  [2271/3540] 6599_USBVideo_after: 1352 kare, yüz %0  (5900 s)
  [2272/3540] 6599_FullHDwebcam_before: 1352 kare, yüz %100  (5904 s)
  [2273/3540] 6599_IriunWebcam_before: 1353 kare, yüz %97  (5906 s)
  [2274/3540] 6599_USBVideo_before: 1352 kare, yüz %0  (5908 s)
  [2275/3540] 6604_FullHDwebcam_after: 1352 kare, yüz %100  (5912 s)
  [2276/3540] 6604_IriunWebcam_after: 1352 kare, yüz %100  (5913 s)
  [2277/3540] 6604_FullHDwebcam_before: 1352 kare, yüz %95  (5920 s)
  [2278/3540] 6604_USBVideo_before: 1352 kare, yüz %30  (5922 s)
  [2279/3540] 6604_USBVideo_after: 1352 kare, yüz %0  (5927 s)
  [2280/3540] 6604_IriunWebcam_before: 1353 kare, yüz %80  (5928 s)
  [2281/3540] 6631_FullHDwebcam_after: 1352 kare, yüz %100  (5930 s)
  [2282/3540] 6631_IriunWebcam_after: 1352 kare, yüz %100  (5934 s)
  [2283/3540] 6631_USBVideo_after: 1353 kare, yüz %0  (5937 s)
  [2284/3540] 6631_FullHDwebcam_before: 1352 kare, yüz %93  (5938 s)
  [2285/3540] 6631_USBVideo_before: 1352 kare, yüz %7  (5942 s)
  [2286/3540] 6631_IriunWebcam_before: 1353 kare, yüz %92  (5943 s)
  [2287/3540] 6667_FullHDwebcam_after: 1352 kare, yüz %100  (5947 s)
  [2288/3540] 6667_IriunWebcam_after: 1352 kare, yüz %100  (5949 s)
  [2289/3540] 6667_USBVideo_after: 1352 kare, yüz %39  (5951 s)
  [2290/3540] 6667_FullHDwebcam_before: 1352 kare, yüz %100  (5954 s)
  [2291/3540] 6667_IriunWebcam_before: 1352 kare, yüz %100  (5958 s)
  [2292/3540] 6667_USBVideo_before: 1352 kare, yüz %0  (5959 s)
  [2293/3540] 6678_FullHDwebcam_after: 1352 kare, yüz %100  (5963 s)
  [2294/3540] 6678_IriunWebcam_after: 1352 kare, yüz %100  (5966 s)
  [2295/3540] 6678_USBVideo_after: 1352 kare, yüz %0  (5969 s)
  [2296/3540] 6678_FullHDwebcam_before: 1352 kare, yüz %100  (5971 s)
  [2297/3540] 6678_IriunWebcam_before: 1352 kare, yüz %100  (5975 s)
  [2298/3540] 6698_FullHDwebcam_after: 1352 kare, yüz %100  (5976 s)
  [2299/3540] 6698_IriunWebcam_after: 1353 kare, yüz %100  (5982 s)
  [2300/3540] 6698_USBVideo_after: 1352 kare, yüz %48  (5983 s)
  [2301/3540] 6678_USBVideo_before: 1352 kare, yüz %0  (5987 s)
  [2302/3540] 6698_FullHDwebcam_before: 1352 kare, yüz %100  (5989 s)
  [2303/3540] 6698_USBVideo_before: 1352 kare, yüz %50  (5990 s)
  [2304/3540] 6698_IriunWebcam_before: 1353 kare, yüz %100  (5992 s)
  [2305/3540] 6718_USBVideo_after: 1353 kare, yüz %100  (5998 s)
  [2306/3540] 6718_FullHDwebcam_after: 1352 kare, yüz %100  (5998 s)
  [2307/3540] 6718_IriunWebcam_after: 1353 kare, yüz %100  (5999 s)
  [2308/3540] 6718_IriunWebcam_before: 1353 kare, yüz %100  (6006 s)
  [2309/3540] 6718_USBVideo_before: 1352 kare, yüz %100  (6006 s)
  [2310/3540] 6718_FullHDwebcam_before: 1352 kare, yüz %100  (6008 s)
  [2311/3540] 6725_FullHDwebcam_after: 1352 kare, yüz %100  (6012 s)
  [2312/3540] 6725_USBVideo_after: 1352 kare, yüz %85  (6012 s)
  [2313/3540] 6725_IriunWebcam_after: 1353 kare, yüz %100  (6013 s)
  [2314/3540] 6725_FullHDwebcam_before: 1352 kare, yüz %100  (6019 s)
  [2315/3540] 6725_IriunWebcam_before: 1352 kare, yüz %100  (6019 s)
  [2316/3540] 6725_USBVideo_before: 1352 kare, yüz %96  (6019 s)
  [2317/3540] 6731_IriunWebcam_after: 1352 kare, yüz %100  (6025 s)
  [2318/3540] 6731_USBVideo_after: 1352 kare, yüz %100  (6026 s)
  [2319/3540] 6731_FullHDwebcam_after: 1352 kare, yüz %100  (6028 s)
  [2320/3540] 6731_USBVideo_before: 1352 kare, yüz %100  (6034 s)
  [2321/3540] 6731_IriunWebcam_before: 1353 kare, yüz %100  (6034 s)
  [2322/3540] 6731_FullHDwebcam_before: 1352 kare, yüz %100  (6035 s)
  [2323/3540] 6737_IriunWebcam_after: 1352 kare, yüz %100  (6040 s)
  [2324/3540] 6737_FullHDwebcam_after: 1352 kare, yüz %100  (6041 s)
  [2325/3540] 6737_USBVideo_after: 1352 kare, yüz %0  (6043 s)
  [2326/3540] 6737_FullHDwebcam_before: 1352 kare, yüz %100  (6047 s)
  [2327/3540] 6737_IriunWebcam_before: 1352 kare, yüz %100  (6049 s)
  [2328/3540] 6737_USBVideo_before: 1352 kare, yüz %0  (6050 s)
  [2329/3540] 6750_FullHDwebcam_after: 1352 kare, yüz %100  (6055 s)
  [2330/3540] 6750_USBVideo_after: 1352 kare, yüz %100  (6055 s)
  [2331/3540] 6750_IriunWebcam_after: 1353 kare, yüz %100  (6056 s)
  [2332/3540] 6750_IriunWebcam_before: 1353 kare, yüz %100  (6062 s)
  [2333/3540] 6750_USBVideo_before: 1353 kare, yüz %100  (6062 s)
  [2334/3540] 6750_FullHDwebcam_before: 1352 kare, yüz %100  (6063 s)
  [2335/3540] 6782_IriunWebcam_after: 1352 kare, yüz %100  (6069 s)
  [2336/3540] 6782_USBVideo_after: 1352 kare, yüz %100  (6070 s)
  [2337/3540] 6782_FullHDwebcam_after: 1352 kare, yüz %100  (6071 s)
  [2338/3540] 6782_IriunWebcam_before: 1353 kare, yüz %100  (6076 s)
  [2339/3540] 6782_USBVideo_before: 1352 kare, yüz %100  (6077 s)
  [2340/3540] 6782_FullHDwebcam_before: 1352 kare, yüz %100  (6082 s)
  [2341/3540] 6803_FullHDwebcam_after: 1352 kare, yüz %100  (6083 s)
  [2342/3540] 6803_USBVideo_after: 1352 kare, yüz %100  (6084 s)
  [2343/3540] 6803_IriunWebcam_after: 1353 kare, yüz %100  (6087 s)
  [2344/3540] 6803_FullHDwebcam_before: 1352 kare, yüz %100  (6089 s)
  [2345/3540] 6803_USBVideo_before: 1352 kare, yüz %89  (6091 s)
  [2346/3540] 6803_IriunWebcam_before: 1353 kare, yüz %100  (6093 s)
  [2347/3540] 6846_FullHDwebcam_after: 1352 kare, yüz %100  (6097 s)
  [2348/3540] 6846_IriunWebcam_after: 1353 kare, yüz %100  (6100 s)
  [2349/3540] 6846_USBVideo_after: 1352 kare, yüz %0  (6103 s)
  [2350/3540] 6846_FullHDwebcam_before: 1352 kare, yüz %100  (6105 s)
  [2351/3540] 6846_USBVideo_before: 1352 kare, yüz %7  (6110 s)
  [2352/3540] 6846_IriunWebcam_before: 1353 kare, yüz %100  (6110 s)
  [2353/3540] 6847_FullHDwebcam_after: 1352 kare, yüz %100  (6113 s)
  [2354/3540] 6847_IriunWebcam_after: 1352 kare, yüz %100  (6116 s)
  [2355/3540] 6847_USBVideo_after: 1352 kare, yüz %16  (6119 s)
  [2356/3540] 6847_FullHDwebcam_before: 1352 kare, yüz %100  (6122 s)
  [2357/3540] 6847_IriunWebcam_before: 1351 kare, yüz %100  (6127 s)
  [2358/3540] 6847_USBVideo_before: 1352 kare, yüz %0  (6129 s)
  [2359/3540] 6856_FullHDwebcam_after: 1352 kare, yüz %100  (6130 s)
  [2360/3540] 6856_IriunWebcam_after: 1353 kare, yüz %100  (6135 s)
  [2361/3540] 6856_USBVideo_after: 1353 kare, yüz %0  (6137 s)
  [2362/3540] 6856_FullHDwebcam_before: 1352 kare, yüz %100  (6138 s)
  [2363/3540] 6856_IriunWebcam_before: 1353 kare, yüz %36  (6145 s)
  [2364/3540] 6856_USBVideo_before: 1352 kare, yüz %0  (6146 s)
  [2365/3540] 6880_FullHDwebcam_after: 1352 kare, yüz %100  (6146 s)
  [2366/3540] 6880_IriunWebcam_after: 1352 kare, yüz %100  (6151 s)
  [2367/3540] 6880_USBVideo_after: 1352 kare, yüz %100  (6152 s)
  [2368/3540] 6880_FullHDwebcam_before: 1352 kare, yüz %100  (6154 s)
  [2369/3540] 6880_IriunWebcam_before: 1353 kare, yüz %100  (6158 s)
  [2370/3540] 6880_USBVideo_before: 1352 kare, yüz %100  (6158 s)
  [2371/3540] 6916_FullHDwebcam_after: 1352 kare, yüz %100  (6160 s)
  [2372/3540] 6916_IriunWebcam_after: 1353 kare, yüz %100  (6163 s)
  [2373/3540] 6916_USBVideo_after: 1352 kare, yüz %100  (6165 s)
  [2374/3540] 6916_FullHDwebcam_before: 1352 kare, yüz %100  (6166 s)
  [2375/3540] 6916_IriunWebcam_before: 1352 kare, yüz %100  (6170 s)
  [2376/3540] 6916_USBVideo_before: 1353 kare, yüz %100  (6170 s)
  [2377/3540] 6923_FullHDwebcam_after: 1352 kare, yüz %100  (6173 s)
  [2378/3540] 6923_IriunWebcam_after: 1352 kare, yüz %100  (6177 s)
  [2379/3540] 6923_USBVideo_after: 1353 kare, yüz %0  (6179 s)
  [2380/3540] 6923_FullHDwebcam_before: 1352 kare, yüz %100  (6182 s)
  [2381/3540] 6923_IriunWebcam_before: 1352 kare, yüz %100  (6186 s)
  [2382/3540] 6923_USBVideo_before: 1352 kare, yüz %0  (6188 s)
  [2383/3540] 6968_FullHDwebcam_after: 1352 kare, yüz %100  (6189 s)
  [2384/3540] 6968_IriunWebcam_after: 1353 kare, yüz %100  (6194 s)
  [2385/3540] 6968_USBVideo_after: 1352 kare, yüz %11  (6195 s)
  [2386/3540] 6968_FullHDwebcam_before: 1352 kare, yüz %95  (6195 s)
  [2387/3540] 6968_IriunWebcam_before: 1352 kare, yüz %100  (6201 s)
  [2388/3540] 6968_USBVideo_before: 1352 kare, yüz %0  (6203 s)
  [2389/3540] 6974_FullHDwebcam_after: 1352 kare, yüz %100  (6204 s)
  [2390/3540] 6974_IriunWebcam_after: 1352 kare, yüz %100  (6210 s)
  [2391/3540] 6974_FullHDwebcam_before: 1352 kare, yüz %100  (6211 s)
  [2392/3540] 6974_USBVideo_after: 1352 kare, yüz %0  (6211 s)
  [2393/3540] 6974_IriunWebcam_before: 1353 kare, yüz %100  (6217 s)
  [2394/3540] 6987_FullHDwebcam_after: 1352 kare, yüz %100  (6218 s)
  [2395/3540] 6974_USBVideo_before: 1352 kare, yüz %7  (6219 s)
  [2396/3540] 6987_FullHDwebcam_before: 1352 kare, yüz %100  (6226 s)
  [2397/3540] 6987_IriunWebcam_after: 1352 kare, yüz %100  (6227 s)
  [2398/3540] 6987_USBVideo_after: 1352 kare, yüz %0  (6227 s)
  [2399/3540] 6987_IriunWebcam_before: 1352 kare, yüz %100  (6233 s)
  [2400/3540] 6987_USBVideo_before: 1352 kare, yüz %0  (6236 s)
  [2401/3540] 6993_FullHDwebcam_after: 1352 kare, yüz %100  (6236 s)
  [2402/3540] 6993_IriunWebcam_after: 1352 kare, yüz %100  (6241 s)
  [2403/3540] 6993_FullHDwebcam_before: 1352 kare, yüz %100  (6244 s)
  [2404/3540] 6993_USBVideo_after: 1352 kare, yüz %2  (6244 s)
  [2405/3540] 6993_IriunWebcam_before: 1353 kare, yüz %100  (6249 s)
  [2406/3540] 6993_USBVideo_before: 1352 kare, yüz %0  (6250 s)
  [2407/3540] 7006_FullHDwebcam_after: 1352 kare, yüz %100  (6253 s)
  [2408/3540] 7006_IriunWebcam_after: 1352 kare, yüz %100  (6255 s)
  [2409/3540] 7006_USBVideo_after: 1352 kare, yüz %100  (6256 s)
  [2410/3540] 7006_IriunWebcam_before: 1352 kare, yüz %100  (6262 s)
  [2411/3540] 7006_FullHDwebcam_before: 1352 kare, yüz %100  (6262 s)
  [2412/3540] 7006_USBVideo_before: 1352 kare, yüz %100  (6263 s)
  [2413/3540] 7047_IriunWebcam_after: 1352 kare, yüz %100  (6269 s)
  [2414/3540] 7047_FullHDwebcam_after: 1352 kare, yüz %100  (6269 s)
  [2415/3540] 7047_USBVideo_after: 1352 kare, yüz %100  (6270 s)
  [2416/3540] 7047_IriunWebcam_before: 1353 kare, yüz %100  (6275 s)
  [2417/3540] 7047_FullHDwebcam_before: 1352 kare, yüz %100  (6277 s)
  [2418/3540] 7048_FullHDwebcam_after: 1352 kare, yüz %100  (6283 s)
  [2419/3540] 7047_USBVideo_before: 1352 kare, yüz %100  (6284 s)
  [2420/3540] 7048_USBVideo_after: 1352 kare, yüz %100  (6284 s)
  [2421/3540] 7048_IriunWebcam_after: 1352 kare, yüz %100  (6289 s)
  [2422/3540] 7048_USBVideo_before: 1352 kare, yüz %100  (6290 s)
  [2423/3540] 7048_FullHDwebcam_before: 1352 kare, yüz %100  (6292 s)
  [2424/3540] 7048_IriunWebcam_before: 1353 kare, yüz %100  (6294 s)
  [2425/3540] 7050_FullHDwebcam_after: 1352 kare, yüz %100  (6299 s)
  [2426/3540] 7050_USBVideo_after: 1353 kare, yüz %100  (6299 s)
  [2427/3540] 7050_IriunWebcam_after: 1353 kare, yüz %100  (6300 s)
  [2428/3540] 7050_IriunWebcam_before: 1353 kare, yüz %100  (6306 s)
  [2429/3540] 7050_FullHDwebcam_before: 1352 kare, yüz %100  (6307 s)
  [2430/3540] 7050_USBVideo_before: 1352 kare, yüz %100  (6307 s)
  [2431/3540] 7056_IriunWebcam_after: 1353 kare, yüz %100  (6312 s)
  [2432/3540] 7056_USBVideo_after: 1352 kare, yüz %100  (6313 s)
  [2433/3540] 7056_FullHDwebcam_after: 1352 kare, yüz %100  (6316 s)
  [2434/3540] 7056_USBVideo_before: 1353 kare, yüz %100  (6321 s)
  [2435/3540] 7056_FullHDwebcam_before: 1352 kare, yüz %100  (6321 s)
  [2436/3540] 7056_IriunWebcam_before: 1353 kare, yüz %100  (6322 s)
  [2437/3540] 7069_FullHDwebcam_after: 1352 kare, yüz %100  (6327 s)
  [2438/3540] 7069_USBVideo_after: 1352 kare, yüz %11  (6329 s)
  [2439/3540] 7069_IriunWebcam_after: 1353 kare, yüz %100  (6334 s)
  [2440/3540] 7069_FullHDwebcam_before: 1352 kare, yüz %100  (6334 s)
  [2441/3540] 7069_USBVideo_before: 1352 kare, yüz %82  (6337 s)
  [2442/3540] 7069_IriunWebcam_before: 1352 kare, yüz %100  (6341 s)
  [2443/3540] 7082_FullHDwebcam_after: 1352 kare, yüz %100  (6341 s)
  [2444/3540] 7082_USBVideo_after: 1353 kare, yüz %0  (6346 s)
  [2445/3540] 7082_IriunWebcam_after: 1352 kare, yüz %100  (6347 s)
  [2446/3540] 7082_FullHDwebcam_before: 1352 kare, yüz %96  (6349 s)
  [2447/3540] 7082_IriunWebcam_before: 1352 kare, yüz %95  (6354 s)
  [2448/3540] 7082_USBVideo_before: 1352 kare, yüz %41  (6355 s)
  [2449/3540] 7137_FullHDwebcam_after: 1352 kare, yüz %100  (6359 s)
  [2450/3540] 7137_USBVideo_after: 1352 kare, yüz %100  (6361 s)
  [2451/3540] 7137_IriunWebcam_after: 1352 kare, yüz %100  (6361 s)
  [2452/3540] 7137_FullHDwebcam_before: 1352 kare, yüz %100  (6367 s)
  [2453/3540] 7137_IriunWebcam_before: 1353 kare, yüz %100  (6367 s)
  [2454/3540] 7137_USBVideo_before: 1352 kare, yüz %100  (6369 s)
  [2455/3540] 7142_FullHDwebcam_after: 1352 kare, yüz %100  (6377 s)
  [2456/3540] 7142_IriunWebcam_after: 1353 kare, yüz %100  (6377 s)
  [2457/3540] 7142_USBVideo_after: 1352 kare, yüz %4  (6378 s)
  [2458/3540] 7142_IriunWebcam_before: 1352 kare, yüz %100  (6385 s)
  [2459/3540] 7142_FullHDwebcam_before: 1352 kare, yüz %100  (6386 s)
  [2460/3540] 7142_USBVideo_before: 1352 kare, yüz %0  (6387 s)
  [2461/3540] 7151_FullHDwebcam_after: 1352 kare, yüz %100  (6391 s)
  [2462/3540] 7151_USBVideo_after: 1352 kare, yüz %100  (6395 s)
  [2463/3540] 7151_FullHDwebcam_before: 1352 kare, yüz %100  (6396 s)
  [2464/3540] 7151_IriunWebcam_after: 1351 kare, yüz %100  (6401 s)
  [2465/3540] 7151_IriunWebcam_before: 1352 kare, yüz %100  (6402 s)
  [2466/3540] 7151_USBVideo_before: 1352 kare, yüz %100  (6402 s)
  [2467/3540] 7165_FullHDwebcam_after: 1352 kare, yüz %100  (6408 s)
  [2468/3540] 7165_IriunWebcam_after: 1352 kare, yüz %100  (6409 s)
  [2469/3540] 7165_USBVideo_after: 1352 kare, yüz %0  (6413 s)
  [2470/3540] 7165_FullHDwebcam_before: 1352 kare, yüz %100  (6415 s)
  [2471/3540] 7165_USBVideo_before: 1352 kare, yüz %59  (6416 s)
  [2472/3540] 7165_IriunWebcam_before: 1352 kare, yüz %100  (6418 s)
  [2473/3540] 7176_USBVideo_after: 1352 kare, yüz %48  (6423 s)
  [2474/3540] 7176_FullHDwebcam_after: 1352 kare, yüz %100  (6424 s)
  [2475/3540] 7176_IriunWebcam_after: 1353 kare, yüz %100  (6425 s)
  [2476/3540] 7176_USBVideo_before: 1353 kare, yüz %35  (6432 s)
  [2477/3540] 7176_IriunWebcam_before: 1353 kare, yüz %100  (6433 s)
  [2478/3540] 7176_FullHDwebcam_before: 1352 kare, yüz %98  (6433 s)
  [2479/3540] 7185_IriunWebcam_after: 1352 kare, yüz %100  (6440 s)
  [2480/3540] 7185_FullHDwebcam_after: 1352 kare, yüz %100  (6440 s)
  [2481/3540] 7185_USBVideo_after: 1352 kare, yüz %0  (6443 s)
  [2482/3540] 7185_FullHDwebcam_before: 1352 kare, yüz %100  (6448 s)
  [2483/3540] 7185_USBVideo_before: 1352 kare, yüz %9  (6449 s)
  [2484/3540] 7185_IriunWebcam_before: 1352 kare, yüz %100  (6449 s)
  [2485/3540] 7186_IriunWebcam_after: 1353 kare, yüz %100  (6455 s)
  [2486/3540] 7186_USBVideo_after: 1352 kare, yüz %100  (6456 s)
  [2487/3540] 7186_FullHDwebcam_after: 1352 kare, yüz %100  (6457 s)
  [2488/3540] 7186_USBVideo_before: 1353 kare, yüz %100  (6463 s)
  [2489/3540] 7186_IriunWebcam_before: 1352 kare, yüz %100  (6464 s)
  [2490/3540] 7186_FullHDwebcam_before: 1352 kare, yüz %100  (6466 s)
  [2491/3540] 7187_FullHDwebcam_after: 1352 kare, yüz %98  (6472 s)
  [2492/3540] 7187_IriunWebcam_after: 1352 kare, yüz %97  (6473 s)
  [2493/3540] 7187_USBVideo_after: 1352 kare, yüz %96  (6473 s)
  [2494/3540] 7187_IriunWebcam_before: 1352 kare, yüz %100  (6480 s)
  [2495/3540] 7187_FullHDwebcam_before: 1352 kare, yüz %100  (6482 s)
  [2496/3540] 7187_USBVideo_before: 1352 kare, yüz %91  (6482 s)
  [2497/3540] 7211_FullHDwebcam_after: 1352 kare, yüz %100  (6486 s)
  [2498/3540] 7211_IriunWebcam_after: 1353 kare, yüz %100  (6487 s)
  [2499/3540] 7211_USBVideo_after: 1352 kare, yüz %15  (6490 s)
  [2500/3540] 7211_FullHDwebcam_before: 1352 kare, yüz %100  (6494 s)
  [2501/3540] 7211_IriunWebcam_before: 1353 kare, yüz %100  (6496 s)
  [2502/3540] 7211_USBVideo_before: 1354 kare, yüz %0  (6498 s)
  [2503/3540] 7222_USBVideo_after: 1352 kare, yüz %100  (6503 s)
  [2504/3540] 7222_FullHDwebcam_after: 1352 kare, yüz %100  (6504 s)
  [2505/3540] 7222_IriunWebcam_after: 1353 kare, yüz %100  (6504 s)
  [2506/3540] 7222_IriunWebcam_before: 1353 kare, yüz %100  (6511 s)
  [2507/3540] 7222_USBVideo_before: 1352 kare, yüz %100  (6511 s)
  [2508/3540] 7222_FullHDwebcam_before: 1352 kare, yüz %100  (6512 s)
  [2509/3540] 7231_IriunWebcam_after: 1353 kare, yüz %100  (6518 s)
  [2510/3540] 7231_FullHDwebcam_after: 1352 kare, yüz %100  (6518 s)
  [2511/3540] 7231_USBVideo_after: 1353 kare, yüz %0  (6522 s)
  [2512/3540] 7231_FullHDwebcam_before: 1352 kare, yüz %100  (6527 s)
  [2513/3540] 7231_USBVideo_before: 1352 kare, yüz %0  (6528 s)
  [2514/3540] 7231_IriunWebcam_before: 1353 kare, yüz %100  (6529 s)
  [2515/3540] 7233_USBVideo_after: 1352 kare, yüz %100  (6535 s)
  [2516/3540] 7233_IriunWebcam_after: 1352 kare, yüz %100  (6535 s)
  [2517/3540] 7233_FullHDwebcam_after: 1352 kare, yüz %100  (6536 s)
  [2518/3540] 7233_IriunWebcam_before: 1352 kare, yüz %100  (6544 s)
  [2519/3540] 7233_FullHDwebcam_before: 1352 kare, yüz %100  (6545 s)
  [2520/3540] 7233_USBVideo_before: 1352 kare, yüz %0  (6546 s)
  [2521/3540] 7248_FullHDwebcam_after: 1352 kare, yüz %100  (6552 s)
  [2522/3540] 7248_IriunWebcam_after: 1353 kare, yüz %100  (6553 s)
  [2523/3540] 7248_USBVideo_after: 1352 kare, yüz %0  (6557 s)
  [2524/3540] 7248_FullHDwebcam_before: 1352 kare, yüz %100  (6560 s)
  [2525/3540] 7248_IriunWebcam_before: 1353 kare, yüz %76  (6563 s)
  [2526/3540] 7248_USBVideo_before: 1352 kare, yüz %0  (6564 s)
  [2527/3540] 7279_FullHDwebcam_after: 1352 kare, yüz %100  (6569 s)
  [2528/3540] 7279_IriunWebcam_after: 1352 kare, yüz %100  (6571 s)
  [2529/3540] 7279_USBVideo_after: 1352 kare, yüz %100  (6571 s)
  [2530/3540] 7279_IriunWebcam_before: 1352 kare, yüz %100  (6578 s)
  [2531/3540] 7279_USBVideo_before: 1352 kare, yüz %100  (6579 s)
  [2532/3540] 7279_FullHDwebcam_before: 1352 kare, yüz %100  (6579 s)
  [2533/3540] 7280_IriunWebcam_after: 1353 kare, yüz %100  (6586 s)
  [2534/3540] 7280_USBVideo_after: 1352 kare, yüz %100  (6586 s)
  [2535/3540] 7280_FullHDwebcam_after: 1352 kare, yüz %100  (6589 s)
  [2536/3540] 7280_USBVideo_before: 1352 kare, yüz %100  (6594 s)
  [2537/3540] 7280_IriunWebcam_before: 1353 kare, yüz %100  (6596 s)
  [2538/3540] 7280_FullHDwebcam_before: 1352 kare, yüz %100  (6596 s)
  [2539/3540] 7362_IriunWebcam_after: 1353 kare, yüz %100  (6602 s)
  [2540/3540] 7362_FullHDwebcam_after: 1352 kare, yüz %100  (6603 s)
  [2541/3540] 7362_USBVideo_after: 1352 kare, yüz %100  (6605 s)
  [2542/3540] 7362_USBVideo_before: 1353 kare, yüz %100  (6610 s)
  [2543/3540] 7362_IriunWebcam_before: 1352 kare, yüz %100  (6611 s)
  [2544/3540] 7362_FullHDwebcam_before: 1352 kare, yüz %100  (6612 s)
  [2545/3540] 7376_IriunWebcam_after: 1352 kare, yüz %100  (6617 s)
  [2546/3540] 7376_FullHDwebcam_after: 1352 kare, yüz %100  (6618 s)
  [2547/3540] 7376_USBVideo_after: 1352 kare, yüz %100  (6618 s)
  [2548/3540] 7376_FullHDwebcam_before: 1352 kare, yüz %100  (6623 s)
  [2549/3540] 7376_IriunWebcam_before: 1352 kare, yüz %100  (6623 s)
  [2550/3540] 7376_USBVideo_before: 1352 kare, yüz %100  (6625 s)
  [2551/3540] 7380_FullHDwebcam_after: 1352 kare, yüz %100  (6630 s)
  [2552/3540] 7380_IriunWebcam_after: 1353 kare, yüz %97  (6631 s)
  [2553/3540] 7380_USBVideo_after: 1353 kare, yüz %0  (6633 s)
  [2554/3540] 7380_FullHDwebcam_before: 1352 kare, yüz %100  (6639 s)
  [2555/3540] 7380_IriunWebcam_before: 1352 kare, yüz %100  (6640 s)
  [2556/3540] 7380_USBVideo_before: 1353 kare, yüz %0  (6642 s)
  [2557/3540] 7396_USBVideo_after: 1352 kare, yüz %96  (6647 s)
  [2558/3540] 7396_FullHDwebcam_after: 1352 kare, yüz %100  (6649 s)
  [2559/3540] 7396_IriunWebcam_after: 1352 kare, yüz %100  (6649 s)
  [2560/3540] 7396_IriunWebcam_before: 1353 kare, yüz %100  (6656 s)
  [2561/3540] 7396_FullHDwebcam_before: 1352 kare, yüz %100  (6656 s)
  [2562/3540] 7396_USBVideo_before: 1352 kare, yüz %98  (6657 s)
  [2563/3540] 7412_IriunWebcam_after: 1353 kare, yüz %100  (6663 s)
  [2564/3540] 7412_FullHDwebcam_after: 1352 kare, yüz %100  (6664 s)
  [2565/3540] 7412_USBVideo_after: 1352 kare, yüz %0  (6668 s)
  [2566/3540] 7412_FullHDwebcam_before: 1352 kare, yüz %100  (6671 s)
  [2567/3540] 7412_IriunWebcam_before: 1352 kare, yüz %100  (6674 s)
  [2568/3540] 7412_USBVideo_before: 1352 kare, yüz %0  (6674 s)
  [2569/3540] 7437_FullHDwebcam_after: 1352 kare, yüz %100  (6677 s)
  [2570/3540] 7437_IriunWebcam_after: 1352 kare, yüz %100  (6680 s)
  [2571/3540] 7437_USBVideo_after: 1352 kare, yüz %100  (6681 s)
  [2572/3540] 7437_FullHDwebcam_before: 1352 kare, yüz %100  (6684 s)
  [2573/3540] 7437_IriunWebcam_before: 1352 kare, yüz %100  (6686 s)
  [2574/3540] 7437_USBVideo_before: 1352 kare, yüz %100  (6688 s)
  [2575/3540] 7445_FullHDwebcam_after: 1352 kare, yüz %100  (6690 s)
  [2576/3540] 7445_USBVideo_after: 1352 kare, yüz %100  (6693 s)
  [2577/3540] 7445_IriunWebcam_after: 1353 kare, yüz %100  (6694 s)
  [2578/3540] 7445_FullHDwebcam_before: 1352 kare, yüz %100  (6697 s)
  [2579/3540] 7445_IriunWebcam_before: 1352 kare, yüz %100  (6699 s)
  [2580/3540] 7445_USBVideo_before: 1352 kare, yüz %100  (6700 s)
  [2581/3540] 7456_FullHDwebcam_after: 1352 kare, yüz %100  (6705 s)
  [2582/3540] 7456_IriunWebcam_after: 1353 kare, yüz %100  (6707 s)
  [2583/3540] 7456_USBVideo_after: 1353 kare, yüz %0  (6710 s)
  [2584/3540] 7456_FullHDwebcam_before: 1352 kare, yüz %100  (6713 s)
  [2585/3540] 7456_USBVideo_before: 1353 kare, yüz %9  (6715 s)
  [2586/3540] 7456_IriunWebcam_before: 1353 kare, yüz %100  (6716 s)
  [2587/3540] 7473_IriunWebcam_after: 1352 kare, yüz %100  (6723 s)
  [2588/3540] 7473_FullHDwebcam_after: 1352 kare, yüz %100  (6723 s)
  [2589/3540] 7473_USBVideo_after: 1352 kare, yüz %100  (6723 s)
  [2590/3540] 7473_IriunWebcam_before: 1353 kare, yüz %100  (6729 s)
  [2591/3540] 7473_FullHDwebcam_before: 1352 kare, yüz %100  (6732 s)
  [2592/3540] 7473_USBVideo_before: 1352 kare, yüz %100  (6734 s)
  [2593/3540] 7509_FullHDwebcam_after: 1352 kare, yüz %100  (6737 s)
  [2594/3540] 7509_IriunWebcam_after: 1352 kare, yüz %100  (6740 s)
  [2595/3540] 7509_USBVideo_after: 1352 kare, yüz %0  (6743 s)
  [2596/3540] 7509_FullHDwebcam_before: 1352 kare, yüz %100  (6744 s)
  [2597/3540] 7509_IriunWebcam_before: 1353 kare, yüz %100  (6749 s)
  [2598/3540] 7509_USBVideo_before: 1352 kare, yüz %0  (6751 s)
  [2599/3540] 7514_FullHDwebcam_after: 1352 kare, yüz %100  (6751 s)
  [2600/3540] 7514_USBVideo_after: 1352 kare, yüz %100  (6757 s)
  [2601/3540] 7514_IriunWebcam_after: 1353 kare, yüz %100  (6758 s)
  [2602/3540] 7514_FullHDwebcam_before: 1352 kare, yüz %100  (6759 s)
  [2603/3540] 7514_IriunWebcam_before: 1353 kare, yüz %100  (6765 s)
  [2604/3540] 7514_USBVideo_before: 1352 kare, yüz %100  (6766 s)
  [2605/3540] 7519_FullHDwebcam_after: 1352 kare, yüz %100  (6766 s)
  [2606/3540] 7519_IriunWebcam_after: 1352 kare, yüz %100  (6772 s)
  [2607/3540] 7519_USBVideo_after: 1352 kare, yüz %100  (6773 s)
  [2608/3540] 7519_FullHDwebcam_before: 1352 kare, yüz %96  (6773 s)
  [2609/3540] 7519_IriunWebcam_before: 1352 kare, yüz %83  (6779 s)
  [2610/3540] 7519_USBVideo_before: 1352 kare, yüz %98  (6780 s)
  [2611/3540] 7520_FullHDwebcam_after: 1352 kare, yüz %100  (6782 s)
  [2612/3540] 7520_IriunWebcam_after: 1352 kare, yüz %100  (6786 s)
  [2613/3540] 7520_USBVideo_after: 1352 kare, yüz %100  (6786 s)
  [2614/3540] 7520_FullHDwebcam_before: 1352 kare, yüz %100  (6791 s)
  [2615/3540] 7520_IriunWebcam_before: 1352 kare, yüz %100  (6792 s)
  [2616/3540] 7520_USBVideo_before: 1352 kare, yüz %100  (6793 s)
  [2617/3540] 7539_IriunWebcam_after: 1353 kare, yüz %89  (6799 s)
  [2618/3540] 7539_USBVideo_after: 1352 kare, yüz %87  (6799 s)
  [2619/3540] 7539_FullHDwebcam_after: 1352 kare, yüz %89  (6800 s)
  [2620/3540] 7539_IriunWebcam_before: 1352 kare, yüz %100  (6805 s)
  [2621/3540] 7539_USBVideo_before: 1352 kare, yüz %100  (6807 s)
  [2622/3540] 7539_FullHDwebcam_before: 1352 kare, yüz %100  (6808 s)
  [2623/3540] 7542_IriunWebcam_after: 1353 kare, yüz %97  (6814 s)
  [2624/3540] 7542_USBVideo_after: 1352 kare, yüz %100  (6814 s)
  [2625/3540] 7542_FullHDwebcam_after: 1352 kare, yüz %100  (6814 s)
  [2626/3540] 7542_IriunWebcam_before: 1353 kare, yüz %100  (6820 s)
  [2627/3540] 7542_USBVideo_before: 1352 kare, yüz %73  (6821 s)
  [2628/3540] 7542_FullHDwebcam_before: 1352 kare, yüz %100  (6823 s)
  [2629/3540] 7557_FullHDwebcam_after: 1352 kare, yüz %100  (6827 s)
  [2630/3540] 7557_IriunWebcam_after: 1352 kare, yüz %100  (6829 s)
  [2631/3540] 7557_USBVideo_after: 1352 kare, yüz %83  (6830 s)
  [2632/3540] 7557_FullHDwebcam_before: 1352 kare, yüz %100  (6836 s)
  [2633/3540] 7557_IriunWebcam_before: 1352 kare, yüz %100  (6837 s)
  [2634/3540] 7557_USBVideo_before: 1352 kare, yüz %2  (6840 s)
  [2635/3540] 7568_USBVideo_after: 1352 kare, yüz %100  (6843 s)
  [2636/3540] 7568_FullHDwebcam_after: 1352 kare, yüz %100  (6844 s)
  [2637/3540] 7568_IriunWebcam_after: 1353 kare, yüz %100  (6845 s)
  [2638/3540] 7568_IriunWebcam_before: 1353 kare, yüz %100  (6850 s)
  [2639/3540] 7568_USBVideo_before: 1352 kare, yüz %100  (6851 s)
  [2640/3540] 7568_FullHDwebcam_before: 1352 kare, yüz %100  (6852 s)
  [2641/3540] 7570_FullHDwebcam_after: 1352 kare, yüz %100  (6857 s)
  [2642/3540] 7570_IriunWebcam_after: 1353 kare, yüz %100  (6859 s)
  [2643/3540] 7570_USBVideo_after: 1352 kare, yüz %0  (6860 s)
  [2644/3540] 7570_FullHDwebcam_before: 1352 kare, yüz %100  (6865 s)
  [2645/3540] 7570_IriunWebcam_before: 1353 kare, yüz %100  (6867 s)
  [2646/3540] 7570_USBVideo_before: 1352 kare, yüz %0  (6868 s)
  [2647/3540] 7576_USBVideo_after: 1353 kare, yüz %100  (6873 s)
  [2648/3540] 7576_IriunWebcam_after: 1353 kare, yüz %100  (6874 s)
  [2649/3540] 7576_FullHDwebcam_after: 1352 kare, yüz %100  (6875 s)
  [2650/3540] 7576_USBVideo_before: 1352 kare, yüz %100  (6881 s)
  [2651/3540] 7576_IriunWebcam_before: 1353 kare, yüz %100  (6881 s)
  [2652/3540] 7576_FullHDwebcam_before: 1352 kare, yüz %100  (6882 s)
  [2653/3540] 7596_FullHDwebcam_after: 1352 kare, yüz %100  (6888 s)
  [2654/3540] 7596_IriunWebcam_after: 1353 kare, yüz %100  (6888 s)
  [2655/3540] 7596_USBVideo_after: 1352 kare, yüz %0  (6891 s)
  [2656/3540] 7596_FullHDwebcam_before: 1352 kare, yüz %100  (6896 s)
  [2657/3540] 7596_USBVideo_before: 1352 kare, yüz %7  (6897 s)
  [2658/3540] 7596_IriunWebcam_before: 1353 kare, yüz %100  (6897 s)
  [2659/3540] 7598_IriunWebcam_after: 1353 kare, yüz %100  (6903 s)
  [2660/3540] 7598_FullHDwebcam_after: 1352 kare, yüz %100  (6904 s)
  [2661/3540] 7598_USBVideo_after: 1352 kare, yüz %0  (6907 s)
  [2662/3540] 7598_FullHDwebcam_before: 1352 kare, yüz %100  (6913 s)
  [2663/3540] 7598_IriunWebcam_before: 1352 kare, yüz %100  (6913 s)
  [2664/3540] 7598_USBVideo_before: 1352 kare, yüz %0  (6916 s)
  [2665/3540] 7601_FullHDwebcam_after: 1352 kare, yüz %100  (6918 s)
  [2666/3540] 7601_IriunWebcam_after: 1353 kare, yüz %100  (6921 s)
  [2667/3540] 7601_USBVideo_after: 1352 kare, yüz %0  (6922 s)
  [2668/3540] 7601_FullHDwebcam_before: 1352 kare, yüz %100  (6926 s)
  [2669/3540] 7601_IriunWebcam_before: 1353 kare, yüz %100  (6927 s)
  [2670/3540] 7601_USBVideo_before: 1352 kare, yüz %41  (6929 s)
  [2671/3540] 7604_USBVideo_after: 1352 kare, yüz %98  (6934 s)
  [2672/3540] 7604_FullHDwebcam_after: 1353 kare, yüz %100  (6935 s)
  [2673/3540] 7604_IriunWebcam_after: 1352 kare, yüz %100  (6935 s)
  [2674/3540] 7604_IriunWebcam_before: 1353 kare, yüz %100  (6941 s)
  [2675/3540] 7604_FullHDwebcam_before: 1352 kare, yüz %100  (6942 s)
  [2676/3540] 7604_USBVideo_before: 1353 kare, yüz %100  (6943 s)
  [2677/3540] 7626_FullHDwebcam_after: 1352 kare, yüz %100  (6948 s)
  [2678/3540] 7626_IriunWebcam_after: 1352 kare, yüz %100  (6949 s)
  [2679/3540] 7626_USBVideo_after: 1353 kare, yüz %0  (6953 s)
  [2680/3540] 7626_FullHDwebcam_before: 1352 kare, yüz %100  (6954 s)
  [2681/3540] 7626_USBVideo_before: 1352 kare, yüz %0  (6958 s)
  [2682/3540] 7626_IriunWebcam_before: 1353 kare, yüz %100  (6959 s)
  [2683/3540] 7628_FullHDwebcam_after: 1352 kare, yüz %100  (6960 s)
  [2684/3540] 7628_IriunWebcam_after: 1352 kare, yüz %100  (6964 s)
  [2685/3540] 7628_USBVideo_after: 1353 kare, yüz %15  (6966 s)
  [2686/3540] 7628_FullHDwebcam_before: 1352 kare, yüz %100  (6966 s)
  [2687/3540] 7628_IriunWebcam_before: 1352 kare, yüz %100  (6971 s)
  [2688/3540] 7628_USBVideo_before: 1352 kare, yüz %0  (6973 s)
  [2689/3540] 7637_FullHDwebcam_after: 1352 kare, yüz %100  (6975 s)
  [2690/3540] 7637_IriunWebcam_after: 1352 kare, yüz %100  (6980 s)
  [2691/3540] 7637_USBVideo_after: 1353 kare, yüz %0  (6981 s)
  [2692/3540] 7637_FullHDwebcam_before: 1352 kare, yüz %100  (6984 s)
  [2693/3540] 7637_IriunWebcam_before: 1353 kare, yüz %100  (6989 s)
  [2694/3540] 7637_USBVideo_before: 1352 kare, yüz %0  (6990 s)
  [2695/3540] 7685_FullHDwebcam_after: 1352 kare, yüz %100  (6992 s)
  [2696/3540] 7685_IriunWebcam_after: 1352 kare, yüz %100  (6997 s)
  [2697/3540] 7685_USBVideo_after: 1352 kare, yüz %0  (6998 s)
  [2698/3540] 7685_FullHDwebcam_before: 1352 kare, yüz %100  (7000 s)
  [2699/3540] 7685_IriunWebcam_before: 1351 kare, yüz %100  (7005 s)
  [2700/3540] 7685_USBVideo_before: 1352 kare, yüz %0  (7007 s)
  [2701/3540] 7695_FullHDwebcam_after: 1352 kare, yüz %100  (7008 s)
  [2702/3540] 7695_IriunWebcam_after: 1353 kare, yüz %100  (7014 s)
  [2703/3540] 7695_USBVideo_after: 1353 kare, yüz %0  (7017 s)
  [2704/3540] 7695_FullHDwebcam_before: 1352 kare, yüz %100  (7017 s)
  [2705/3540] 7695_IriunWebcam_before: 1352 kare, yüz %100  (7024 s)
  [2706/3540] 7695_USBVideo_before: 1352 kare, yüz %0  (7025 s)
  [2707/3540] 7736_FullHDwebcam_after: 1352 kare, yüz %100  (7025 s)
  [2708/3540] 7736_IriunWebcam_after: 1352 kare, yüz %100  (7031 s)
  [2709/3540] 7736_FullHDwebcam_before: 1352 kare, yüz %100  (7033 s)
  [2710/3540] 7736_USBVideo_after: 1352 kare, yüz %0  (7033 s)
  [2711/3540] 7736_USBVideo_before: 1352 kare, yüz %33  (7038 s)
  [2712/3540] 7736_IriunWebcam_before: 1352 kare, yüz %97  (7040 s)
  [2713/3540] 7748_FullHDwebcam_after: 1352 kare, yüz %100  (7043 s)
  [2714/3540] 7748_USBVideo_after: 1352 kare, yüz %100  (7045 s)
  [2715/3540] 7748_IriunWebcam_after: 1353 kare, yüz %100  (7046 s)
  [2716/3540] 7748_USBVideo_before: 1352 kare, yüz %100  (7053 s)
  [2717/3540] 7748_FullHDwebcam_before: 1352 kare, yüz %100  (7053 s)
  [2718/3540] 7748_IriunWebcam_before: 1352 kare, yüz %100  (7053 s)
  [2719/3540] 7759_IriunWebcam_after: 1353 kare, yüz %100  (7059 s)
  [2720/3540] 7759_USBVideo_after: 1352 kare, yüz %100  (7060 s)
  [2721/3540] 7759_FullHDwebcam_after: 1352 kare, yüz %100  (7061 s)
  [2722/3540] 7759_IriunWebcam_before: 1352 kare, yüz %100  (7067 s)
  [2723/3540] 7759_USBVideo_before: 1352 kare, yüz %100  (7067 s)
  [2724/3540] 7759_FullHDwebcam_before: 1352 kare, yüz %100  (7068 s)
  [2725/3540] 7769_USBVideo_after: 1352 kare, yüz %100  (7073 s)
  [2726/3540] 7769_IriunWebcam_after: 1352 kare, yüz %100  (7074 s)
  [2727/3540] 7769_FullHDwebcam_after: 1352 kare, yüz %100  (7077 s)
  [2728/3540] 7769_USBVideo_before: 1352 kare, yüz %100  (7080 s)
  [2729/3540] 7769_FullHDwebcam_before: 1352 kare, yüz %100  (7082 s)
  [2730/3540] 7769_IriunWebcam_before: 1352 kare, yüz %100  (7082 s)
  [2731/3540] 7788_FullHDwebcam_after: 1352 kare, yüz %100  (7088 s)
  [2732/3540] 7788_IriunWebcam_after: 1353 kare, yüz %100  (7088 s)
  [2733/3540] 7788_USBVideo_after: 1352 kare, yüz %100  (7089 s)
  [2734/3540] 7788_IriunWebcam_before: 1353 kare, yüz %100  (7095 s)
  [2735/3540] 7788_USBVideo_before: 1352 kare, yüz %100  (7095 s)
  [2736/3540] 7788_FullHDwebcam_before: 1352 kare, yüz %100  (7095 s)
  [2737/3540] 7793_IriunWebcam_after: 1352 kare, yüz %100  (7100 s)
  [2738/3540] 7793_FullHDwebcam_after: 1352 kare, yüz %100  (7101 s)
  [2739/3540] 7793_USBVideo_after: 1352 kare, yüz %0  (7107 s)
  [2740/3540] 7793_FullHDwebcam_before: 1352 kare, yüz %100  (7107 s)
  [2741/3540] 7793_USBVideo_before: 1352 kare, yüz %7  (7108 s)
  [2742/3540] 7793_IriunWebcam_before: 1352 kare, yüz %100  (7112 s)
  [2743/3540] 7831_FullHDwebcam_after: 1352 kare, yüz %100  (7114 s)
  [2744/3540] 7831_USBVideo_after: 1353 kare, yüz %96  (7116 s)
  [2745/3540] 7831_IriunWebcam_after: 1353 kare, yüz %100  (7118 s)
  [2746/3540] 7831_FullHDwebcam_before: 1352 kare, yüz %100  (7122 s)
  [2747/3540] 7831_IriunWebcam_before: 1352 kare, yüz %100  (7124 s)
  [2748/3540] 7831_USBVideo_before: 1352 kare, yüz %4  (7127 s)
  [2749/3540] 7864_FullHDwebcam_after: 1352 kare, yüz %100  (7130 s)
  [2750/3540] 7864_USBVideo_after: 1352 kare, yüz %100  (7131 s)
  [2751/3540] 7864_IriunWebcam_after: 1353 kare, yüz %100  (7133 s)
  [2752/3540] 7864_FullHDwebcam_before: 1352 kare, yüz %100  (7139 s)
  [2753/3540] 7864_IriunWebcam_before: 1352 kare, yüz %94  (7140 s)
  [2754/3540] 7864_USBVideo_before: 1352 kare, yüz %2  (7141 s)
  [2755/3540] 7865_FullHDwebcam_after: 1352 kare, yüz %100  (7146 s)
  [2756/3540] 7865_IriunWebcam_after: 1353 kare, yüz %95  (7147 s)
  [2757/3540] 7865_USBVideo_after: 1353 kare, yüz %7  (7149 s)
  [2758/3540] 7865_FullHDwebcam_before: 1352 kare, yüz %100  (7154 s)
  [2759/3540] 7865_IriunWebcam_before: 1353 kare, yüz %100  (7155 s)
  [2760/3540] 7865_USBVideo_before: 1353 kare, yüz %0  (7156 s)
  [2761/3540] 7878_IriunWebcam_after: 1352 kare, yüz %100  (7163 s)
  [2762/3540] 7878_FullHDwebcam_after: 1352 kare, yüz %100  (7163 s)
  [2763/3540] 7878_USBVideo_after: 1352 kare, yüz %0  (7166 s)
  [2764/3540] 7878_FullHDwebcam_before: 1352 kare, yüz %100  (7171 s)
  [2765/3540] 7878_IriunWebcam_before: 1353 kare, yüz %100  (7173 s)
  [2766/3540] 7878_USBVideo_before: 1352 kare, yüz %0  (7174 s)
  [2767/3540] 7889_FullHDwebcam_after: 1352 kare, yüz %100  (7178 s)
  [2768/3540] 7889_IriunWebcam_after: 1352 kare, yüz %100  (7180 s)
  [2769/3540] 7889_USBVideo_after: 1352 kare, yüz %0  (7184 s)
  [2770/3540] 7889_FullHDwebcam_before: 1352 kare, yüz %100  (7186 s)
  [2771/3540] 7889_IriunWebcam_before: 1353 kare, yüz %100  (7190 s)
  [2772/3540] 7889_USBVideo_before: 1352 kare, yüz %0  (7191 s)
  [2773/3540] 7901_FullHDwebcam_after: 1352 kare, yüz %100  (7194 s)
  [2774/3540] 7901_IriunWebcam_after: 1352 kare, yüz %100  (7196 s)
  [2775/3540] 7901_USBVideo_after: 1352 kare, yüz %100  (7197 s)
  [2776/3540] 7901_IriunWebcam_before: 1353 kare, yüz %100  (7203 s)
  [2777/3540] 7901_FullHDwebcam_before: 1352 kare, yüz %100  (7203 s)
  [2778/3540] 7901_USBVideo_before: 1352 kare, yüz %100  (7203 s)
  [2779/3540] 7927_IriunWebcam_after: 1351 kare, yüz %100  (7211 s)
  [2780/3540] 7927_FullHDwebcam_after: 1352 kare, yüz %100  (7212 s)
  [2781/3540] 7927_USBVideo_after: 1352 kare, yüz %100  (7212 s)
  [2782/3540] 7927_IriunWebcam_before: 1352 kare, yüz %100  (7219 s)
  [2783/3540] 7927_USBVideo_before: 1352 kare, yüz %100  (7220 s)
  [2784/3540] 7927_FullHDwebcam_before: 1352 kare, yüz %100  (7221 s)
  [2785/3540] 7928_FullHDwebcam_after: 1352 kare, yüz %100  (7225 s)
  [2786/3540] 7928_IriunWebcam_after: 1352 kare, yüz %100  (7226 s)
  [2787/3540] 7928_USBVideo_after: 1352 kare, yüz %100  (7228 s)
  [2788/3540] 7928_FullHDwebcam_before: 1352 kare, yüz %100  (7233 s)
  [2789/3540] 7928_IriunWebcam_before: 1353 kare, yüz %100  (7234 s)
  [2790/3540] 7928_USBVideo_before: 1352 kare, yüz %100  (7234 s)
  [2791/3540] 7942_IriunWebcam_after: 1352 kare, yüz %100  (7240 s)
  [2792/3540] 7942_USBVideo_after: 1352 kare, yüz %93  (7240 s)
  [2793/3540] 7942_FullHDwebcam_after: 1352 kare, yüz %100  (7242 s)
  [2794/3540] 7942_USBVideo_before: 1352 kare, yüz %100  (7247 s)
  [2795/3540] 7942_IriunWebcam_before: 1353 kare, yüz %100  (7248 s)
  [2796/3540] 7942_FullHDwebcam_before: 1352 kare, yüz %100  (7250 s)
  [2797/3540] 7957_FullHDwebcam_after: 1352 kare, yüz %100  (7255 s)
  [2798/3540] 7957_IriunWebcam_after: 1352 kare, yüz %100  (7256 s)
  [2799/3540] 7957_USBVideo_after: 1352 kare, yüz %0  (7258 s)
  [2800/3540] 7957_FullHDwebcam_before: 1352 kare, yüz %100  (7264 s)
  [2801/3540] 7957_IriunWebcam_before: 1352 kare, yüz %100  (7264 s)
  [2802/3540] 7957_USBVideo_before: 1352 kare, yüz %0  (7266 s)
  [2803/3540] 7959_USBVideo_after: 1352 kare, yüz %100  (7270 s)
  [2804/3540] 7959_IriunWebcam_after: 1353 kare, yüz %100  (7272 s)
  [2805/3540] 7959_FullHDwebcam_after: 1352 kare, yüz %100  (7273 s)
  [2806/3540] 7959_USBVideo_before: 1352 kare, yüz %100  (7279 s)
  [2807/3540] 7959_IriunWebcam_before: 1353 kare, yüz %100  (7280 s)
  [2808/3540] 7959_FullHDwebcam_before: 1352 kare, yüz %100  (7280 s)
  [2809/3540] 7969_IriunWebcam_after: 1353 kare, yüz %100  (7286 s)
  [2810/3540] 7969_FullHDwebcam_after: 1352 kare, yüz %100  (7287 s)
  [2811/3540] 7969_USBVideo_after: 1352 kare, yüz %0  (7291 s)
  [2812/3540] 7969_FullHDwebcam_before: 1352 kare, yüz %100  (7294 s)
  [2813/3540] 7969_IriunWebcam_before: 1352 kare, yüz %100  (7297 s)
  [2814/3540] 7969_USBVideo_before: 1352 kare, yüz %0  (7298 s)
  [2815/3540] 7983_FullHDwebcam_after: 1352 kare, yüz %100  (7301 s)
  [2816/3540] 7983_IriunWebcam_after: 1351 kare, yüz %100  (7304 s)
  [2817/3540] 7983_USBVideo_after: 1353 kare, yüz %9  (7308 s)
  [2818/3540] 7983_FullHDwebcam_before: 1352 kare, yüz %100  (7309 s)
  [2819/3540] 7983_IriunWebcam_before: 1352 kare, yüz %100  (7314 s)
  [2820/3540] 7983_USBVideo_before: 1352 kare, yüz %0  (7315 s)
  [2821/3540] 7997_FullHDwebcam_after: 1352 kare, yüz %100  (7315 s)
  [2822/3540] 7997_IriunWebcam_after: 1353 kare, yüz %100  (7321 s)
  [2823/3540] 7997_USBVideo_after: 1352 kare, yüz %80  (7322 s)
  [2824/3540] 7997_FullHDwebcam_before: 1352 kare, yüz %100  (7322 s)
  [2825/3540] 7997_IriunWebcam_before: 1353 kare, yüz %100  (7327 s)
  [2826/3540] 7997_USBVideo_before: 1352 kare, yüz %61  (7328 s)
  [2827/3540] 8001_FullHDwebcam_after: 1352 kare, yüz %78  (7331 s)
  [2828/3540] 8001_IriunWebcam_after: 1352 kare, yüz %49  (7333 s)
  [2829/3540] 8001_USBVideo_after: 1352 kare, yüz %67  (7334 s)
  [2830/3540] 8001_FullHDwebcam_before: 1352 kare, yüz %83  (7340 s)
  [2831/3540] 8001_USBVideo_before: 1352 kare, yüz %54  (7340 s)
  [2832/3540] 8001_IriunWebcam_before: 1352 kare, yüz %94  (7340 s)
  [2833/3540] 8009_IriunWebcam_after: 1353 kare, yüz %97  (7346 s)
  [2834/3540] 8009_USBVideo_after: 1352 kare, yüz %96  (7347 s)
  [2835/3540] 8009_FullHDwebcam_after: 1352 kare, yüz %100  (7348 s)
  [2836/3540] 8009_IriunWebcam_before: 1352 kare, yüz %100  (7353 s)
  [2837/3540] 8009_FullHDwebcam_before: 1352 kare, yüz %100  (7353 s)
  [2838/3540] 8009_USBVideo_before: 1353 kare, yüz %100  (7354 s)
  [2839/3540] 8021_IriunWebcam_after: 1352 kare, yüz %100  (7361 s)
  [2840/3540] 8021_FullHDwebcam_after: 1352 kare, yüz %100  (7362 s)
  [2841/3540] 8021_USBVideo_after: 1352 kare, yüz %11  (7362 s)
  [2842/3540] 8021_FullHDwebcam_before: 1352 kare, yüz %100  (7368 s)
  [2843/3540] 8021_IriunWebcam_before: 1352 kare, yüz %100  (7369 s)
  [2844/3540] 8021_USBVideo_before: 1352 kare, yüz %7  (7370 s)
  [2845/3540] 8147_FullHDwebcam_after: 1352 kare, yüz %100  (7374 s)
  [2846/3540] 8147_USBVideo_after: 1352 kare, yüz %100  (7375 s)
  [2847/3540] 8147_IriunWebcam_after: 1352 kare, yüz %100  (7376 s)
  [2848/3540] 8147_FullHDwebcam_before: 1352 kare, yüz %100  (7380 s)
  [2849/3540] 8147_IriunWebcam_before: 1352 kare, yüz %100  (7381 s)
  [2850/3540] 8147_USBVideo_before: 1352 kare, yüz %100  (7383 s)
  [2851/3540] 8213_FullHDwebcam_after: 1352 kare, yüz %100  (7388 s)
  [2852/3540] 8213_IriunWebcam_after: 1352 kare, yüz %100  (7391 s)
  [2853/3540] 8213_USBVideo_after: 1352 kare, yüz %0  (7392 s)
  [2854/3540] 8213_FullHDwebcam_before: 1352 kare, yüz %100  (7396 s)
  [2855/3540] 8213_IriunWebcam_before: 1352 kare, yüz %100  (7399 s)
  [2856/3540] 8213_USBVideo_before: 1352 kare, yüz %0  (7402 s)
  [2857/3540] 8262_FullHDwebcam_after: 1352 kare, yüz %100  (7403 s)
  [2858/3540] 8262_USBVideo_after: 1352 kare, yüz %100  (7405 s)
  [2859/3540] 8262_IriunWebcam_after: 1352 kare, yüz %100  (7409 s)
  [2860/3540] 8262_FullHDwebcam_before: 1352 kare, yüz %100  (7411 s)
  [2861/3540] 8262_USBVideo_before: 1352 kare, yüz %100  (7412 s)
  [2862/3540] 8262_IriunWebcam_before: 1353 kare, yüz %100  (7414 s)
  [2863/3540] 8266_FullHDwebcam_after: 1352 kare, yüz %96  (7419 s)
  [2864/3540] 8266_IriunWebcam_after: 1352 kare, yüz %81  (7420 s)
  [2865/3540] 8266_USBVideo_after: 1352 kare, yüz %100  (7420 s)
  [2866/3540] 8266_IriunWebcam_before: 1353 kare, yüz %100  (7426 s)
  [2867/3540] 8266_USBVideo_before: 1352 kare, yüz %98  (7427 s)
  [2868/3540] 8266_FullHDwebcam_before: 1352 kare, yüz %100  (7429 s)
  [2869/3540] 8290_FullHDwebcam_after: 1352 kare, yüz %100  (7434 s)
  [2870/3540] 8290_IriunWebcam_after: 1353 kare, yüz %100  (7435 s)
  [2871/3540] 8290_USBVideo_after: 1352 kare, yüz %53  (7435 s)
  [2872/3540] 8290_FullHDwebcam_before: 1352 kare, yüz %100  (7443 s)
  [2873/3540] 8290_IriunWebcam_before: 1353 kare, yüz %100  (7443 s)
  [2874/3540] 8290_USBVideo_before: 1352 kare, yüz %0  (7446 s)
  [2875/3540] 8331_FullHDwebcam_after: 1352 kare, yüz %100  (7449 s)
  [2876/3540] 8331_USBVideo_after: 1352 kare, yüz %46  (7451 s)
  [2877/3540] 8331_IriunWebcam_after: 1352 kare, yüz %100  (7452 s)
  [2878/3540] 8331_FullHDwebcam_before: 1352 kare, yüz %100  (7455 s)
  [2879/3540] 8331_IriunWebcam_before: 1353 kare, yüz %100  (7458 s)
  [2880/3540] 8331_USBVideo_before: 1352 kare, yüz %0  (7461 s)
  [2881/3540] 8364_FullHDwebcam_after: 1352 kare, yüz %100  (7462 s)
  [2882/3540] 8364_USBVideo_after: 1352 kare, yüz %46  (7465 s)
  [2883/3540] 8364_IriunWebcam_after: 1353 kare, yüz %100  (7467 s)
  [2884/3540] 8364_FullHDwebcam_before: 1352 kare, yüz %100  (7471 s)
  [2885/3540] 8364_USBVideo_before: 1352 kare, yüz %0  (7475 s)
  [2886/3540] 8370_FullHDwebcam_after: 1352 kare, yüz %100  (7479 s)
  [2887/3540] 8364_IriunWebcam_before: 1353 kare, yüz %100  (7480 s)
  [2888/3540] 8370_IriunWebcam_after: 1353 kare, yüz %100  (7486 s)
  [2889/3540] 8370_USBVideo_after: 1353 kare, yüz %0  (7487 s)
  [2890/3540] 8370_FullHDwebcam_before: 1352 kare, yüz %100  (7489 s)
  [2891/3540] 8370_IriunWebcam_before: 1352 kare, yüz %41  (7494 s)
  [2892/3540] 8370_USBVideo_before: 1352 kare, yüz %0  (7497 s)
  [2893/3540] 8377_FullHDwebcam_after: 1352 kare, yüz %100  (7498 s)
  [2894/3540] 8377_USBVideo_after: 1352 kare, yüz %100  (7501 s)
  [2895/3540] 8377_IriunWebcam_after: 1352 kare, yüz %100  (7503 s)
  [2896/3540] 8377_FullHDwebcam_before: 1352 kare, yüz %100  (7506 s)
  [2897/3540] 8377_USBVideo_before: 1352 kare, yüz %100  (7506 s)
  [2898/3540] 8377_IriunWebcam_before: 1352 kare, yüz %100  (7512 s)
  [2899/3540] 8380_FullHDwebcam_after: 1352 kare, yüz %100  (7512 s)
  [2900/3540] 8380_USBVideo_after: 1352 kare, yüz %0  (7515 s)
  [2901/3540] 8380_IriunWebcam_after: 1353 kare, yüz %100  (7517 s)
  [2902/3540] 8380_FullHDwebcam_before: 1352 kare, yüz %100  (7520 s)
  [2903/3540] 8380_IriunWebcam_before: 1353 kare, yüz %100  (7524 s)
  [2904/3540] 8380_USBVideo_before: 1352 kare, yüz %0  (7526 s)
  [2905/3540] 8381_FullHDwebcam_after: 1352 kare, yüz %100  (7527 s)
  [2906/3540] 8381_IriunWebcam_after: 1353 kare, yüz %100  (7532 s)
  [2907/3540] 8381_USBVideo_after: 1352 kare, yüz %0  (7533 s)
  [2908/3540] 8381_FullHDwebcam_before: 1352 kare, yüz %100  (7534 s)
  [2909/3540] 8381_USBVideo_before: 1353 kare, yüz %2  (7539 s)
  [2910/3540] 8381_IriunWebcam_before: 1353 kare, yüz %100  (7539 s)
  [2911/3540] 8384_FullHDwebcam_after: 1352 kare, yüz %100  (7540 s)
  [2912/3540] 8384_IriunWebcam_after: 1352 kare, yüz %100  (7544 s)
  [2913/3540] 8384_FullHDwebcam_before: 1352 kare, yüz %100  (7547 s)
  [2914/3540] 8384_USBVideo_after: 1353 kare, yüz %98  (7547 s)
  [2915/3540] 8384_USBVideo_before: 1352 kare, yüz %100  (7551 s)
  [2916/3540] 8384_IriunWebcam_before: 1352 kare, yüz %100  (7552 s)
  [2917/3540] 8412_FullHDwebcam_after: 1352 kare, yüz %100  (7555 s)
  [2918/3540] 8412_IriunWebcam_after: 1352 kare, yüz %100  (7558 s)
  [2919/3540] 8412_USBVideo_after: 1352 kare, yüz %87  (7560 s)
  [2920/3540] 8412_FullHDwebcam_before: 1352 kare, yüz %100  (7563 s)
  [2921/3540] 8412_IriunWebcam_before: 1353 kare, yüz %100  (7567 s)
  [2922/3540] 8412_USBVideo_before: 1353 kare, yüz %9  (7567 s)
  [2923/3540] 8428_FullHDwebcam_after: 1352 kare, yüz %100  (7572 s)
  [2924/3540] 8428_USBVideo_after: 1352 kare, yüz %100  (7573 s)
  [2925/3540] 8428_IriunWebcam_after: 1353 kare, yüz %100  (7574 s)
  [2926/3540] 8428_IriunWebcam_before: 1352 kare, yüz %100  (7580 s)
  [2927/3540] 8428_USBVideo_before: 1352 kare, yüz %96  (7581 s)
  [2928/3540] 8428_FullHDwebcam_before: 1352 kare, yüz %100  (7581 s)
  [2929/3540] 8430_IriunWebcam_after: 1353 kare, yüz %100  (7588 s)
  [2930/3540] 8430_FullHDwebcam_after: 1352 kare, yüz %100  (7589 s)
  [2931/3540] 8430_USBVideo_after: 1352 kare, yüz %0  (7591 s)
  [2932/3540] 8430_FullHDwebcam_before: 1352 kare, yüz %100  (7596 s)
  [2933/3540] 8430_IriunWebcam_before: 1353 kare, yüz %100  (7598 s)
  [2934/3540] 8430_USBVideo_before: 1352 kare, yüz %0  (7601 s)
  [2935/3540] 8432_FullHDwebcam_after: 1352 kare, yüz %100  (7602 s)
  [2936/3540] 8432_USBVideo_after: 1352 kare, yüz %100  (7604 s)
  [2937/3540] 8432_IriunWebcam_after: 1353 kare, yüz %100  (7606 s)
  [2938/3540] 8432_FullHDwebcam_before: 1352 kare, yüz %100  (7608 s)
  [2939/3540] 8432_USBVideo_before: 1352 kare, yüz %100  (7611 s)
  [2940/3540] 8432_IriunWebcam_before: 1353 kare, yüz %100  (7612 s)
  [2941/3540] 8490_FullHDwebcam_after: 1352 kare, yüz %100  (7616 s)
  [2942/3540] 8490_IriunWebcam_after: 1352 kare, yüz %100  (7618 s)
  [2943/3540] 8490_FullHDwebcam_before: 1352 kare, yüz %100  (7623 s)
  [2944/3540] 8490_USBVideo_after: 1352 kare, yüz %0  (7623 s)
  [2945/3540] 8490_USBVideo_before: 1352 kare, yüz %33  (7626 s)
  [2946/3540] 8490_IriunWebcam_before: 1352 kare, yüz %94  (7628 s)
  [2947/3540] 8500_FullHDwebcam_after: 1352 kare, yüz %100  (7633 s)
  [2948/3540] 8500_USBVideo_after: 1353 kare, yüz %100  (7633 s)
  [2949/3540] 8500_IriunWebcam_after: 1352 kare, yüz %100  (7635 s)
  [2950/3540] 8500_USBVideo_before: 1353 kare, yüz %100  (7641 s)
  [2951/3540] 8500_IriunWebcam_before: 1351 kare, yüz %100  (7642 s)
  [2952/3540] 8500_FullHDwebcam_before: 1352 kare, yüz %100  (7643 s)
  [2953/3540] 8514_FullHDwebcam_after: 1352 kare, yüz %100  (7649 s)
  [2954/3540] 8514_IriunWebcam_after: 1353 kare, yüz %100  (7650 s)
  [2955/3540] 8514_USBVideo_after: 1352 kare, yüz %0  (7654 s)
  [2956/3540] 8514_FullHDwebcam_before: 1352 kare, yüz %100  (7658 s)
  [2957/3540] 8514_USBVideo_before: 1352 kare, yüz %96  (7658 s)
  [2958/3540] 8514_IriunWebcam_before: 1353 kare, yüz %46  (7660 s)
  [2959/3540] 8517_FullHDwebcam_after: 1352 kare, yüz %100  (7664 s)
  [2960/3540] 8517_USBVideo_after: 1352 kare, yüz %100  (7665 s)
  [2961/3540] 8517_IriunWebcam_after: 1353 kare, yüz %100  (7665 s)
  [2962/3540] 8517_IriunWebcam_before: 1353 kare, yüz %100  (7670 s)
  [2963/3540] 8517_FullHDwebcam_before: 1352 kare, yüz %100  (7670 s)
  [2964/3540] 8517_USBVideo_before: 1353 kare, yüz %100  (7671 s)
  [2965/3540] 8540_IriunWebcam_after: 1351 kare, yüz %100  (7677 s)
  [2966/3540] 8540_USBVideo_after: 1352 kare, yüz %100  (7678 s)
  [2967/3540] 8540_FullHDwebcam_after: 1352 kare, yüz %100  (7679 s)
  [2968/3540] 8540_USBVideo_before: 1352 kare, yüz %100  (7685 s)
  [2969/3540] 8540_IriunWebcam_before: 1352 kare, yüz %100  (7685 s)
  [2970/3540] 8540_FullHDwebcam_before: 1352 kare, yüz %100  (7686 s)
  [2971/3540] 8541_IriunWebcam_after: 1352 kare, yüz %100  (7694 s)
  [2972/3540] 8541_FullHDwebcam_after: 1352 kare, yüz %100  (7694 s)
  [2973/3540] 8541_USBVideo_after: 1352 kare, yüz %0  (7697 s)
  [2974/3540] 8541_FullHDwebcam_before: 1352 kare, yüz %100  (7702 s)
  [2975/3540] 8541_IriunWebcam_before: 1352 kare, yüz %100  (7704 s)
  [2976/3540] 8541_USBVideo_before: 1352 kare, yüz %0  (7705 s)
  [2977/3540] 8550_FullHDwebcam_after: 1352 kare, yüz %100  (7709 s)
  [2978/3540] 8550_USBVideo_after: 1352 kare, yüz %69  (7710 s)
  [2979/3540] 8550_IriunWebcam_after: 1352 kare, yüz %100  (7711 s)
  [2980/3540] 8550_FullHDwebcam_before: 1352 kare, yüz %100  (7717 s)
  [2981/3540] 8550_USBVideo_before: 1352 kare, yüz %20  (7717 s)
  [2982/3540] 8550_IriunWebcam_before: 1352 kare, yüz %100  (7717 s)
  [2983/3540] 8555_IriunWebcam_after: 1352 kare, yüz %100  (7723 s)
  [2984/3540] 8555_FullHDwebcam_after: 1352 kare, yüz %100  (7723 s)
  [2985/3540] 8555_USBVideo_after: 1352 kare, yüz %100  (7724 s)
  [2986/3540] 8555_FullHDwebcam_before: 1352 kare, yüz %100  (7729 s)
  [2987/3540] 8555_USBVideo_before: 1352 kare, yüz %100  (7729 s)
  [2988/3540] 8555_IriunWebcam_before: 1352 kare, yüz %100  (7729 s)
  [2989/3540] 8563_IriunWebcam_after: 1352 kare, yüz %100  (7736 s)
  [2990/3540] 8563_FullHDwebcam_after: 1352 kare, yüz %100  (7737 s)
  [2991/3540] 8563_USBVideo_after: 1352 kare, yüz %20  (7740 s)
  [2992/3540] 8563_FullHDwebcam_before: 1352 kare, yüz %100  (7743 s)
  [2993/3540] 8563_IriunWebcam_before: 1353 kare, yüz %100  (7745 s)
  [2994/3540] 8563_USBVideo_before: 1352 kare, yüz %0  (7746 s)
  [2995/3540] 8565_FullHDwebcam_after: 1352 kare, yüz %100  (7752 s)
  [2996/3540] 8565_USBVideo_after: 1352 kare, yüz %100  (7752 s)
  [2997/3540] 8565_IriunWebcam_after: 1352 kare, yüz %100  (7752 s)
  [2998/3540] 8565_IriunWebcam_before: 1352 kare, yüz %100  (7759 s)
  [2999/3540] 8565_USBVideo_before: 1352 kare, yüz %100  (7759 s)
  [3000/3540] 8565_FullHDwebcam_before: 1352 kare, yüz %100  (7761 s)
  [3001/3540] 8584_USBVideo_after: 1353 kare, yüz %100  (7767 s)
  [3002/3540] 8584_IriunWebcam_after: 1353 kare, yüz %95  (7767 s)
  [3003/3540] 8584_FullHDwebcam_after: 1352 kare, yüz %100  (7768 s)
  [3004/3540] 8584_FullHDwebcam_before: 1352 kare, yüz %100  (7774 s)
  [3005/3540] 8584_USBVideo_before: 1353 kare, yüz %100  (7775 s)
  [3006/3540] 8584_IriunWebcam_before: 1353 kare, yüz %100  (7776 s)
  [3007/3540] 8587_IriunWebcam_after: 1353 kare, yüz %100  (7782 s)
  [3008/3540] 8587_USBVideo_after: 1352 kare, yüz %93  (7783 s)
  [3009/3540] 8587_FullHDwebcam_after: 1352 kare, yüz %100  (7783 s)
  [3010/3540] 8587_IriunWebcam_before: 1352 kare, yüz %100  (7789 s)
  [3011/3540] 8587_FullHDwebcam_before: 1352 kare, yüz %100  (7790 s)
  [3012/3540] 8587_USBVideo_before: 1352 kare, yüz %100  (7790 s)
  [3013/3540] 8603_FullHDwebcam_after: 1352 kare, yüz %100  (7797 s)
  [3014/3540] 8603_IriunWebcam_after: 1352 kare, yüz %5  (7798 s)
  [3015/3540] 8603_USBVideo_after: 1352 kare, yüz %0  (7800 s)
  [3016/3540] 8603_FullHDwebcam_before: 1352 kare, yüz %100  (7806 s)
  [3017/3540] 8603_USBVideo_before: 1352 kare, yüz %7  (7806 s)
  [3018/3540] 8603_IriunWebcam_before: 1353 kare, yüz %100  (7807 s)
  [3019/3540] 8661_USBVideo_after: 1352 kare, yüz %100  (7813 s)
  [3020/3540] 8661_IriunWebcam_after: 1352 kare, yüz %100  (7813 s)
  [3021/3540] 8661_FullHDwebcam_after: 1352 kare, yüz %100  (7813 s)
  [3022/3540] 8661_IriunWebcam_before: 1353 kare, yüz %100  (7819 s)
  [3023/3540] 8661_USBVideo_before: 1352 kare, yüz %100  (7820 s)
  [3024/3540] 8661_FullHDwebcam_before: 1352 kare, yüz %100  (7820 s)
  [3025/3540] 8664_IriunWebcam_after: 1353 kare, yüz %100  (7828 s)
  [3026/3540] 8664_USBVideo_after: 1352 kare, yüz %100  (7828 s)
  [3027/3540] 8664_FullHDwebcam_after: 1352 kare, yüz %100  (7829 s)
  [3028/3540] 8664_USBVideo_before: 1352 kare, yüz %93  (7835 s)
  [3029/3540] 8664_IriunWebcam_before: 1352 kare, yüz %100  (7837 s)
  [3030/3540] 8664_FullHDwebcam_before: 1352 kare, yüz %100  (7838 s)
  [3031/3540] 8679_IriunWebcam_after: 1353 kare, yüz %97  (7845 s)
  [3032/3540] 8679_USBVideo_after: 1352 kare, yüz %63  (7845 s)
  [3033/3540] 8679_FullHDwebcam_after: 1352 kare, yüz %100  (7846 s)
  [3034/3540] 8679_IriunWebcam_before: 1352 kare, yüz %100  (7853 s)
  [3035/3540] 8679_USBVideo_before: 1352 kare, yüz %100  (7853 s)
  [3036/3540] 8679_FullHDwebcam_before: 1352 kare, yüz %100  (7854 s)
  [3037/3540] 8681_FullHDwebcam_after: 1352 kare, yüz %100  (7861 s)
  [3038/3540] 8681_IriunWebcam_after: 1353 kare, yüz %97  (7861 s)
  [3039/3540] 8681_USBVideo_after: 1352 kare, yüz %0  (7863 s)
  [3040/3540] 8681_FullHDwebcam_before: 1352 kare, yüz %100  (7868 s)
  [3041/3540] 8681_IriunWebcam_before: 1353 kare, yüz %100  (7869 s)
  [3042/3540] 8681_USBVideo_before: 1352 kare, yüz %0  (7871 s)
  [3043/3540] 8706_FullHDwebcam_after: 1352 kare, yüz %100  (7877 s)
  [3044/3540] 8706_IriunWebcam_after: 1353 kare, yüz %100  (7878 s)
  [3045/3540] 8706_USBVideo_after: 1352 kare, yüz %0  (7879 s)
  [3046/3540] 8706_FullHDwebcam_before: 1352 kare, yüz %100  (7885 s)
  [3047/3540] 8706_IriunWebcam_before: 1352 kare, yüz %100  (7886 s)
  [3048/3540] 8706_USBVideo_before: 1352 kare, yüz %0  (7890 s)
  [3049/3540] 8718_FullHDwebcam_after: 1352 kare, yüz %100  (7893 s)
  [3050/3540] 8718_USBVideo_after: 1352 kare, yüz %31  (7895 s)
  [3051/3540] 8718_IriunWebcam_after: 1352 kare, yüz %100  (7896 s)
  [3052/3540] 8718_FullHDwebcam_before: 1352 kare, yüz %100  (7900 s)
  [3053/3540] 8718_IriunWebcam_before: 1352 kare, yüz %100  (7902 s)
  [3054/3540] 8718_USBVideo_before: 1352 kare, yüz %58  (7905 s)
  [3055/3540] 8730_FullHDwebcam_after: 1352 kare, yüz %100  (7908 s)
  [3056/3540] 8730_USBVideo_after: 1352 kare, yüz %100  (7909 s)
  [3057/3540] 8730_IriunWebcam_after: 1353 kare, yüz %100  (7910 s)
  [3058/3540] 8730_FullHDwebcam_before: 1352 kare, yüz %100  (7915 s)
  [3059/3540] 8730_IriunWebcam_before: 1353 kare, yüz %100  (7916 s)
  [3060/3540] 8730_USBVideo_before: 1352 kare, yüz %100  (7917 s)
  [3061/3540] 8738_FullHDwebcam_after: 1352 kare, yüz %100  (7922 s)
  [3062/3540] 8738_IriunWebcam_after: 1353 kare, yüz %100  (7924 s)
  [3063/3540] 8738_USBVideo_after: 1352 kare, yüz %0  (7926 s)
  [3064/3540] 8738_FullHDwebcam_before: 1352 kare, yüz %100  (7932 s)
  [3065/3540] 8738_IriunWebcam_before: 1353 kare, yüz %100  (7932 s)
  [3066/3540] 8738_USBVideo_before: 1352 kare, yüz %0  (7934 s)
  [3067/3540] 8768_FullHDwebcam_after: 1352 kare, yüz %100  (7938 s)
  [3068/3540] 8768_USBVideo_after: 1352 kare, yüz %100  (7939 s)
  [3069/3540] 8768_IriunWebcam_after: 1352 kare, yüz %100  (7940 s)
  [3070/3540] 8768_FullHDwebcam_before: 1352 kare, yüz %100  (7944 s)
  [3071/3540] 8768_IriunWebcam_before: 1351 kare, yüz %100  (7945 s)
  [3072/3540] 8768_USBVideo_before: 1352 kare, yüz %100  (7946 s)
  [3073/3540] 8772_FullHDwebcam_after: 1352 kare, yüz %100  (7952 s)
  [3074/3540] 8772_IriunWebcam_after: 1352 kare, yüz %100  (7953 s)
  [3075/3540] 8772_USBVideo_after: 1352 kare, yüz %4  (7954 s)
  [3076/3540] 8772_FullHDwebcam_before: 1352 kare, yüz %100  (7961 s)
  [3077/3540] 8772_IriunWebcam_before: 1352 kare, yüz %100  (7961 s)
  [3078/3540] 8772_USBVideo_before: 1352 kare, yüz %0  (7963 s)
  [3079/3540] 8785_FullHDwebcam_after: 1352 kare, yüz %100  (7969 s)
  [3080/3540] 8785_IriunWebcam_after: 1352 kare, yüz %100  (7970 s)
  [3081/3540] 8785_USBVideo_after: 1352 kare, yüz %0  (7971 s)
  [3082/3540] 8785_FullHDwebcam_before: 1352 kare, yüz %100  (7976 s)
  [3083/3540] 8785_IriunWebcam_before: 1353 kare, yüz %100  (7977 s)
  [3084/3540] 8785_USBVideo_before: 1352 kare, yüz %0  (7979 s)
  [3085/3540] 8802_FullHDwebcam_after: 1352 kare, yüz %100  (7985 s)
  [3086/3540] 8802_IriunWebcam_after: 1353 kare, yüz %100  (7986 s)
  [3087/3540] 8802_USBVideo_after: 1352 kare, yüz %0  (7989 s)
  [3088/3540] 8802_FullHDwebcam_before: 1352 kare, yüz %100  (7994 s)
  [3089/3540] 8802_IriunWebcam_before: 1353 kare, yüz %100  (7995 s)
  [3090/3540] 8802_USBVideo_before: 1352 kare, yüz %0  (7998 s)
  [3091/3540] 8808_FullHDwebcam_after: 1352 kare, yüz %100  (8000 s)
  [3092/3540] 8808_IriunWebcam_after: 1352 kare, yüz %100  (8003 s)
  [3093/3540] 8808_USBVideo_after: 1352 kare, yüz %60  (8004 s)
  [3094/3540] 8808_FullHDwebcam_before: 1352 kare, yüz %100  (8008 s)
  [3095/3540] 8808_IriunWebcam_before: 1352 kare, yüz %100  (8010 s)
  [3096/3540] 8817_FullHDwebcam_after: 1352 kare, yüz %100  (8015 s)
  [3097/3540] 8817_IriunWebcam_after: 1352 kare, yüz %100  (8021 s)
  [3098/3540] 8817_USBVideo_after: 1352 kare, yüz %100  (8022 s)
  [3099/3540] 8808_USBVideo_before: 1352 kare, yüz %0  (8023 s)
  [3100/3540] 8817_IriunWebcam_before: 1352 kare, yüz %100  (8029 s)
  [3101/3540] 8817_USBVideo_before: 1352 kare, yüz %100  (8029 s)
  [3102/3540] 8817_FullHDwebcam_before: 1352 kare, yüz %100  (8030 s)
  [3103/3540] 8834_IriunWebcam_after: 1352 kare, yüz %100  (8036 s)
  [3104/3540] 8834_USBVideo_after: 1352 kare, yüz %100  (8037 s)
  [3105/3540] 8834_FullHDwebcam_after: 1352 kare, yüz %100  (8037 s)
  [3106/3540] 8834_IriunWebcam_before: 1352 kare, yüz %100  (8043 s)
  [3107/3540] 8834_USBVideo_before: 1352 kare, yüz %100  (8044 s)
  [3108/3540] 8834_FullHDwebcam_before: 1352 kare, yüz %100  (8044 s)
  [3109/3540] 8844_IriunWebcam_after: 1352 kare, yüz %100  (8050 s)
  [3110/3540] 8844_USBVideo_after: 1352 kare, yüz %87  (8052 s)
  [3111/3540] 8844_FullHDwebcam_after: 1352 kare, yüz %100  (8052 s)
  [3112/3540] 8844_IriunWebcam_before: 1352 kare, yüz %100  (8059 s)
  [3113/3540] 8844_USBVideo_before: 1352 kare, yüz %89  (8059 s)
  [3114/3540] 8844_FullHDwebcam_before: 1352 kare, yüz %100  (8060 s)
  [3115/3540] 8847_FullHDwebcam_after: 1352 kare, yüz %100  (8067 s)
  [3116/3540] 8847_USBVideo_after: 1352 kare, yüz %9  (8068 s)
  [3117/3540] 8847_IriunWebcam_after: 1353 kare, yüz %100  (8068 s)
  [3118/3540] 8847_FullHDwebcam_before: 1352 kare, yüz %100  (8076 s)
  [3119/3540] 8847_IriunWebcam_before: 1353 kare, yüz %100  (8077 s)
  [3120/3540] 8847_USBVideo_before: 1352 kare, yüz %0  (8079 s)
  [3121/3540] 8848_FullHDwebcam_after: 1352 kare, yüz %100  (8085 s)
  [3122/3540] 8848_IriunWebcam_after: 1352 kare, yüz %100  (8085 s)
  [3123/3540] 8848_USBVideo_after: 1352 kare, yüz %100  (8085 s)
  [3124/3540] 8848_IriunWebcam_before: 1352 kare, yüz %65  (8091 s)
  [3125/3540] 8848_USBVideo_before: 1352 kare, yüz %98  (8092 s)
  [3126/3540] 8848_FullHDwebcam_before: 1352 kare, yüz %100  (8092 s)
  [3127/3540] 8852_IriunWebcam_after: 1353 kare, yüz %95  (8098 s)
  [3128/3540] 8852_FullHDwebcam_after: 1352 kare, yüz %98  (8098 s)
  [3129/3540] 8852_USBVideo_after: 1352 kare, yüz %59  (8099 s)
  [3130/3540] 8852_IriunWebcam_before: 1352 kare, yüz %100  (8104 s)
  [3131/3540] 8852_USBVideo_before: 1352 kare, yüz %35  (8105 s)
  [3132/3540] 8852_FullHDwebcam_before: 1352 kare, yüz %100  (8106 s)
  [3133/3540] 8874_IriunWebcam_after: 1352 kare, yüz %100  (8114 s)
  [3134/3540] 8874_FullHDwebcam_after: 1352 kare, yüz %100  (8114 s)
  [3135/3540] 8874_USBVideo_after: 1353 kare, yüz %0  (8116 s)
  [3136/3540] 8874_IriunWebcam_before: 1353 kare, yüz %100  (8124 s)
  [3137/3540] 8874_USBVideo_before: 1352 kare, yüz %2  (8124 s)
  [3138/3540] 8874_FullHDwebcam_before: 1352 kare, yüz %100  (8126 s)
  [3139/3540] 8897_FullHDwebcam_after: 1352 kare, yüz %100  (8132 s)
  [3140/3540] 8897_IriunWebcam_after: 1353 kare, yüz %100  (8133 s)
  [3141/3540] 8897_USBVideo_after: 1352 kare, yüz %0  (8134 s)
  [3142/3540] 8897_FullHDwebcam_before: 1352 kare, yüz %100  (8139 s)
  [3143/3540] 8897_IriunWebcam_before: 1353 kare, yüz %100  (8140 s)
  [3144/3540] 8897_USBVideo_before: 1352 kare, yüz %2  (8140 s)
  [3145/3540] 8902_FullHDwebcam_after: 1352 kare, yüz %100  (8146 s)
  [3146/3540] 8902_IriunWebcam_after: 1353 kare, yüz %100  (8148 s)
  [3147/3540] 8902_USBVideo_after: 1352 kare, yüz %0  (8152 s)
  [3148/3540] 8902_FullHDwebcam_before: 1352 kare, yüz %100  (8155 s)
  [3149/3540] 8902_USBVideo_before: 1352 kare, yüz %0  (8157 s)
  [3150/3540] 8902_IriunWebcam_before: 1352 kare, yüz %100  (8158 s)
  [3151/3540] 9003_USBVideo_after: 1352 kare, yüz %100  (8164 s)
  [3152/3540] 9003_FullHDwebcam_after: 1352 kare, yüz %100  (8164 s)
  [3153/3540] 9003_IriunWebcam_after: 1353 kare, yüz %100  (8165 s)
  [3154/3540] 9003_USBVideo_before: 1352 kare, yüz %100  (8172 s)
  [3155/3540] 9003_IriunWebcam_before: 1353 kare, yüz %100  (8172 s)
  [3156/3540] 9003_FullHDwebcam_before: 1352 kare, yüz %100  (8173 s)
  [3157/3540] 9028_IriunWebcam_after: 1352 kare, yüz %100  (8178 s)
  [3158/3540] 9028_USBVideo_after: 1353 kare, yüz %100  (8179 s)
  [3159/3540] 9028_FullHDwebcam_after: 1352 kare, yüz %100  (8180 s)
  [3160/3540] 9028_FullHDwebcam_before: 1352 kare, yüz %100  (8185 s)
  [3161/3540] 9028_IriunWebcam_before: 1352 kare, yüz %100  (8186 s)
  [3162/3540] 9028_USBVideo_before: 1352 kare, yüz %100  (8187 s)
  [3163/3540] 9039_IriunWebcam_after: 1352 kare, yüz %100  (8192 s)
  [3164/3540] 9039_USBVideo_after: 1352 kare, yüz %100  (8193 s)
  [3165/3540] 9039_FullHDwebcam_after: 1352 kare, yüz %100  (8195 s)
  [3166/3540] 9039_IriunWebcam_before: 1353 kare, yüz %100  (8201 s)
  [3167/3540] 9039_USBVideo_before: 1352 kare, yüz %100  (8201 s)
  [3168/3540] 9039_FullHDwebcam_before: 1352 kare, yüz %100  (8202 s)
  [3169/3540] 9064_IriunWebcam_after: 1353 kare, yüz %100  (8210 s)
  [3170/3540] 9064_FullHDwebcam_after: 1352 kare, yüz %100  (8210 s)
  [3171/3540] 9064_USBVideo_after: 1353 kare, yüz %0  (8213 s)
  [3172/3540] 9064_FullHDwebcam_before: 1352 kare, yüz %100  (8217 s)
  [3173/3540] 9064_IriunWebcam_before: 1353 kare, yüz %100  (8219 s)
  [3174/3540] 9064_USBVideo_before: 1352 kare, yüz %5  (8219 s)
  [3175/3540] 9077_FullHDwebcam_after: 1352 kare, yüz %100  (8222 s)
  [3176/3540] 9077_IriunWebcam_after: 1353 kare, yüz %100  (8227 s)
  [3177/3540] 9077_USBVideo_after: 1352 kare, yüz %100  (8228 s)
  [3178/3540] 9077_FullHDwebcam_before: 1352 kare, yüz %100  (8229 s)
  [3179/3540] 9077_USBVideo_before: 1352 kare, yüz %100  (8236 s)
  [3180/3540] 9077_IriunWebcam_before: 1353 kare, yüz %100  (8236 s)
  [3181/3540] 9092_FullHDwebcam_after: 1352 kare, yüz %100  (8237 s)
  [3182/3540] 9092_IriunWebcam_after: 1352 kare, yüz %81  (8244 s)
  [3183/3540] 9092_FullHDwebcam_before: 1352 kare, yüz %100  (8247 s)
  [3184/3540] 9092_USBVideo_after: 1352 kare, yüz %0  (8248 s)
  [3185/3540] 9092_USBVideo_before: 1352 kare, yüz %2  (8252 s)
  [3186/3540] 9092_IriunWebcam_before: 1352 kare, yüz %100  (8253 s)
  [3187/3540] 9098_USBVideo_after: 1352 kare, yüz %2  (8258 s)
  [3188/3540] 9098_IriunWebcam_after: 1353 kare, yüz %68  (8258 s)
  [3189/3540] 9098_USBVideo_before: 1352 kare, yüz %7  (8265 s)
  [3190/3540] 9098_FullHDwebcam_after: 1352 kare, yüz %100  (8266 s)
  [3191/3540] 9098_FullHDwebcam_before: 1352 kare, yüz %100  (8266 s)
  [3192/3540] 9098_IriunWebcam_before: 1352 kare, yüz %92  (8270 s)
  [3193/3540] 9105_USBVideo_after: 1353 kare, yüz %100  (8273 s)
  [3194/3540] 9105_FullHDwebcam_after: 1352 kare, yüz %100  (8275 s)
  [3195/3540] 9105_IriunWebcam_after: 1352 kare, yüz %100  (8275 s)
  [3196/3540] 9105_IriunWebcam_before: 1352 kare, yüz %100  (8281 s)
  [3197/3540] 9105_FullHDwebcam_before: 1352 kare, yüz %100  (8282 s)
  [3198/3540] 9105_USBVideo_before: 1352 kare, yüz %100  (8282 s)
  [3199/3540] 9115_IriunWebcam_after: 1352 kare, yüz %100  (8289 s)
  [3200/3540] 9115_USBVideo_after: 1353 kare, yüz %100  (8289 s)
  [3201/3540] 9115_FullHDwebcam_after: 1352 kare, yüz %100  (8291 s)
  [3202/3540] 9115_USBVideo_before: 1353 kare, yüz %100  (8297 s)
  [3203/3540] 9115_IriunWebcam_before: 1352 kare, yüz %100  (8299 s)
  [3204/3540] 9115_FullHDwebcam_before: 1352 kare, yüz %100  (8299 s)
  [3205/3540] 9118_FullHDwebcam_after: 1352 kare, yüz %100  (8305 s)
  [3206/3540] 9118_IriunWebcam_after: 1353 kare, yüz %100  (8306 s)
  [3207/3540] 9118_USBVideo_after: 1352 kare, yüz %0  (8311 s)
  [3208/3540] 9118_FullHDwebcam_before: 1352 kare, yüz %100  (8314 s)
  [3209/3540] 9118_IriunWebcam_before: 1352 kare, yüz %100  (8318 s)
  [3210/3540] 9118_USBVideo_before: 1352 kare, yüz %0  (8319 s)
  [3211/3540] 9139_FullHDwebcam_after: 1352 kare, yüz %100  (8323 s)
  [3212/3540] 9139_IriunWebcam_after: 1352 kare, yüz %100  (8326 s)
  [3213/3540] 9139_USBVideo_after: 1352 kare, yüz %0  (8328 s)
  [3214/3540] 9139_FullHDwebcam_before: 1352 kare, yüz %100  (8331 s)
  [3215/3540] 9139_IriunWebcam_before: 1352 kare, yüz %100  (8335 s)
  [3216/3540] 9139_USBVideo_before: 1352 kare, yüz %0  (8337 s)
  [3217/3540] 9141_FullHDwebcam_after: 1352 kare, yüz %100  (8339 s)
  [3218/3540] 9141_IriunWebcam_after: 1352 kare, yüz %14  (8344 s)
  [3219/3540] 9141_USBVideo_after: 1352 kare, yüz %7  (8344 s)
  [3220/3540] 9141_FullHDwebcam_before: 1352 kare, yüz %100  (8348 s)
  [3221/3540] 9141_IriunWebcam_before: 1353 kare, yüz %100  (8351 s)
  [3222/3540] 9141_USBVideo_before: 1352 kare, yüz %20  (8354 s)
  [3223/3540] 9146_FullHDwebcam_after: 1352 kare, yüz %100  (8356 s)
  [3224/3540] 9146_IriunWebcam_after: 1353 kare, yüz %100  (8362 s)
  [3225/3540] 9146_USBVideo_after: 1352 kare, yüz %0  (8362 s)
  [3226/3540] 9146_FullHDwebcam_before: 1352 kare, yüz %100  (8365 s)
  [3227/3540] 9146_IriunWebcam_before: 1353 kare, yüz %100  (8369 s)
  [3228/3540] 9153_FullHDwebcam_after: 1352 kare, yüz %100  (8372 s)
  [3229/3540] 9146_USBVideo_before: 1352 kare, yüz %0  (8373 s)
  [3230/3540] 9153_USBVideo_after: 1352 kare, yüz %100  (8375 s)
  [3231/3540] 9153_IriunWebcam_after: 1353 kare, yüz %100  (8377 s)
  [3232/3540] 9153_FullHDwebcam_before: 1352 kare, yüz %100  (8382 s)
  [3233/3540] 9153_USBVideo_before: 1353 kare, yüz %100  (8382 s)
  [3234/3540] 9153_IriunWebcam_before: 1352 kare, yüz %100  (8383 s)
  [3235/3540] 9160_FullHDwebcam_after: 1352 kare, yüz %100  (8388 s)
  [3236/3540] 9160_IriunWebcam_after: 1352 kare, yüz %100  (8389 s)
  [3237/3540] 9160_USBVideo_after: 1352 kare, yüz %100  (8389 s)
  [3238/3540] 9160_FullHDwebcam_before: 1352 kare, yüz %100  (8395 s)
  [3239/3540] 9160_IriunWebcam_before: 1351 kare, yüz %100  (8395 s)
  [3240/3540] 9160_USBVideo_before: 1352 kare, yüz %100  (8396 s)
  [3241/3540] 9163_IriunWebcam_after: 1353 kare, yüz %100  (8403 s)
  [3242/3540] 9163_FullHDwebcam_after: 1353 kare, yüz %100  (8403 s)
  [3243/3540] 9163_USBVideo_after: 1353 kare, yüz %0  (8407 s)
  [3244/3540] 9163_FullHDwebcam_before: 1352 kare, yüz %100  (8410 s)
  [3245/3540] 9163_USBVideo_before: 1352 kare, yüz %2  (8412 s)
  [3246/3540] 9163_IriunWebcam_before: 1352 kare, yüz %100  (8413 s)
  [3247/3540] 9174_FullHDwebcam_after: 1352 kare, yüz %100  (8421 s)
  [3248/3540] 9174_IriunWebcam_after: 1353 kare, yüz %100  (8422 s)
  [3249/3540] 9174_USBVideo_after: 1352 kare, yüz %100  (8423 s)
  [3250/3540] 9174_USBVideo_before: 1353 kare, yüz %100  (8430 s)
  [3251/3540] 9174_FullHDwebcam_before: 1352 kare, yüz %100  (8431 s)
  [3252/3540] 9174_IriunWebcam_before: 1352 kare, yüz %100  (8432 s)
  [3253/3540] 9199_FullHDwebcam_after: 1352 kare, yüz %98  (8438 s)
  [3254/3540] 9199_IriunWebcam_after: 1353 kare, yüz %100  (8438 s)
  [3255/3540] 9199_USBVideo_after: 1352 kare, yüz %2  (8439 s)
  [3256/3540] 9199_FullHDwebcam_before: 1352 kare, yüz %100  (8446 s)
  [3257/3540] 9199_IriunWebcam_before: 1352 kare, yüz %100  (8447 s)
  [3258/3540] 9199_USBVideo_before: 1353 kare, yüz %0  (8449 s)
  [3259/3540] 9211_FullHDwebcam_after: 1352 kare, yüz %100  (8456 s)
  [3260/3540] 9211_IriunWebcam_after: 1353 kare, yüz %97  (8456 s)
  [3261/3540] 9211_USBVideo_after: 1352 kare, yüz %2  (8457 s)
  [3262/3540] 9211_IriunWebcam_before: 1352 kare, yüz %27  (8464 s)
  [3263/3540] 9211_FullHDwebcam_before: 1352 kare, yüz %100  (8465 s)
  [3264/3540] 9211_USBVideo_before: 1352 kare, yüz %0  (8467 s)
  [3265/3540] 9229_FullHDwebcam_after: 1352 kare, yüz %100  (8472 s)
  [3266/3540] 9229_IriunWebcam_after: 1353 kare, yüz %100  (8473 s)
  [3267/3540] 9229_USBVideo_after: 1352 kare, yüz %0  (8477 s)
  [3268/3540] 9229_FullHDwebcam_before: 1352 kare, yüz %100  (8480 s)
  [3269/3540] 9229_USBVideo_before: 1352 kare, yüz %0  (8483 s)
  [3270/3540] 9229_IriunWebcam_before: 1353 kare, yüz %100  (8483 s)
  [3271/3540] 9256_FullHDwebcam_after: 1352 kare, yüz %100  (8485 s)
  [3272/3540] 9256_IriunWebcam_after: 1353 kare, yüz %100  (8489 s)
  [3273/3540] 9256_FullHDwebcam_before: 1352 kare, yüz %100  (8491 s)
  [3274/3540] 9256_USBVideo_after: 1353 kare, yüz %0  (8491 s)
  [3275/3540] 9256_IriunWebcam_before: 1353 kare, yüz %100  (8497 s)
  [3276/3540] 9256_USBVideo_before: 1352 kare, yüz %0  (8498 s)
  [3277/3540] 9282_FullHDwebcam_after: 1352 kare, yüz %100  (8500 s)
  [3278/3540] 9282_USBVideo_after: 1352 kare, yüz %100  (8503 s)
  [3279/3540] 9282_IriunWebcam_after: 1352 kare, yüz %100  (8504 s)
  [3280/3540] 9282_FullHDwebcam_before: 1352 kare, yüz %100  (8509 s)
  [3281/3540] 9282_USBVideo_before: 1352 kare, yüz %100  (8509 s)
  [3282/3540] 9282_IriunWebcam_before: 1352 kare, yüz %100  (8510 s)
  [3283/3540] 9283_FullHDwebcam_after: 1352 kare, yüz %100  (8514 s)
  [3284/3540] 9283_IriunWebcam_after: 1352 kare, yüz %100  (8515 s)
  [3285/3540] 9283_USBVideo_after: 1352 kare, yüz %98  (8516 s)
  [3286/3540] 9283_FullHDwebcam_before: 1352 kare, yüz %100  (8521 s)
  [3287/3540] 9283_USBVideo_before: 1352 kare, yüz %100  (8522 s)
  [3288/3540] 9283_IriunWebcam_before: 1352 kare, yüz %100  (8522 s)
  [3289/3540] 9286_IriunWebcam_after: 1353 kare, yüz %100  (8528 s)
  [3290/3540] 9286_USBVideo_after: 1352 kare, yüz %72  (8528 s)
  [3291/3540] 9286_FullHDwebcam_after: 1352 kare, yüz %100  (8529 s)
  [3292/3540] 9286_USBVideo_before: 1352 kare, yüz %91  (8535 s)
  [3293/3540] 9286_IriunWebcam_before: 1352 kare, yüz %100  (8535 s)
  [3294/3540] 9286_FullHDwebcam_before: 1352 kare, yüz %100  (8536 s)
  [3295/3540] 9292_IriunWebcam_after: 1352 kare, yüz %100  (8542 s)
  [3296/3540] 9292_USBVideo_after: 1352 kare, yüz %100  (8543 s)
  [3297/3540] 9292_FullHDwebcam_after: 1352 kare, yüz %100  (8544 s)
  [3298/3540] 9292_USBVideo_before: 1352 kare, yüz %100  (8549 s)
  [3299/3540] 9292_IriunWebcam_before: 1353 kare, yüz %100  (8550 s)
  [3300/3540] 9292_FullHDwebcam_before: 1352 kare, yüz %100  (8551 s)
  [3301/3540] 9305_IriunWebcam_after: 1353 kare, yüz %36  (8559 s)
  [3302/3540] 9305_FullHDwebcam_after: 1352 kare, yüz %100  (8559 s)
  [3303/3540] 9305_USBVideo_after: 1352 kare, yüz %11  (8560 s)
  [3304/3540] 9305_IriunWebcam_before: 1353 kare, yüz %95  (8567 s)
  [3305/3540] 9305_FullHDwebcam_before: 1352 kare, yüz %100  (8567 s)
  [3306/3540] 9305_USBVideo_before: 1352 kare, yüz %4  (8569 s)
  [3307/3540] 9308_FullHDwebcam_after: 1352 kare, yüz %100  (8574 s)
  [3308/3540] 9308_IriunWebcam_after: 1352 kare, yüz %100  (8575 s)
  [3309/3540] 9308_USBVideo_after: 1353 kare, yüz %100  (8576 s)
  [3310/3540] 9308_FullHDwebcam_before: 1352 kare, yüz %100  (8583 s)
  [3311/3540] 9308_USBVideo_before: 1352 kare, yüz %100  (8583 s)
  [3312/3540] 9308_IriunWebcam_before: 1353 kare, yüz %100  (8583 s)
  [3313/3540] 9309_IriunWebcam_after: 1352 kare, yüz %100  (8590 s)
  [3314/3540] 9309_USBVideo_after: 1352 kare, yüz %100  (8591 s)
  [3315/3540] 9309_FullHDwebcam_after: 1352 kare, yüz %100  (8592 s)
  [3316/3540] 9309_USBVideo_before: 1353 kare, yüz %100  (8599 s)
  [3317/3540] 9309_FullHDwebcam_before: 1352 kare, yüz %100  (8599 s)
  [3318/3540] 9309_IriunWebcam_before: 1353 kare, yüz %100  (8600 s)
  [3319/3540] 9396_USBVideo_after: 1352 kare, yüz %78  (8606 s)
  [3320/3540] 9396_FullHDwebcam_after: 1352 kare, yüz %100  (8606 s)
  [3321/3540] 9396_IriunWebcam_after: 1353 kare, yüz %100  (8606 s)
  [3322/3540] 9396_IriunWebcam_before: 1353 kare, yüz %100  (8612 s)
  [3323/3540] 9396_FullHDwebcam_before: 1352 kare, yüz %100  (8613 s)
  [3324/3540] 9396_USBVideo_before: 1352 kare, yüz %100  (8613 s)
  [3325/3540] 9401_IriunWebcam_after: 1353 kare, yüz %100  (8620 s)
  [3326/3540] 9401_FullHDwebcam_after: 1352 kare, yüz %100  (8620 s)
  [3327/3540] 9401_USBVideo_after: 1352 kare, yüz %0  (8625 s)
  [3328/3540] 9401_FullHDwebcam_before: 1352 kare, yüz %100  (8629 s)
  [3329/3540] 9401_IriunWebcam_before: 1353 kare, yüz %100  (8632 s)
  [3330/3540] 9401_USBVideo_before: 1352 kare, yüz %0  (8632 s)
  [3331/3540] 9425_FullHDwebcam_after: 1352 kare, yüz %100  (8637 s)
  [3332/3540] 9425_IriunWebcam_after: 1352 kare, yüz %100  (8639 s)
  [3333/3540] 9425_USBVideo_after: 1352 kare, yüz %100  (8639 s)
  [3334/3540] 9425_IriunWebcam_before: 1353 kare, yüz %100  (8645 s)
  [3335/3540] 9425_FullHDwebcam_before: 1352 kare, yüz %100  (8646 s)
  [3336/3540] 9425_USBVideo_before: 1353 kare, yüz %100  (8646 s)
  [3337/3540] 9464_USBVideo_after: 1352 kare, yüz %100  (8653 s)
  [3338/3540] 9464_IriunWebcam_after: 1353 kare, yüz %100  (8653 s)
  [3339/3540] 9464_FullHDwebcam_after: 1352 kare, yüz %100  (8654 s)
  [3340/3540] 9464_USBVideo_before: 1352 kare, yüz %100  (8659 s)
  [3341/3540] 9464_FullHDwebcam_before: 1352 kare, yüz %100  (8662 s)
  [3342/3540] 9464_IriunWebcam_before: 1352 kare, yüz %100  (8662 s)
  [3343/3540] 9486_FullHDwebcam_after: 1352 kare, yüz %100  (8668 s)
  [3344/3540] 9486_USBVideo_after: 1352 kare, yüz %100  (8669 s)
  [3345/3540] 9486_IriunWebcam_after: 1353 kare, yüz %100  (8670 s)
  [3346/3540] 9486_USBVideo_before: 1352 kare, yüz %100  (8675 s)
  [3347/3540] 9486_IriunWebcam_before: 1353 kare, yüz %100  (8676 s)
  [3348/3540] 9512_FullHDwebcam_after: 1352 kare, yüz %100  (8683 s)
  [3349/3540] 9486_FullHDwebcam_before: 1352 kare, yüz %100  (8683 s)
  [3350/3540] 9512_USBVideo_after: 1352 kare, yüz %15  (8685 s)
  [3351/3540] 9512_IriunWebcam_after: 1353 kare, yüz %100  (8689 s)
  [3352/3540] 9512_FullHDwebcam_before: 1352 kare, yüz %100  (8691 s)
  [3353/3540] 9512_USBVideo_before: 1352 kare, yüz %0  (8696 s)
  [3354/3540] 9512_IriunWebcam_before: 1352 kare, yüz %100  (8696 s)
  [3355/3540] 9519_FullHDwebcam_after: 1352 kare, yüz %100  (8699 s)
  [3356/3540] 9519_IriunWebcam_after: 1353 kare, yüz %100  (8702 s)
  [3357/3540] 9519_USBVideo_after: 1353 kare, yüz %100  (8704 s)
  [3358/3540] 9519_FullHDwebcam_before: 1352 kare, yüz %100  (8707 s)
  [3359/3540] 9519_USBVideo_before: 1353 kare, yüz %100  (8710 s)
  [3360/3540] 9519_IriunWebcam_before: 1352 kare, yüz %100  (8711 s)
  [3361/3540] 9554_FullHDwebcam_after: 1352 kare, yüz %100  (8715 s)
  [3362/3540] 9554_IriunWebcam_after: 1352 kare, yüz %100  (8717 s)
  [3363/3540] 9554_USBVideo_after: 1352 kare, yüz %0  (8719 s)
  [3364/3540] 9554_FullHDwebcam_before: 1352 kare, yüz %100  (8722 s)
  [3365/3540] 9554_IriunWebcam_before: 1353 kare, yüz %100  (8726 s)
  [3366/3540] 9554_USBVideo_before: 1352 kare, yüz %0  (8726 s)
  [3367/3540] 9597_FullHDwebcam_after: 1352 kare, yüz %100  (8732 s)
  [3368/3540] 9597_IriunWebcam_after: 1353 kare, yüz %100  (8733 s)
  [3369/3540] 9597_USBVideo_after: 1352 kare, yüz %0  (8737 s)
  [3370/3540] 9597_FullHDwebcam_before: 1352 kare, yüz %100  (8743 s)
  [3371/3540] 9597_IriunWebcam_before: 1353 kare, yüz %100  (8744 s)
  [3372/3540] 9597_USBVideo_before: 1352 kare, yüz %0  (8745 s)
  [3373/3540] 9620_IriunWebcam_after: 1353 kare, yüz %100  (8751 s)
  [3374/3540] 9620_FullHDwebcam_after: 1352 kare, yüz %100  (8751 s)
  [3375/3540] 9620_USBVideo_after: 1353 kare, yüz %100  (8751 s)
  [3376/3540] 9620_IriunWebcam_before: 1353 kare, yüz %100  (8758 s)
  [3377/3540] 9620_USBVideo_before: 1353 kare, yüz %100  (8759 s)
  [3378/3540] 9620_FullHDwebcam_before: 1352 kare, yüz %100  (8760 s)
  [3379/3540] 9629_FullHDwebcam_after: 1352 kare, yüz %100  (8767 s)
  [3380/3540] 9629_IriunWebcam_after: 1352 kare, yüz %100  (8767 s)
  [3381/3540] 9629_USBVideo_after: 1353 kare, yüz %82  (8769 s)
  [3382/3540] 9629_FullHDwebcam_before: 1352 kare, yüz %100  (8775 s)
  [3383/3540] 9629_IriunWebcam_before: 1351 kare, yüz %100  (8776 s)
  [3384/3540] 9629_USBVideo_before: 1352 kare, yüz %0  (8780 s)
  [3385/3540] 9640_FullHDwebcam_after: 1352 kare, yüz %100  (8784 s)
  [3386/3540] 9640_USBVideo_after: 1352 kare, yüz %56  (8784 s)
  [3387/3540] 9640_IriunWebcam_after: 1353 kare, yüz %100  (8785 s)
  [3388/3540] 9640_IriunWebcam_before: 1352 kare, yüz %100  (8793 s)
  [3389/3540] 9640_FullHDwebcam_before: 1352 kare, yüz %100  (8794 s)
  [3390/3540] 9640_USBVideo_before: 1352 kare, yüz %0  (8796 s)
  [3391/3540] 9676_FullHDwebcam_after: 1352 kare, yüz %100  (8800 s)
  [3392/3540] 9676_IriunWebcam_after: 1352 kare, yüz %100  (8802 s)
  [3393/3540] 9676_USBVideo_after: 1352 kare, yüz %87  (8803 s)
  [3394/3540] 9676_FullHDwebcam_before: 1352 kare, yüz %100  (8806 s)
  [3395/3540] 9676_IriunWebcam_before: 1351 kare, yüz %100  (8809 s)
  [3396/3540] 9676_USBVideo_before: 1352 kare, yüz %100  (8811 s)
  [3397/3540] 9711_FullHDwebcam_after: 1352 kare, yüz %100  (8816 s)
  [3398/3540] 9711_IriunWebcam_after: 1353 kare, yüz %100  (8820 s)
  [3399/3540] 9711_USBVideo_after: 1352 kare, yüz %0  (8821 s)
  [3400/3540] 9711_FullHDwebcam_before: 1352 kare, yüz %100  (8823 s)
  [3401/3540] 9711_IriunWebcam_before: 1352 kare, yüz %100  (8828 s)
  [3402/3540] 9711_USBVideo_before: 1353 kare, yüz %0  (8830 s)
  [3403/3540] 9715_FullHDwebcam_after: 1352 kare, yüz %100  (8831 s)
  [3404/3540] 9715_IriunWebcam_after: 1353 kare, yüz %100  (8836 s)
  [3405/3540] 9715_USBVideo_after: 1352 kare, yüz %41  (8836 s)
  [3406/3540] 9715_FullHDwebcam_before: 1352 kare, yüz %100  (8839 s)
  [3407/3540] 9715_IriunWebcam_before: 1352 kare, yüz %100  (8843 s)
  [3408/3540] 9715_USBVideo_before: 1353 kare, yüz %0  (8846 s)
  [3409/3540] 9720_FullHDwebcam_after: 1352 kare, yüz %100  (8847 s)
  [3410/3540] 9720_IriunWebcam_after: 1352 kare, yüz %100  (8852 s)
  [3411/3540] 9720_USBVideo_after: 1352 kare, yüz %2  (8853 s)
  [3412/3540] 9720_FullHDwebcam_before: 1352 kare, yüz %100  (8855 s)
  [3413/3540] 9720_IriunWebcam_before: 1353 kare, yüz %100  (8862 s)
  [3414/3540] 9725_FullHDwebcam_after: 1352 kare, yüz %100  (8863 s)
  [3415/3540] 9720_USBVideo_before: 1352 kare, yüz %0  (8864 s)
  [3416/3540] 9725_IriunWebcam_after: 1352 kare, yüz %100  (8870 s)
  [3417/3540] 9725_FullHDwebcam_before: 1352 kare, yüz %100  (8871 s)
  [3418/3540] 9725_USBVideo_after: 1352 kare, yüz %0  (8876 s)
  [3419/3540] 9725_IriunWebcam_before: 1352 kare, yüz %100  (8877 s)
  [3420/3540] 9725_USBVideo_before: 1352 kare, yüz %0  (8881 s)
  [3421/3540] 9737_FullHDwebcam_after: 1352 kare, yüz %100  (8885 s)
  [3422/3540] 9737_IriunWebcam_after: 1352 kare, yüz %100  (8888 s)
  [3423/3540] 9737_USBVideo_after: 1352 kare, yüz %0  (8890 s)
  [3424/3540] 9737_FullHDwebcam_before: 1352 kare, yüz %100  (8892 s)
  [3425/3540] 9737_IriunWebcam_before: 1353 kare, yüz %100  (8897 s)
  [3426/3540] 9737_USBVideo_before: 1352 kare, yüz %13  (8897 s)
  [3427/3540] 9739_FullHDwebcam_after: 1352 kare, yüz %100  (8900 s)
  [3428/3540] 9739_IriunWebcam_after: 1352 kare, yüz %100  (8903 s)
  [3429/3540] 9739_USBVideo_after: 1352 kare, yüz %100  (8904 s)
  [3430/3540] 9739_FullHDwebcam_before: 1352 kare, yüz %100  (8908 s)
  [3431/3540] 9739_IriunWebcam_before: 1353 kare, yüz %100  (8909 s)
  [3432/3540] 9739_USBVideo_before: 1352 kare, yüz %100  (8910 s)
  [3433/3540] 9753_FullHDwebcam_after: 1352 kare, yüz %100  (8916 s)
  [3434/3540] 9753_USBVideo_after: 1352 kare, yüz %100  (8918 s)
  [3435/3540] 9753_FullHDwebcam_before: 1352 kare, yüz %100  (8926 s)
  [3436/3540] 9753_IriunWebcam_after: 1353 kare, yüz %100  (8926 s)
  [3437/3540] 9753_USBVideo_before: 1352 kare, yüz %100  (8927 s)
  [3438/3540] 9753_IriunWebcam_before: 1352 kare, yüz %100  (8932 s)
  [3439/3540] 9779_FullHDwebcam_after: 1352 kare, yüz %100  (8934 s)
  [3440/3540] 9779_USBVideo_after: 1352 kare, yüz %100  (8935 s)
  [3441/3540] 9779_IriunWebcam_after: 1353 kare, yüz %100  (8940 s)
  [3442/3540] 9779_USBVideo_before: 1352 kare, yüz %100  (8942 s)
  [3443/3540] 9779_FullHDwebcam_before: 1352 kare, yüz %100  (8942 s)
  [3444/3540] 9779_IriunWebcam_before: 1353 kare, yüz %100  (8945 s)
  [3445/3540] 9808_USBVideo_after: 1352 kare, yüz %100  (8949 s)
  [3446/3540] 9808_FullHDwebcam_after: 1352 kare, yüz %100  (8953 s)
  [3447/3540] 9808_IriunWebcam_after: 1352 kare, yüz %100  (8953 s)
  [3448/3540] 9808_IriunWebcam_before: 1352 kare, yüz %100  (8959 s)
  [3449/3540] 9808_FullHDwebcam_before: 1352 kare, yüz %100  (8959 s)
  [3450/3540] 9808_USBVideo_before: 1352 kare, yüz %100  (8959 s)
  [3451/3540] 9825_IriunWebcam_after: 1353 kare, yüz %100  (8966 s)
  [3452/3540] 9825_FullHDwebcam_after: 1352 kare, yüz %100  (8968 s)
  [3453/3540] 9825_USBVideo_after: 1352 kare, yüz %93  (8968 s)
  [3454/3540] 9825_FullHDwebcam_before: 1352 kare, yüz %100  (8973 s)
  [3455/3540] 9825_IriunWebcam_before: 1353 kare, yüz %100  (8974 s)
  [3456/3540] 9825_USBVideo_before: 1352 kare, yüz %0  (8978 s)
  [3457/3540] 9827_FullHDwebcam_after: 1352 kare, yüz %100  (8982 s)
  [3458/3540] 9827_USBVideo_after: 1352 kare, yüz %100  (8982 s)
  [3459/3540] 9827_IriunWebcam_after: 1353 kare, yüz %100  (8984 s)
  [3460/3540] 9827_USBVideo_before: 1352 kare, yüz %98  (8989 s)
  [3461/3540] 9827_FullHDwebcam_before: 1352 kare, yüz %98  (8989 s)
  [3462/3540] 9827_IriunWebcam_before: 1353 kare, yüz %94  (8990 s)
  [3463/3540] 9833_IriunWebcam_after: 1353 kare, yüz %97  (8995 s)
  [3464/3540] 9833_FullHDwebcam_after: 1352 kare, yüz %100  (8996 s)
  [3465/3540] 9833_USBVideo_after: 1352 kare, yüz %98  (8996 s)
  [3466/3540] 9833_IriunWebcam_before: 1352 kare, yüz %100  (9002 s)
  [3467/3540] 9833_USBVideo_before: 1352 kare, yüz %100  (9003 s)
  [3468/3540] 9833_FullHDwebcam_before: 1352 kare, yüz %100  (9003 s)
  [3469/3540] 9869_IriunWebcam_after: 1353 kare, yüz %100  (9010 s)
  [3470/3540] 9869_USBVideo_after: 1353 kare, yüz %98  (9010 s)
  [3471/3540] 9869_FullHDwebcam_after: 1352 kare, yüz %100  (9011 s)
  [3472/3540] 9869_IriunWebcam_before: 1352 kare, yüz %100  (9017 s)
  [3473/3540] 9869_USBVideo_before: 1352 kare, yüz %98  (9018 s)
  [3474/3540] 9869_FullHDwebcam_before: 1352 kare, yüz %100  (9019 s)
  [3475/3540] 9884_FullHDwebcam_after: 1352 kare, yüz %100  (9026 s)
  [3476/3540] 9884_IriunWebcam_after: 1351 kare, yüz %100  (9026 s)
  [3477/3540] 9884_USBVideo_after: 1352 kare, yüz %0  (9028 s)
  [3478/3540] 9884_FullHDwebcam_before: 1352 kare, yüz %100  (9033 s)
  [3479/3540] 9884_USBVideo_before: 1352 kare, yüz %7  (9034 s)
  [3480/3540] 9884_IriunWebcam_before: 1352 kare, yüz %100  (9035 s)
  [3481/3540] 9891_FullHDwebcam_after: 1352 kare, yüz %100  (9041 s)
  [3482/3540] 9891_IriunWebcam_after: 1353 kare, yüz %100  (9042 s)
  [3483/3540] 9891_USBVideo_after: 1352 kare, yüz %100  (9042 s)
  [3484/3540] 9891_IriunWebcam_before: 1353 kare, yüz %100  (9049 s)
  [3485/3540] 9891_USBVideo_before: 1352 kare, yüz %100  (9050 s)
  [3486/3540] 9891_FullHDwebcam_before: 1352 kare, yüz %100  (9050 s)
  [3487/3540] 9922_IriunWebcam_after: 1353 kare, yüz %100  (9056 s)
  [3488/3540] 9922_USBVideo_after: 1352 kare, yüz %85  (9057 s)
  [3489/3540] 9922_FullHDwebcam_after: 1352 kare, yüz %100  (9061 s)
  [3490/3540] 9922_FullHDwebcam_before: 1352 kare, yüz %100  (9066 s)
  [3491/3540] 9922_IriunWebcam_before: 1353 kare, yüz %100  (9067 s)
  [3492/3540] 9922_USBVideo_before: 1352 kare, yüz %0  (9068 s)
  [3493/3540] 9938_IriunWebcam_after: 1353 kare, yüz %100  (9074 s)
  [3494/3540] 9938_USBVideo_after: 1352 kare, yüz %100  (9075 s)
  [3495/3540] 9938_FullHDwebcam_after: 1352 kare, yüz %100  (9075 s)
  [3496/3540] 9938_IriunWebcam_before: 1352 kare, yüz %100  (9081 s)
  [3497/3540] 9938_USBVideo_before: 1353 kare, yüz %100  (9083 s)
  [3498/3540] 9938_FullHDwebcam_before: 1352 kare, yüz %100  (9083 s)
  [3499/3540] 9940_USBVideo_after: 1352 kare, yüz %100  (9090 s)
  [3500/3540] 9940_FullHDwebcam_after: 1352 kare, yüz %100  (9090 s)
  [3501/3540] 9940_IriunWebcam_after: 1352 kare, yüz %100  (9091 s)
  [3502/3540] 9940_IriunWebcam_before: 1353 kare, yüz %97  (9097 s)
  [3503/3540] 9940_USBVideo_before: 1352 kare, yüz %98  (9097 s)
  [3504/3540] 9940_FullHDwebcam_before: 1352 kare, yüz %100  (9099 s)
  [3505/3540] 9957_FullHDwebcam_after: 1352 kare, yüz %100  (9103 s)
  [3506/3540] 9957_USBVideo_after: 1352 kare, yüz %57  (9104 s)
  [3507/3540] 9957_IriunWebcam_after: 1353 kare, yüz %100  (9105 s)
  [3508/3540] 9957_FullHDwebcam_before: 1352 kare, yüz %100  (9109 s)
  [3509/3540] 9957_IriunWebcam_before: 1352 kare, yüz %97  (9113 s)
  [3510/3540] 9968_FullHDwebcam_after: 1352 kare, yüz %100  (9116 s)
  [3511/3540] 9957_USBVideo_before: 1352 kare, yüz %41  (9116 s)
  [3512/3540] 9968_USBVideo_after: 1352 kare, yüz %100  (9121 s)
  [3513/3540] 9968_IriunWebcam_after: 1352 kare, yüz %100  (9122 s)
  [3514/3540] 9968_FullHDwebcam_before: 1352 kare, yüz %100  (9123 s)
  [3515/3540] 9968_USBVideo_before: 1352 kare, yüz %100  (9128 s)
  [3516/3540] 9968_IriunWebcam_before: 1352 kare, yüz %100  (9128 s)
  [3517/3540] 9980_FullHDwebcam_after: 1352 kare, yüz %100  (9129 s)
  [3518/3540] 9980_IriunWebcam_after: 1353 kare, yüz %100  (9134 s)
  [3519/3540] 9980_USBVideo_after: 1352 kare, yüz %9  (9135 s)
  [3520/3540] 9980_FullHDwebcam_before: 1352 kare, yüz %100  (9135 s)
  [3521/3540] 9980_IriunWebcam_before: 1353 kare, yüz %100  (9141 s)
  [3522/3540] 9980_USBVideo_before: 1352 kare, yüz %87  (9141 s)
  [3523/3540] 9981_FullHDwebcam_after: 1352 kare, yüz %100  (9144 s)
  [3524/3540] 9981_IriunWebcam_after: 1353 kare, yüz %100  (9147 s)
  [3525/3540] 9981_USBVideo_after: 1352 kare, yüz %100  (9147 s)
  [3526/3540] 9981_USBVideo_before: 1352 kare, yüz %100  (9154 s)
  [3527/3540] 9981_IriunWebcam_before: 1352 kare, yüz %100  (9154 s)
  [3528/3540] 9981_FullHDwebcam_before: 1352 kare, yüz %100  (9156 s)
  [3529/3540] 9987_FullHDwebcam_after: 1352 kare, yüz %100  (9161 s)
  [3530/3540] 9987_IriunWebcam_after: 1353 kare, yüz %97  (9162 s)
  [3531/3540] 9987_USBVideo_after: 1352 kare, yüz %100  (9164 s)
  [3532/3540] 9987_FullHDwebcam_before: 1352 kare, yüz %100  (9171 s)
  [3533/3540] 9987_USBVideo_before: 1353 kare, yüz %100  (9171 s)
  [3534/3540] 9987_IriunWebcam_before: 1351 kare, yüz %100  (9172 s)
  [3535/3540] 9998_IriunWebcam_after: 1352 kare, yüz %100  (9178 s)
  [3536/3540] 9998_USBVideo_after: 1352 kare, yüz %100  (9178 s)
  [3537/3540] 9998_FullHDwebcam_after: 1352 kare, yüz %100  (9180 s)
  [3538/3540] 9998_FullHDwebcam_before: 1352 kare, yüz %100  (9185 s)
  [3539/3540] 9998_USBVideo_before: 1352 kare, yüz %100  (9186 s)
  [3540/3540] 9998_IriunWebcam_before: 1353 kare, yüz %100  (9186 s)
